cell_id,family,task,model,seed,method,policy,alpha,n_calibration,n_test,fraction,index,empirical_risk,corrected_risk,risk,mean_atom_fraction,precision,iou,tie_inflation,median_atom_fraction
bxaic__B__gcn__seed123,bxaic,B,gcn,123,atom_occlusion,index_tiebreak_v1,0.05,119,109,0.01,1,0.012605042016806723,0.020833333333333332,0.029051987767584102,0.03860035714971998,0.9908256880733946,0.9617737003058103,0.0,0.037037037037037035
bxaic__B__gcn__seed123,bxaic,B,gcn,123,atom_occlusion,index_tiebreak_v1,0.1,119,109,0.01,1,0.012605042016806723,0.020833333333333332,0.029051987767584102,0.03860035714971998,0.9908256880733946,0.9617737003058103,0.0,0.037037037037037035
bxaic__B__gcn__seed123,bxaic,B,gcn,123,atom_occlusion,index_tiebreak_v1,0.2,119,109,0.01,1,0.012605042016806723,0.020833333333333332,0.029051987767584102,0.03860035714971998,0.9908256880733946,0.9617737003058103,0.0,0.037037037037037035
bxaic__B__gcn__seed123,bxaic,B,gcn,123,atom_occlusion,include_all_exact_ties_v2,0.05,119,109,0.01,1,0.012605042016806723,0.020833333333333332,0.019877675840978597,0.039252452850385575,0.9908256880733946,0.9709480122324159,0.0006520957006655873,0.037037037037037035
bxaic__B__gcn__seed123,bxaic,B,gcn,123,atom_occlusion,include_all_exact_ties_v2,0.1,119,109,0.01,1,0.012605042016806723,0.020833333333333332,0.019877675840978597,0.039252452850385575,0.9908256880733946,0.9709480122324159,0.0006520957006655873,0.037037037037037035
bxaic__B__gcn__seed123,bxaic,B,gcn,123,atom_occlusion,include_all_exact_ties_v2,0.2,119,109,0.01,1,0.012605042016806723,0.020833333333333332,0.019877675840978597,0.039252452850385575,0.9908256880733946,0.9709480122324159,0.0006520957006655873,0.037037037037037035
bxaic__B__gcn__seed123,bxaic,B,gcn,123,saliency,index_tiebreak_v1,0.05,119,109,0.2,20,0.04201680672268908,0.05,0.027522935779816515,0.21535673358161467,0.18252193973424513,0.18252193973424513,0.0,0.21052631578947367
bxaic__B__gcn__seed123,bxaic,B,gcn,123,saliency,index_tiebreak_v1,0.1,119,109,0.05,5,0.08403361344537816,0.09166666666666666,0.09174311926605505,0.06904047734759217,0.5037461773700306,0.5037461773700306,0.0,0.06818181818181818
bxaic__B__gcn__seed123,bxaic,B,gcn,123,saliency,index_tiebreak_v1,0.2,119,109,0.01,1,0.1638655462184874,0.17083333333333334,0.16972477064220184,0.03860035714971998,0.8348623853211009,0.8211009174311926,0.0,0.037037037037037035
bxaic__B__gcn__seed123,bxaic,B,gcn,123,saliency,include_all_exact_ties_v2,0.05,119,109,0.2,20,0.04201680672268908,0.05,0.027522935779816515,0.2242764016083196,0.17596680205625148,0.17596680205625148,0.008919668026704934,0.21568627450980393
bxaic__B__gcn__seed123,bxaic,B,gcn,123,saliency,include_all_exact_ties_v2,0.1,119,109,0.05,5,0.08403361344537816,0.09166666666666666,0.09174311926605505,0.0711827119210194,0.4962538226299694,0.4962538226299694,0.002142234573427234,0.06818181818181818
bxaic__B__gcn__seed123,bxaic,B,gcn,123,saliency,include_all_exact_ties_v2,0.2,119,109,0.01,1,0.1638655462184874,0.17083333333333334,0.1559633027522936,0.039527215281111305,0.8348623853211009,0.8348623853211009,0.0009268581313913208,0.038461538461538464
bxaic__B__gcn__seed2026,bxaic,B,gcn,2026,atom_occlusion,index_tiebreak_v1,0.05,119,109,0.01,1,0.012605042016806723,0.020833333333333332,0.029051987767584102,0.03860035714971998,0.9908256880733946,0.9617737003058103,0.0,0.037037037037037035
bxaic__B__gcn__seed2026,bxaic,B,gcn,2026,atom_occlusion,index_tiebreak_v1,0.1,119,109,0.01,1,0.012605042016806723,0.020833333333333332,0.029051987767584102,0.03860035714971998,0.9908256880733946,0.9617737003058103,0.0,0.037037037037037035
bxaic__B__gcn__seed2026,bxaic,B,gcn,2026,atom_occlusion,index_tiebreak_v1,0.2,119,109,0.01,1,0.012605042016806723,0.020833333333333332,0.029051987767584102,0.03860035714971998,0.9908256880733946,0.9617737003058103,0.0,0.037037037037037035
bxaic__B__gcn__seed2026,bxaic,B,gcn,2026,atom_occlusion,include_all_exact_ties_v2,0.05,119,109,0.01,1,0.012605042016806723,0.020833333333333332,0.02446483180428135,0.03887018985344367,0.9908256880733946,0.966360856269113,0.0002698327037236913,0.037037037037037035
bxaic__B__gcn__seed2026,bxaic,B,gcn,2026,atom_occlusion,include_all_exact_ties_v2,0.1,119,109,0.01,1,0.012605042016806723,0.020833333333333332,0.02446483180428135,0.03887018985344367,0.9908256880733946,0.966360856269113,0.0002698327037236913,0.037037037037037035
bxaic__B__gcn__seed2026,bxaic,B,gcn,2026,atom_occlusion,include_all_exact_ties_v2,0.2,119,109,0.01,1,0.012605042016806723,0.020833333333333332,0.02446483180428135,0.03887018985344367,0.9908256880733946,0.966360856269113,0.0002698327037236913,0.037037037037037035
bxaic__B__gcn__seed2026,bxaic,B,gcn,2026,saliency,index_tiebreak_v1,0.05,119,109,0.26,26,0.04201680672268908,0.05,0.045871559633027525,0.27894424247763483,0.13660820845156177,0.13660820845156177,0.0,0.275
bxaic__B__gcn__seed2026,bxaic,B,gcn,2026,saliency,index_tiebreak_v1,0.1,119,109,0.18,18,0.08823529411764706,0.09583333333333334,0.07339449541284404,0.1980496506979957,0.18650461940955448,0.18650461940955448,0.0,0.1935483870967742
bxaic__B__gcn__seed2026,bxaic,B,gcn,2026,saliency,index_tiebreak_v1,0.2,119,109,0.06,6,0.17647058823529413,0.18333333333333332,0.21406727828746178,0.0797090741330351,0.3766928789864569,0.37363477501092174,0.0,0.07692307692307693
bxaic__B__gcn__seed2026,bxaic,B,gcn,2026,saliency,include_all_exact_ties_v2,0.05,119,109,0.26,26,0.04201680672268908,0.05,0.045871559633027525,0.28605843702516265,0.1330526081233026,0.1330526081233026,0.007114194547527876,0.28205128205128205
bxaic__B__gcn__seed2026,bxaic,B,gcn,2026,saliency,include_all_exact_ties_v2,0.1,119,109,0.17,17,0.09243697478991597,0.1,0.08256880733944955,0.19655104121057307,0.18936148753869655,0.18936148753869655,0.008086336362167976,0.1875
bxaic__B__gcn__seed2026,bxaic,B,gcn,2026,saliency,include_all_exact_ties_v2,0.2,119,109,0.06,6,0.17647058823529413,0.18333333333333332,0.21406727828746178,0.08461837388269204,0.3641367806505421,0.3610786766750069,0.00490929974965695,0.08333333333333333
bxaic__B__gcn__seed42,bxaic,B,gcn,42,atom_occlusion,index_tiebreak_v1,0.05,119,109,0.01,1,0.012605042016806723,0.020833333333333332,0.029051987767584102,0.03860035714971998,0.9908256880733946,0.9617737003058103,0.0,0.037037037037037035
bxaic__B__gcn__seed42,bxaic,B,gcn,42,atom_occlusion,index_tiebreak_v1,0.1,119,109,0.01,1,0.012605042016806723,0.020833333333333332,0.029051987767584102,0.03860035714971998,0.9908256880733946,0.9617737003058103,0.0,0.037037037037037035
bxaic__B__gcn__seed42,bxaic,B,gcn,42,atom_occlusion,index_tiebreak_v1,0.2,119,109,0.01,1,0.012605042016806723,0.020833333333333332,0.029051987767584102,0.03860035714971998,0.9908256880733946,0.9617737003058103,0.0,0.037037037037037035
bxaic__B__gcn__seed42,bxaic,B,gcn,42,atom_occlusion,include_all_exact_ties_v2,0.05,119,109,0.01,1,0.008403361344537815,0.016666666666666666,0.015290519877675842,0.03946616590813533,0.9892966360856269,0.974006116207951,0.0008658087584153424,0.037037037037037035
bxaic__B__gcn__seed42,bxaic,B,gcn,42,atom_occlusion,include_all_exact_ties_v2,0.1,119,109,0.01,1,0.008403361344537815,0.016666666666666666,0.015290519877675842,0.03946616590813533,0.9892966360856269,0.974006116207951,0.0008658087584153424,0.037037037037037035
bxaic__B__gcn__seed42,bxaic,B,gcn,42,atom_occlusion,include_all_exact_ties_v2,0.2,119,109,0.01,1,0.008403361344537815,0.016666666666666666,0.015290519877675842,0.03946616590813533,0.9892966360856269,0.974006116207951,0.0008658087584153424,0.037037037037037035
bxaic__B__gcn__seed42,bxaic,B,gcn,42,saliency,index_tiebreak_v1,0.05,119,109,0.24,24,0.04201680672268908,0.05,0.027522935779816515,0.25945180419167035,0.1520280550434354,0.1520280550434354,0.0,0.2571428571428571
bxaic__B__gcn__seed42,bxaic,B,gcn,42,saliency,index_tiebreak_v1,0.1,119,109,0.07,7,0.09243697478991597,0.1,0.07339449541284404,0.08836429410290182,0.41377238968982094,0.41224333770205335,0.0,0.08695652173913043
bxaic__B__gcn__seed42,bxaic,B,gcn,42,saliency,index_tiebreak_v1,0.2,119,109,0.05,5,0.15966386554621848,0.16666666666666666,0.11773700305810399,0.06904047734759217,0.4945718654434251,0.4869266055045871,0.0,0.06818181818181818
bxaic__B__gcn__seed42,bxaic,B,gcn,42,saliency,include_all_exact_ties_v2,0.05,119,109,0.24,24,0.04201680672268908,0.05,0.027522935779816515,0.2654136169614063,0.14809711036100665,0.14809711036100665,0.005961812769735959,0.2608695652173913
bxaic__B__gcn__seed42,bxaic,B,gcn,42,saliency,include_all_exact_ties_v2,0.1,119,109,0.07,7,0.09243697478991597,0.1,0.06422018348623854,0.09830961172380934,0.3859436435124509,0.3859436435124509,0.009945317620907546,0.09090909090909091
bxaic__B__gcn__seed42,bxaic,B,gcn,42,saliency,include_all_exact_ties_v2,0.2,119,109,0.05,5,0.15966386554621848,0.16666666666666666,0.11773700305810399,0.07673983553135642,0.4627675840978594,0.4551223241590215,0.007699358183764264,0.07142857142857142
bxaic__B__gin__seed123,bxaic,B,gin,123,atom_occlusion,index_tiebreak_v1,0.05,119,109,0.01,1,0.012605042016806723,0.020833333333333332,0.029051987767584102,0.03860035714971998,0.9908256880733946,0.9617737003058103,0.0,0.037037037037037035
bxaic__B__gin__seed123,bxaic,B,gin,123,atom_occlusion,index_tiebreak_v1,0.1,119,109,0.01,1,0.012605042016806723,0.020833333333333332,0.029051987767584102,0.03860035714971998,0.9908256880733946,0.9617737003058103,0.0,0.037037037037037035
bxaic__B__gin__seed123,bxaic,B,gin,123,atom_occlusion,index_tiebreak_v1,0.2,119,109,0.01,1,0.012605042016806723,0.020833333333333332,0.029051987767584102,0.03860035714971998,0.9908256880733946,0.9617737003058103,0.0,0.037037037037037035
bxaic__B__gin__seed123,bxaic,B,gin,123,atom_occlusion,include_all_exact_ties_v2,0.05,119,109,0.01,1,0.004201680672268907,0.0125,0.015290519877675842,0.039361636122008124,0.9908256880733946,0.9755351681957186,0.0007612789722881466,0.037037037037037035
bxaic__B__gin__seed123,bxaic,B,gin,123,atom_occlusion,include_all_exact_ties_v2,0.1,119,109,0.01,1,0.004201680672268907,0.0125,0.015290519877675842,0.039361636122008124,0.9908256880733946,0.9755351681957186,0.0007612789722881466,0.037037037037037035
bxaic__B__gin__seed123,bxaic,B,gin,123,atom_occlusion,include_all_exact_ties_v2,0.2,119,109,0.01,1,0.004201680672268907,0.0125,0.015290519877675842,0.039361636122008124,0.9908256880733946,0.9755351681957186,0.0007612789722881466,0.037037037037037035
bxaic__B__gin__seed123,bxaic,B,gin,123,saliency,index_tiebreak_v1,0.05,119,109,0.07,7,0.04201680672268908,0.05,0.03669724770642202,0.08836429410290182,0.4382372214941023,0.4382372214941023,0.0,0.08695652173913043
bxaic__B__gin__seed123,bxaic,B,gin,123,saliency,index_tiebreak_v1,0.1,119,109,0.01,1,0.06302521008403361,0.07083333333333333,0.07951070336391437,0.03860035714971998,0.9357798165137615,0.91131498470948,0.0,0.037037037037037035
bxaic__B__gin__seed123,bxaic,B,gin,123,saliency,index_tiebreak_v1,0.2,119,109,0.01,1,0.06302521008403361,0.07083333333333333,0.07951070336391437,0.03860035714971998,0.9357798165137615,0.91131498470948,0.0,0.037037037037037035
bxaic__B__gin__seed123,bxaic,B,gin,123,saliency,include_all_exact_ties_v2,0.05,119,109,0.07,7,0.04201680672268908,0.05,0.03669724770642202,0.09373786598520226,0.422054754623562,0.422054754623562,0.005373571882300463,0.08888888888888889
bxaic__B__gin__seed123,bxaic,B,gin,123,saliency,include_all_exact_ties_v2,0.1,119,109,0.01,1,0.06302521008403361,0.07083333333333333,0.06574923547400612,0.03963146882573181,0.9357798165137615,0.9250764525993883,0.001031111676011838,0.037037037037037035
bxaic__B__gin__seed123,bxaic,B,gin,123,saliency,include_all_exact_ties_v2,0.2,119,109,0.01,1,0.06302521008403361,0.07083333333333333,0.06574923547400612,0.03963146882573181,0.9357798165137615,0.9250764525993883,0.001031111676011838,0.037037037037037035
bxaic__B__gin__seed2026,bxaic,B,gin,2026,atom_occlusion,index_tiebreak_v1,0.05,119,109,0.01,1,0.012605042016806723,0.020833333333333332,0.029051987767584102,0.03860035714971998,0.9908256880733946,0.9617737003058103,0.0,0.037037037037037035
bxaic__B__gin__seed2026,bxaic,B,gin,2026,atom_occlusion,index_tiebreak_v1,0.1,119,109,0.01,1,0.012605042016806723,0.020833333333333332,0.029051987767584102,0.03860035714971998,0.9908256880733946,0.9617737003058103,0.0,0.037037037037037035
bxaic__B__gin__seed2026,bxaic,B,gin,2026,atom_occlusion,index_tiebreak_v1,0.2,119,109,0.01,1,0.012605042016806723,0.020833333333333332,0.029051987767584102,0.03860035714971998,0.9908256880733946,0.9617737003058103,0.0,0.037037037037037035
bxaic__B__gin__seed2026,bxaic,B,gin,2026,atom_occlusion,include_all_exact_ties_v2,0.05,119,109,0.01,1,0.012605042016806723,0.020833333333333332,0.019877675840978597,0.039230574523056616,0.9908256880733946,0.9709480122324159,0.0006302173733366394,0.037037037037037035
bxaic__B__gin__seed2026,bxaic,B,gin,2026,atom_occlusion,include_all_exact_ties_v2,0.1,119,109,0.01,1,0.012605042016806723,0.020833333333333332,0.019877675840978597,0.039230574523056616,0.9908256880733946,0.9709480122324159,0.0006302173733366394,0.037037037037037035
bxaic__B__gin__seed2026,bxaic,B,gin,2026,atom_occlusion,include_all_exact_ties_v2,0.2,119,109,0.01,1,0.012605042016806723,0.020833333333333332,0.019877675840978597,0.039230574523056616,0.9908256880733946,0.9709480122324159,0.0006302173733366394,0.037037037037037035
bxaic__B__gin__seed2026,bxaic,B,gin,2026,saliency,index_tiebreak_v1,0.05,119,109,0.07,7,0.04201680672268908,0.05,0.027522935779816515,0.08836429410290182,0.44741153342070783,0.44741153342070783,0.0,0.08695652173913043
bxaic__B__gin__seed2026,bxaic,B,gin,2026,saliency,index_tiebreak_v1,0.1,119,109,0.01,1,0.0546218487394958,0.0625,0.05657492354740062,0.03860035714971998,0.963302752293578,0.9342507645259939,0.0,0.037037037037037035
bxaic__B__gin__seed2026,bxaic,B,gin,2026,saliency,index_tiebreak_v1,0.2,119,109,0.01,1,0.0546218487394958,0.0625,0.05657492354740062,0.03860035714971998,0.963302752293578,0.9342507645259939,0.0,0.037037037037037035
bxaic__B__gin__seed2026,bxaic,B,gin,2026,saliency,include_all_exact_ties_v2,0.05,119,109,0.07,7,0.04201680672268908,0.05,0.027522935779816515,0.09510245584807674,0.4284179632803487,0.4284179632803487,0.00673816174517496,0.08888888888888889
bxaic__B__gin__seed2026,bxaic,B,gin,2026,saliency,include_all_exact_ties_v2,0.1,119,109,0.01,1,0.0546218487394958,0.0625,0.04281345565749236,0.03950040722678031,0.963302752293578,0.948012232415902,0.0009000500770603307,0.037037037037037035
bxaic__B__gin__seed2026,bxaic,B,gin,2026,saliency,include_all_exact_ties_v2,0.2,119,109,0.01,1,0.0546218487394958,0.0625,0.04281345565749236,0.03950040722678031,0.963302752293578,0.948012232415902,0.0009000500770603307,0.037037037037037035
bxaic__B__gin__seed42,bxaic,B,gin,42,atom_occlusion,index_tiebreak_v1,0.05,119,109,0.01,1,0.012605042016806723,0.020833333333333332,0.029051987767584102,0.03860035714971998,0.9908256880733946,0.9617737003058103,0.0,0.037037037037037035
bxaic__B__gin__seed42,bxaic,B,gin,42,atom_occlusion,index_tiebreak_v1,0.1,119,109,0.01,1,0.012605042016806723,0.020833333333333332,0.029051987767584102,0.03860035714971998,0.9908256880733946,0.9617737003058103,0.0,0.037037037037037035
bxaic__B__gin__seed42,bxaic,B,gin,42,atom_occlusion,index_tiebreak_v1,0.2,119,109,0.01,1,0.012605042016806723,0.020833333333333332,0.029051987767584102,0.03860035714971998,0.9908256880733946,0.9617737003058103,0.0,0.037037037037037035
bxaic__B__gin__seed42,bxaic,B,gin,42,atom_occlusion,include_all_exact_ties_v2,0.05,119,109,0.01,1,0.008403361344537815,0.016666666666666666,0.015290519877675842,0.03946616590813533,0.9892966360856269,0.974006116207951,0.0008658087584153424,0.037037037037037035
bxaic__B__gin__seed42,bxaic,B,gin,42,atom_occlusion,include_all_exact_ties_v2,0.1,119,109,0.01,1,0.008403361344537815,0.016666666666666666,0.015290519877675842,0.03946616590813533,0.9892966360856269,0.974006116207951,0.0008658087584153424,0.037037037037037035
bxaic__B__gin__seed42,bxaic,B,gin,42,atom_occlusion,include_all_exact_ties_v2,0.2,119,109,0.01,1,0.008403361344537815,0.016666666666666666,0.015290519877675842,0.03946616590813533,0.9892966360856269,0.974006116207951,0.0008658087584153424,0.037037037037037035
bxaic__B__gin__seed42,bxaic,B,gin,42,saliency,index_tiebreak_v1,0.05,119,109,0.08,8,0.037815126050420166,0.04583333333333333,0.04281345565749236,0.09791957119118512,0.3874284482082648,0.3862052066180507,0.0,0.09433962264150944
bxaic__B__gin__seed42,bxaic,B,gin,42,saliency,index_tiebreak_v1,0.1,119,109,0.01,1,0.06302521008403361,0.07083333333333333,0.10091743119266056,0.03860035714971998,0.908256880733945,0.8899082568807339,0.0,0.037037037037037035
bxaic__B__gin__seed42,bxaic,B,gin,42,saliency,index_tiebreak_v1,0.2,119,109,0.01,1,0.06302521008403361,0.07083333333333333,0.10091743119266056,0.03860035714971998,0.908256880733945,0.8899082568807339,0.0,0.037037037037037035
bxaic__B__gin__seed42,bxaic,B,gin,42,saliency,include_all_exact_ties_v2,0.05,119,109,0.08,8,0.03361344537815126,0.041666666666666664,0.04281345565749236,0.1037699127976991,0.37027063150916373,0.36904738991894964,0.0058503416065139825,0.1
bxaic__B__gin__seed42,bxaic,B,gin,42,saliency,include_all_exact_ties_v2,0.1,119,109,0.01,1,0.06302521008403361,0.07083333333333333,0.09174311926605505,0.039279260904716555,0.908256880733945,0.8990825688073395,0.0006789037549965774,0.037037037037037035
bxaic__B__gin__seed42,bxaic,B,gin,42,saliency,include_all_exact_ties_v2,0.2,119,109,0.01,1,0.06302521008403361,0.07083333333333333,0.09174311926605505,0.039279260904716555,0.908256880733945,0.8990825688073395,0.0006789037549965774,0.037037037037037035
bxaic__indole__gcn__seed123,bxaic,indole,gcn,123,atom_occlusion,index_tiebreak_v1,0.05,1887,1847,0.67,67,0.04615611086199322,0.046661324786325134,0.042981284041111054,0.6886269315023922,0.43157330313938086,0.4219955522750513,0.0,0.6875
bxaic__indole__gcn__seed123,bxaic,indole,gcn,123,atom_occlusion,index_tiebreak_v1,0.1,1887,1847,0.56,56,0.09393918805683511,0.09441909314790772,0.09267291843090522,0.5771687133266318,0.4832019378062315,0.4575426484298666,0.0,0.5757575757575758
bxaic__indole__gcn__seed123,bxaic,indole,gcn,123,atom_occlusion,index_tiebreak_v1,0.2,1887,1847,0.43,43,0.19695577930872052,0.19738112052730658,0.19548206686133082,0.4472760748792189,0.5416887048259439,0.47467524879660444,0.0,0.4444444444444444
bxaic__indole__gcn__seed123,bxaic,indole,gcn,123,atom_occlusion,include_all_exact_ties_v2,0.05,1887,1847,0.67,67,0.046036081330198986,0.04654135882949477,0.04282857625440218,0.6897535015107409,0.43096308537344363,0.42149587618373835,0.0011265700083483894,0.6875
bxaic__indole__gcn__seed123,bxaic,indole,gcn,123,atom_occlusion,include_all_exact_ties_v2,0.1,1887,1847,0.56,56,0.09379198202727614,0.09427196508764409,0.09238207950985516,0.5778899614712023,0.48284095088219287,0.45737542984073337,0.0007212481445705579,0.5757575757575758
bxaic__indole__gcn__seed123,bxaic,indole,gcn,123,atom_occlusion,include_all_exact_ties_v2,0.2,1887,1847,0.43,43,0.19685273508802922,0.197278130885122,0.19535365349523473,0.4477704796404621,0.5413235085933796,0.47449216476298467,0.0004944047612430666,0.4444444444444444
bxaic__indole__gcn__seed123,bxaic,indole,gcn,123,saliency,index_tiebreak_v1,0.05,1887,1847,0.92,92,0.043930582165876295,0.04443697486600081,0.041215195350279704,0.9357253254577885,0.32044838416529836,0.3158142344396046,0.0,0.9333333333333333
bxaic__indole__gcn__seed123,bxaic,indole,gcn,123,saliency,index_tiebreak_v1,0.1,1887,1847,0.85,85,0.0959663283192695,0.0964451597131695,0.09052768252822513,0.8652452057581667,0.3270188650935088,0.3161918670794107,0.0,0.8636363636363636
bxaic__indole__gcn__seed123,bxaic,indole,gcn,123,saliency,index_tiebreak_v1,0.2,1887,1847,0.74,74,0.1929615135497489,0.1933889703751984,0.1855329617443857,0.756226167854029,0.33183032536717577,0.3085820519664705,0.0,0.7540983606557377
bxaic__indole__gcn__seed123,bxaic,indole,gcn,123,saliency,include_all_exact_ties_v2,0.05,1887,1847,0.92,92,0.04371996430819961,0.04422646856439281,0.04117354777208638,0.9390961120947875,0.3192471651916072,0.31465169986448766,0.003370786636998126,0.9354838709677419
bxaic__indole__gcn__seed123,bxaic,indole,gcn,123,saliency,include_all_exact_ties_v2,0.1,1887,1847,0.85,85,0.09570475452828396,0.09618372446762408,0.09022380945770346,0.8679367174527531,0.3260546427396988,0.31535232503102545,0.0026915116945866245,0.8648648648648649
bxaic__indole__gcn__seed123,bxaic,indole,gcn,123,saliency,include_all_exact_ties_v2,0.2,1887,1847,0.74,74,0.1927033368209839,0.19313093039258214,0.18512250172374697,0.759133240574312,0.3308055934059775,0.30781271741790267,0.0029070727202834433,0.7567567567567568
bxaic__indole__gcn__seed2026,bxaic,indole,gcn,2026,atom_occlusion,index_tiebreak_v1,0.05,1887,1847,0.66,66,0.045926846907239076,0.04643218226375043,0.04172769193749185,0.6771674344541084,0.4382758326115218,0.4273496893175493,0.0,0.6764705882352942
bxaic__indole__gcn__seed2026,bxaic,indole,gcn,2026,atom_occlusion,index_tiebreak_v1,0.1,1887,1847,0.55,55,0.09808541573247458,0.09856312472838014,0.09143814486261788,0.565655995935434,0.49220644033771,0.46430337715311276,0.0,0.5641025641025641
bxaic__indole__gcn__seed2026,bxaic,indole,gcn,2026,atom_occlusion,index_tiebreak_v1,0.2,1887,1847,0.42,42,0.1972814443402679,0.1977066130667815,0.1896713042016233,0.43641888379084137,0.5620473401373309,0.49168962451380405,0.0,0.43478260869565216
bxaic__indole__gcn__seed2026,bxaic,indole,gcn,2026,atom_occlusion,include_all_exact_ties_v2,0.05,1887,1847,0.66,66,0.04579775854285659,0.0463031622724423,0.04158423916815927,0.6779670599535355,0.4378660449244559,0.42700615482720206,0.0007996254994267074,0.6774193548387096
bxaic__indole__gcn__seed2026,bxaic,indole,gcn,2026,atom_occlusion,include_all_exact_ties_v2,0.1,1887,1847,0.55,55,0.09790378613908027,0.09838159133710099,0.09125535826943607,0.566454761138221,0.4916771459887912,0.46393958771244725,0.0007987652027869023,0.5652173913043478
bxaic__indole__gcn__seed2026,bxaic,indole,gcn,2026,atom_occlusion,include_all_exact_ties_v2,0.2,1887,1847,0.42,42,0.19708215002332652,0.19750742430827073,0.18948227047171243,0.4371327760241538,0.5613352689527168,0.4912105560382657,0.0007138922333124984,0.43478260869565216
bxaic__indole__gcn__seed2026,bxaic,indole,gcn,2026,saliency,index_tiebreak_v1,0.05,1887,1847,0.79,79,0.04478935949524186,0.04529529733449274,0.04138693376646858,0.8060574077896853,0.3706803336983484,0.3638091524213213,0.0,0.8055555555555556
bxaic__indole__gcn__seed2026,bxaic,indole,gcn,2026,saliency,index_tiebreak_v1,0.1,1887,1847,0.7000000000000001,70,0.09747100041217689,0.09794903483992597,0.09454752220047422,0.7179879589860199,0.3907315663706389,0.3738886705616405,0.0,0.7142857142857143
bxaic__indole__gcn__seed2026,bxaic,indole,gcn,2026,saliency,index_tiebreak_v1,0.2,1887,1847,0.6,60,0.19648494648494652,0.19691053708532416,0.1941168746731813,0.6127240769996649,0.4039938368291099,0.36693598167965197,0.0,0.6111111111111112
bxaic__indole__gcn__seed2026,bxaic,indole,gcn,2026,saliency,include_all_exact_ties_v2,0.05,1887,1847,0.79,79,0.04468971233677117,0.045195702955237345,0.041194892155910455,0.8093589133254756,0.36946487369803366,0.3627138433704931,0.0033015055357900366,0.8064516129032258
bxaic__indole__gcn__seed2026,bxaic,indole,gcn,2026,saliency,include_all_exact_ties_v2,0.1,1887,1847,0.7000000000000001,70,0.09699201463907348,0.09747030276691426,0.09399522903854382,0.7203699463888554,0.3896978922291893,0.37314953569096254,0.0023819874028365544,0.717948717948718
bxaic__indole__gcn__seed2026,bxaic,indole,gcn,2026,saliency,include_all_exact_ties_v2,0.2,1887,1847,0.6,60,0.196020681314799,0.19644651781833877,0.19363168038722905,0.6142786322096182,0.4033577667687376,0.3665474985358823,0.0015545552099535981,0.6129032258064516
bxaic__indole__gcn__seed42,bxaic,indole,gcn,42,atom_occlusion,index_tiebreak_v1,0.05,1887,1847,0.64,64,0.04605623723270782,0.046561504056207834,0.04489499025909456,0.6552994324012759,0.45132027873649677,0.43872739417476103,0.0,0.6538461538461539
bxaic__indole__gcn__seed42,bxaic,indole,gcn,42,atom_occlusion,index_tiebreak_v1,0.1,1887,1847,0.54,54,0.09412361079027748,0.09460341819981781,0.09275727405803313,0.5561347932755574,0.4998783380518389,0.4704997266994719,0.0,0.5555555555555556
bxaic__indole__gcn__seed42,bxaic,indole,gcn,42,atom_occlusion,index_tiebreak_v1,0.2,1887,1847,0.41000000000000003,41,0.19898027741164998,0.1994045463325122,0.19452116468223715,0.426605049899327,0.5680877361622839,0.4928505582569342,0.0,0.42424242424242425
bxaic__indole__gcn__seed42,bxaic,indole,gcn,42,atom_occlusion,include_all_exact_ties_v2,0.05,1887,1847,0.64,64,0.045938472409060654,0.0464438016079969,0.044763106261482354,0.6562972765865256,0.45076071391317113,0.43827071010009905,0.0009978441852495166,0.6545454545454545
bxaic__indole__gcn__seed42,bxaic,indole,gcn,42,atom_occlusion,include_all_exact_ties_v2,0.1,1887,1847,0.54,54,0.09387788995632133,0.09435782751460849,0.09255690293183635,0.5569585193228878,0.4993053556342796,0.4700576561232119,0.0008237260473301236,0.5555555555555556
bxaic__indole__gcn__seed42,bxaic,indole,gcn,42,atom_occlusion,include_all_exact_ties_v2,0.2,1887,1847,0.41000000000000003,41,0.1988398655065322,0.19926420879810683,0.19422685512967097,0.42727535872236394,0.5674926381287065,0.4925661773154022,0.0006703088230368216,0.42424242424242425
bxaic__indole__gcn__seed42,bxaic,indole,gcn,42,saliency,index_tiebreak_v1,0.05,1887,1847,0.92,92,0.048759392877039946,0.04926322794437261,0.04766079435814199,0.9357253254577885,0.31802299382125787,0.31255035115100727,0.0,0.9333333333333333
bxaic__indole__gcn__seed42,bxaic,indole,gcn,42,saliency,index_tiebreak_v1,0.1,1887,1847,0.86,86,0.09644123761770823,0.09691981747066637,0.09360846571864566,0.875910682771859,0.323237449104889,0.31255493100168236,0.0,0.875
bxaic__indole__gcn__seed42,bxaic,indole,gcn,42,saliency,index_tiebreak_v1,0.2,1887,1847,0.73,73,0.1962607403783875,0.19668644973199945,0.1925771290010589,0.7459979052719905,0.33647671590363626,0.3109825262701711,0.0,0.7435897435897436
bxaic__indole__gcn__seed42,bxaic,indole,gcn,42,saliency,include_all_exact_ties_v2,0.05,1887,1847,0.92,92,0.04848989260753968,0.048993870418659144,0.04723853419034851,0.9399886457045845,0.3168473558336811,0.31152246535394057,0.004263320246795005,0.9375
bxaic__indole__gcn__seed42,bxaic,indole,gcn,42,saliency,include_all_exact_ties_v2,0.1,1887,1847,0.86,86,0.09597199008963717,0.09645081848471825,0.09294009921378756,0.879061779068185,0.32240860529880566,0.3119040473346529,0.003151096296325108,0.875
bxaic__indole__gcn__seed42,bxaic,indole,gcn,42,saliency,include_all_exact_ties_v2,0.2,1887,1847,0.73,73,0.19578741637565172,0.1962133764305363,0.19200447480090063,0.748947117065338,0.3353918409339684,0.3102383138276695,0.0029492117933482835,0.7472527472527473
bxaic__indole__gin__seed123,bxaic,indole,gin,123,atom_occlusion,index_tiebreak_v1,0.05,1887,1847,0.41000000000000003,41,0.04416497945909711,0.04467124800811267,0.04113380904122672,0.426605049899327,0.6863241131345527,0.6559210220135089,0.0,0.42424242424242425
bxaic__indole__gin__seed123,bxaic,indole,gin,123,atom_occlusion,index_tiebreak_v1,0.1,1887,1847,0.33,33,0.09527038350567764,0.09574958351441513,0.08987917574815336,0.3440056976408639,0.7918831797012768,0.7157909375473435,0.0,0.34375
bxaic__indole__gin__seed123,bxaic,indole,gin,123,atom_occlusion,index_tiebreak_v1,0.2,1887,1847,0.26,26,0.18003191728681925,0.18046622241537524,0.1711695796833863,0.2763053964994718,0.8736562136739254,0.7177229689982614,0.0,0.275
bxaic__indole__gin__seed123,bxaic,indole,gin,123,atom_occlusion,include_all_exact_ties_v2,0.05,1887,1847,0.41000000000000003,41,0.04387283210812623,0.044379255396204804,0.040777490872239336,0.4274724988441923,0.6853536773518719,0.6553054060273498,0.0008674489448652253,0.42424242424242425
bxaic__indole__gin__seed123,bxaic,indole,gin,123,atom_occlusion,include_all_exact_ties_v2,0.1,1887,1847,0.33,33,0.09506655977244212,0.09554586773866545,0.08961031749337199,0.3444971164805991,0.79124350438865,0.7154166980264276,0.0004914188397352754,0.34375
bxaic__indole__gin__seed123,bxaic,indole,gin,123,atom_occlusion,include_all_exact_ties_v2,0.2,1887,1847,0.26,26,0.17968239732945618,0.18011688758510827,0.17077855519923787,0.27664779752879076,0.8732812522230162,0.7177524468574891,0.0003424010293188613,0.27586206896551724
bxaic__indole__gin__seed123,bxaic,indole,gin,123,saliency,index_tiebreak_v1,0.05,1887,1847,0.67,67,0.04947798477210242,0.04998143922932112,0.04808461631011766,0.6886269315023922,0.42821862744569034,0.4165455962514122,0.0,0.6875
bxaic__indole__gin__seed123,bxaic,indole,gin,123,saliency,index_tiebreak_v1,0.1,1887,1847,0.55,55,0.09655424655424656,0.09703276655077649,0.09273047307021441,0.565655995935434,0.49220181252829415,0.46345953187695166,0.0,0.5641025641025641
bxaic__indole__gin__seed123,bxaic,indole,gin,123,saliency,index_tiebreak_v1,0.2,1887,1847,0.39,39,0.19952871423459662,0.19995269266985366,0.19477201421570697,0.40587856267358463,0.5957711364715068,0.5112832945971666,0.0,0.40540540540540543
bxaic__indole__gin__seed123,bxaic,indole,gin,123,saliency,include_all_exact_ties_v2,0.05,1887,1847,0.67,67,0.04915526386114622,0.04965888925105081,0.04775837694760325,0.6926539906099906,0.4260418796199397,0.4146062127122114,0.004027059107597688,0.6896551724137931
bxaic__indole__gin__seed123,bxaic,indole,gin,123,saliency,include_all_exact_ties_v2,0.1,1887,1847,0.55,55,0.09648064353946709,0.09695920252064466,0.09243431251417294,0.5687356184484874,0.48991420627533677,0.4615765916937134,0.003079622513052913,0.5652173913043478
bxaic__indole__gin__seed123,bxaic,indole,gin,123,saliency,include_all_exact_ties_v2,0.2,1887,1847,0.39,39,0.19927959633841988,0.19970370672171522,0.1945383250269555,0.40743447335729965,0.5940266110748126,0.510059143878074,0.0015559106837146886,0.40625
bxaic__indole__gin__seed2026,bxaic,indole,gin,2026,atom_occlusion,index_tiebreak_v1,0.05,1887,1847,0.47000000000000003,47,0.047073091190738256,0.047577819426336834,0.04308216373051278,0.48597455234865333,0.6050230394148074,0.5805035912508623,0.0,0.4838709677419355
bxaic__indole__gin__seed2026,bxaic,indole,gin,2026,atom_occlusion,index_tiebreak_v1,0.1,1887,1847,0.37,37,0.09522818444387073,0.09570740680380638,0.08926998351064518,0.38566737041785315,0.713128755268573,0.6518451693270098,0.0,0.38461538461538464
bxaic__indole__gin__seed2026,bxaic,indole,gin,2026,atom_occlusion,index_tiebreak_v1,0.2,1887,1847,0.27,27,0.19853450735803682,0.1989590123859178,0.1910711255797877,0.2866347238712632,0.8302809381063192,0.6753981263926109,0.0,0.2857142857142857
bxaic__indole__gin__seed2026,bxaic,indole,gin,2026,atom_occlusion,include_all_exact_ties_v2,0.05,1887,1847,0.47000000000000003,47,0.04699382640559111,0.04749859662465641,0.04283366651395925,0.4866433531705044,0.6044288704822225,0.5801338362404607,0.0006688008218509669,0.4838709677419355
bxaic__indole__gin__seed2026,bxaic,indole,gin,2026,atom_occlusion,include_all_exact_ties_v2,0.1,1887,1847,0.37,37,0.09502889012692936,0.09550821804529559,0.0890629024968506,0.38599339630463786,0.7128120512276823,0.6517565207542896,0.00032602588678462053,0.38461538461538464
bxaic__indole__gin__seed2026,bxaic,indole,gin,2026,atom_occlusion,include_all_exact_ties_v2,0.2,1887,1847,0.27,27,0.19825481590187474,0.1986794690714168,0.19073331744555297,0.2868951487030032,0.8300895010784761,0.675560828633363,0.00026042483174013096,0.2857142857142857
bxaic__indole__gin__seed2026,bxaic,indole,gin,2026,saliency,index_tiebreak_v1,0.05,1887,1847,0.76,76,0.044946983182277314,0.04545283753440585,0.04099174452450064,0.7755804835293979,0.38464281394465377,0.3767261126345091,0.0,0.7741935483870968
bxaic__indole__gin__seed2026,bxaic,indole,gin,2026,saliency,index_tiebreak_v1,0.1,1887,1847,0.63,63,0.09649694943812592,0.09697549978270469,0.09694676976756178,0.6469652587254012,0.43101650933904506,0.4086132805380003,0.0,0.6451612903225806
bxaic__indole__gin__seed2026,bxaic,indole,gin,2026,saliency,index_tiebreak_v1,0.2,1887,1847,0.44,44,0.19852960049038487,0.1989541081172449,0.19719060091285437,0.4554649986536656,0.5346192799306503,0.4636745448974465,0.0,0.45454545454545453
bxaic__indole__gin__seed2026,bxaic,indole,gin,2026,saliency,include_all_exact_ties_v2,0.05,1887,1847,0.76,76,0.04472504178386532,0.04523101368970064,0.040725662774932156,0.7796588464790591,0.38282690297293837,0.37511484159299824,0.004078362949661112,0.7777777777777778
bxaic__indole__gin__seed2026,bxaic,indole,gin,2026,saliency,include_all_exact_ties_v2,0.1,1887,1847,0.63,63,0.09629425805896395,0.09677291576126475,0.09681488576994958,0.6506592119252408,0.4287226394967282,0.4066026230364522,0.003693953199839853,0.6470588235294118
bxaic__indole__gin__seed2026,bxaic,indole,gin,2026,saliency,include_all_exact_ties_v2,0.2,1887,1847,0.44,44,0.19827972769149244,0.19870436766623328,0.1968716884390962,0.4588845150056935,0.5312261360588962,0.46111168736040004,0.003419516352028306,0.45588235294117646
bxaic__indole__gin__seed42,bxaic,indole,gin,42,atom_occlusion,index_tiebreak_v1,0.05,1887,1847,0.44,44,0.048915204797557746,0.049418957337389956,0.04569269563178641,0.4554649986536656,0.6414726743558677,0.6132150966707766,0.0,0.45454545454545453
bxaic__indole__gin__seed42,bxaic,indole,gin,42,atom_occlusion,index_tiebreak_v1,0.1,1887,1847,0.35000000000000003,35,0.09437001103667772,0.09484968793761275,0.09218199760295152,0.36780043292653597,0.7414573409404206,0.674430063899986,0.0,0.36585365853658536
bxaic__indole__gin__seed42,bxaic,indole,gin,42,atom_occlusion,index_tiebreak_v1,0.2,1887,1847,0.27,27,0.18725626078567256,0.18768673946110356,0.17913446691871185,0.2866347238712632,0.8380004888701552,0.6886127863029134,0.0,0.2857142857142857
bxaic__indole__gin__seed42,bxaic,indole,gin,42,atom_occlusion,include_all_exact_ties_v2,0.05,1887,1847,0.44,44,0.04868986633692517,0.04919373822975558,0.04544743767131459,0.4561932122314224,0.6407014749415786,0.6126800486757977,0.0007282135777567909,0.45454545454545453
bxaic__indole__gin__seed42,bxaic,indole,gin,42,atom_occlusion,include_all_exact_ties_v2,0.1,1887,1847,0.35000000000000003,35,0.09417637849010399,0.09465615795065056,0.09174539215822483,0.3684814830272593,0.7407219836541986,0.6741570573326455,0.00068105010072321,0.36666666666666664
bxaic__indole__gin__seed42,bxaic,indole,gin,42,atom_occlusion,include_all_exact_ties_v2,0.2,1887,1847,0.27,27,0.1870977312153783,0.18752829385774275,0.17883283047738943,0.2869469392324064,0.8376764524945632,0.6885797863322582,0.0003122153611431823,0.2857142857142857
bxaic__indole__gin__seed42,bxaic,indole,gin,42,saliency,index_tiebreak_v1,0.05,1887,1847,0.66,66,0.046855226266990985,0.04736006989714664,0.0417471274739822,0.6771674344541084,0.4396044806400717,0.42911628223635806,0.0,0.6764705882352942
bxaic__indole__gin__seed42,bxaic,indole,gin,42,saliency,index_tiebreak_v1,0.1,1887,1847,0.56,56,0.09467635055870352,0.09515586520353599,0.08671667846681493,0.5771687133266318,0.4872282069646197,0.4619173808242405,0.0,0.5757575757575758
bxaic__indole__gin__seed42,bxaic,indole,gin,42,saliency,index_tiebreak_v1,0.2,1887,1847,0.43,43,0.18942811589870415,0.1898574442271476,0.1751980573718529,0.4472760748792189,0.5584179271563924,0.4941303925731432,0.0,0.4444444444444444
bxaic__indole__gin__seed42,bxaic,indole,gin,42,saliency,include_all_exact_ties_v2,0.05,1887,1847,0.66,66,0.0467408585055644,0.047245762711864876,0.04147179070703741,0.6799326290328651,0.43795406793374525,0.42769944964551476,0.002765194578756323,0.6774193548387096
bxaic__indole__gin__seed42,bxaic,indole,gin,42,saliency,include_all_exact_ties_v2,0.1,1887,1847,0.56,56,0.09437854143736497,0.09485821382007951,0.08656397068010607,0.5799489824505307,0.48512283111756177,0.46005820736897723,0.0027802691238992244,0.5769230769230769
bxaic__indole__gin__seed42,bxaic,indole,gin,42,saliency,include_all_exact_ties_v2,0.2,1887,1847,0.43,43,0.18888685065155655,0.1893164656671012,0.17479153073359915,0.4496035046299827,0.5560709391019995,0.4924526340678153,0.0023274297507633597,0.4473684210526316
bxaic__P__gcn__seed123,bxaic,P,gcn,123,atom_occlusion,index_tiebreak_v1,0.05,657,638,0.04,4,0.0341657819901172,0.035633615148186935,0.04238780151559056,0.056013472476178945,0.7105022850712505,0.6681144835556599,0.0,0.05405405405405406
bxaic__P__gcn__seed123,bxaic,P,gcn,123,atom_occlusion,index_tiebreak_v1,0.1,657,638,0.02,2,0.09194353263652216,0.09332355766291041,0.10976490624748045,0.036545738257585794,0.9612068965517243,0.851441990304244,0.0,0.03333333333333333
bxaic__P__gcn__seed123,bxaic,P,gcn,123,atom_occlusion,index_tiebreak_v1,0.2,657,638,0.01,1,0.11390814247381531,0.11525478663418944,0.12610950193699594,0.03475498746109554,0.9929467084639498,0.8668372065269537,0.0,0.03125
bxaic__P__gcn__seed123,bxaic,P,gcn,123,atom_occlusion,include_all_exact_ties_v2,0.05,657,638,0.04,4,0.02626551381587643,0.027745353460533154,0.0303452885856537,0.06190898454291776,0.6887378426171528,0.6583925540314993,0.0058955120667388335,0.05555555555555555
bxaic__P__gcn__seed123,bxaic,P,gcn,123,atom_occlusion,include_all_exact_ties_v2,0.1,657,638,0.01,1,0.09369986267649444,0.09507721850829302,0.1014310839753399,0.03650455068116507,0.9926854754440962,0.891254391468756,0.0017495632200695281,0.03225806451612903
bxaic__P__gcn__seed123,bxaic,P,gcn,123,atom_occlusion,include_all_exact_ties_v2,0.2,657,638,0.01,1,0.09369986267649444,0.09507721850829302,0.1014310839753399,0.03650455068116507,0.9926854754440962,0.891254391468756,0.0017495632200695281,0.03225806451612903
bxaic__P__gcn__seed123,bxaic,P,gcn,123,saliency,index_tiebreak_v1,0.05,657,638,0.06,6,0.03855910705225774,0.04002026342451874,0.03488207195103746,0.07726566208164797,0.5266535353773433,0.5115206797272466,0.0,0.07407407407407407
bxaic__P__gcn__seed123,bxaic,P,gcn,123,saliency,index_tiebreak_v1,0.1,657,638,0.04,4,0.08401357498859514,0.08540565162235111,0.07099281718957177,0.056013472476178945,0.681244186847635,0.6434018398774991,0.0,0.05405405405405406
bxaic__P__gcn__seed123,bxaic,P,gcn,123,saliency,index_tiebreak_v1,0.2,657,638,0.01,1,0.17035157220491629,0.17161243607694537,0.17352329504044425,0.03475498746109554,0.9349529780564263,0.8194234134235057,0.0,0.03125
bxaic__P__gcn__seed123,bxaic,P,gcn,123,saliency,include_all_exact_ties_v2,0.05,657,638,0.06,6,0.03132927447995942,0.032801418439716325,0.028687117480220927,0.0862779346545548,0.4966818537854886,0.48565408844737856,0.009012272572906864,0.07894736842105263
bxaic__P__gcn__seed123,bxaic,P,gcn,123,saliency,include_all_exact_ties_v2,0.1,657,638,0.03,3,0.09749263480125689,0.09886422654168052,0.09004757075243891,0.04886646058086261,0.7752761606209878,0.7319631771203775,0.0033344192795448945,0.045454545454545456
bxaic__P__gcn__seed123,bxaic,P,gcn,123,saliency,include_all_exact_ties_v2,0.2,657,638,0.01,1,0.13658841978745284,0.13790059544127128,0.13090126190116974,0.037722841256277596,0.9341692789968652,0.8612617475032189,0.002967853795182034,0.03333333333333333
bxaic__P__gcn__seed2026,bxaic,P,gcn,2026,atom_occlusion,index_tiebreak_v1,0.05,657,638,0.04,4,0.0341657819901172,0.035633615148186935,0.04238780151559056,0.056013472476178945,0.7105022850712505,0.6681144835556599,0.0,0.05405405405405406
bxaic__P__gcn__seed2026,bxaic,P,gcn,2026,atom_occlusion,index_tiebreak_v1,0.1,657,638,0.02,2,0.09194353263652216,0.09332355766291041,0.10976490624748045,0.036545738257585794,0.9612068965517243,0.851441990304244,0.0,0.03333333333333333
bxaic__P__gcn__seed2026,bxaic,P,gcn,2026,atom_occlusion,index_tiebreak_v1,0.2,657,638,0.01,1,0.11390814247381531,0.11525478663418944,0.12610950193699594,0.03475498746109554,0.9929467084639498,0.8668372065269537,0.0,0.03125
bxaic__P__gcn__seed2026,bxaic,P,gcn,2026,atom_occlusion,include_all_exact_ties_v2,0.05,657,638,0.04,4,0.026867093869511277,0.02834601925876734,0.032556439503701164,0.06288342555142848,0.6818729163556745,0.6493164768519736,0.006869953075249583,0.056873315363881405
bxaic__P__gcn__seed2026,bxaic,P,gcn,2026,atom_occlusion,include_all_exact_ties_v2,0.1,657,638,0.01,1,0.09824917375279987,0.09961961573797795,0.09874303811008585,0.036662490358402855,0.9924242424242423,0.8936812043141563,0.001907502897307299,0.03225806451612903
bxaic__P__gcn__seed2026,bxaic,P,gcn,2026,atom_occlusion,include_all_exact_ties_v2,0.2,657,638,0.01,1,0.09824917375279987,0.09961961573797795,0.09874303811008585,0.036662490358402855,0.9924242424242423,0.8936812043141563,0.001907502897307299,0.03225806451612903
bxaic__P__gcn__seed2026,bxaic,P,gcn,2026,saliency,index_tiebreak_v1,0.05,657,638,0.09,9,0.040588533739218675,0.04204660587639312,0.05989326765188834,0.10698686385617916,0.3778979476316254,0.374901231703875,0.0,0.10526315789473684
bxaic__P__gcn__seed2026,bxaic,P,gcn,2026,saliency,index_tiebreak_v1,0.1,657,638,0.07,7,0.06874682902080163,0.07016210739614996,0.10280265711300193,0.08760955216114014,0.4377302972420191,0.4287538330931414,0.0,0.0851063829787234
bxaic__P__gcn__seed2026,bxaic,P,gcn,2026,saliency,index_tiebreak_v1,0.2,657,638,0.04,4,0.1949945524079287,0.1962179649422631,0.21037844462378852,0.056013472476178945,0.5851757437964332,0.5433543429647983,0.0,0.05405405405405406
bxaic__P__gcn__seed2026,bxaic,P,gcn,2026,saliency,include_all_exact_ties_v2,0.05,657,638,0.08,8,0.04705733130390665,0.04850557244174265,0.07317510076130765,0.1002581266087952,0.3999750658957245,0.3966536746432988,0.0032173306480708934,0.09523809523809523
bxaic__P__gcn__seed2026,bxaic,P,gcn,2026,saliency,include_all_exact_ties_v2,0.1,657,638,0.06,6,0.09806973848069739,0.09944045316385741,0.1171928646066577,0.08098645808722212,0.47382012036204857,0.4642291366331338,0.0037207960055742322,0.07692307692307693
bxaic__P__gcn__seed2026,bxaic,P,gcn,2026,saliency,include_all_exact_ties_v2,0.2,657,638,0.04,4,0.17817410899602681,0.1794230845142699,0.18947401559654925,0.05893970372409264,0.5827392621790507,0.5595711866963943,0.0029262312479137447,0.05555555555555555
bxaic__P__gcn__seed42,bxaic,P,gcn,42,atom_occlusion,index_tiebreak_v1,0.05,657,638,0.04,4,0.0341657819901172,0.035633615148186935,0.04238780151559056,0.056013472476178945,0.7105022850712505,0.6681144835556599,0.0,0.05405405405405406
bxaic__P__gcn__seed42,bxaic,P,gcn,42,atom_occlusion,index_tiebreak_v1,0.1,657,638,0.02,2,0.09194353263652216,0.09332355766291041,0.10976490624748045,0.036545738257585794,0.9612068965517243,0.851441990304244,0.0,0.03333333333333333
bxaic__P__gcn__seed42,bxaic,P,gcn,42,atom_occlusion,index_tiebreak_v1,0.2,657,638,0.01,1,0.11390814247381531,0.11525478663418944,0.12610950193699594,0.03475498746109554,0.9929467084639498,0.8668372065269537,0.0,0.03125
bxaic__P__gcn__seed42,bxaic,P,gcn,42,atom_occlusion,include_all_exact_ties_v2,0.05,657,638,0.03,3,0.0478046262091387,0.04925173164043179,0.05472897622999042,0.048574816488983805,0.8183385579937302,0.7636095817637397,0.003042775187666076,0.04504504504504504
bxaic__P__gcn__seed42,bxaic,P,gcn,42,atom_occlusion,include_all_exact_ties_v2,0.1,657,638,0.01,1,0.09595347202115938,0.09732740291474419,0.09697616293596377,0.03689358576970454,0.9922936259143156,0.8953174629783518,0.0021385983086090045,0.03306010928961749
bxaic__P__gcn__seed42,bxaic,P,gcn,42,atom_occlusion,include_all_exact_ties_v2,0.2,657,638,0.01,1,0.09595347202115938,0.09732740291474419,0.09697616293596377,0.03689358576970454,0.9922936259143156,0.8953174629783518,0.0021385983086090045,0.03306010928961749
bxaic__P__gcn__seed42,bxaic,P,gcn,42,saliency,index_tiebreak_v1,0.05,657,638,0.06,6,0.03132927447995942,0.032801418439716325,0.039584266308404226,0.07726566208164797,0.5199920933710738,0.5043367716812694,0.0,0.07407407407407407
bxaic__P__gcn__seed42,bxaic,P,gcn,42,saliency,index_tiebreak_v1,0.1,657,638,0.04,4,0.07424695905759565,0.0756538785727057,0.08588309932123321,0.056013472476178945,0.6676600698152421,0.6300789558649599,0.0,0.05405405405405406
bxaic__P__gcn__seed42,bxaic,P,gcn,42,saliency,index_tiebreak_v1,0.2,657,638,0.01,1,0.16959053719730594,0.17085255765749244,0.18371138281473892,0.03475498746109554,0.9224137931034483,0.809235325649211,0.0,0.03125
bxaic__P__gcn__seed42,bxaic,P,gcn,42,saliency,include_all_exact_ties_v2,0.05,657,638,0.05,5,0.042161339421613396,0.043617021276595724,0.04814897745932228,0.0744502245704039,0.5539154515946798,0.5364352306661831,0.008130706950944566,0.0684931506849315
bxaic__P__gcn__seed42,bxaic,P,gcn,42,saliency,include_all_exact_ties_v2,0.1,657,638,0.03,3,0.09454849325921043,0.09592455937887728,0.0948628197360449,0.04930913130286244,0.7670062695924762,0.7251476295847489,0.003777090001544728,0.045454545454545456
bxaic__P__gcn__seed42,bxaic,P,gcn,42,saliency,include_all_exact_ties_v2,0.2,657,638,0.01,1,0.1392323720687943,0.1405405295580515,0.13616087643378816,0.038001023584571955,0.921891327063741,0.8562633659904542,0.0032460361234763957,0.03333333333333333
bxaic__P__gin__seed123,bxaic,P,gin,123,atom_occlusion,index_tiebreak_v1,0.05,657,638,0.04,4,0.0341657819901172,0.035633615148186935,0.04238780151559056,0.056013472476178945,0.7105022850712505,0.6681144835556599,0.0,0.05405405405405406
bxaic__P__gin__seed123,bxaic,P,gin,123,atom_occlusion,index_tiebreak_v1,0.1,657,638,0.02,2,0.09194353263652216,0.09332355766291041,0.10976490624748045,0.036545738257585794,0.9612068965517243,0.851441990304244,0.0,0.03333333333333333
bxaic__P__gin__seed123,bxaic,P,gin,123,atom_occlusion,index_tiebreak_v1,0.2,657,638,0.01,1,0.11390814247381531,0.11525478663418944,0.12610950193699594,0.03475498746109554,0.9929467084639498,0.8668372065269537,0.0,0.03125
bxaic__P__gin__seed123,bxaic,P,gin,123,atom_occlusion,include_all_exact_ties_v2,0.05,657,638,0.03,3,0.04581498574246359,0.04726511494346286,0.0565449847650659,0.04750363645943626,0.8236677115987461,0.7671227268336801,0.001971595158118545,0.044444444444444446
bxaic__P__gin__seed123,bxaic,P,gin,123,atom_occlusion,include_all_exact_ties_v2,0.1,657,638,0.01,1,0.09366823524760673,0.09504563914540669,0.10742166202474143,0.0362748429329363,0.9929467084639498,0.8855250464392079,0.0015198554718407681,0.03225806451612903
bxaic__P__gin__seed123,bxaic,P,gin,123,atom_occlusion,include_all_exact_ties_v2,0.2,657,638,0.01,1,0.09366823524760673,0.09504563914540669,0.10742166202474143,0.0362748429329363,0.9929467084639498,0.8855250464392079,0.0015198554718407681,0.03225806451612903
bxaic__P__gin__seed123,bxaic,P,gin,123,saliency,index_tiebreak_v1,0.05,657,638,0.06,6,0.04815539610060158,0.04960196844695324,0.057321988356471114,0.07726566208164797,0.4958541623365911,0.47823212919731667,0.0,0.07407407407407407
bxaic__P__gin__seed123,bxaic,P,gin,123,saliency,index_tiebreak_v1,0.1,657,638,0.04,4,0.09403024527923803,0.09540709900981668,0.10573680883011512,0.056013472476178945,0.6310874470357228,0.59734645847729,0.0,0.05405405405405406
bxaic__P__gin__seed123,bxaic,P,gin,123,saliency,index_tiebreak_v1,0.2,657,638,0.01,1,0.17462786415244114,0.17588222910053772,0.19073855104880375,0.03475498746109554,0.8832288401253918,0.8022081574151461,0.0,0.03125
bxaic__P__gin__seed123,bxaic,P,gin,123,saliency,include_all_exact_ties_v2,0.05,657,638,0.06,6,0.0423207943755889,0.043776233897814446,0.04437229437229437,0.08612843360113477,0.47079352809100367,0.4587320263743296,0.008862771519486857,0.07894736842105263
bxaic__P__gin__seed123,bxaic,P,gin,123,saliency,include_all_exact_ties_v2,0.1,657,638,0.04,4,0.08654673437106959,0.08793496121852996,0.0921351299140346,0.061655926287345404,0.6099371665841715,0.5861405946638674,0.0056424538111664625,0.05714285714285714
bxaic__P__gin__seed123,bxaic,P,gin,123,saliency,include_all_exact_ties_v2,0.2,657,638,0.01,1,0.1535692096127229,0.1548555785950744,0.169536707529977,0.036413952027222946,0.8827063740856844,0.8228875348942652,0.0016589645661273982,0.03225806451612903
bxaic__P__gin__seed2026,bxaic,P,gin,2026,atom_occlusion,index_tiebreak_v1,0.05,657,638,0.04,4,0.0341657819901172,0.035633615148186935,0.04238780151559056,0.056013472476178945,0.7105022850712505,0.6681144835556599,0.0,0.05405405405405406
bxaic__P__gin__seed2026,bxaic,P,gin,2026,atom_occlusion,index_tiebreak_v1,0.1,657,638,0.02,2,0.09194353263652216,0.09332355766291041,0.10976490624748045,0.036545738257585794,0.9612068965517243,0.851441990304244,0.0,0.03333333333333333
bxaic__P__gin__seed2026,bxaic,P,gin,2026,atom_occlusion,index_tiebreak_v1,0.2,657,638,0.01,1,0.11390814247381531,0.11525478663418944,0.12610950193699594,0.03475498746109554,0.9929467084639498,0.8668372065269537,0.0,0.03125
bxaic__P__gin__seed2026,bxaic,P,gin,2026,atom_occlusion,include_all_exact_ties_v2,0.05,657,638,0.03,3,0.04649061506434593,0.04793971747306272,0.06254401447099216,0.04710734079936282,0.8224660397074188,0.7599220252364264,0.0015752994980450861,0.043478260869565216
bxaic__P__gin__seed2026,bxaic,P,gin,2026,atom_occlusion,include_all_exact_ties_v2,0.1,657,638,0.01,1,0.09327948143419539,0.09465747614326192,0.10711961758199996,0.03601822774527028,0.9929467084639498,0.8858270908819497,0.0012632402841747461,0.03225806451612903
bxaic__P__gin__seed2026,bxaic,P,gin,2026,atom_occlusion,include_all_exact_ties_v2,0.2,657,638,0.01,1,0.09327948143419539,0.09465747614326192,0.10711961758199996,0.03601822774527028,0.9929467084639498,0.8858270908819497,0.0012632402841747461,0.03225806451612903
bxaic__P__gin__seed2026,bxaic,P,gin,2026,saliency,index_tiebreak_v1,0.05,657,638,0.04,4,0.039166869182985224,0.04062710190459162,0.05283712230973892,0.056013472476178945,0.7034489935352003,0.6615836580593172,0.0,0.05405405405405406
bxaic__P__gin__seed2026,bxaic,P,gin,2026,saliency,index_tiebreak_v1,0.1,657,638,0.02,2,0.09803181269740495,0.09940258501853351,0.1212591591210437,0.036545738257585794,0.9486677115987463,0.8399477374306806,0.0,0.03333333333333333
bxaic__P__gin__seed2026,bxaic,P,gin,2026,saliency,index_tiebreak_v1,0.2,657,638,0.01,1,0.12227952755752916,0.12361344924817122,0.1376037548105592,0.03475498746109554,0.9804075235109718,0.8553429536533904,0.0,0.03125
bxaic__P__gin__seed2026,bxaic,P,gin,2026,saliency,include_all_exact_ties_v2,0.05,657,638,0.03,3,0.045070578390481696,0.046521838909645084,0.06280557677616501,0.048658112394362275,0.8096208389311834,0.7593544471079964,0.003126071093044566,0.045454545454545456
bxaic__P__gin__seed2026,bxaic,P,gin,2026,saliency,include_all_exact_ties_v2,0.1,657,638,0.01,1,0.08581659036937038,0.0872059268581707,0.09772717294384264,0.03759861647398319,0.980146290491118,0.8949583025002534,0.0028436290128876175,0.03333333333333333
bxaic__P__gin__seed2026,bxaic,P,gin,2026,saliency,include_all_exact_ties_v2,0.2,657,638,0.01,1,0.08581659036937038,0.0872059268581707,0.09772717294384264,0.03759861647398319,0.980146290491118,0.8949583025002534,0.0028436290128876175,0.03333333333333333
bxaic__P__gin__seed42,bxaic,P,gin,42,atom_occlusion,index_tiebreak_v1,0.05,657,638,0.04,4,0.0341657819901172,0.035633615148186935,0.04238780151559056,0.056013472476178945,0.7105022850712505,0.6681144835556599,0.0,0.05405405405405406
bxaic__P__gin__seed42,bxaic,P,gin,42,atom_occlusion,index_tiebreak_v1,0.1,657,638,0.02,2,0.09346560265174286,0.09484331450181618,0.11289970248572498,0.036545738257585794,0.9580721003134798,0.8483071940659994,0.0,0.03333333333333333
bxaic__P__gin__seed42,bxaic,P,gin,42,atom_occlusion,index_tiebreak_v1,0.2,657,638,0.01,1,0.11543021248903601,0.11677454347309521,0.12924429817524047,0.03475498746109554,0.9898119122257053,0.8637024102887092,0.0,0.03125
bxaic__P__gin__seed42,bxaic,P,gin,42,atom_occlusion,include_all_exact_ties_v2,0.05,657,638,0.03,3,0.04688512460470559,0.048333627454850404,0.05509217793700553,0.04749996077999056,0.8240595611285266,0.7689673831915209,0.001967919478672816,0.044444444444444446
bxaic__P__gin__seed42,bxaic,P,gin,42,atom_occlusion,include_all_exact_ties_v2,0.1,657,638,0.01,1,0.09599513805799059,0.09736900562933098,0.10729358999228071,0.036384454785030544,0.9898119122257053,0.8856531184716686,0.0016294673239350102,0.03225806451612903
bxaic__P__gin__seed42,bxaic,P,gin,42,atom_occlusion,include_all_exact_ties_v2,0.2,657,638,0.01,1,0.09599513805799059,0.09736900562933098,0.10729358999228071,0.036384454785030544,0.9898119122257053,0.8856531184716686,0.0016294673239350102,0.03225806451612903
bxaic__P__gin__seed42,bxaic,P,gin,42,saliency,index_tiebreak_v1,0.05,657,638,0.04,4,0.04503771067026506,0.04648902114037103,0.05688623411747143,0.056013472476178945,0.6903873425425148,0.6535899276517937,0.0,0.05405405405405406
bxaic__P__gin__seed42,bxaic,P,gin,42,saliency,index_tiebreak_v1,0.1,657,638,0.03,3,0.07038085470801024,0.07179364976164548,0.08514780520358611,0.04553204130131772,0.8057471264367815,0.7434572104703949,0.0,0.043478260869565216
bxaic__P__gin__seed42,bxaic,P,gin,42,saliency,index_tiebreak_v1,0.2,657,638,0.01,1,0.12354791923687976,0.12487991328059271,0.13917115292968144,0.03475498746109554,0.969435736677116,0.8537755555342682,0.0,0.03125
bxaic__P__gin__seed42,bxaic,P,gin,42,saliency,include_all_exact_ties_v2,0.05,657,638,0.04,4,0.03494493687886114,0.03641158591096012,0.04567187376518003,0.059278734071106294,0.6806234474337918,0.6529505287365326,0.0032652615949274088,0.05555555555555555
bxaic__P__gin__seed42,bxaic,P,gin,42,saliency,include_all_exact_ties_v2,0.1,657,638,0.01,1,0.09759800142555987,0.09896943303433552,0.10806737057889548,0.03676141775406619,0.9691745036572622,0.8846181048652002,0.002006430292970642,0.03333333333333333
bxaic__P__gin__seed42,bxaic,P,gin,42,saliency,include_all_exact_ties_v2,0.2,657,638,0.01,1,0.09759800142555987,0.09896943303433552,0.10806737057889548,0.03676141775406619,0.9691745036572622,0.8846181048652002,0.002006430292970642,0.03333333333333333
bxaic__PAINS__gcn__seed123,bxaic,PAINS,gcn,123,atom_occlusion,index_tiebreak_v1,0.05,1625,1644,0.89,89,0.04791364715568098,0.04849918611807005,0.04753362896063792,0.9091218677307291,0.3572354834054299,0.35003197108616135,0.0,0.9090909090909091
bxaic__PAINS__gcn__seed123,bxaic,PAINS,gcn,123,atom_occlusion,index_tiebreak_v1,0.1,1625,1644,0.81,81,0.09581566773572013,0.0963717466608522,0.09641597394536627,0.8288222076854068,0.3699986088545349,0.35431531068797506,0.0,0.8260869565217391
bxaic__PAINS__gcn__seed123,bxaic,PAINS,gcn,123,atom_occlusion,index_tiebreak_v1,0.2,1625,1644,0.67,67,0.19317607703085196,0.19367227870549486,0.1885872705098547,0.6909636668174082,0.39528181888022895,0.36005564031102455,0.0,0.6896551724137931
bxaic__PAINS__gcn__seed123,bxaic,PAINS,gcn,123,atom_occlusion,include_all_exact_ties_v2,0.05,1625,1644,0.89,89,0.0476393880814219,0.04822509571482837,0.04722427132079623,0.910142417506727,0.3570113672373851,0.34992317151758867,0.00102054977599798,0.9090909090909091
bxaic__PAINS__gcn__seed123,bxaic,PAINS,gcn,123,atom_occlusion,include_all_exact_ties_v2,0.1,1625,1644,0.81,81,0.095670368590421,0.09622653687542101,0.09614609142183413,0.8294893032227912,0.36985316877058755,0.35422719850270634,0.0006670955373845381,0.8275862068965517
bxaic__PAINS__gcn__seed123,bxaic,PAINS,gcn,123,atom_occlusion,include_all_exact_ties_v2,0.2,1625,1644,0.67,67,0.1929171803719553,0.19341354126963567,0.18836853817433405,0.6921077931722062,0.39484139276008584,0.35971710970611276,0.0011441263547976898,0.6896551724137931
bxaic__PAINS__gcn__seed123,bxaic,PAINS,gcn,123,saliency,index_tiebreak_v1,0.05,1625,1644,0.92,92,0.044043237049262295,0.04463115633766999,0.04436612414673663,0.9380635432447645,0.3472997818364733,0.3406571635976509,0.0,0.9375
bxaic__PAINS__gcn__seed123,bxaic,PAINS,gcn,123,saliency,index_tiebreak_v1,0.1,1625,1644,0.85,85,0.09265046334417612,0.09320848888947508,0.09168589614165729,0.8667805796968743,0.3549005442517099,0.34043438503522244,0.0,0.8648648648648649
bxaic__PAINS__gcn__seed123,bxaic,PAINS,gcn,123,saliency,index_tiebreak_v1,0.2,1625,1644,0.71,71,0.19601904194259517,0.1965134951763329,0.204005145747317,0.7294184524174623,0.3640788322579816,0.3295257489437463,0.0,0.7272727272727273
bxaic__PAINS__gcn__seed123,bxaic,PAINS,gcn,123,saliency,include_all_exact_ties_v2,0.05,1625,1644,0.91,91,0.04796372191047113,0.048549230076577986,0.04586636287660719,0.9367260391875064,0.3473603028120751,0.3406741797179095,0.007583232003025426,0.9318181818181818
bxaic__PAINS__gcn__seed123,bxaic,PAINS,gcn,123,saliency,include_all_exact_ties_v2,0.1,1625,1644,0.84,84,0.09783482455201913,0.09838966168329112,0.09581153826947736,0.8651154355655846,0.3539890082131225,0.33901422116277563,0.007744064029113147,0.8611111111111112
bxaic__PAINS__gcn__seed123,bxaic,PAINS,gcn,123,saliency,include_all_exact_ties_v2,0.2,1625,1644,0.71,71,0.1937591300895659,0.19425497318299192,0.20191767711703718,0.7347670802830878,0.36270144531828014,0.32881285563089013,0.005348627865626719,0.7307692307692307
bxaic__PAINS__gcn__seed2026,bxaic,PAINS,gcn,2026,atom_occlusion,index_tiebreak_v1,0.05,1625,1644,0.89,89,0.04888400631413254,0.049468948499671414,0.05247257571650693,0.9091218677307291,0.3552409632480955,0.3473880696863142,0.0,0.9090909090909091
bxaic__PAINS__gcn__seed2026,bxaic,PAINS,gcn,2026,atom_occlusion,index_tiebreak_v1,0.1,1625,1644,0.81,81,0.09572506853928621,0.09628120318348127,0.09861865755539098,0.8288222076854068,0.3686365915415233,0.35266626466664674,0.0,0.8260869565217391
bxaic__PAINS__gcn__seed2026,bxaic,PAINS,gcn,2026,atom_occlusion,index_tiebreak_v1,0.2,1625,1644,0.66,66,0.19766703345872197,0.19816047316754204,0.1960376796636149,0.6786990675017398,0.3967350914696989,0.3592388762660051,0.0,0.6785714285714286
bxaic__PAINS__gcn__seed2026,bxaic,PAINS,gcn,2026,atom_occlusion,include_all_exact_ties_v2,0.05,1625,1644,0.89,89,0.048293770908512515,0.04887907609245584,0.052127887963060046,0.9103070486870496,0.35491871591943197,0.3471654435485702,0.0011851809563200996,0.9090909090909091
bxaic__PAINS__gcn__seed2026,bxaic,PAINS,gcn,2026,atom_occlusion,include_all_exact_ties_v2,0.1,1625,1644,0.81,81,0.09541859353281121,0.09597491666102011,0.098563360054838,0.8298371948574023,0.3682160909747267,0.35227919735863944,0.001014987171995531,0.8275862068965517
bxaic__PAINS__gcn__seed2026,bxaic,PAINS,gcn,2026,atom_occlusion,include_all_exact_ties_v2,0.2,1625,1644,0.66,66,0.19745132156880194,0.19794489394176093,0.19573008731678898,0.6800169589497006,0.39615221547438545,0.35882460126633187,0.0013178914479603726,0.6785714285714286
bxaic__PAINS__gcn__seed2026,bxaic,PAINS,gcn,2026,saliency,index_tiebreak_v1,0.05,1625,1644,0.91,91,0.04411514226822634,0.044703017334482155,0.04189967285490566,0.9291428071844801,0.3514547406069206,0.34516233915543426,0.0,0.926829268292683
bxaic__PAINS__gcn__seed2026,bxaic,PAINS,gcn,2026,saliency,index_tiebreak_v1,0.1,1625,1644,0.8300000000000001,83,0.09457655760661236,0.09513339859209423,0.09533576479048078,0.8488238590750934,0.3603319569077057,0.34509664039985677,0.0,0.8484848484848485
bxaic__PAINS__gcn__seed2026,bxaic,PAINS,gcn,2026,saliency,index_tiebreak_v1,0.2,1625,1644,0.6900000000000001,69,0.19599360300200977,0.19648807188085232,0.20158997116848376,0.7087151266394004,0.37482977187624816,0.34081456671233606,0.0,0.7083333333333334
bxaic__PAINS__gcn__seed2026,bxaic,PAINS,gcn,2026,saliency,include_all_exact_ties_v2,0.05,1625,1644,0.9,90,0.049071756989713645,0.04965658370743229,0.04731035309450931,0.9222028298860154,0.3518020463204837,0.34462058070275325,0.006465810676443628,0.9166666666666666
bxaic__PAINS__gcn__seed2026,bxaic,PAINS,gcn,2026,saliency,include_all_exact_ties_v2,0.1,1625,1644,0.8200000000000001,82,0.09889257700569917,0.0994467636127069,0.09982733707702521,0.8454185141077115,0.36016656045695034,0.34457385574005583,0.0073214298341165,0.8404545454545455
bxaic__PAINS__gcn__seed2026,bxaic,PAINS,gcn,2026,saliency,include_all_exact_ties_v2,0.2,1625,1644,0.6900000000000001,69,0.19369045630615053,0.19418634163437556,0.19979298735732232,0.7139873845819886,0.37324224504669834,0.339902072892502,0.005272257942588287,0.7096774193548387
bxaic__PAINS__gcn__seed42,bxaic,PAINS,gcn,42,atom_occlusion,index_tiebreak_v1,0.05,1625,1644,0.89,89,0.04371789550098672,0.044306014876447544,0.0421502425899221,0.9091218677307291,0.35922000958016637,0.35262729381358376,0.0,0.9090909090909091
bxaic__PAINS__gcn__seed42,bxaic,PAINS,gcn,42,atom_occlusion,index_tiebreak_v1,0.1,1625,1644,0.79,79,0.09712511682966554,0.09768039043555155,0.09816344683692353,0.80859924084667,0.3778026367103884,0.3608810106723533,0.0,0.8076923076923077
bxaic__PAINS__gcn__seed42,bxaic,PAINS,gcn,42,atom_occlusion,index_tiebreak_v1,0.2,1625,1644,0.64,64,0.19540315373811445,0.1958979857468856,0.1925303908804638,0.6571995997874026,0.41032647283343365,0.36955256196730485,0.0,0.6551724137931034
bxaic__PAINS__gcn__seed42,bxaic,PAINS,gcn,42,atom_occlusion,include_all_exact_ties_v2,0.05,1625,1644,0.88,88,0.049351823314504904,0.04993647778971143,0.04900751035082766,0.8981436663294151,0.3608049838104917,0.3530562476353009,0.0006340052734194959,0.896551724137931
bxaic__PAINS__gcn__seed42,bxaic,PAINS,gcn,42,atom_occlusion,include_all_exact_ties_v2,0.1,1625,1644,0.79,79,0.0967050924096411,0.09726062433312863,0.09816344683692353,0.8092041535968383,0.3775367982707534,0.3606357160879429,0.0006049127501682528,0.8076923076923077
bxaic__PAINS__gcn__seed42,bxaic,PAINS,gcn,42,atom_occlusion,include_all_exact_ties_v2,0.2,1625,1644,0.64,64,0.19514720968217042,0.19564219909811,0.19206979781038175,0.6584148878575217,0.40984936511959835,0.3692618664797187,0.0012152880701189052,0.6551724137931034
bxaic__PAINS__gcn__seed42,bxaic,PAINS,gcn,42,saliency,index_tiebreak_v1,0.05,1625,1644,0.91,91,0.04332763044687312,0.04391598983774234,0.04075648539792018,0.9291428071844801,0.3517385597524008,0.34539032161266703,0.0,0.926829268292683
bxaic__PAINS__gcn__seed42,bxaic,PAINS,gcn,42,saliency,index_tiebreak_v1,0.1,1625,1644,0.8200000000000001,82,0.09738632510618699,0.09794143806737649,0.09383942973236874,0.8380970842735934,0.3650826927366623,0.3493592339823509,0.0,0.8365491651205936
bxaic__PAINS__gcn__seed42,bxaic,PAINS,gcn,42,saliency,index_tiebreak_v1,0.2,1625,1644,0.67,67,0.19189106464438688,0.19238805660955044,0.1936517187105102,0.6909636668174082,0.3865683029934378,0.3497994298423164,0.0,0.6896551724137931
bxaic__PAINS__gcn__seed42,bxaic,PAINS,gcn,42,saliency,include_all_exact_ties_v2,0.05,1625,1644,0.9,90,0.04909338732501389,0.049678200739943355,0.04634907040431788,0.9224931353763964,0.3519996656313181,0.3448921325765088,0.00675611616682361,0.9166666666666666
bxaic__PAINS__gcn__seed42,bxaic,PAINS,gcn,42,saliency,include_all_exact_ties_v2,0.1,1625,1644,0.8200000000000001,82,0.09512773812411822,0.09568424013019221,0.09125761784698884,0.8451604309714628,0.3633927261286075,0.3482953650099598,0.007063346697868194,0.84
bxaic__PAINS__gcn__seed42,bxaic,PAINS,gcn,42,saliency,include_all_exact_ties_v2,0.2,1625,1644,0.67,67,0.19006858260154283,0.1905666954043711,0.19184201280905355,0.6973650126326038,0.38432276218464795,0.3482750262270177,0.006401345815193701,0.6923076923076923
bxaic__PAINS__gin__seed123,bxaic,PAINS,gin,123,atom_occlusion,index_tiebreak_v1,0.05,1625,1644,0.81,81,0.04934206051152943,0.04992672099091982,0.047443764178026,0.8288222076854068,0.3906698652593638,0.38169801140131854,0.0,0.8260869565217391
bxaic__PAINS__gin__seed123,bxaic,PAINS,gin,123,atom_occlusion,index_tiebreak_v1,0.1,1625,1644,0.63,63,0.0968861278992501,0.09744154848479802,0.09826832938090337,0.649009236961634,0.4656226749268946,0.4401962323501089,0.0,0.6470588235294118
bxaic__PAINS__gin__seed123,bxaic,PAINS,gin,123,atom_occlusion,index_tiebreak_v1,0.2,1625,1644,0.4,40,0.19633686691440919,0.19683112468383426,0.19782126839488534,0.4147760998413445,0.6267870822177314,0.5393168054185705,0.0,0.41379310344827586
bxaic__PAINS__gin__seed123,bxaic,PAINS,gin,123,atom_occlusion,include_all_exact_ties_v2,0.05,1625,1644,0.81,81,0.04915829982776875,0.04974307332110978,0.047280388421584565,0.8309243781662805,0.38985237853387594,0.3809493073852634,0.0021021704808732804,0.8275862068965517
bxaic__PAINS__gin__seed123,bxaic,PAINS,gin,123,atom_occlusion,include_all_exact_ties_v2,0.1,1625,1644,0.63,63,0.09677497811389214,0.09733046705724169,0.0981737092132905,0.6502193238880928,0.4649118369753624,0.4395793301308126,0.001210086926458584,0.6486486486486487
bxaic__PAINS__gin__seed123,bxaic,PAINS,gin,123,atom_occlusion,include_all_exact_ties_v2,0.2,1625,1644,0.4,40,0.19584565929162265,0.1963402191567567,0.19749786385427381,0.41556159101233187,0.626191588291484,0.5390562900351531,0.0007854911709871573,0.41379310344827586
bxaic__PAINS__gin__seed123,bxaic,PAINS,gin,123,saliency,index_tiebreak_v1,0.05,1625,1644,0.81,81,0.04694928771316007,0.0475354197625371,0.04667077722771397,0.8288222076854068,0.3906758560315681,0.381186290752265,0.0,0.8260869565217391
bxaic__PAINS__gin__seed123,bxaic,PAINS,gin,123,saliency,index_tiebreak_v1,0.1,1625,1644,0.7000000000000001,70,0.09549336919420273,0.0960496463349199,0.09426568502779373,0.7197916353793983,0.42402853254842104,0.40242909845926506,0.0,0.71875
bxaic__PAINS__gin__seed123,bxaic,PAINS,gin,123,saliency,index_tiebreak_v1,0.2,1625,1644,0.54,54,0.19217252593489795,0.19266934479963665,0.19075753210165466,0.557642303290396,0.48126227515372594,0.4259777427356281,0.0,0.5555555555555556
bxaic__PAINS__gin__seed123,bxaic,PAINS,gin,123,saliency,include_all_exact_ties_v2,0.05,1625,1644,0.81,81,0.04574279855784976,0.04632967260547731,0.04549931619383455,0.8348600615638423,0.3886072680602143,0.3795028105072935,0.006037853878434389,0.8289198606271777
bxaic__PAINS__gin__seed123,bxaic,PAINS,gin,123,saliency,include_all_exact_ties_v2,0.1,1625,1644,0.6900000000000001,69,0.09921458238690913,0.09976857095862712,0.0982883978924678,0.7138521133498704,0.42577279755095176,0.4031300027735557,0.00513698671047053,0.7096774193548387
bxaic__PAINS__gin__seed123,bxaic,PAINS,gin,123,saliency,include_all_exact_ties_v2,0.2,1625,1644,0.53,53,0.1978293319577673,0.19832267185201236,0.1958877519931228,0.5524704677578036,0.48262011264355503,0.42576960749701503,0.003546956788399534,0.5483870967741935
bxaic__PAINS__gin__seed2026,bxaic,PAINS,gin,2026,atom_occlusion,index_tiebreak_v1,0.05,1625,1644,0.81,81,0.04925921032210625,0.04984392175487266,0.050533856865211106,0.8288222076854068,0.3899561130566736,0.38064878751841114,0.0,0.8260869565217391
bxaic__PAINS__gin__seed2026,bxaic,PAINS,gin,2026,atom_occlusion,index_tiebreak_v1,0.1,1625,1644,0.64,64,0.09727177804862967,0.09782696145696404,0.09889701263593273,0.6571995997874026,0.46222326408061964,0.43713831924812785,0.0,0.6551724137931034
bxaic__PAINS__gin__seed2026,bxaic,PAINS,gin,2026,atom_occlusion,index_tiebreak_v1,0.2,1625,1644,0.42,42,0.19739370961040406,0.1978873174150717,0.19703231964702744,0.43821210526670124,0.6013403413181534,0.5201716634026281,0.0,0.4375
bxaic__PAINS__gin__seed2026,bxaic,PAINS,gin,2026,atom_occlusion,include_all_exact_ties_v2,0.05,1625,1644,0.81,81,0.04918399664689257,0.04976875433653181,0.05024544731585265,0.8301457678620371,0.3895291659373653,0.3803436474103247,0.0013235601766300967,0.8275862068965517
bxaic__PAINS__gin__seed2026,bxaic,PAINS,gin,2026,atom_occlusion,include_all_exact_ties_v2,0.1,1625,1644,0.64,64,0.09695651553336718,0.09751189283008731,0.09886321971892814,0.658161318250845,0.46159626387286495,0.4365829127698339,0.0009617184634424145,0.6551724137931034
bxaic__PAINS__gin__seed2026,bxaic,PAINS,gin,2026,atom_occlusion,include_all_exact_ties_v2,0.2,1625,1644,0.42,42,0.19703341151893186,0.19752724090914164,0.19640168127688182,0.4392165533164664,0.6008001759341614,0.5202167875300119,0.0010044480497653347,0.4375
bxaic__PAINS__gin__seed2026,bxaic,PAINS,gin,2026,saliency,index_tiebreak_v1,0.05,1625,1644,0.8200000000000001,82,0.04875738741954508,0.0493424074764828,0.04586754604624981,0.8380970842735934,0.38695181458137623,0.37805731064730885,0.0,0.8365491651205936
bxaic__PAINS__gin__seed2026,bxaic,PAINS,gin,2026,saliency,index_tiebreak_v1,0.1,1625,1644,0.72,72,0.0963260695273079,0.09688183455219906,0.09334704261796338,0.7376837897989411,0.41485779022654096,0.39464385481601977,0.0,0.7368421052631579
bxaic__PAINS__gin__seed2026,bxaic,PAINS,gin,2026,saliency,index_tiebreak_v1,0.2,1625,1644,0.56,56,0.19846575002886027,0.1989586985220775,0.1894209002412779,0.5790848800081908,0.46375849021803633,0.4132597730639095,0.0,0.5769230769230769
bxaic__PAINS__gin__seed2026,bxaic,PAINS,gin,2026,saliency,include_all_exact_ties_v2,0.05,1625,1644,0.8200000000000001,82,0.04787388064292089,0.04845944406195985,0.04503137970213592,0.8436638657484266,0.3849211506877362,0.37629156222190224,0.005566781474832976,0.84
bxaic__PAINS__gin__seed2026,bxaic,PAINS,gin,2026,saliency,include_all_exact_ties_v2,0.1,1625,1644,0.71,71,0.09906586553876384,0.09961994557225802,0.09537518279319346,0.7345591112884049,0.4157432413683361,0.3951975621649009,0.005140658870942873,0.7307692307692307
bxaic__PAINS__gin__seed2026,bxaic,PAINS,gin,2026,saliency,include_all_exact_ties_v2,0.2,1625,1644,0.56,56,0.19655965645584603,0.19705377720833328,0.1865627173222278,0.5843369501009545,0.46186096130570836,0.4127743911620099,0.00525207009276448,0.5806451612903226
bxaic__PAINS__gin__seed42,bxaic,PAINS,gin,42,atom_occlusion,index_tiebreak_v1,0.05,1625,1644,0.76,76,0.04715148960747913,0.047737497301447614,0.045403589559371474,0.7771510750062881,0.4186840839726573,0.40943504929142516,0.0,0.7777777777777778
bxaic__PAINS__gin__seed42,bxaic,PAINS,gin,42,atom_occlusion,index_tiebreak_v1,0.1,1625,1644,0.56,56,0.09682674467709002,0.09738220178368487,0.09873711074517293,0.5790848800081908,0.522991889507502,0.4919348648631834,0.0,0.5769230769230769
bxaic__PAINS__gin__seed42,bxaic,PAINS,gin,42,atom_occlusion,index_tiebreak_v1,0.2,1625,1644,0.37,37,0.19536290695271405,0.1958577637135057,0.1990925568511033,0.387491476592661,0.675393494394972,0.5754991321459805,0.0,0.38461538461538464
bxaic__PAINS__gin__seed42,bxaic,PAINS,gin,42,atom_occlusion,include_all_exact_ties_v2,0.05,1625,1644,0.76,76,0.047000082040686945,0.04758618285124018,0.04527855576645448,0.7786152513049724,0.4179364334594495,0.4087574374172147,0.0014641762986847176,0.7777777777777778
bxaic__PAINS__gin__seed42,bxaic,PAINS,gin,42,atom_occlusion,include_all_exact_ties_v2,0.1,1625,1644,0.56,56,0.09663661258695791,0.09719218662595754,0.09823263307972716,0.581051719172828,0.5217022317110689,0.4910625484752,0.001966839164637741,0.5789473684210527
bxaic__PAINS__gin__seed42,bxaic,PAINS,gin,42,atom_occlusion,include_all_exact_ties_v2,0.2,1625,1644,0.37,37,0.19463763649667434,0.1951329393032569,0.198373886834988,0.38881114612458817,0.6742316925175664,0.5751114801460203,0.0013196695319270821,0.38636363636363635
bxaic__PAINS__gin__seed42,bxaic,PAINS,gin,42,saliency,index_tiebreak_v1,0.05,1625,1644,0.78,78,0.04892216820868881,0.04950708692442778,0.04579909356475151,0.7978589195873704,0.40564450304705224,0.39560017152952176,0.0,0.7948717948717948
bxaic__PAINS__gin__seed42,bxaic,PAINS,gin,42,saliency,index_tiebreak_v1,0.1,1625,1644,0.66,66,0.09798423713744028,0.09853898237905338,0.0981368425523997,0.6786990675017398,0.44739113155917004,0.42327783931047935,0.0,0.6785714285714286
bxaic__PAINS__gin__seed42,bxaic,PAINS,gin,42,saliency,index_tiebreak_v1,0.2,1625,1644,0.51,51,0.19204702521685138,0.1925439212653038,0.194334737370594,0.5281548142925443,0.5050088215867906,0.44612958608931674,0.0,0.5263157894736842
bxaic__PAINS__gin__seed42,bxaic,PAINS,gin,42,saliency,include_all_exact_ties_v2,0.05,1625,1644,0.78,78,0.04784205572857633,0.04842763872013332,0.044961751224816,0.8036483238627273,0.4032494876731143,0.393522587200387,0.00578940427535611,0.8
bxaic__PAINS__gin__seed42,bxaic,PAINS,gin,42,saliency,include_all_exact_ties_v2,0.1,1625,1644,0.66,66,0.0963202817531229,0.09687605033753079,0.0965569437043247,0.6837173620620087,0.44530848397785977,0.4218253363567331,0.005018294560267218,0.68
bxaic__PAINS__gin__seed42,bxaic,PAINS,gin,42,saliency,include_all_exact_ties_v2,0.2,1625,1644,0.51,51,0.1900834111034635,0.190581514786672,0.19251672038646503,0.5323193011488069,0.5028882737275986,0.4450049557865886,0.004164486856262966,0.5294117647058824
bxaic__rings-count__gcn__seed123,bxaic,rings-count,gcn,123,atom_occlusion,index_tiebreak_v1,0.05,4935,4933,0.93,93,0.045099158723788293,0.04529261513409547,0.04552233216539583,0.9473877485874409,0.6475785791012396,0.6302922124653776,0.0,0.9459459459459459
bxaic__rings-count__gcn__seed123,bxaic,rings-count,gcn,123,atom_occlusion,index_tiebreak_v1,0.1,4935,4933,0.88,88,0.09628083427265718,0.09646392162389811,0.09510421439254099,0.8966978540681062,0.6502051168234663,0.6128367639091339,0.0,0.8958333333333334
bxaic__rings-count__gcn__seed123,bxaic,rings-count,gcn,123,atom_occlusion,index_tiebreak_v1,0.2,4935,4933,0.79,79,0.19365995490766208,0.19382331391193466,0.19428322762247632,0.8073361241949207,0.6469157601796062,0.5689187069974881,0.0,0.8064516129032258
bxaic__rings-count__gcn__seed123,bxaic,rings-count,gcn,123,atom_occlusion,include_all_exact_ties_v2,0.05,4935,4933,0.93,93,0.04369420943138402,0.043887950474854186,0.04401642069047468,0.9491097873801593,0.6473744265347516,0.6306624222760621,0.001722038792718065,0.9473684210526315
bxaic__rings-count__gcn__seed123,bxaic,rings-count,gcn,123,atom_occlusion,include_all_exact_ties_v2,0.1,4935,4933,0.88,88,0.09469020944139116,0.09487361904239519,0.09335208463120344,0.8984238095877713,0.6501398061364217,0.6134634944557256,0.001725955519665572,0.896551724137931
bxaic__rings-count__gcn__seed123,bxaic,rings-count,gcn,123,atom_occlusion,include_all_exact_ties_v2,0.2,4935,4933,0.79,79,0.19145444178785467,0.19161824761407212,0.19228074495697178,0.8090242136580572,0.6470936449554286,0.5699136072061234,0.001688089463136901,0.8064516129032258
bxaic__rings-count__gcn__seed123,bxaic,rings-count,gcn,123,saliency,index_tiebreak_v1,0.05,4935,4933,0.93,93,0.04352081763915734,0.04371459381062423,0.04337405227403115,0.9473877485874409,0.6476347461404329,0.6293904294708368,0.0,0.9459459459459459
bxaic__rings-count__gcn__seed123,bxaic,rings-count,gcn,123,saliency,index_tiebreak_v1,0.1,4935,4933,0.88,88,0.09306175300268146,0.09324549251787476,0.09276062540390449,0.8966978540681062,0.6488718550091633,0.608305949602302,0.0,0.8958333333333334
bxaic__rings-count__gcn__seed123,bxaic,rings-count,gcn,123,saliency,index_tiebreak_v1,0.2,4935,4933,0.79,79,0.1898851041998893,0.19004922796321796,0.18933938231550843,0.8073361241949207,0.6449777483671237,0.5612177748618646,0.0,0.8064516129032258
bxaic__rings-count__gcn__seed123,bxaic,rings-count,gcn,123,saliency,include_all_exact_ties_v2,0.05,4935,4933,0.93,93,0.03973823023016384,0.03993277272809128,0.03940465830149322,0.9514076170745039,0.6475890180693825,0.6310238541267528,0.004019868487061534,0.9487179487179487
bxaic__rings-count__gcn__seed123,bxaic,rings-count,gcn,123,saliency,include_all_exact_ties_v2,0.1,4935,4933,0.87,87,0.09757912181250461,0.09776194613952723,0.09789498566385936,0.8920678181222955,0.6487616705786892,0.6059755662215488,0.004310984770705445,0.8888888888888888
bxaic__rings-count__gcn__seed123,bxaic,rings-count,gcn,123,saliency,include_all_exact_ties_v2,0.2,4935,4933,0.78,78,0.1962841402252502,0.19644696758743924,0.19540809794527333,0.8021228101692911,0.6446208967375936,0.5581024176934586,0.004964899714445865,0.8
bxaic__rings-count__gcn__seed2026,bxaic,rings-count,gcn,2026,atom_occlusion,index_tiebreak_v1,0.05,4935,4933,0.9400000000000001,94,0.04226014605831864,0.042454177633266185,0.04325890223283599,0.9571779041803794,0.6432255235945321,0.627573520283498,0.0,0.9565217391304348
bxaic__rings-count__gcn__seed2026,bxaic,rings-count,gcn,2026,atom_occlusion,index_tiebreak_v1,0.1,4935,4933,0.89,89,0.09290752934543953,0.09309130010529598,0.09478778124365811,0.9084471118579233,0.6438872881945176,0.6089854470829025,0.0,0.90625
bxaic__rings-count__gcn__seed2026,bxaic,rings-count,gcn,2026,atom_occlusion,index_tiebreak_v1,0.2,4935,4933,0.81,81,0.18323569778847756,0.18340116867628306,0.18684662066067795,0.8282350484191191,0.6385034150977482,0.568073229373765,0.0,0.8260869565217391
bxaic__rings-count__gcn__seed2026,bxaic,rings-count,gcn,2026,atom_occlusion,include_all_exact_ties_v2,0.05,4935,4933,0.9400000000000001,94,0.041471649526852235,0.0416658408458297,0.042192782324830494,0.9587643468026017,0.6427487451349287,0.6275036412447033,0.0015864426222223895,0.9583333333333334
bxaic__rings-count__gcn__seed2026,bxaic,rings-count,gcn,2026,atom_occlusion,include_all_exact_ties_v2,0.1,4935,4933,0.89,89,0.09145119601754959,0.09163526182062473,0.09313582387461929,0.9100514575813983,0.6438303353462446,0.6095756431027196,0.0016043457234767623,0.9090909090909091
bxaic__rings-count__gcn__seed2026,bxaic,rings-count,gcn,2026,atom_occlusion,include_all_exact_ties_v2,0.2,4935,4933,0.8,80,0.19803979631030627,0.19820226798852514,0.20151523613406574,0.8159776851047116,0.6370157740685118,0.560604212181533,0.002182600207709577,0.8125
bxaic__rings-count__gcn__seed2026,bxaic,rings-count,gcn,2026,saliency,index_tiebreak_v1,0.05,4935,4933,0.85,85,0.04695913497436683,0.04715221456614675,0.04801610728012921,0.8662810335360724,0.701677812442008,0.6753718770177067,0.0,0.8648648648648649
bxaic__rings-count__gcn__seed2026,bxaic,rings-count,gcn,2026,saliency,index_tiebreak_v1,0.1,4935,4933,0.78,78,0.09361305896948331,0.09379668679384075,0.09391372970016269,0.797157910454846,0.7238202563559274,0.6698657680572685,0.0,0.7948717948717948
bxaic__rings-count__gcn__seed2026,bxaic,rings-count,gcn,2026,saliency,index_tiebreak_v1,0.2,4935,4933,0.66,66,0.19555848300820824,0.1957214573836098,0.19687052409422257,0.6779201401145637,0.7511696552387148,0.6303392917537155,0.0,0.6774193548387096
bxaic__rings-count__gcn__seed2026,bxaic,rings-count,gcn,2026,saliency,include_all_exact_ties_v2,0.05,4935,4933,0.85,85,0.04549451966860318,0.04568789598147423,0.04663254862951784,0.8728503054493877,0.6984938228510175,0.6730963685070633,0.0065692719133128834,0.8666666666666667
bxaic__rings-count__gcn__seed2026,bxaic,rings-count,gcn,2026,saliency,include_all_exact_ties_v2,0.1,4935,4933,0.77,77,0.09824412295993198,0.09842681256224904,0.09906280130547447,0.7927876700762516,0.7242841725374853,0.6671347868812938,0.004757704581281724,0.7884615384615384
bxaic__rings-count__gcn__seed2026,bxaic,rings-count,gcn,2026,saliency,include_all_exact_ties_v2,0.2,4935,4933,0.66,66,0.1931222554401551,0.1932857233786781,0.19422515189297812,0.6819972610485908,0.7498344088110603,0.630977924592543,0.004077120934026859,0.6785714285714286
bxaic__rings-count__gcn__seed42,bxaic,rings-count,gcn,42,atom_occlusion,index_tiebreak_v1,0.05,4935,4933,0.9400000000000001,94,0.041029598803074295,0.04122387967851935,0.04230800726220564,0.9571779041803794,0.64349519558217,0.6279436634078734,0.0,0.9565217391304348
bxaic__rings-count__gcn__seed42,bxaic,rings-count,gcn,42,atom_occlusion,index_tiebreak_v1,0.1,4935,4933,0.89,89,0.09123807604850162,0.09142218502823188,0.09264885879033885,0.9084471118579233,0.6448959524964702,0.6104671714681509,0.0,0.90625
bxaic__rings-count__gcn__seed42,bxaic,rings-count,gcn,42,atom_occlusion,index_tiebreak_v1,0.2,4935,4933,0.8,80,0.19481968627218782,0.1949828103227807,0.19730174081248417,0.8137950848970038,0.6403940192654496,0.5638082079518689,0.0,0.8125
bxaic__rings-count__gcn__seed42,bxaic,rings-count,gcn,42,atom_occlusion,include_all_exact_ties_v2,0.05,4935,4933,0.93,93,0.049134268676218514,0.04932690760071697,0.0504333928615909,0.9495034336961814,0.6437518556560499,0.6254864030103315,0.0021156851087391895,0.9473684210526315
bxaic__rings-count__gcn__seed42,bxaic,rings-count,gcn,42,atom_occlusion,include_all_exact_ties_v2,0.1,4935,4933,0.89,89,0.08970457215213723,0.089888991809318,0.0906604774462382,0.9103039292049112,0.6448491627119949,0.6111418721795584,0.0018568173469890885,0.9090909090909091
bxaic__rings-count__gcn__seed42,bxaic,rings-count,gcn,42,atom_occlusion,include_all_exact_ties_v2,0.2,4935,4933,0.79,79,0.19929658199726674,0.19945879905926076,0.20236438302590007,0.8090956498667884,0.640155209727897,0.5615844238658377,0.001759525671866995,0.8064516129032258
bxaic__rings-count__gcn__seed42,bxaic,rings-count,gcn,42,saliency,index_tiebreak_v1,0.05,4935,4933,0.93,93,0.04941314033157663,0.04960572275857606,0.04917735357371372,0.9473877485874409,0.6455321990349487,0.6267042403194982,0.0,0.9459459459459459
bxaic__rings-count__gcn__seed42,bxaic,rings-count,gcn,42,saliency,index_tiebreak_v1,0.1,4935,4933,0.89,89,0.09414786784732414,0.0943313873230433,0.09360422989406722,0.9084471118579233,0.6430951001210005,0.6061258378359262,0.0,0.90625
bxaic__rings-count__gcn__seed42,bxaic,rings-count,gcn,42,saliency,index_tiebreak_v1,0.2,4935,4933,0.81,81,0.19251595182936895,0.19267954260087697,0.19191998409444472,0.8282350484191191,0.6316280134122895,0.5543087158244971,0.0,0.8260869565217391
bxaic__rings-count__gcn__seed42,bxaic,rings-count,gcn,42,saliency,include_all_exact_ties_v2,0.05,4935,4933,0.93,93,0.04173774282699868,0.041931880237285064,0.04155625762934124,0.9569012374864819,0.6440961397295298,0.628312705526305,0.009513488899041049,0.9523809523809523
bxaic__rings-count__gcn__seed42,bxaic,rings-count,gcn,42,saliency,include_all_exact_ties_v2,0.1,4935,4933,0.88,88,0.09953351251631637,0.0997159408970864,0.0991901703573772,0.9052892821860408,0.6418053660601077,0.6024256072959819,0.008591428117933998,0.9
bxaic__rings-count__gcn__seed42,bxaic,rings-count,gcn,42,saliency,include_all_exact_ties_v2,0.2,4935,4933,0.81,81,0.184696949380462,0.18486212422864107,0.18414941472352306,0.8352312047338156,0.6324320083692697,0.5583847969572749,0.006996156314697415,0.8292682926829268
bxaic__rings-count__gin__seed123,bxaic,rings-count,gin,123,atom_occlusion,index_tiebreak_v1,0.05,4935,4933,0.9400000000000001,94,0.04483306540099486,0.04502657571999784,0.044923609201886074,0.9571779041803794,0.6418971163149355,0.6256686732501824,0.0,0.9565217391304348
bxaic__rings-count__gin__seed123,bxaic,rings-count,gin,123,atom_occlusion,index_tiebreak_v1,0.1,4935,4933,0.89,89,0.0985922800511564,0.09877489911921701,0.09834229797746585,0.9084471118579233,0.641250151085719,0.6058326088830243,0.0,0.90625
bxaic__rings-count__gin__seed123,bxaic,rings-count,gin,123,atom_occlusion,index_tiebreak_v1,0.2,4935,4933,0.81,81,0.18652813701128632,0.18669294087331714,0.18723675480553348,0.8282350484191191,0.6369043204413463,0.5675385415956624,0.0,0.8260869565217391
bxaic__rings-count__gin__seed123,bxaic,rings-count,gin,123,atom_occlusion,include_all_exact_ties_v2,0.05,4935,4933,0.9400000000000001,94,0.04434071708125673,0.04453432714667783,0.04440677086777495,0.9581858622715259,0.6414774217863283,0.6254462145822143,0.0010079580911460104,0.9583333333333334
bxaic__rings-count__gin__seed123,bxaic,rings-count,gin,123,atom_occlusion,include_all_exact_ties_v2,0.1,4935,4933,0.89,89,0.09775464240964851,0.09793743117739337,0.0973158622648406,0.9093605267635784,0.6412118396111312,0.6061612417412064,0.0009134149056556827,0.9069767441860465
bxaic__rings-count__gin__seed123,bxaic,rings-count,gin,123,atom_occlusion,include_all_exact_ties_v2,0.2,4935,4933,0.81,81,0.18498055793922008,0.18514567533023615,0.18519357104599898,0.8295819056327303,0.637344020124789,0.5687092768354545,0.0013468572136117777,0.8275862068965517
bxaic__rings-count__gin__seed123,bxaic,rings-count,gin,123,saliency,index_tiebreak_v1,0.05,4935,4933,0.86,86,0.04520978342990487,0.0454032174283998,0.04537852474920988,0.8772717462941669,0.6961371445206013,0.6734271469256711,0.0,0.875
bxaic__rings-count__gin__seed123,bxaic,rings-count,gin,123,saliency,index_tiebreak_v1,0.1,4935,4933,0.78,78,0.09570694036085431,0.09589014397909551,0.0966297224757432,0.797157910454846,0.7229112328121364,0.6700299222644066,0.0,0.7948717948717948
bxaic__rings-count__gin__seed123,bxaic,rings-count,gin,123,saliency,index_tiebreak_v1,0.2,4935,4933,0.67,67,0.1875623795226401,0.18772697385417852,0.18889558357784628,0.6901920253936527,0.7476658280732682,0.6360535590183017,0.0,0.6875
bxaic__rings-count__gin__seed123,bxaic,rings-count,gin,123,saliency,include_all_exact_ties_v2,0.05,4935,4933,0.85,85,0.0473274908257016,0.04752049579109363,0.04786010666395307,0.8743475485638071,0.6973764655122221,0.673187908536131,0.00806651502772931,0.8695652173913043
bxaic__rings-count__gin__seed123,bxaic,rings-count,gin,123,saliency,include_all_exact_ties_v2,0.1,4935,4933,0.77,77,0.09821439880687863,0.09839709443110722,0.09888003866650677,0.7949011453215253,0.7239415911242704,0.6696172349738184,0.006871179826555369,0.7894736842105263
bxaic__rings-count__gin__seed123,bxaic,rings-count,gin,123,saliency,include_all_exact_ties_v2,0.2,4935,4933,0.66,66,0.19462998676208756,0.19479314924450922,0.19614754503766746,0.6830623074467967,0.7493801959561732,0.6327977301510199,0.00514216733223267,0.6785714285714286
bxaic__rings-count__gin__seed2026,bxaic,rings-count,gin,2026,atom_occlusion,index_tiebreak_v1,0.05,4935,4933,0.9400000000000001,94,0.04681106256679305,0.047004172157034764,0.04648589656434293,0.9571779041803794,0.6413876365817872,0.625018049814428,0.0,0.9565217391304348
bxaic__rings-count__gin__seed2026,bxaic,rings-count,gin,2026,atom_occlusion,index_tiebreak_v1,0.1,4935,4933,0.9,90,0.09392606936607788,0.0941096337766596,0.09423526416947829,0.9152059964128934,0.6403486386298105,0.6073742703507441,0.0,0.9130434782608695
bxaic__rings-count__gin__seed2026,bxaic,rings-count,gin,2026,atom_occlusion,index_tiebreak_v1,0.2,4935,4933,0.81,81,0.19071546938019482,0.19087942491719176,0.191284090659572,0.8282350484191191,0.6355067312272551,0.5662693795123481,0.0,0.8260869565217391
bxaic__rings-count__gin__seed2026,bxaic,rings-count,gin,2026,atom_occlusion,include_all_exact_ties_v2,0.05,4935,4933,0.9400000000000001,94,0.046324524106109946,0.04651773226573185,0.045942973233128195,0.9582702047287683,0.6409325662935879,0.6247691891827197,0.0010923005483884935,0.9583333333333334
bxaic__rings-count__gin__seed2026,bxaic,rings-count,gin,2026,atom_occlusion,include_all_exact_ties_v2,0.1,4935,4933,0.9,90,0.09322028832465772,0.0934039957216741,0.09333039576929526,0.9161493805082999,0.6402261131101895,0.6075866369913092,0.000943384095406751,0.9142857142857143
bxaic__rings-count__gin__seed2026,bxaic,rings-count,gin,2026,atom_occlusion,include_all_exact_ties_v2,0.2,4935,4933,0.81,81,0.18873080848261514,0.18889516609840004,0.18909503932321473,0.8297309896492756,0.6359169430756447,0.5674262313632146,0.0014959412301570351,0.8275862068965517
bxaic__rings-count__gin__seed2026,bxaic,rings-count,gin,2026,saliency,index_tiebreak_v1,0.05,4935,4933,0.81,81,0.0445160815097812,0.04470965604756282,0.04314575242242291,0.8282350484191191,0.73596132601841,0.7084946384053479,0.0,0.8260869565217391
bxaic__rings-count__gin__seed2026,bxaic,rings-count,gin,2026,saliency,index_tiebreak_v1,0.1,4935,4933,0.74,74,0.09233725517164414,0.09252114146516639,0.09150020516794957,0.7572472903866901,0.7604072848988078,0.6997501084634816,0.0,0.7560975609756098
bxaic__rings-count__gin__seed2026,bxaic,rings-count,gin,2026,saliency,index_tiebreak_v1,0.2,4935,4933,0.63,63,0.1930493429788444,0.19321282568893652,0.1908935080569678,0.6482546863347516,0.7852319906436471,0.6536408979588284,0.0,0.6470588235294118
bxaic__rings-count__gin__seed2026,bxaic,rings-count,gin,2026,saliency,include_all_exact_ties_v2,0.05,4935,4933,0.8,80,0.048631914834885104,0.048824655532852174,0.047630870727692676,0.8208089561398215,0.7397388136141956,0.7090415140658883,0.007013871242820528,0.8148148148148148
bxaic__rings-count__gin__seed2026,bxaic,rings-count,gin,2026,saliency,include_all_exact_ties_v2,0.1,4935,4933,0.73,73,0.09540906548477794,0.09559232945044087,0.09417264048503096,0.7535000516226423,0.7623833794550109,0.699809889426342,0.006213402306455928,0.75
bxaic__rings-count__gin__seed2026,bxaic,rings-count,gin,2026,saliency,include_all_exact_ties_v2,0.2,4935,4933,0.62,62,0.19789570055974345,0.1980582014307795,0.19591666888057108,0.6426711426088525,0.7874096446745562,0.6516597061542949,0.005138859917499547,0.6388888888888888
bxaic__rings-count__gin__seed42,bxaic,rings-count,gin,42,atom_occlusion,index_tiebreak_v1,0.05,4935,4933,0.9400000000000001,94,0.04502329113157762,0.04521676291214248,0.04532801113831389,0.9571779041803794,0.6418955181424577,0.6257283697953964,0.0,0.9565217391304348
bxaic__rings-count__gin__seed42,bxaic,rings-count,gin,42,atom_occlusion,index_tiebreak_v1,0.1,4935,4933,0.89,89,0.09887860117489881,0.09906116223624875,0.09949255040070307,0.9084471118579233,0.6413402247419868,0.6061524343691148,0.0,0.90625
bxaic__rings-count__gin__seed42,bxaic,rings-count,gin,42,atom_occlusion,index_tiebreak_v1,0.2,4935,4933,0.8,80,0.19787724360230202,0.19803974821259318,0.19849570916128462,0.8137950848970038,0.6392101195880736,0.5643979776509327,0.0,0.8125
bxaic__rings-count__gin__seed42,bxaic,rings-count,gin,42,atom_occlusion,include_all_exact_ties_v2,0.05,4935,4933,0.9400000000000001,94,0.04451749978988513,0.044711074040332845,0.04461513077062053,0.958538358604943,0.641346522010231,0.6254566812751182,0.0013604544245632247,0.9583333333333334
bxaic__rings-count__gin__seed42,bxaic,rings-count,gin,42,atom_occlusion,include_all_exact_ties_v2,0.1,4935,4933,0.89,89,0.09802964793367958,0.09821238098717719,0.09857010063041015,0.9094564950557417,0.6411589622463545,0.6063141015699355,0.0010093831978186683,0.9074074074074074
bxaic__rings-count__gin__seed42,bxaic,rings-count,gin,42,atom_occlusion,include_all_exact_ties_v2,0.2,4935,4933,0.8,80,0.1960956967409329,0.19625856228049068,0.19661551950707193,0.8151417642388226,0.6395991641966483,0.5655581151769209,0.001346679341819662,0.8125
bxaic__rings-count__gin__seed42,bxaic,rings-count,gin,42,saliency,index_tiebreak_v1,0.05,4935,4933,0.89,89,0.04299830852145326,0.043192190549710796,0.04273639414835804,0.9084471118579233,0.6745344419775035,0.6545740069222968,0.0,0.90625
bxaic__rings-count__gin__seed42,bxaic,rings-count,gin,42,saliency,index_tiebreak_v1,0.1,4935,4933,0.81,81,0.09212312468857485,0.09230705436347533,0.0930449892736111,0.8282350484191191,0.6992800732741586,0.652146741591251,0.0,0.8260869565217391
bxaic__rings-count__gin__seed42,bxaic,rings-count,gin,42,saliency,index_tiebreak_v1,0.2,4935,4933,0.68,68,0.1966111490048952,0.19677391011733233,0.19945981302190388,0.696708399448192,0.7307037775287859,0.6176912838879476,0.0,0.6956521739130435
bxaic__rings-count__gin__seed42,bxaic,rings-count,gin,42,saliency,include_all_exact_ties_v2,0.05,4935,4933,0.88,88,0.04536325260152623,0.04555665550821156,0.04450312106515109,0.9056912812876466,0.6759420561339714,0.6549220587590628,0.008993427219541637,0.9
bxaic__rings-count__gin__seed42,bxaic,rings-count,gin,42,saliency,include_all_exact_ties_v2,0.1,4935,4933,0.8,80,0.09702424942798932,0.09720718616838028,0.09812374916012825,0.8213967255509629,0.701704477533668,0.6515256242947534,0.007601640653963596,0.8157894736842105
bxaic__rings-count__gin__seed42,bxaic,rings-count,gin,42,saliency,include_all_exact_ties_v2,0.2,4935,4933,0.67,67,0.19693032479798772,0.19709302124758174,0.19946905152385114,0.6963086518968297,0.7318953118970114,0.6183078289857451,0.0061166265031784035,0.6923076923076923
bxaic__rings-max__gcn__seed123,bxaic,rings-max,gcn,123,atom_occlusion,index_tiebreak_v1,0.05,297,277,0.87,87,0.04401602276422331,0.04722402268783328,0.03759131290113397,0.8831394062523956,0.2916585266976696,0.28763863443299004,0.0,0.88
bxaic__rings-max__gcn__seed123,bxaic,rings-max,gcn,123,atom_occlusion,index_tiebreak_v1,0.1,297,277,0.77,77,0.09279617276053274,0.09584048090563156,0.07670093281679712,0.7824028583906255,0.31538174416154885,0.30706092063503004,0.0,0.7802197802197802
bxaic__rings-max__gcn__seed123,bxaic,rings-max,gcn,123,atom_occlusion,index_tiebreak_v1,0.2,297,277,0.63,63,0.1914032212655337,0.1941166332747099,0.16753400968279242,0.6425050116896911,0.3461385930799328,0.3260400154037362,0.0,0.64
bxaic__rings-max__gcn__seed123,bxaic,rings-max,gcn,123,atom_occlusion,include_all_exact_ties_v2,0.05,297,277,0.87,87,0.04331055539208927,0.04652092265587419,0.03750535794153279,0.8860916449995069,0.29076615610651835,0.286766526961744,0.0029522387471110083,0.8809523809523809
bxaic__rings-max__gcn__seed123,bxaic,rings-max,gcn,123,atom_occlusion,include_all_exact_ties_v2,0.1,297,277,0.77,77,0.09107258770361436,0.09412267969118607,0.07402728117867656,0.7854938058025793,0.31494981453725857,0.30685371302813663,0.0030909474119541836,0.78125
bxaic__rings-max__gcn__seed123,bxaic,rings-max,gcn,123,atom_occlusion,include_all_exact_ties_v2,0.2,297,277,0.63,63,0.19041421676775727,0.193130947583973,0.16610142702277295,0.6443890647925691,0.3458301814577272,0.3259196670734421,0.0018840531028780302,0.6419753086419753
bxaic__rings-max__gcn__seed123,bxaic,rings-max,gcn,123,saliency,index_tiebreak_v1,0.05,297,277,0.92,92,0.04248541033116258,0.045698546538104956,0.044208897873396935,0.933100423119931,0.27603446480064897,0.2728408861555343,0.0,0.9310344827586207
bxaic__rings-max__gcn__seed123,bxaic,rings-max,gcn,123,saliency,index_tiebreak_v1,0.1,297,277,0.85,85,0.09026771593045214,0.09332050883001435,0.10220896569957583,0.8615419215079451,0.28045755929513405,0.2726413752230454,0.0,0.859375
bxaic__rings-max__gcn__seed123,bxaic,rings-max,gcn,123,saliency,index_tiebreak_v1,0.2,297,277,0.73,73,0.1934835321374927,0.19618996323770257,0.19793779902578532,0.7431959531128983,0.28888017774530766,0.2725414611738457,0.0,0.74
bxaic__rings-max__gcn__seed123,bxaic,rings-max,gcn,123,saliency,include_all_exact_ties_v2,0.05,297,277,0.91,91,0.04656545263182883,0.049764897421654866,0.047664498600223766,0.9290657008804292,0.2764122433266983,0.273047975048059,0.005580931073386091,0.9230769230769231
bxaic__rings-max__gcn__seed123,bxaic,rings-max,gcn,123,saliency,include_all_exact_ties_v2,0.1,297,277,0.85,85,0.08840383906657527,0.09146288658648606,0.10048986650755244,0.8663559538024286,0.2795263564556421,0.27189019598804276,0.004814032294483544,0.8620689655172413
bxaic__rings-max__gcn__seed123,bxaic,rings-max,gcn,123,saliency,include_all_exact_ties_v2,0.2,297,277,0.73,73,0.19128623448564958,0.19400003906791263,0.19425300449926552,0.7491320909908359,0.28787081812622717,0.27196602277601906,0.005936137877937384,0.7428571428571429
bxaic__rings-max__gcn__seed2026,bxaic,rings-max,gcn,2026,atom_occlusion,index_tiebreak_v1,0.05,297,277,0.88,88,0.042733125061454644,0.04594543001091284,0.03993622143903311,0.8925835780059945,0.28896758812327755,0.2852689868940309,0.0,0.8888888888888888
bxaic__rings-max__gcn__seed2026,bxaic,rings-max,gcn,2026,atom_occlusion,index_tiebreak_v1,0.1,297,277,0.81,81,0.09125954485559343,0.09430900947017189,0.07134137813293355,0.8221096957600584,0.30308191923442945,0.296261339514966,0.0,0.8181818181818182
bxaic__rings-max__gcn__seed2026,bxaic,rings-max,gcn,2026,atom_occlusion,index_tiebreak_v1,0.2,297,277,0.66,66,0.1942846964203617,0.1969884390498237,0.1559487869858945,0.6732538741590821,0.3345983710433101,0.3168299049161683,0.0,0.6666666666666666
bxaic__rings-max__gcn__seed2026,bxaic,rings-max,gcn,2026,atom_occlusion,include_all_exact_ties_v2,0.05,297,277,0.88,88,0.041330206991869914,0.0445472197200851,0.03915403130666247,0.8938283736635998,0.28880049685848047,0.2851898893343333,0.0012447956576052683,0.8904109589041096
bxaic__rings-max__gcn__seed2026,bxaic,rings-max,gcn,2026,atom_occlusion,include_all_exact_ties_v2,0.1,297,277,0.81,81,0.0907304443264929,0.09378168444620257,0.07082564837532654,0.8240280212265816,0.3024743565266939,0.2957110718880032,0.0019183254665230721,0.8205128205128205
bxaic__rings-max__gcn__seed2026,bxaic,rings-max,gcn,2026,atom_occlusion,include_all_exact_ties_v2,0.2,297,277,0.66,66,0.1929619450976104,0.19567012648990043,0.15407210370126892,0.6752680241413777,0.3341842786944541,0.3168271700598548,0.0020141499822955156,0.6704545454545454
bxaic__rings-max__gcn__seed2026,bxaic,rings-max,gcn,2026,saliency,index_tiebreak_v1,0.05,297,277,0.9400000000000001,94,0.045850074132329256,0.0490519195211469,0.05288224724909985,0.9522828292781327,0.26813873932005833,0.26419937809324195,0.0,0.95
bxaic__rings-max__gcn__seed2026,bxaic,rings-max,gcn,2026,saliency,index_tiebreak_v1,0.1,297,277,0.9,90,0.09011255705475664,0.09316587062168691,0.0943053792758557,0.9101407650316405,0.26846319545034,0.26166949818321067,0.0,0.9078947368421053
bxaic__rings-max__gcn__seed2026,bxaic,rings-max,gcn,2026,saliency,index_tiebreak_v1,0.2,297,277,0.8,80,0.1949762006801333,0.19767762282550208,0.21510785677957156,0.8103803802045467,0.262442110182767,0.24713774707598005,0.0,0.8073394495412844
bxaic__rings-max__gcn__seed2026,bxaic,rings-max,gcn,2026,saliency,include_all_exact_ties_v2,0.05,297,277,0.9400000000000001,94,0.044294839243761035,0.04750190354160072,0.05109438408939555,0.9547558263988927,0.2679629415233781,0.2641767189125302,0.002472997120759867,0.9508196721311475
bxaic__rings-max__gcn__seed2026,bxaic,rings-max,gcn,2026,saliency,include_all_exact_ties_v2,0.1,297,277,0.89,89,0.09611878252489854,0.09915194097280147,0.09628354520081485,0.9060575744391639,0.26919021108094887,0.26233009564854604,0.0033890213887375164,0.9032258064516129
bxaic__rings-max__gcn__seed2026,bxaic,rings-max,gcn,2026,saliency,include_all_exact_ties_v2,0.2,297,277,0.8,80,0.1925711982751309,0.19528069089836883,0.21229947382678427,0.8144215810717226,0.2620919238888207,0.2470996192034079,0.004041200867175854,0.8108108108108109
bxaic__rings-max__gcn__seed42,bxaic,rings-max,gcn,42,atom_occlusion,index_tiebreak_v1,0.05,297,277,0.86,86,0.04558660718672898,0.04878933669281376,0.03466529269931207,0.8718650583306669,0.29694646239535777,0.2933072663744553,0.0,0.8691588785046729
bxaic__rings-max__gcn__seed42,bxaic,rings-max,gcn,42,atom_occlusion,index_tiebreak_v1,0.1,297,277,0.77,77,0.09504612413241603,0.09808288210512596,0.07992616778120916,0.7824028583906255,0.31447292262081866,0.3057347253486653,0.0,0.7802197802197802
bxaic__rings-max__gcn__seed42,bxaic,rings-max,gcn,42,atom_occlusion,index_tiebreak_v1,0.2,297,277,0.61,61,0.19516156914758617,0.19786236925111778,0.16406461769393235,0.6232921475008869,0.3570116333060037,0.3365785926462178,0.0,0.6197183098591549
bxaic__rings-max__gcn__seed42,bxaic,rings-max,gcn,42,atom_occlusion,include_all_exact_ties_v2,0.05,297,277,0.86,86,0.04522585682597862,0.04842979690374377,0.0345011968673462,0.8734869773033308,0.29642549239379734,0.29284888229289824,0.0016219189726640138,0.8695652173913043
bxaic__rings-max__gcn__seed42,bxaic,rings-max,gcn,42,atom_occlusion,include_all_exact_ties_v2,0.1,297,277,0.77,77,0.09338827580790104,0.0964305970300221,0.07832167520198732,0.7848002227456135,0.3139806915664003,0.3054738779433584,0.0023973643549879504,0.78125
bxaic__rings-max__gcn__seed42,bxaic,rings-max,gcn,42,atom_occlusion,include_all_exact_ties_v2,0.2,297,277,0.61,61,0.19425969324571027,0.1969635197784428,0.16202130242622037,0.6256178463753078,0.35674883481855674,0.3365773509817563,0.002325698874420894,0.6212121212121212
bxaic__rings-max__gcn__seed42,bxaic,rings-max,gcn,42,saliency,index_tiebreak_v1,0.05,297,277,0.9500000000000001,95,0.04518506804454683,0.04838914499741742,0.05261293711124998,0.9611511715338104,0.26720808389224004,0.2641127188508828,0.0,0.9583333333333334
bxaic__rings-max__gcn__seed42,bxaic,rings-max,gcn,42,saliency,index_tiebreak_v1,0.1,297,277,0.91,91,0.09498610234244334,0.0980230617305558,0.10284630376712489,0.9234847698070427,0.26488790593580175,0.25890886436456023,0.0,0.92
bxaic__rings-max__gcn__seed42,bxaic,rings-max,gcn,42,saliency,index_tiebreak_v1,0.2,297,277,0.8200000000000001,82,0.19139894698206,0.19411237333446937,0.1981820218782507,0.832134641666069,0.26382122842039457,0.251255278072693,0.0,0.828125
bxaic__rings-max__gcn__seed42,bxaic,rings-max,gcn,42,saliency,include_all_exact_ties_v2,0.05,297,277,0.9500000000000001,95,0.040576534927241774,0.04379607675634496,0.04802889299651995,0.9650721646872968,0.2671836336184801,0.2643443257156291,0.003920993153486437,0.9615384615384616
bxaic__rings-max__gcn__seed42,bxaic,rings-max,gcn,42,saliency,include_all_exact_ties_v2,0.1,297,277,0.91,91,0.09147233216200648,0.09452108272522108,0.09968911198177424,0.927239365426323,0.26471830506979105,0.25897059019902724,0.0037545956192802546,0.9230769230769231
bxaic__rings-max__gcn__seed42,bxaic,rings-max,gcn,42,saliency,include_all_exact_ties_v2,0.2,297,277,0.81,81,0.19657750494652657,0.1992735535876457,0.20482857173613164,0.8257134601591324,0.26374833923130364,0.2505284461110853,0.003603764399073705,0.8214285714285714
bxaic__rings-max__gin__seed123,bxaic,rings-max,gin,123,atom_occlusion,index_tiebreak_v1,0.05,297,277,0.86,86,0.04440827194831354,0.04761495559949367,0.0460176091711163,0.8718650583306669,0.29443582261996815,0.29033681741055456,0.0,0.8691588785046729
bxaic__rings-max__gin__seed123,bxaic,rings-max,gin,123,atom_occlusion,index_tiebreak_v1,0.1,297,277,0.74,74,0.09378502495765331,0.09682601480678864,0.08983342550160306,0.7529948994520317,0.3254572059470787,0.31609968617761536,0.0,0.75
bxaic__rings-max__gin__seed123,bxaic,rings-max,gin,123,atom_occlusion,index_tiebreak_v1,0.2,297,277,0.56,56,0.19457519509391943,0.19727796289561778,0.19984190054099038,0.5725357786729879,0.374692686206298,0.3438247537593142,0.0,0.5692307692307692
bxaic__rings-max__gin__seed123,bxaic,rings-max,gin,123,atom_occlusion,include_all_exact_ties_v2,0.05,297,277,0.86,86,0.04398739652743811,0.04719549251224535,0.04550187941350929,0.8734451279709727,0.2939616275157947,0.2899293134595792,0.0015800696403058209,0.8695652173913043
bxaic__rings-max__gin__seed123,bxaic,rings-max,gin,123,atom_occlusion,include_all_exact_ties_v2,0.1,297,277,0.74,74,0.09330402447665281,0.09634662842136202,0.08983342550160306,0.7538410201506359,0.32501081680634303,0.3156744034932404,0.0008461206986042041,0.75
bxaic__rings-max__gin__seed123,bxaic,rings-max,gin,123,atom_occlusion,include_all_exact_ties_v2,0.2,297,277,0.56,56,0.193813610999002,0.19651893445202556,0.19984190054099038,0.5728935794037514,0.37448979167804236,0.34363409771321946,0.00035780073076353255,0.5692307692307692
bxaic__rings-max__gin__seed123,bxaic,rings-max,gin,123,saliency,index_tiebreak_v1,0.05,297,277,0.8200000000000001,82,0.045084805114459274,0.048289218520115425,0.04777175158827859,0.832134641666069,0.30734890163933604,0.30267606694320653,0.0,0.828125
bxaic__rings-max__gin__seed123,bxaic,rings-max,gin,123,saliency,index_tiebreak_v1,0.1,297,277,0.75,75,0.09264081590787132,0.09568564538469049,0.09760449027802508,0.7587833363641833,0.3196649749799715,0.30981376839116864,0.0,0.7567567567567568
bxaic__rings-max__gin__seed123,bxaic,rings-max,gin,123,saliency,index_tiebreak_v1,0.2,297,277,0.63,63,0.19645616725802909,0.19915262307259962,0.19191630278169372,0.6425050116896911,0.33786862790543604,0.3153020165586085,0.0,0.64
bxaic__rings-max__gin__seed123,bxaic,rings-max,gin,123,saliency,include_all_exact_ties_v2,0.05,297,277,0.8200000000000001,82,0.0425795942759151,0.045792414429351606,0.04613860735585637,0.838364976749565,0.30562485433124537,0.3011231506866419,0.006230335083496075,0.8333333333333334
bxaic__rings-max__gin__seed123,bxaic,rings-max,gin,123,saliency,include_all_exact_ties_v2,0.1,297,277,0.74,74,0.09556802591044831,0.09860303253490986,0.10080205922625488,0.7582097006718127,0.3185842419887316,0.3083598297684776,0.005214801219781333,0.75
bxaic__rings-max__gin__seed123,bxaic,rings-max,gin,123,saliency,include_all_exact_ties_v2,0.2,297,277,0.63,63,0.1928085802771088,0.19551727631644744,0.19036911350887267,0.6461230738603234,0.3366458657985586,0.3142715172910214,0.0036180621706323416,0.6428571428571429
bxaic__rings-max__gin__seed2026,bxaic,rings-max,gin,2026,atom_occlusion,index_tiebreak_v1,0.05,297,277,0.93,93,0.043477385943784294,0.046687193373503105,0.035425025763097376,0.9416332553306374,0.2757212078046149,0.2729470458460388,0.0,0.9393939393939394
bxaic__rings-max__gin__seed2026,bxaic,rings-max,gin,2026,atom_occlusion,index_tiebreak_v1,0.1,297,277,0.85,85,0.09473182123152056,0.0977696339119516,0.0839681602187992,0.8615419215079451,0.28567744898902003,0.27870150165787533,0.0,0.859375
bxaic__rings-max__gin__seed2026,bxaic,rings-max,gin,2026,atom_occlusion,index_tiebreak_v1,0.2,297,277,0.7000000000000001,70,0.19433488468725704,0.1970384588997161,0.16717944478688884,0.7136702784746064,0.31420814025376387,0.2977546335660852,0.0,0.7096774193548387
bxaic__rings-max__gin__seed2026,bxaic,rings-max,gin,2026,atom_occlusion,include_all_exact_ties_v2,0.05,297,277,0.93,93,0.043477385943784294,0.046687193373503105,0.035425025763097376,0.9420382530617707,0.27561149838032684,0.2728373364217508,0.0004049977311332689,0.9393939393939394
bxaic__rings-max__gin__seed2026,bxaic,rings-max,gin,2026,atom_occlusion,include_all_exact_ties_v2,0.1,297,277,0.85,85,0.09473182123152056,0.0977696339119516,0.0839681602187992,0.8619491284527694,0.285572441816735,0.27860223140484114,0.00040720694482442884,0.8596491228070176
bxaic__rings-max__gin__seed2026,bxaic,rings-max,gin,2026,atom_occlusion,include_all_exact_ties_v2,0.2,297,277,0.7000000000000001,70,0.19433488468725704,0.1970384588997161,0.16666371502928182,0.7146080807979996,0.3139699619077993,0.2975453979197587,0.0009378023233931072,0.7096774193548387
bxaic__rings-max__gin__seed2026,bxaic,rings-max,gin,2026,saliency,index_tiebreak_v1,0.05,297,277,0.8300000000000001,83,0.04277756203594995,0.04598971786804406,0.03835408971906364,0.8434071213985642,0.3071967802933495,0.30364540743590035,0.0,0.8409090909090909
bxaic__rings-max__gin__seed2026,bxaic,rings-max,gin,2026,saliency,index_tiebreak_v1,0.1,297,277,0.73,73,0.09569461162074452,0.0987291934609433,0.09672806302240763,0.7431959531128983,0.3268234432088546,0.31634226737057874,0.0,0.74
bxaic__rings-max__gin__seed2026,bxaic,rings-max,gin,2026,saliency,index_tiebreak_v1,0.2,297,277,0.61,61,0.1897982368941492,0.19251703475692072,0.19761421911487748,0.6232921475008869,0.3472218459291334,0.32287016220214737,0.0,0.6197183098591549
bxaic__rings-max__gin__seed2026,bxaic,rings-max,gin,2026,saliency,include_all_exact_ties_v2,0.05,297,277,0.8300000000000001,83,0.04168088093926886,0.04489671690927129,0.03633414816843617,0.8480392668649954,0.30622290254749884,0.30292256593416045,0.004632145466431294,0.8421052631578947
bxaic__rings-max__gin__seed2026,bxaic,rings-max,gin,2026,saliency,include_all_exact_ties_v2,0.1,297,277,0.73,73,0.09349002608282565,0.09653200586107115,0.09314660637235896,0.7474570421001168,0.3262644577369081,0.31613993698674286,0.004261088987218224,0.7419354838709677
bxaic__rings-max__gin__seed2026,bxaic,rings-max,gin,2026,saliency,include_all_exact_ties_v2,0.2,297,277,0.61,61,0.1873932344891468,0.19012010282978745,0.19635712783071035,0.6263412644263217,0.3460245377389234,0.3219005370857588,0.0030491169254344697,0.6206896551724138
bxaic__rings-max__gin__seed42,bxaic,rings-max,gin,42,atom_occlusion,index_tiebreak_v1,0.05,297,277,0.88,88,0.04518005209145768,0.048384145876385634,0.03223493712027177,0.8925835780059945,0.29127263309858265,0.28804513236491625,0.0,0.8888888888888888
bxaic__rings-max__gin__seed42,bxaic,rings-max,gin,42,atom_occlusion,index_tiebreak_v1,0.1,297,277,0.79,79,0.09263942067312629,0.09568425483194125,0.08093886247792098,0.8031415724851438,0.3059075755121927,0.29705918388556307,0.0,0.8
bxaic__rings-max__gin__seed42,bxaic,rings-max,gin,42,atom_occlusion,index_tiebreak_v1,0.2,297,277,0.65,65,0.19606648075340136,0.19876424424080605,0.18680688767102102,0.6619593598266713,0.32677752998876564,0.30384202372314806,0.0,0.6585365853658537
bxaic__rings-max__gin__seed42,bxaic,rings-max,gin,42,atom_occlusion,include_all_exact_ties_v2,0.05,297,277,0.88,88,0.04518005209145768,0.048384145876385634,0.03223493712027177,0.8927906513177609,0.29120960883559405,0.28798210810192765,0.00020707331176645255,0.8888888888888888
bxaic__rings-max__gin__seed42,bxaic,rings-max,gin,42,atom_occlusion,include_all_exact_ties_v2,0.1,297,277,0.79,79,0.09255925392629288,0.09560435710103682,0.08093886247792098,0.8037592320763443,0.30563753352949874,0.29681705316231366,0.0006176595912001389,0.8
bxaic__rings-max__gin__seed42,bxaic,rings-max,gin,42,atom_occlusion,include_all_exact_ties_v2,0.2,297,277,0.65,65,0.19554539689898418,0.1982449089899272,0.18577542815580703,0.6629265710852684,0.3265979480749564,0.3037912091303638,0.0009672112585971624,0.6590909090909091
bxaic__rings-max__gin__seed42,bxaic,rings-max,gin,42,saliency,index_tiebreak_v1,0.05,297,277,0.85,85,0.041271919346933986,0.044489127671273124,0.04425191544117062,0.8615419215079451,0.2985055516786801,0.294522522968242,0.0,0.859375
bxaic__rings-max__gin__seed42,bxaic,rings-max,gin,42,saliency,index_tiebreak_v1,0.1,297,277,0.76,76,0.09090417052850588,0.09395482767438335,0.09798599377625535,0.7722412088975923,0.3139736540374317,0.3039086772486506,0.0,0.7692307692307693
bxaic__rings-max__gin__seed42,bxaic,rings-max,gin,42,saliency,index_tiebreak_v1,0.2,297,277,0.62,62,0.1957671634843555,0.1984659313921262,0.19898771188808592,0.6327239763446235,0.33956144932327564,0.3153914816497795,0.0,0.6296296296296297
bxaic__rings-max__gin__seed42,bxaic,rings-max,gin,42,saliency,include_all_exact_ties_v2,0.05,297,277,0.84,84,0.04622930802755643,0.04942988081941027,0.04835563827633301,0.8571198646824784,0.2987214587846339,0.29445798467739903,0.005127734577245681,0.8507462686567164
bxaic__rings-max__gin__seed42,bxaic,rings-max,gin,42,saliency,include_all_exact_ties_v2,0.1,297,277,0.75,75,0.09695648394003913,0.09998683130936785,0.10717163332314257,0.7614915516711698,0.31505887600764043,0.3041425651234833,0.0027082153069865793,0.7575757575757576
bxaic__rings-max__gin__seed42,bxaic,rings-max,gin,42,saliency,include_all_exact_ties_v2,0.2,297,277,0.62,62,0.19409969515022046,0.19680405858931377,0.19647352931975173,0.6360197678251349,0.3387372116625664,0.31490491854796065,0.003295791480511248,0.631578947368421
bxaic__X__gcn__seed123,bxaic,X,gcn,123,atom_occlusion,index_tiebreak_v1,0.05,2764,2822,0.07,7,0.04433059403211357,0.04467622492034782,0.047179614817814616,0.08806591529839285,0.6167122391701807,0.5695326243523681,0.0,0.08695652173913043
bxaic__X__gcn__seed123,bxaic,X,gcn,123,atom_occlusion,index_tiebreak_v1,0.1,2764,2822,0.05,5,0.09172323294971631,0.09205172364304394,0.09216811222480983,0.06814793693939035,0.7275108622380058,0.6353427500131997,0.0,0.06666666666666667
bxaic__X__gcn__seed123,bxaic,X,gcn,123,atom_occlusion,index_tiebreak_v1,0.2,2764,2822,0.03,3,0.19453604162359592,0.1948273486609837,0.1982543619857586,0.04325217991870358,0.9242765178360499,0.7260221558502902,0.0,0.041666666666666664
bxaic__X__gcn__seed123,bxaic,X,gcn,123,atom_occlusion,include_all_exact_ties_v2,0.05,2764,2822,0.06,6,0.04238566145223164,0.0427319957518872,0.04290917170080876,0.08250079500287848,0.6634830063825446,0.620573834681737,0.004784714448503218,0.07894736842105263
bxaic__X__gcn__seed123,bxaic,X,gcn,123,atom_occlusion,include_all_exact_ties_v2,0.1,2764,2822,0.04,4,0.09668082259435372,0.09700752030770127,0.09640269762523485,0.062226011090537596,0.8024175962827624,0.7060148986575295,0.005185758863094274,0.058823529411764705
bxaic__X__gcn__seed123,bxaic,X,gcn,123,atom_occlusion,include_all_exact_ties_v2,0.2,2764,2822,0.02,2,0.19831406634047735,0.19860400700364564,0.1967601498430698,0.041942330713875604,0.9872283250649655,0.7904681752218959,0.005547258875336533,0.03571428571428571
bxaic__X__gcn__seed123,bxaic,X,gcn,123,saliency,index_tiebreak_v1,0.05,2764,2822,0.21,21,0.041876134197045924,0.04222265277418985,0.03960449641704073,0.22823759054223014,0.24154450445228198,0.23655188161327353,0.0,0.22727272727272727
bxaic__X__gcn__seed123,bxaic,X,gcn,123,saliency,index_tiebreak_v1,0.1,2764,2822,0.16,16,0.08586618197689111,0.08619679095266802,0.08680351658735785,0.17639270490938816,0.2814198429456445,0.2720128097079942,0.0,0.175
bxaic__X__gcn__seed123,bxaic,X,gcn,123,saliency,index_tiebreak_v1,0.2,2764,2822,0.11,11,0.18524897778696622,0.18554364361778453,0.18257483716378098,0.12692927356467518,0.31771887570826307,0.2994408744749102,0.0,0.125
bxaic__X__gcn__seed123,bxaic,X,gcn,123,saliency,include_all_exact_ties_v2,0.05,2764,2822,0.19,19,0.04743685824546896,0.04778136571084127,0.04115833080220039,0.21301199761385753,0.2584995937387493,0.2552795658730797,0.00577863026912333,0.20833333333333334
bxaic__X__gcn__seed123,bxaic,X,gcn,123,saliency,include_all_exact_ties_v2,0.1,2764,2822,0.14,14,0.09672748259940735,0.09705416343752689,0.09294826364280648,0.16411720980395225,0.2990467620876027,0.292255083414279,0.0058452747138483625,0.16
bxaic__X__gcn__seed123,bxaic,X,gcn,123,saliency,include_all_exact_ties_v2,0.2,2764,2822,0.1,10,0.18235175039625112,0.18264746404891075,0.17732400188991268,0.12442082776565114,0.327781579849054,0.31836916574138724,0.007961560471479568,0.12
bxaic__X__gcn__seed2026,bxaic,X,gcn,2026,atom_occlusion,index_tiebreak_v1,0.05,2764,2822,0.07,7,0.04433059403211357,0.04467622492034782,0.047179614817814616,0.08806591529839285,0.6167122391701807,0.5695326243523681,0.0,0.08695652173913043
bxaic__X__gcn__seed2026,bxaic,X,gcn,2026,atom_occlusion,index_tiebreak_v1,0.1,2764,2822,0.05,5,0.09172323294971631,0.09205172364304394,0.09216811222480983,0.06814793693939035,0.7275108622380058,0.6353427500131997,0.0,0.06666666666666667
bxaic__X__gcn__seed2026,bxaic,X,gcn,2026,atom_occlusion,index_tiebreak_v1,0.2,2764,2822,0.03,3,0.19453604162359592,0.1948273486609837,0.1982543619857586,0.04325217991870358,0.9242765178360499,0.7260221558502902,0.0,0.041666666666666664
bxaic__X__gcn__seed2026,bxaic,X,gcn,2026,atom_occlusion,include_all_exact_ties_v2,0.05,2764,2822,0.06,6,0.040431253302092664,0.04077829444013887,0.040013555623052394,0.08288266758817876,0.6634003227066644,0.6233867670836128,0.005166587033803606,0.07894736842105263
bxaic__X__gcn__seed2026,bxaic,X,gcn,2026,atom_occlusion,include_all_exact_ties_v2,0.1,2764,2822,0.04,4,0.09379895711299473,0.09412669709233917,0.092906359330881,0.06259459427760265,0.8029236694677867,0.7100173101369074,0.005554342050159397,0.058823529411764705
bxaic__X__gcn__seed2026,bxaic,X,gcn,2026,atom_occlusion,include_all_exact_ties_v2,0.2,2764,2822,0.02,2,0.19353249259182692,0.1938241625764233,0.19300141743444382,0.042281272618878256,0.9872283250649656,0.7942269076305223,0.005886200780339146,0.03571428571428571
bxaic__X__gcn__seed2026,bxaic,X,gcn,2026,saliency,index_tiebreak_v1,0.05,2764,2822,0.22,22,0.04342797418050675,0.04377393151353368,0.043763147829412895,0.23806540519237163,0.2301848132637327,0.22561931861584983,0.0,0.23684210526315788
bxaic__X__gcn__seed2026,bxaic,X,gcn,2026,saliency,index_tiebreak_v1,0.1,2764,2822,0.17,17,0.09117996692164565,0.09150865409454922,0.09024163882420443,0.18752752031717043,0.26445048332300636,0.25583757485184033,0.0,0.18604651162790697
bxaic__X__gcn__seed2026,bxaic,X,gcn,2026,saliency,index_tiebreak_v1,0.2,2764,2822,0.12,12,0.18466565593917258,0.18496053273630123,0.18085872903378214,0.13628711956668868,0.30085337236702286,0.2848202303771119,0.0,0.13513513513513514
bxaic__X__gcn__seed2026,bxaic,X,gcn,2026,saliency,include_all_exact_ties_v2,0.05,2764,2822,0.21,21,0.042399300530631935,0.04274562989752863,0.038065567592498836,0.23410126377801185,0.23756106011169212,0.23492995676744208,0.005863673235782239,0.22916666666666666
bxaic__X__gcn__seed2026,bxaic,X,gcn,2026,saliency,include_all_exact_ties_v2,0.1,2764,2822,0.16,16,0.08986113982496037,0.09019030396968912,0.0902534507779015,0.1817885057593961,0.27376173436850904,0.2678147224859896,0.0053958008500082436,0.17777777777777778
bxaic__X__gcn__seed2026,bxaic,X,gcn,2026,saliency,include_all_exact_ties_v2,0.2,2764,2822,0.11,11,0.18076459237819584,0.1810608800482219,0.1737327461104925,0.13396123248591002,0.3117451301854217,0.3021682307874723,0.007031958921234571,0.12903225806451613
bxaic__X__gcn__seed42,bxaic,X,gcn,42,atom_occlusion,index_tiebreak_v1,0.05,2764,2822,0.07,7,0.04433059403211357,0.04467622492034782,0.047179614817814616,0.08806591529839285,0.6167122391701807,0.5695326243523681,0.0,0.08695652173913043
bxaic__X__gcn__seed42,bxaic,X,gcn,42,atom_occlusion,index_tiebreak_v1,0.1,2764,2822,0.05,5,0.09172323294971631,0.09205172364304394,0.09216811222480983,0.06814793693939035,0.7275108622380058,0.6353427500131997,0.0,0.06666666666666667
bxaic__X__gcn__seed42,bxaic,X,gcn,42,atom_occlusion,index_tiebreak_v1,0.2,2764,2822,0.03,3,0.19453604162359592,0.1948273486609837,0.1982543619857586,0.04325217991870358,0.9242765178360499,0.7260221558502902,0.0,0.041666666666666664
bxaic__X__gcn__seed42,bxaic,X,gcn,42,atom_occlusion,include_all_exact_ties_v2,0.05,2764,2822,0.06,6,0.042533968483679054,0.04288024914607187,0.04081254991956616,0.08301349390490834,0.6622475834072206,0.6214350334876556,0.005297413350533086,0.08
bxaic__X__gcn__seed42,bxaic,X,gcn,42,atom_occlusion,include_all_exact_ties_v2,0.1,2764,2822,0.04,4,0.09423669974502104,0.09456428140876616,0.09610191466144691,0.06222303830965506,0.802024426966843,0.7059225123053984,0.0051827860822117626,0.058823529411764705
bxaic__X__gcn__seed42,bxaic,X,gcn,42,atom_occlusion,include_all_exact_ties_v2,0.2,2764,2822,0.03,3,0.15405554407001587,0.154361491432016,0.15666278559616628,0.04798137984290245,0.9231543822348214,0.7664915966386546,0.0047291999241990445,0.043478260869565216
bxaic__X__gcn__seed42,bxaic,X,gcn,42,saliency,index_tiebreak_v1,0.05,2764,2822,0.25,25,0.04855928261319,0.048903384138465525,0.046990342321667614,0.2631365358313075,0.20678180414392774,0.20321721046437582,0.0,0.2608695652173913
bxaic__X__gcn__seed42,bxaic,X,gcn,42,saliency,index_tiebreak_v1,0.1,2764,2822,0.19,19,0.09572694852181104,0.09605399121673987,0.0941134285039317,0.2072333673447334,0.2370280794512644,0.23034428761509798,0.0,0.20588235294117646
bxaic__X__gcn__seed42,bxaic,X,gcn,42,saliency,index_tiebreak_v1,0.2,2764,2822,0.13,13,0.1793623515493993,0.17965914635896538,0.17874185818905863,0.1477955649448495,0.2757844404845932,0.26361822847784194,0.0,0.14705882352941177
bxaic__X__gcn__seed42,bxaic,X,gcn,42,saliency,include_all_exact_ties_v2,0.05,2764,2822,0.24,24,0.04442104265729447,0.044766640833548615,0.04143028697422743,0.26151092317969216,0.21050989846543083,0.20840907449911725,0.005024115132920317,0.25806451612903225
bxaic__X__gcn__seed42,bxaic,X,gcn,42,saliency,include_all_exact_ties_v2,0.1,2764,2822,0.18,18,0.08959108607263455,0.08992034788598981,0.09125746684215856,0.2031527881461076,0.2435439456635163,0.23897662641689135,0.005213757716344857,0.2
bxaic__X__gcn__seed42,bxaic,X,gcn,42,saliency,include_all_exact_ties_v2,0.2,2764,2822,0.11,11,0.19447789607883675,0.1947692241453543,0.19412186561371542,0.13430791328558994,0.29353636114121195,0.2861659744210726,0.0073786397209146416,0.12903225806451613
bxaic__X__gin__seed123,bxaic,X,gin,123,atom_occlusion,index_tiebreak_v1,0.05,2764,2822,0.07,7,0.04433059403211357,0.04467622492034782,0.04720914470205747,0.08806591529839285,0.6165350598647236,0.5695008229385681,0.0,0.08695652173913043
bxaic__X__gin__seed123,bxaic,X,gin,123,atom_occlusion,index_tiebreak_v1,0.1,2764,2822,0.05,5,0.09172323294971631,0.09205172364304394,0.09219764210905271,0.06814793693939035,0.7271565036270915,0.6353132201289569,0.0,0.06666666666666667
bxaic__X__gin__seed123,bxaic,X,gin,123,atom_occlusion,index_tiebreak_v1,0.2,2764,2822,0.03,3,0.19453604162359592,0.1948273486609837,0.19828389187000145,0.04325217991870358,0.9239221592251357,0.7259926259660474,0.0,0.041666666666666664
bxaic__X__gin__seed123,bxaic,X,gin,123,atom_occlusion,include_all_exact_ties_v2,0.05,2764,2822,0.06,6,0.044056376771644506,0.044402106834294845,0.04706571383573501,0.0818893471345262,0.6632408613317528,0.6162887239738765,0.004173266580150982,0.07894736842105263
bxaic__X__gin__seed123,bxaic,X,gin,123,atom_occlusion,include_all_exact_ties_v2,0.1,2764,2822,0.04,4,0.09846467047986585,0.0987907230402711,0.102210804000315,0.06171291059808618,0.8017586580086575,0.6999022126192591,0.004672658370642846,0.058823529411764705
bxaic__X__gin__seed123,bxaic,X,gin,123,atom_occlusion,include_all_exact_ties_v2,0.2,2764,2822,0.03,3,0.16023849723198494,0.16054220844455938,0.1590450035435862,0.047899338408471076,0.922563784549964,0.7638731396172916,0.004647158489767646,0.043478260869565216
bxaic__X__gin__seed123,bxaic,X,gin,123,saliency,index_tiebreak_v1,0.05,2764,2822,0.3,30,0.04703974571015092,0.04738439679669335,0.039754536352693694,0.3162317963074243,0.17622980977937822,0.17377819381986978,0.0,0.3148148148148148
bxaic__X__gin__seed123,bxaic,X,gin,123,saliency,index_tiebreak_v1,0.1,2764,2822,0.24,24,0.0963264936944387,0.09665331955567033,0.08863394755492565,0.2564868080467718,0.19608910479005723,0.191622498870581,0.0,0.2558139534883721
bxaic__X__gin__seed123,bxaic,X,gin,123,saliency,index_tiebreak_v1,0.2,2764,2822,0.18,18,0.18053172306066664,0.18082809495106067,0.18049087104721415,0.1979390304297622,0.2115321157158714,0.20469871950854338,0.0,0.2
bxaic__X__gin__seed123,bxaic,X,gin,123,saliency,include_all_exact_ties_v2,0.05,2764,2822,0.29,29,0.047871155215583584,0.04821550561152731,0.03967888360163343,0.3098677709532828,0.17998278608094864,0.17799618520041552,0.0031141354885091434,0.3076923076923077
bxaic__X__gin__seed123,bxaic,X,gin,123,saliency,include_all_exact_ties_v2,0.1,2764,2822,0.23,23,0.09706400891277882,0.09739056804156261,0.08485834092673217,0.25133197709260846,0.20200439425019556,0.19876265852706376,0.004262138775079499,0.25
bxaic__X__gin__seed123,bxaic,X,gin,123,saliency,include_all_exact_ties_v2,0.2,2764,2822,0.17,17,0.18570997863689612,0.18600447774046333,0.18559068205595494,0.19256133625514368,0.2181245381971443,0.21358988368437642,0.005033815937972986,0.1875
bxaic__X__gin__seed2026,bxaic,X,gin,2026,atom_occlusion,index_tiebreak_v1,0.05,2764,2822,0.07,7,0.044771638756805184,0.045117110135193254,0.04741585389175745,0.08806591529839285,0.6161807012538093,0.5692373255099394,0.0,0.08695652173913043
bxaic__X__gin__seed2026,bxaic,X,gin,2026,atom_occlusion,index_tiebreak_v1,0.1,2764,2822,0.05,5,0.0920919187742632,0.0924202761273288,0.09237482141450983,0.06814793693939035,0.7268021450161772,0.6351360408234997,0.0,0.06666666666666667
bxaic__X__gin__seed2026,bxaic,X,gin,2026,atom_occlusion,index_tiebreak_v1,0.2,2764,2822,0.03,3,0.19519416304872164,0.19548523206751084,0.19881542978637282,0.04325217991870358,0.9233906213087644,0.7256382673551333,0.0,0.041666666666666664
bxaic__X__gin__seed2026,bxaic,X,gin,2026,atom_occlusion,include_all_exact_ties_v2,0.05,2764,2822,0.06,6,0.04668484253325065,0.04702962197537234,0.046429555758046116,0.08211721718119197,0.6620621689712746,0.6163413304350582,0.004401136626816759,0.07894736842105263
bxaic__X__gin__seed2026,bxaic,X,gin,2026,atom_occlusion,include_all_exact_ties_v2,0.1,2764,2822,0.05,5,0.06766246295913446,0.06799965555842596,0.0656042939264059,0.07262579665286996,0.7213340541653783,0.6564384774608034,0.00447785971347962,0.06896551724137931
bxaic__X__gin__seed2026,bxaic,X,gin,2026,atom_occlusion,include_all_exact_ties_v2,0.2,2764,2822,0.03,3,0.1610219546091471,0.16132538247366457,0.16356377892522486,0.04726385400633392,0.9224456650129927,0.7599449619205109,0.004011674087630423,0.0425531914893617
bxaic__X__gin__seed2026,bxaic,X,gin,2026,saliency,index_tiebreak_v1,0.05,2764,2822,0.3,30,0.04560778604736637,0.04595295502167113,0.03767099209161577,0.3162317963074243,0.1773456489575013,0.17503118173626148,0.0,0.3148148148148148
bxaic__X__gin__seed2026,bxaic,X,gin,2026,saliency,index_tiebreak_v1,0.1,2764,2822,0.24,24,0.09492166861920842,0.09524900255460839,0.08848123586784115,0.2564868080467718,0.19770247684992104,0.1930586188573744,0.0,0.2558139534883721
bxaic__X__gin__seed2026,bxaic,X,gin,2026,saliency,index_tiebreak_v1,0.2,2764,2822,0.17,17,0.19498196770266238,0.1952731134647952,0.20530609834295158,0.18752752031717043,0.21783742042716447,0.20919450908226853,0.0,0.18604651162790697
bxaic__X__gin__seed2026,bxaic,X,gin,2026,saliency,include_all_exact_ties_v2,0.05,2764,2822,0.29,29,0.04746026003261893,0.04780475903441545,0.04058123249299721,0.3095125006181208,0.18049598694299945,0.17831528724567597,0.0027588651533469143,0.3076923076923077
bxaic__X__gin__seed2026,bxaic,X,gin,2026,saliency,include_all_exact_ties_v2,0.1,2764,2822,0.24,24,0.08986630831782787,0.09019547059330062,0.0823972360028349,0.25953296517307417,0.19813338631655658,0.19446951042553703,0.0030461571263022875,0.2571428571428571
bxaic__X__gin__seed2026,bxaic,X,gin,2026,saliency,include_all_exact_ties_v2,0.2,2764,2822,0.17,17,0.18270320791123978,0.18299879445449066,0.19093179440450872,0.19253062563364817,0.22080342577581574,0.21492938112607984,0.005003105316477304,0.1875
bxaic__X__gin__seed42,bxaic,X,gin,42,atom_occlusion,index_tiebreak_v1,0.05,2764,2822,0.07,7,0.04433059403211357,0.04467622492034782,0.047179614817814616,0.08806591529839285,0.6167122391701807,0.5695326243523681,0.0,0.08695652173913043
bxaic__X__gin__seed42,bxaic,X,gin,42,atom_occlusion,index_tiebreak_v1,0.1,2764,2822,0.05,5,0.09172323294971631,0.09205172364304394,0.09216811222480983,0.06814793693939035,0.7275108622380058,0.6353427500131997,0.0,0.06666666666666667
bxaic__X__gin__seed42,bxaic,X,gin,42,atom_occlusion,index_tiebreak_v1,0.2,2764,2822,0.03,3,0.19453604162359592,0.1948273486609837,0.1982543619857586,0.04325217991870358,0.9242765178360499,0.7260221558502902,0.0,0.041666666666666664
bxaic__X__gin__seed42,bxaic,X,gin,42,atom_occlusion,include_all_exact_ties_v2,0.05,2764,2822,0.06,6,0.04383111662417017,0.04417692815522828,0.04469446413103387,0.08146045154785846,0.6662410975708275,0.6215466334397948,0.0037443709934832175,0.07894736842105263
bxaic__X__gin__seed42,bxaic,X,gin,42,atom_occlusion,include_all_exact_ties_v2,0.1,2764,2822,0.05,5,0.06733268440033997,0.06766999626854965,0.06388692022993937,0.07208980098514525,0.7254555822947031,0.6615686620647663,0.003941864045754943,0.06896551724137931
bxaic__X__gin__seed42,bxaic,X,gin,42,atom_occlusion,include_all_exact_ties_v2,0.2,2764,2822,0.03,3,0.16441995153102246,0.164722150463561,0.16018316965340365,0.04736582333628825,0.9239635010630758,0.7637803314096716,0.004113643417584786,0.0425531914893617
bxaic__X__gin__seed42,bxaic,X,gin,42,saliency,index_tiebreak_v1,0.05,2764,2822,0.31,31,0.047320423586704345,0.04766497316226066,0.04483691066788161,0.32717275553007846,0.16853023644988105,0.16654541230227052,0.0,0.32432432432432434
bxaic__X__gin__seed42,bxaic,X,gin,42,saliency,index_tiebreak_v1,0.1,2764,2822,0.26,26,0.09287408402820849,0.09320215850053101,0.08428841416084505,0.278386701173016,0.18301333504125597,0.17944545733269807,0.0,0.2777777777777778
bxaic__X__gin__seed42,bxaic,X,gin,42,saliency,index_tiebreak_v1,0.2,2764,2822,0.2,20,0.19909163737854038,0.1993812968225263,0.19294109209949042,0.21414079618666132,0.19311042538706685,0.18671951532854494,0.0,0.21212121212121213
bxaic__X__gin__seed42,bxaic,X,gin,42,saliency,include_all_exact_ties_v2,0.05,2764,2822,0.31,31,0.044375100498472424,0.04472071529033555,0.04088496844520941,0.3306093905627988,0.16867446893596177,0.16701310449475806,0.003436635032720625,0.32653061224489793
bxaic__X__gin__seed42,bxaic,X,gin,42,saliency,include_all_exact_ties_v2,0.1,2764,2822,0.26,26,0.08626013598879011,0.08659060248572,0.07689286557996697,0.28195426286255976,0.18389256863649328,0.18111696897039062,0.0035675616895434435,0.28
bxaic__X__gin__seed42,bxaic,X,gin,42,saliency,include_all_exact_ties_v2,0.2,2764,2822,0.19,19,0.19858297153883264,0.19887281494876424,0.18827537038911946,0.21288603041850854,0.1985368612786033,0.19427528794367765,0.005652663073774622,0.20833333333333334
google__benzene__gcn__seed123,google,benzene,gcn,123,atom_occlusion,index_tiebreak_v1,0.05,1000,999,0.54,54,0.047969444444444446,0.04892052392052394,0.05528544417433308,0.5583571405878894,0.6159183520294617,0.5846118590614636,0.0,0.56
google__benzene__gcn__seed123,google,benzene,gcn,123,atom_occlusion,index_tiebreak_v1,0.1,1000,999,0.45,45,0.09767500000000001,0.09857642357642357,0.10725348364237246,0.4706352784102114,0.6781817892929005,0.613161406844758,0.0,0.47619047619047616
google__benzene__gcn__seed123,google,benzene,gcn,123,atom_occlusion,index_tiebreak_v1,0.2,1000,999,0.34,34,0.19601111111111108,0.19681429681429663,0.20802925941814815,0.36542967246860675,0.7527916805694586,0.6199709927178099,0.0,0.36363636363636365
google__benzene__gcn__seed123,google,benzene,gcn,123,atom_occlusion,include_all_exact_ties_v2,0.05,1000,999,0.53,53,0.04831805555555556,0.04926878676878677,0.05577899327899329,0.5585861757531356,0.6156592878815087,0.5844329764479405,0.0018255034283810403,0.56
google__benzene__gcn__seed123,google,benzene,gcn,123,atom_occlusion,include_all_exact_ties_v2,0.1,1000,999,0.45,45,0.09554027777777778,0.09644383394383396,0.10587710726599607,0.4728666583547202,0.6766849683516355,0.612873304105675,0.002231379944508674,0.47619047619047616
google__benzene__gcn__seed123,google,benzene,gcn,123,atom_occlusion,include_all_exact_ties_v2,0.2,1000,999,0.34,34,0.19248194444444444,0.19328865578865553,0.20504711060266606,0.36786410544206827,0.7516198738420964,0.6211760473542374,0.0024344329734617043,0.36363636363636365
google__benzene__gcn__seed123,google,benzene,gcn,123,saliency,index_tiebreak_v1,0.05,1000,999,0.55,55,0.04584861111111111,0.04680180930180931,0.04818211068211066,0.5716810705784842,0.608991828436273,0.582292190612624,0.0,0.5652173913043478
google__benzene__gcn__seed123,google,benzene,gcn,123,saliency,index_tiebreak_v1,0.1,1000,999,0.46,46,0.09004999999999999,0.09095904095904096,0.09465854743632529,0.4881133625549646,0.669226297004075,0.6137120917134685,0.0,0.48
google__benzene__gcn__seed123,google,benzene,gcn,123,saliency,index_tiebreak_v1,0.2,1000,999,0.35000000000000003,35,0.19274166666666667,0.19354811854811843,0.20011042788820543,0.37602505045528833,0.7493656354767456,0.6228384423903857,0.0,0.375
google__benzene__gcn__seed123,google,benzene,gcn,123,saliency,include_all_exact_ties_v2,0.05,1000,999,0.55,55,0.0443111111111111,0.04526584526584528,0.04703036369703035,0.5747920529503959,0.6071931099708876,0.5812967675110775,0.0031109823719117622,0.5714285714285714
google__benzene__gcn__seed123,google,benzene,gcn,123,saliency,include_all_exact_ties_v2,0.1,1000,999,0.45,45,0.09834999999999999,0.09925074925074928,0.10369337591559817,0.4744959886169606,0.6800471856027417,0.618197266726679,0.003860710206749003,0.47619047619047616
google__benzene__gcn__seed123,google,benzene,gcn,123,saliency,include_all_exact_ties_v2,0.2,1000,999,0.34,34,0.19616666666666666,0.19696969696969668,0.2067553664775885,0.37111309083845634,0.7534236617569947,0.6235937093006234,0.005683418369849925,0.36363636363636365
google__benzene__gcn__seed2026,google,benzene,gcn,2026,atom_occlusion,index_tiebreak_v1,0.05,1000,999,0.54,54,0.048336111111111114,0.04928682428682433,0.052114217391995156,0.5583571405878894,0.6185005490561031,0.5885990012151003,0.0,0.56
google__benzene__gcn__seed2026,google,benzene,gcn,2026,atom_occlusion,index_tiebreak_v1,0.1,1000,999,0.45,45,0.09194027777777777,0.09284743034743033,0.10389178861401083,0.4706352784102114,0.68166987333654,0.6173425984399503,0.0,0.47619047619047616
google__benzene__gcn__seed2026,google,benzene,gcn,2026,atom_occlusion,index_tiebreak_v1,0.2,1000,999,0.33,33,0.19915277777777776,0.19995282495282485,0.2169701447479223,0.34978863460534515,0.7745177717399947,0.6303344194211066,0.0,0.35
google__benzene__gcn__seed2026,google,benzene,gcn,2026,atom_occlusion,include_all_exact_ties_v2,0.05,1000,999,0.53,53,0.04859444444444445,0.04954489954489959,0.052468738579849676,0.5580097847101795,0.6190027162249371,0.5891507308517971,0.001249112385425034,0.56
google__benzene__gcn__seed2026,google,benzene,gcn,2026,atom_occlusion,include_all_exact_ties_v2,0.1,1000,999,0.44,44,0.09890833333333333,0.09980852480852492,0.11119691119691132,0.46203079903932803,0.687365504032171,0.6178901536959677,0.0021040068931590153,0.4583333333333333
google__benzene__gcn__seed2026,google,benzene,gcn,2026,atom_occlusion,include_all_exact_ties_v2,0.2,1000,999,0.33,33,0.1966777777777778,0.19748029748029736,0.215301809746254,0.3516669794623322,0.7729296757074544,0.63048103623439,0.0018783448569871148,0.35
google__benzene__gcn__seed2026,google,benzene,gcn,2026,saliency,index_tiebreak_v1,0.05,1000,999,0.56,56,0.046359722222222226,0.04731240981240982,0.04934100767434099,0.5865437109966837,0.5948712865379513,0.5708524626481268,0.0,0.5833333333333334
google__benzene__gcn__seed2026,google,benzene,gcn,2026,saliency,index_tiebreak_v1,0.1,1000,999,0.46,46,0.09004583333333334,0.09095487845487851,0.10119703036369697,0.4881133625549646,0.6654368654368654,0.6083670891462436,0.0,0.48
google__benzene__gcn__seed2026,google,benzene,gcn,2026,saliency,index_tiebreak_v1,0.2,1000,999,0.34,34,0.19203472222222223,0.19284188034188,0.21361281916837457,0.36542967246860675,0.7578503106280886,0.6212468550230845,0.0,0.36363636363636365
google__benzene__gcn__seed2026,google,benzene,gcn,2026,saliency,include_all_exact_ties_v2,0.05,1000,999,0.56,56,0.04519027777777778,0.04614413364413366,0.048414485914485904,0.5899722080824319,0.5924366362274843,0.5692188409594656,0.0034284970857486963,0.5909090909090909
google__benzene__gcn__seed2026,google,benzene,gcn,2026,saliency,include_all_exact_ties_v2,0.1,1000,999,0.45,45,0.09688611111111109,0.0977883227883228,0.10973533056866383,0.4761839287821148,0.6745713690158135,0.611548160167872,0.005548650371903093,0.47619047619047616
google__benzene__gcn__seed2026,google,benzene,gcn,2026,saliency,include_all_exact_ties_v2,0.2,1000,999,0.34,34,0.18551666666666666,0.1863303363303361,0.20722468500246272,0.3719537377450833,0.7531047281047284,0.6216302623509364,0.006524065276477,0.36363636363636365
google__benzene__gcn__seed42,google,benzene,gcn,42,atom_occlusion,index_tiebreak_v1,0.05,1000,999,0.53,53,0.041076388888888885,0.042034354534354536,0.046043464099019694,0.5567606723247545,0.6255483727705933,0.5981134359402327,0.0,0.56
google__benzene__gcn__seed42,google,benzene,gcn,42,atom_occlusion,index_tiebreak_v1,0.1,1000,999,0.43,43,0.09455555555555555,0.09546009546009555,0.1044818628151962,0.4519840668121395,0.7060484727151406,0.6354303663342202,0.0,0.45
google__benzene__gcn__seed42,google,benzene,gcn,42,atom_occlusion,index_tiebreak_v1,0.2,1000,999,0.32,32,0.1931875,0.19399350649350636,0.2068906207795092,0.3418607066774147,0.7988702988702997,0.6521868467688898,0.0,0.3333333333333333
google__benzene__gcn__seed42,google,benzene,gcn,42,atom_occlusion,include_all_exact_ties_v2,0.05,1000,999,0.51,51,0.04841527777777777,0.04936591186591187,0.05369357452690789,0.5361510282684449,0.6421950421950406,0.6096957045701448,0.001658162661625069,0.5384615384615384
google__benzene__gcn__seed42,google,benzene,gcn,42,atom_occlusion,include_all_exact_ties_v2,0.1,1000,999,0.42,42,0.09807638888888888,0.09897741147741154,0.10661316077982746,0.44700312096054473,0.7116982339204571,0.6397017650500629,0.002169061298411742,0.4444444444444444
google__benzene__gcn__seed42,google,benzene,gcn,42,atom_occlusion,include_all_exact_ties_v2,0.2,1000,999,0.32,32,0.1910416666666667,0.1918498168498167,0.20373190650968392,0.3440899898487268,0.7979121979121986,0.6541060681325555,0.0022292831713121575,0.3333333333333333
google__benzene__gcn__seed42,google,benzene,gcn,42,saliency,index_tiebreak_v1,0.05,1000,999,0.51,51,0.04099166666666667,0.04194971694971694,0.045798973576751355,0.5344928656068199,0.6515429682096332,0.621595882053397,0.0,0.5294117647058824
google__benzene__gcn__seed42,google,benzene,gcn,42,saliency,index_tiebreak_v1,0.1,1000,999,0.41000000000000003,41,0.09894305555555556,0.09984321234321232,0.10902191874414101,0.43564840341765504,0.7308726475393158,0.6536376755847033,0.0,0.4375
google__benzene__gcn__seed42,google,benzene,gcn,42,saliency,index_tiebreak_v1,0.2,1000,999,0.32,32,0.19130694444444446,0.19211482961482967,0.2033467991801326,0.3418607066774147,0.8112183612183611,0.6618701668409259,0.0,0.3333333333333333
google__benzene__gcn__seed42,google,benzene,gcn,42,saliency,include_all_exact_ties_v2,0.05,1000,999,0.51,51,0.040016666666666666,0.04097569097569097,0.0448001573001573,0.538140398162909,0.6487135320468639,0.6196430296103485,0.003647532556089114,0.5416666666666666
google__benzene__gcn__seed42,google,benzene,gcn,42,saliency,include_all_exact_ties_v2,0.1,1000,999,0.41000000000000003,41,0.09551666666666667,0.09642024642024642,0.10476706865595758,0.4407635394538063,0.7276804165693066,0.6541625163873214,0.005115136036151279,0.44
google__benzene__gcn__seed42,google,benzene,gcn,42,saliency,include_all_exact_ties_v2,0.2,1000,999,0.31,31,0.19439444444444445,0.19519924519924522,0.20821059154392477,0.33751570489534144,0.8179395484951044,0.6653437425367238,0.005801508364437429,0.3333333333333333
google__benzene__gin__seed123,google,benzene,gin,123,atom_occlusion,index_tiebreak_v1,0.05,1000,999,0.46,46,0.045734722222222225,0.046688034188034216,0.04893544337988783,0.4881133625549646,0.7064147480814134,0.6666733157015229,0.0,0.48
google__benzene__gin__seed123,google,benzene,gin,123,atom_occlusion,index_tiebreak_v1,0.1,1000,999,0.38,38,0.09522361111111109,0.09612748362748373,0.1026818485151819,0.40338806154378865,0.786360964138743,0.6968799356871269,0.0,0.4
google__benzene__gin__seed123,google,benzene,gin,123,atom_occlusion,index_tiebreak_v1,0.2,1000,999,0.26,26,0.1988694444444444,0.19966977466977434,0.21504897754897728,0.2807210548074433,0.9454168454168477,0.7460025081757121,0.0,0.28
google__benzene__gin__seed123,google,benzene,gin,123,atom_occlusion,include_all_exact_ties_v2,0.05,1000,999,0.46,46,0.044651388888888886,0.04560578310578312,0.047390247390247386,0.4899206313778705,0.7053220803220791,0.6670631188691039,0.0018072688229057415,0.48
google__benzene__gin__seed123,google,benzene,gin,123,atom_occlusion,include_all_exact_ties_v2,0.1,1000,999,0.37,37,0.09883194444444444,0.09973221223221229,0.10740264073597407,0.39602914039364295,0.7951630562741668,0.7014006745215893,0.0017335046089476927,0.4
google__benzene__gin__seed123,google,benzene,gin,123,atom_occlusion,include_all_exact_ties_v2,0.2,1000,999,0.26,26,0.19427222222222218,0.19507714507714477,0.2114461683906126,0.2822711270526518,0.9455121788455144,0.7494035282433988,0.0015500722452084232,0.28
google__benzene__gin__seed123,google,benzene,gin,123,saliency,index_tiebreak_v1,0.05,1000,999,0.51,51,0.049,0.049950049950049924,0.05603837964949076,0.5344928656068199,0.642057342057341,0.6078130534700875,0.0,0.5294117647058824
google__benzene__gin__seed123,google,benzene,gin,123,saliency,index_tiebreak_v1,0.1,1000,999,0.44,44,0.0949625,0.0958666333666334,0.10091877591877595,0.4599267921461687,0.6988109321442654,0.6316989645679012,0.0,0.4583333333333333
google__benzene__gin__seed123,google,benzene,gin,123,saliency,index_tiebreak_v1,0.2,1000,999,0.33,33,0.19270555555555555,0.1935120435120434,0.20150050844495276,0.34978863460534515,0.7913163163163162,0.6514807497693628,0.0,0.35
google__benzene__gin__seed123,google,benzene,gin,123,saliency,include_all_exact_ties_v2,0.05,1000,999,0.51,51,0.04454583333333333,0.045500333000332974,0.05133724994836106,0.5384220292217485,0.6412185773296872,0.609921431967355,0.003929163614929607,0.5416666666666666
google__benzene__gin__seed123,google,benzene,gin,123,saliency,include_all_exact_ties_v2,0.1,1000,999,0.43,43,0.0951138888888889,0.09601787101787104,0.10226039531595094,0.45599549934673955,0.7033385811163594,0.6357761786167366,0.0040114325346,0.45454545454545453
google__benzene__gin__seed123,google,benzene,gin,123,saliency,include_all_exact_ties_v2,0.2,1000,999,0.32,32,0.19615694444444443,0.19695998445998436,0.2016673419451195,0.34619349644939945,0.7987241209463434,0.6579719677801886,0.0043327897719845215,0.34782608695652173
google__benzene__gin__seed2026,google,benzene,gin,2026,atom_occlusion,index_tiebreak_v1,0.05,1000,999,0.5700000000000001,57,0.04886527777777778,0.049815462315462335,0.05620978120978121,0.594486436330712,0.5780064668953566,0.5507560799184469,0.0,0.6
google__benzene__gin__seed2026,google,benzene,gin,2026,atom_occlusion,index_tiebreak_v1,0.1,1000,999,0.46,46,0.09721944444444443,0.09812132312132318,0.10547213880547214,0.4881133625549646,0.6550172105727662,0.5962660861826673,0.0,0.48
google__benzene__gin__seed2026,google,benzene,gin,2026,atom_occlusion,index_tiebreak_v1,0.2,1000,999,0.34,34,0.18766944444444442,0.1884809634809633,0.19461326405770857,0.36542967246860675,0.7629343629343633,0.6373431819424248,0.0,0.36363636363636365
google__benzene__gin__seed2026,google,benzene,gin,2026,atom_occlusion,include_all_exact_ties_v2,0.05,1000,999,0.5700000000000001,57,0.04838611111111111,0.04933677433677436,0.055721197387864047,0.5958870057262259,0.5771326618548849,0.5502821152330958,0.0014005693955141318,0.6
google__benzene__gin__seed2026,google,benzene,gin,2026,atom_occlusion,include_all_exact_ties_v2,0.1,1000,999,0.46,46,0.09646944444444444,0.09737207237207243,0.1041652763874986,0.4896496224948904,0.654340443229332,0.5963776333530377,0.0015362599399257545,0.48
google__benzene__gin__seed2026,google,benzene,gin,2026,atom_occlusion,include_all_exact_ties_v2,0.2,1000,999,0.34,34,0.18623611111111107,0.18704906204906188,0.19370759648537433,0.36644440291125485,0.7621883788550458,0.637496587651386,0.0010147304426480629,0.36363636363636365
google__benzene__gin__seed2026,google,benzene,gin,2026,saliency,index_tiebreak_v1,0.05,1000,999,0.71,71,0.04849166666666667,0.049442224442224465,0.05093486343486345,0.7345822575546977,0.4761722461068852,0.46102491980750426,0.0,0.7368421052631579
google__benzene__gin__seed2026,google,benzene,gin,2026,saliency,index_tiebreak_v1,0.1,1000,999,0.61,61,0.09044999999999999,0.09135864135864143,0.09378684239795346,0.6361218790829436,0.5208344958344953,0.48986432490268716,0.0,0.6363636363636364
google__benzene__gin__seed2026,google,benzene,gin,2026,saliency,index_tiebreak_v1,0.2,1000,999,0.46,46,0.19736111111111113,0.19816294816294805,0.20118630535297177,0.4881133625549646,0.586204855649301,0.5074037433815572,0.0,0.48
google__benzene__gin__seed2026,google,benzene,gin,2026,saliency,include_all_exact_ties_v2,0.05,1000,999,0.71,71,0.04715833333333333,0.04811022311022314,0.04849988877766655,0.7388741769366166,0.47496749534933114,0.46068753994936523,0.004291919381919531,0.7391304347826086
google__benzene__gin__seed2026,google,benzene,gin,2026,saliency,include_all_exact_ties_v2,0.1,1000,999,0.6,60,0.09701111111111112,0.09791319791319797,0.10099901488790372,0.6209491789144735,0.5285196053169903,0.4950248396220258,0.004485073547269747,0.6190476190476191
google__benzene__gin__seed2026,google,benzene,gin,2026,saliency,include_all_exact_ties_v2,0.2,1000,999,0.46,46,0.1904861111111111,0.19129481629481623,0.19414950664950642,0.49307061723971385,0.5859722248611152,0.5101911415851923,0.004957254684749041,0.5
google__benzene__gin__seed42,google,benzene,gin,42,atom_occlusion,index_tiebreak_v1,0.05,1000,999,0.51,51,0.04586805555555556,0.04682123432123432,0.05225960087071201,0.5344928656068199,0.6430270708048472,0.6087252357729537,0.0,0.5294117647058824
google__benzene__gin__seed42,google,benzene,gin,42,atom_occlusion,index_tiebreak_v1,0.1,1000,999,0.41000000000000003,41,0.09472222222222221,0.09562659562659566,0.10523201773201767,0.43564840341765504,0.7273319134430265,0.6503162354813574,0.0,0.4375
google__benzene__gin__seed42,google,benzene,gin,42,atom_occlusion,index_tiebreak_v1,0.2,1000,999,0.29,29,0.19568194444444445,0.19648545898545872,0.20876034764923637,0.31188824558816,0.8641498641498663,0.6965231112375931,0.0,0.3157894736842105
google__benzene__gin__seed42,google,benzene,gin,42,atom_occlusion,include_all_exact_ties_v2,0.05,1000,999,0.51,51,0.045518055555555555,0.04647158397158398,0.05144926672704452,0.5355997452765012,0.6424649702427465,0.6088233525377371,0.001106879669681602,0.5333333333333333
google__benzene__gin__seed42,google,benzene,gin,42,atom_occlusion,include_all_exact_ties_v2,0.1,1000,999,0.41000000000000003,41,0.09363888888888888,0.09454434454434461,0.1035040993374326,0.43706133365908767,0.7268431851765202,0.651219990551779,0.001412930241432657,0.4375
google__benzene__gin__seed42,google,benzene,gin,42,atom_occlusion,include_all_exact_ties_v2,0.2,1000,999,0.29,29,0.19176527777777774,0.19257270507270477,0.20588942116719877,0.3132529083395804,0.8643742949298526,0.698824902325074,0.0013646627514203532,0.3157894736842105
google__benzene__gin__seed42,google,benzene,gin,42,saliency,index_tiebreak_v1,0.05,1000,999,0.51,51,0.046016666666666664,0.046969696969696974,0.04695429556540669,0.5344928656068199,0.6503964698409125,0.6200110003773559,0.0,0.5294117647058824
google__benzene__gin__seed42,google,benzene,gin,42,saliency,index_tiebreak_v1,0.1,1000,999,0.42,42,0.09309305555555555,0.09399905649905649,0.0984266012043789,0.4448340596621328,0.7256817423484094,0.6551166317635186,0.0,0.44
google__benzene__gin__seed42,google,benzene,gin,42,saliency,index_tiebreak_v1,0.2,1000,999,0.31,31,0.19522361111111108,0.1960275835275836,0.19744764605875736,0.33171419653090367,0.8382275132275141,0.6843241256252939,0.0,0.3333333333333333
google__benzene__gin__seed42,google,benzene,gin,42,saliency,include_all_exact_ties_v2,0.05,1000,999,0.51,51,0.044375,0.045329670329670335,0.04407165101609546,0.5384386203485916,0.6487157820491142,0.6203490828705813,0.003945754741771851,0.5416666666666666
google__benzene__gin__seed42,google,benzene,gin,42,saliency,include_all_exact_ties_v2,0.1,1000,999,0.41000000000000003,41,0.09556666666666666,0.09647019647019651,0.10159723215278771,0.4388136152727983,0.7326074881630453,0.6588812155332648,0.0031652118551432056,0.44
google__benzene__gin__seed42,google,benzene,gin,42,saliency,include_all_exact_ties_v2,0.2,1000,999,0.3,30,0.19709444444444443,0.19789654789654793,0.1990897643675424,0.32559323861147715,0.8513974291752081,0.6961912722146644,0.004936420529254918,0.32
google__logic10__gcn__seed123,google,logic10,gcn,123,atom_occlusion,index_tiebreak_v1,0.05,192,112,0.71,71,0.0440340343718101,0.04898722590356233,0.056578689167974865,0.7360773214928387,0.6320334143272694,0.608292239458966,0.0,0.7391304347826086
google__logic10__gcn__seed123,google,logic10,gcn,123,atom_occlusion,index_tiebreak_v1,0.1,192,112,0.61,61,0.09496888723681,0.09965816761382129,0.11099287617144753,0.6349217897381224,0.6878640456765455,0.6321691545437951,0.0,0.6363636363636364
google__logic10__gcn__seed123,google,logic10,gcn,123,atom_occlusion,index_tiebreak_v1,0.2,192,112,0.48,48,0.1933363464728354,0.1975159508952562,0.2081321580205509,0.5078102380716413,0.7603908987837558,0.6377257859728973,0.0,0.5
google__logic10__gcn__seed123,google,logic10,gcn,123,atom_occlusion,include_all_exact_ties_v2,0.05,192,112,0.71,71,0.0440340343718101,0.04898722590356233,0.054792974882260585,0.7374557061800467,0.6321909165994334,0.6093562834976342,0.0013783846872082166,0.7391304347826086
google__logic10__gcn__seed123,google,logic10,gcn,123,atom_occlusion,include_all_exact_ties_v2,0.1,192,112,0.61,61,0.09496888723681,0.09965816761382129,0.10852034869892005,0.6360910074251972,0.6884695042061111,0.6338573298139032,0.0011692176870748297,0.6363636363636364
google__logic10__gcn__seed123,google,logic10,gcn,123,atom_occlusion,include_all_exact_ties_v2,0.2,192,112,0.48,48,0.18782164059048248,0.19202981861851137,0.20723930087769377,0.5084970512584545,0.760550337559266,0.6385374742845856,0.0006868131868131869,0.5
google__logic10__gcn__seed123,google,logic10,gcn,123,saliency,index_tiebreak_v1,0.05,192,112,0.9500000000000001,95,0.04054236630063835,0.0455136493768008,0.030520260989011,0.9664182278642678,0.4967968410460309,0.4902400631965512,0.0,0.9583333333333334
google__logic10__gcn__seed123,google,logic10,gcn,123,saliency,index_tiebreak_v1,0.1,192,112,0.86,86,0.09260584314582476,0.09730736727460278,0.08624370421245413,0.8837175299661713,0.511676331640189,0.48939455960296424,0.0,0.88
google__logic10__gcn__seed123,google,logic10,gcn,123,saliency,index_tiebreak_v1,0.2,192,112,0.72,72,0.19549895400079223,0.19966735320286078,0.17776828825935964,0.7424548725132468,0.5470227616104716,0.4930890864044059,0.0,0.7391304347826086
google__logic10__gcn__seed123,google,logic10,gcn,123,saliency,include_all_exact_ties_v2,0.05,192,112,0.93,93,0.04454938358890564,0.04949990491746047,0.036006181318681336,0.9587258354342006,0.49795335134101626,0.4893666541673475,0.003757993645416005,0.9565217391304348
google__logic10__gcn__seed123,google,logic10,gcn,123,saliency,include_all_exact_ties_v2,0.1,192,112,0.86,86,0.09260584314582476,0.09730736727460278,0.08481284340659333,0.8881680791425717,0.5099674042971486,0.4884275857658945,0.004450549176400329,0.88
google__logic10__gcn__seed123,google,logic10,gcn,123,saliency,include_all_exact_ties_v2,0.2,192,112,0.72,72,0.1934629691523074,0.1976419174986686,0.17687543111650247,0.746236680708406,0.5450327812391059,0.4915630129566854,0.003781808195159348,0.75
google__logic10__gcn__seed2026,google,logic10,gcn,2026,atom_occlusion,index_tiebreak_v1,0.05,192,112,0.6900000000000001,69,0.04308354746084525,0.04804166379524498,0.05006968477950617,0.7136361104766599,0.6564368856516966,0.6338840077268179,0.0,0.7142857142857143
google__logic10__gcn__seed2026,google,logic10,gcn,2026,atom_occlusion,index_tiebreak_v1,0.1,192,112,0.58,58,0.09240832271622712,0.09711087026692017,0.10349516554873688,0.6043412180825836,0.7276448501894928,0.6720450126437518,0.0,0.6
google__logic10__gcn__seed2026,google,logic10,gcn,2026,atom_occlusion,index_tiebreak_v1,0.2,192,112,0.46,46,0.19186626707306853,0.196053488487198,0.1902979089363018,0.4875469047855013,0.8099025974025972,0.6822291810080676,0.0,0.48
google__logic10__gcn__seed2026,google,logic10,gcn,2026,atom_occlusion,include_all_exact_ties_v2,0.05,192,112,0.6900000000000001,69,0.04156839594569373,0.04653436280607871,0.04951164906522045,0.714041954632504,0.6565025369122008,0.6343800394728497,0.00040584415584415587,0.7142857142857143
google__logic10__gcn__seed2026,google,logic10,gcn,2026,atom_occlusion,include_all_exact_ties_v2,0.1,192,112,0.58,58,0.09240832271622712,0.09711087026692017,0.10046460236192369,0.6071938748969108,0.7271172527868954,0.6740755123436318,0.002852656814327295,0.6
google__logic10__gcn__seed2026,google,logic10,gcn,2026,atom_occlusion,include_all_exact_ties_v2,0.2,192,112,0.46,46,0.18853593854742753,0.19274041554977273,0.18603966717806003,0.48984621326687494,0.8108790019504305,0.6856965469754336,0.0022993084813736986,0.48
google__logic10__gcn__seed2026,google,logic10,gcn,2026,saliency,index_tiebreak_v1,0.05,192,112,0.92,92,0.038876266197038246,0.04385618191622455,0.037791895604395616,0.94767584806822,0.5028825369590714,0.49356287702988233,0.0,0.9523809523809523
google__logic10__gcn__seed2026,google,logic10,gcn,2026,saliency,index_tiebreak_v1,0.1,192,112,0.85,85,0.0893756242906059,0.09409388530464413,0.08335336538461535,0.8724292646600486,0.5202208420250077,0.4989330033993083,0.0,0.875
google__logic10__gcn__seed2026,google,logic10,gcn,2026,saliency,index_tiebreak_v1,0.2,192,112,0.7000000000000001,70,0.19221582220203545,0.19640123244969337,0.1669152276295133,0.7269080287757517,0.5655945150496094,0.5114072214030538,0.0,0.7247474747474747
google__logic10__gcn__seed2026,google,logic10,gcn,2026,saliency,include_all_exact_ties_v2,0.05,192,112,0.92,92,0.0384027813485534,0.043385150357110096,0.036212225274725285,0.9518180238952806,0.5015375669795394,0.4926411445271592,0.004142175827060593,0.9523809523809523
google__logic10__gcn__seed2026,google,logic10,gcn,2026,saliency,include_all_exact_ties_v2,0.1,192,112,0.84,84,0.09490619036804697,0.09959579559930055,0.08815247252747248,0.865147228471141,0.5214690461511557,0.4986088968416761,0.00343369544787612,0.8636363636363636
google__logic10__gcn__seed2026,google,logic10,gcn,2026,saliency,include_all_exact_ties_v2,0.2,192,112,0.6900000000000001,69,0.194158196191744,0.19833354232546557,0.17129834451263018,0.7184743011877268,0.5683467887829895,0.5118451736972093,0.004838190711067035,0.7142857142857143
google__logic10__gcn__seed42,google,logic10,gcn,42,atom_occlusion,index_tiebreak_v1,0.05,192,112,0.73,73,0.040875192345780575,0.045844750934662504,0.03650657378335951,0.7549440500024239,0.629417657597943,0.6144053233795053,0.0,0.75
google__logic10__gcn__seed42,google,logic10,gcn,42,atom_occlusion,index_tiebreak_v1,0.1,192,112,0.62,62,0.08873049523325256,0.09345209888489371,0.09878763349745487,0.6443736474042657,0.685851883731348,0.6374866609093031,0.0,0.64
google__logic10__gcn__seed42,google,logic10,gcn,42,atom_occlusion,index_tiebreak_v1,0.2,192,112,0.51,51,0.1858886726189116,0.19010686602503143,0.19323403530992816,0.5352281995744245,0.7343239102167674,0.62753539571423,0.0,0.5294117647058824
google__logic10__gcn__seed42,google,logic10,gcn,42,atom_occlusion,include_all_exact_ties_v2,0.05,192,112,0.72,72,0.04479919802759876,0.04974842498082361,0.03948807888540031,0.7424548725132468,0.6376716909082983,0.6206564549049901,0.0,0.7391304347826086
google__logic10__gcn__seed42,google,logic10,gcn,42,atom_occlusion,include_all_exact_ties_v2,0.1,192,112,0.61,61,0.09486030292556029,0.09955014591558327,0.10371551811283948,0.6364788196647176,0.6901502099965862,0.6387540399471652,0.001557029926595144,0.6363636363636364
google__logic10__gcn__seed42,google,logic10,gcn,42,atom_occlusion,include_all_exact_ties_v2,0.2,192,112,0.51,51,0.18172200595224494,0.18596178830482418,0.18902485163645877,0.537789626242994,0.7350964511678796,0.6310904344255185,0.0025614266685695256,0.5339366515837104
google__logic10__gcn__seed42,google,logic10,gcn,42,saliency,index_tiebreak_v1,0.05,192,112,0.96,96,0.011152844551282048,0.016276404942208056,0.006249999999999999,0.9953571428571425,0.49472806848291756,0.49379056848291764,0.0,1.0
google__logic10__gcn__seed42,google,logic10,gcn,42,saliency,index_tiebreak_v1,0.1,192,112,0.91,91,0.08728366753412707,0.0920127677023439,0.07502430605109169,0.9336198180475165,0.49160354949122553,0.47478015014500885,0.0,0.9375
google__logic10__gcn__seed42,google,logic10,gcn,42,saliency,index_tiebreak_v1,0.2,192,112,0.81,81,0.17688528621433033,0.1811501292909403,0.15702794229579936,0.8360362351772489,0.5003476883024096,0.4596388063637999,0.0,0.8333333333333334
google__logic10__gcn__seed42,google,logic10,gcn,42,saliency,include_all_exact_ties_v2,0.05,192,112,0.96,96,0.011152844551282048,0.016276404942208056,0.006249999999999999,0.9957142857142854,0.4945792589591081,0.4936417589591081,0.00035714285714285714,1.0
google__logic10__gcn__seed42,google,logic10,gcn,42,saliency,include_all_exact_ties_v2,0.1,192,112,0.91,91,0.08538972814018768,0.09012864146588606,0.07413144890823455,0.9352949881155438,0.49120571873420876,0.4745736459186043,0.001675170068027211,0.9393382352941176
google__logic10__gcn__seed42,google,logic10,gcn,42,saliency,include_all_exact_ties_v2,0.2,192,112,0.8,80,0.19434248392198758,0.1985168751970034,0.16429957691118394,0.8251848717399103,0.5027911711780161,0.4601271424955275,0.003804248807559915,0.8260869565217391
google__logic10__gin__seed123,google,logic10,gin,123,atom_occlusion,index_tiebreak_v1,0.05,192,112,0.73,73,0.04183559113476392,0.046800173564117434,0.030980998168498173,0.7549440500024239,0.6331029660668097,0.6198169772908552,0.0,0.75
google__logic10__gin__seed123,google,logic10,gin,123,atom_occlusion,index_tiebreak_v1,0.1,192,112,0.58,58,0.09166316433090328,0.09636957280587265,0.09337897965130097,0.6043412180825836,0.7359403493332063,0.6819221416713538,0.0,0.6
google__logic10__gin__seed123,google,logic10,gin,123,atom_occlusion,index_tiebreak_v1,0.2,192,112,0.44,44,0.19271957532527387,0.1969023754531224,0.1976343225227153,0.46307856062965724,0.8447375541125535,0.6977006995980207,0.0,0.4583333333333333
google__logic10__gin__seed123,google,logic10,gin,123,atom_occlusion,include_all_exact_ties_v2,0.05,192,112,0.73,73,0.04183559113476392,0.046800173564117434,0.030088141025641033,0.755332248760188,0.6333363927708247,0.6203130090368869,0.00038819875776397513,0.75
google__logic10__gin__seed123,google,logic10,gin,123,atom_occlusion,include_all_exact_ties_v2,0.1,192,112,0.58,58,0.09166316433090328,0.09636957280587265,0.09337897965130097,0.605582591443522,0.7346445469213325,0.6808228317550794,0.0012413733609385783,0.6
google__logic10__gin__seed123,google,logic10,gin,123,atom_occlusion,include_all_exact_ties_v2,0.2,192,112,0.44,44,0.19115707532527385,0.19534797130804468,0.19674146537985818,0.46424152581573175,0.8438694985569979,0.6981200718923929,0.0011629651860744297,0.4583333333333333
google__logic10__gin__seed123,google,logic10,gin,123,saliency,index_tiebreak_v1,0.05,192,112,0.92,92,0.03858347449799655,0.04356490727261829,0.0331816620879121,0.94767584806822,0.5054392464667771,0.4972165552813993,0.0,0.9523809523809523
google__logic10__gin__seed123,google,logic10,gin,123,saliency,index_tiebreak_v1,0.1,192,112,0.85,85,0.08765850673019789,0.0923856647264144,0.1012090587983444,0.8724292646600486,0.5104820476835072,0.48472744498477077,0.0,0.875
google__logic10__gin__seed123,google,logic10,gin,123,saliency,index_tiebreak_v1,0.2,192,112,0.7000000000000001,70,0.19115685512744338,0.19534775225113554,0.2014367700751629,0.7269080287757517,0.5433755232862374,0.4807892409202666,0.0,0.7247474747474747
google__logic10__gin__seed123,google,logic10,gin,123,saliency,include_all_exact_ties_v2,0.05,192,112,0.92,92,0.037347152949175004,0.04233499153493055,0.0331816620879121,0.9510414612766127,0.5036307949900073,0.49540810380462946,0.0033656132083927114,0.9523809523809523
google__logic10__gin__seed123,google,logic10,gin,123,saliency,include_all_exact_ties_v2,0.1,192,112,0.84,84,0.09401979590398707,0.09871399385267102,0.10766510275438831,0.864059639944294,0.5118763753507783,0.4839359785726311,0.002346106921029281,0.8636363636363636
google__logic10__gin__seed123,google,logic10,gin,123,saliency,include_all_exact_ties_v2,0.2,192,112,0.7000000000000001,70,0.1885526884607767,0.19275707867600606,0.19717852831692115,0.7311786559229315,0.5432195867090546,0.48251868269697734,0.004270627147179942,0.7272727272727273
google__logic10__gin__seed2026,google,logic10,gin,2026,atom_occlusion,index_tiebreak_v1,0.05,192,112,0.6900000000000001,69,0.04501671480072215,0.04996481472403444,0.04653690803244372,0.7136361104766599,0.6583302712110486,0.6374742640661345,0.0,0.7142857142857143
google__logic10__gin__seed2026,google,logic10,gin,2026,atom_occlusion,index_tiebreak_v1,0.1,192,112,0.58,58,0.0911074772517787,0.09581676493441192,0.09949734045716181,0.6043412180825836,0.7303736689897401,0.6760816986284143,0.0,0.6
google__logic10__gin__seed2026,google,logic10,gin,2026,atom_occlusion,index_tiebreak_v1,0.2,192,112,0.46,46,0.18206849318981674,0.186306480271735,0.18882021995861278,0.4875469047855013,0.8098694212533498,0.6843086965263959,0.0,0.48
google__logic10__gin__seed2026,google,logic10,gin,2026,atom_occlusion,include_all_exact_ties_v2,0.05,192,112,0.6900000000000001,69,0.04350156328557062,0.048457513734868174,0.04653690803244372,0.7147904472113538,0.6574053946814894,0.6365493875365754,0.0011543367346938775,0.7142857142857143
google__logic10__gin__seed2026,google,logic10,gin,2026,atom_occlusion,include_all_exact_ties_v2,0.1,192,112,0.5700000000000001,57,0.09385960793359689,0.09855463587176475,0.10664019760001894,0.5942593169010582,0.7372036445697157,0.6779580217100944,0.0009948979591836735,0.5909090909090909
google__logic10__gin__seed2026,google,logic10,gin,2026,atom_occlusion,include_all_exact_ties_v2,0.2,192,112,0.46,46,0.17946432652315006,0.18371580669660548,0.1838751650135578,0.490163864365776,0.8107843049807336,0.688485769453469,0.0026169595802747977,0.48
google__logic10__gin__seed2026,google,logic10,gin,2026,saliency,index_tiebreak_v1,0.05,192,112,0.88,88,0.044840276825570936,0.04978929093528294,0.03749713827838829,0.9043177969998624,0.5266638906590116,0.5162753778013954,0.0,0.9069264069264069
google__logic10__gin__seed2026,google,logic10,gin,2026,saliency,index_tiebreak_v1,0.1,192,112,0.81,81,0.08088673904390815,0.08564898391932818,0.07937189298796435,0.8360362351772489,0.5449692991384997,0.5217419452842319,0.0,0.8333333333333334
google__logic10__gin__seed2026,google,logic10,gin,2026,saliency,index_tiebreak_v1,0.2,192,112,0.6900000000000001,69,0.19037815823201854,0.19457309005465068,0.18509284614195334,0.7136361104766599,0.5647030607114641,0.5032874747402334,0.0,0.7142857142857143
google__logic10__gin__seed2026,google,logic10,gin,2026,saliency,include_all_exact_ties_v2,0.05,192,112,0.88,88,0.044439635799929905,0.04939072576987841,0.03749713827838829,0.9080158633649564,0.52460268591569,0.5142708045623501,0.0036980663650939883,0.9090909090909091
google__logic10__gin__seed2026,google,logic10,gin,2026,saliency,include_all_exact_ties_v2,0.1,192,112,0.8,80,0.0943441532595944,0.09903667060021822,0.08959292195899331,0.8245491724667888,0.5464197971008425,0.5202455857191521,0.0031685495344382815,0.8260869565217391
google__logic10__gin__seed2026,google,logic10,gin,2026,saliency,include_all_exact_ties_v2,0.2,192,112,0.6900000000000001,69,0.1877273006983485,0.1919359675341085,0.18295514009799727,0.7160720603350722,0.5644825339042501,0.504281622399297,0.0024359498584122646,0.7142857142857143
google__logic10__gin__seed42,google,logic10,gin,42,atom_occlusion,index_tiebreak_v1,0.05,192,112,0.8300000000000001,83,0.04450567431955299,0.04945642212100604,0.04443108974358974,0.8516688901661219,0.5544071705636004,0.5408720290212253,0.0,0.85
google__logic10__gin__seed42,google,logic10,gin,42,atom_occlusion,index_tiebreak_v1,0.1,192,112,0.6900000000000001,69,0.09079490940704175,0.09550581661218653,0.10108273423005555,0.7136361104766599,0.6207802191389374,0.5804885925432005,0.0,0.7142857142857143
google__logic10__gin__seed42,google,logic10,gin,42,atom_occlusion,index_tiebreak_v1,0.2,192,112,0.51,51,0.19120354004315399,0.19539419527609123,0.2081736344013129,0.5352281995744245,0.7242679443572299,0.6113117358110589,0.0,0.5294117647058824
google__logic10__gin__seed42,google,logic10,gin,42,atom_occlusion,include_all_exact_ties_v2,0.05,192,112,0.8300000000000001,83,0.04450567431955299,0.04945642212100604,0.04368704212454212,0.8527551996899313,0.5542351699451713,0.5408930354475112,0.001086309523809524,0.85
google__logic10__gin__seed42,google,logic10,gin,42,atom_occlusion,include_all_exact_ties_v2,0.1,192,112,0.6900000000000001,69,0.09027407607370841,0.09498768189716063,0.10108273423005555,0.7149293361002427,0.6197903279901702,0.5796605804172976,0.0012932256235827662,0.7142857142857143
google__logic10__gin__seed42,google,logic10,gin,42,atom_occlusion,include_all_exact_ties_v2,0.2,192,112,0.51,51,0.19068270670982068,0.19487606056106535,0.20692878550021399,0.5364119116956365,0.7241125937554507,0.6121031982293594,0.0011837121212121212,0.5294117647058824
google__logic10__gin__seed42,google,logic10,gin,42,saliency,index_tiebreak_v1,0.05,192,112,0.88,88,0.03934944752959458,0.04432691153203187,0.03251447213500786,0.9043177969998624,0.5297301787464462,0.5210766316502703,0.0,0.9069264069264069
google__logic10__gin__seed42,google,logic10,gin,42,saliency,index_tiebreak_v1,0.1,192,112,0.74,74,0.0912297257311044,0.09593838000192759,0.09230583404690539,0.7666308757624759,0.5847290574385197,0.5519726730021539,0.0,0.7619047619047619
google__logic10__gin__seed42,google,logic10,gin,42,saliency,index_tiebreak_v1,0.2,192,112,0.56,56,0.19542355409772685,0.19959234397286832,0.1897141177275106,0.584602734159266,0.6829967899164326,0.5926093252753193,0.0,0.5833333333333334
google__logic10__gin__seed42,google,logic10,gin,42,saliency,include_all_exact_ties_v2,0.05,192,112,0.87,87,0.04439024007038712,0.049341585976758105,0.034780955651491384,0.8978352533244974,0.5318436492343225,0.5222763683145776,0.002260015848444641,0.9
google__logic10__gin__seed42,google,logic10,gin,42,saliency,include_all_exact_ties_v2,0.1,192,112,0.74,74,0.09090420489777107,0.0956145458050364,0.08996208404690541,0.7712037354087267,0.5829642202620836,0.5513908558454668,0.004572859646250845,0.770979020979021
google__logic10__gin__seed42,google,logic10,gin,42,saliency,include_all_exact_ties_v2,0.2,192,112,0.56,56,0.19425167909772686,0.19842654086406003,0.18545587596926885,0.5891418288886802,0.681434810229453,0.5936681783037102,0.004539094729414279,0.5833333333333334
google__logic7__gcn__seed123,google,logic7,gcn,123,atom_occlusion,index_tiebreak_v1,0.05,66,47,0.43,43,0.03461399711399711,0.0490227434257285,0.012234042553191488,0.4551702084637703,0.42405207086058144,0.4204599183322587,0.0,0.45454545454545453
google__logic7__gcn__seed123,google,logic7,gcn,123,atom_occlusion,index_tiebreak_v1,0.1,66,47,0.31,31,0.08605699855699855,0.09969793887704337,0.06957953394123607,0.3289956385246981,0.5464285714285714,0.5214070799177183,0.0,0.32
google__logic7__gcn__seed123,google,logic7,gcn,123,atom_occlusion,index_tiebreak_v1,0.2,66,47,0.23,23,0.186525974025974,0.19866737739872067,0.20509118541033436,0.256416662987491,0.5819148936170213,0.5119323938472873,0.0,0.25
google__logic7__gcn__seed123,google,logic7,gcn,123,atom_occlusion,include_all_exact_ties_v2,0.05,66,47,0.41000000000000003,41,0.03272005772005772,0.04715707178393745,0.01527355623100304,0.4423196566314249,0.435650578735685,0.4302573903637733,0.0037918834172303182,0.44
google__logic7__gcn__seed123,google,logic7,gcn,123,atom_occlusion,include_all_exact_ties_v2,0.1,66,47,0.31,31,0.08605699855699855,0.09969793887704337,0.06957953394123607,0.3289956385246981,0.5464285714285714,0.5214070799177183,0.0,0.32
google__logic7__gcn__seed123,google,logic7,gcn,123,atom_occlusion,include_all_exact_ties_v2,0.2,66,47,0.22,22,0.18374819624819624,0.1959310589907605,0.2034954407294833,0.25120143681761753,0.5979736575481257,0.5275444413742285,0.008324425667650754,0.25
google__logic7__gcn__seed123,google,logic7,gcn,123,saliency,index_tiebreak_v1,0.05,66,47,0.97,97,0.0,0.014925373134328358,0.0,1.0,0.19681660005157914,0.19681660005157914,0.0,1.0
google__logic7__gcn__seed123,google,logic7,gcn,123,saliency,index_tiebreak_v1,0.1,66,47,0.96,96,0.051515151515151514,0.06567164179104477,0.02801418439716312,0.9948936170212767,0.19252581990973516,0.19171021707285574,0.0,1.0
google__logic7__gcn__seed123,google,logic7,gcn,123,saliency,index_tiebreak_v1,0.2,66,47,0.96,96,0.051515151515151514,0.06567164179104477,0.02801418439716312,0.9948936170212767,0.19252581990973516,0.19171021707285574,0.0,1.0
google__logic7__gcn__seed123,google,logic7,gcn,123,saliency,include_all_exact_ties_v2,0.05,66,47,0.97,97,0.0,0.014925373134328358,0.0,1.0,0.19681660005157914,0.19681660005157914,0.0,1.0
google__logic7__gcn__seed123,google,logic7,gcn,123,saliency,include_all_exact_ties_v2,0.1,66,47,0.96,96,0.045454545454545456,0.05970149253731343,0.020212765957446806,0.9965957446808511,0.19390879863313942,0.19341234473243019,0.001702127659574468,1.0
google__logic7__gcn__seed123,google,logic7,gcn,123,saliency,include_all_exact_ties_v2,0.2,66,47,0.9400000000000001,94,0.1845959595959596,0.19676616915422884,0.1725430597771023,0.9718677888853136,0.17245028603943355,0.16868438893689278,0.014517168162184957,0.9583333333333334
google__logic7__gcn__seed2026,google,logic7,gcn,2026,atom_occlusion,index_tiebreak_v1,0.05,66,47,0.51,51,0.02893217893217893,0.04342572850035537,0.005319148936170213,0.5366178184953946,0.3633441617484171,0.36203483277951365,0.0,0.5416666666666666
google__logic7__gcn__seed2026,google,logic7,gcn,2026,atom_occlusion,index_tiebreak_v1,0.1,66,47,0.37,37,0.08515512265512265,0.09880952380952382,0.054305977710233024,0.39782984641081,0.4638129010469436,0.4494719228761783,0.0,0.4
google__logic7__gcn__seed2026,google,logic7,gcn,2026,atom_occlusion,index_tiebreak_v1,0.2,66,47,0.28,28,0.1762806637806638,0.18857498223169866,0.14265450861195542,0.30683199971117087,0.5329787234042552,0.49027662644683917,0.0,0.3125
google__logic7__gcn__seed2026,google,logic7,gcn,2026,atom_occlusion,include_all_exact_ties_v2,0.05,66,47,0.46,46,0.0312049062049062,0.045664534470504614,0.012411347517730495,0.489789107911532,0.39489116084860765,0.39200751966709413,0.0,0.5
google__logic7__gcn__seed2026,google,logic7,gcn,2026,atom_occlusion,include_all_exact_ties_v2,0.1,66,47,0.37,37,0.08515512265512265,0.09880952380952382,0.050050658561296854,0.39915963364485263,0.46482607227288086,0.45251143655398984,0.0013297872340425532,0.4
google__logic7__gcn__seed2026,google,logic7,gcn,2026,atom_occlusion,include_all_exact_ties_v2,0.2,66,47,0.28,28,0.1762806637806638,0.18857498223169866,0.1341438703140831,0.309491574179256,0.5354103343465045,0.4963556538024622,0.0026595744680851063,0.3157894736842105
google__logic7__gcn__seed2026,google,logic7,gcn,2026,saliency,index_tiebreak_v1,0.05,66,47,0.97,97,0.0,0.014925373134328358,0.0,1.0,0.19681660005157914,0.19681660005157914,0.0,1.0
google__logic7__gcn__seed2026,google,logic7,gcn,2026,saliency,index_tiebreak_v1,0.1,66,47,0.96,96,0.051515151515151514,0.06567164179104477,0.016666666666666663,0.9948936170212767,0.1942988695551252,0.1936960326756926,0.0,1.0
google__logic7__gcn__seed2026,google,logic7,gcn,2026,saliency,index_tiebreak_v1,0.2,66,47,0.96,96,0.051515151515151514,0.06567164179104477,0.016666666666666663,0.9948936170212767,0.1942988695551252,0.1936960326756926,0.0,1.0
google__logic7__gcn__seed2026,google,logic7,gcn,2026,saliency,include_all_exact_ties_v2,0.05,66,47,0.97,97,0.0,0.014925373134328358,0.0,1.0,0.19681660005157914,0.19681660005157914,0.0,1.0
google__logic7__gcn__seed2026,google,logic7,gcn,2026,saliency,include_all_exact_ties_v2,0.1,66,47,0.96,96,0.045454545454545456,0.05970149253731343,0.013120567375886523,0.9957446808510639,0.19497262842037344,0.19454709650547988,0.000851063829787234,1.0
google__logic7__gcn__seed2026,google,logic7,gcn,2026,saliency,include_all_exact_ties_v2,0.2,66,47,0.92,92,0.18484848484848487,0.19701492537313434,0.16988348530901717,0.9607993537743253,0.17391839163103592,0.16983434534532452,0.012734447336910941,0.9545454545454546
google__logic7__gcn__seed42,google,logic7,gcn,42,atom_occlusion,index_tiebreak_v1,0.05,66,47,0.35000000000000003,35,0.03537157287157287,0.04976901208244492,0.016869300911854103,0.373053027814085,0.5136946977372511,0.5052899818857266,0.0,0.3684210526315789
google__logic7__gcn__seed42,google,logic7,gcn,42,atom_occlusion,index_tiebreak_v1,0.1,66,47,0.27,27,0.08571428571428572,0.09936034115138594,0.06266464032421479,0.2881859648949233,0.6278115501519759,0.60171701820638,0.0,0.2857142857142857
google__logic7__gcn__seed42,google,logic7,gcn,42,atom_occlusion,index_tiebreak_v1,0.2,66,47,0.18,18,0.18003246753246752,0.1922707889125799,0.1770516717325228,0.19729986502167401,0.7851063829787235,0.6701198919284027,0.0,0.2
google__logic7__gcn__seed42,google,logic7,gcn,42,atom_occlusion,include_all_exact_ties_v2,0.05,66,47,0.35000000000000003,35,0.03537157287157287,0.04976901208244492,0.016869300911854103,0.3740201458024795,0.5125126646403244,0.5041079487887999,0.0009671179883945841,0.3684210526315789
google__logic7__gcn__seed42,google,logic7,gcn,42,atom_occlusion,include_all_exact_ties_v2,0.1,66,47,0.27,27,0.08268398268398269,0.09637526652452026,0.06266464032421479,0.2881859648949233,0.6278115501519759,0.60171701820638,0.0,0.2857142857142857
google__logic7__gcn__seed42,google,logic7,gcn,42,atom_occlusion,include_all_exact_ties_v2,0.2,66,47,0.18,18,0.17510822510822507,0.1874200426439232,0.1770516717325228,0.19916410007739846,0.7780141843971633,0.6643448159405607,0.0018642350557244176,0.2
google__logic7__gcn__seed42,google,logic7,gcn,42,saliency,index_tiebreak_v1,0.05,66,47,0.97,97,0.0,0.014925373134328358,0.0,1.0,0.19681660005157914,0.19681660005157914,0.0,1.0
google__logic7__gcn__seed42,google,logic7,gcn,42,saliency,index_tiebreak_v1,0.1,66,47,0.96,96,0.04141414141414142,0.05572139303482587,0.02801418439716312,0.9948936170212767,0.19252581990973516,0.19171021707285574,0.0,1.0
google__logic7__gcn__seed42,google,logic7,gcn,42,saliency,index_tiebreak_v1,0.2,66,47,0.93,93,0.18681457431457427,0.19895167022032684,0.20428064842958457,0.9546910462550433,0.1665108426744826,0.16030876219225212,0.0,0.9545454545454546
google__logic7__gcn__seed42,google,logic7,gcn,42,saliency,include_all_exact_ties_v2,0.05,66,47,0.97,97,0.0,0.014925373134328358,0.0,1.0,0.19681660005157914,0.19681660005157914,0.0,1.0
google__logic7__gcn__seed42,google,logic7,gcn,42,saliency,include_all_exact_ties_v2,0.1,66,47,0.96,96,0.03838383838383838,0.0527363184079602,0.02801418439716312,0.9948936170212767,0.19252581990973516,0.19171021707285574,0.0,1.0
google__logic7__gcn__seed42,google,logic7,gcn,42,saliency,include_all_exact_ties_v2,0.2,66,47,0.93,93,0.1634379509379509,0.1759239516702203,0.19151469098277607,0.9594836127777331,0.16912953479485449,0.16388552324381722,0.004792566522689703,0.9545454545454546
google__logic7__gin__seed123,google,logic7,gin,123,atom_occlusion,index_tiebreak_v1,0.05,66,47,0.8,80,0.026046176046176046,0.04058280028429283,0.03655015197568389,0.8178888897732962,0.23033296573000805,0.22809542949932252,0.0,0.8181818181818182
google__logic7__gin__seed123,google,logic7,gin,123,atom_occlusion,index_tiebreak_v1,0.1,66,47,0.6900000000000001,69,0.08430735930735932,0.09797441364605544,0.08282674772036475,0.717833072059164,0.24761432941971112,0.24329869312413283,0.0,0.72
google__logic7__gin__seed123,google,logic7,gin,123,atom_occlusion,index_tiebreak_v1,0.2,66,47,0.49,49,0.18737373737373736,0.19950248756218905,0.18725937183383995,0.510210892088468,0.30274453678709007,0.28549718602910096,0.0,0.5
google__logic7__gin__seed123,google,logic7,gin,123,atom_occlusion,include_all_exact_ties_v2,0.05,66,47,0.8,80,0.026046176046176046,0.04058280028429283,0.02963525835866261,0.8207643137634288,0.23165024516137747,0.23008020997366233,0.0028754239901325933,0.8181818181818182
google__logic7__gin__seed123,google,logic7,gin,123,atom_occlusion,include_all_exact_ties_v2,0.1,66,47,0.67,67,0.08037518037518039,0.09410092395167023,0.09984802431610941,0.6940190641186165,0.2495605093696458,0.24345131928212746,0.000851063829787234,0.6875
google__logic7__gin__seed123,google,logic7,gin,123,atom_occlusion,include_all_exact_ties_v2,0.2,66,47,0.49,49,0.17698412698412694,0.1892679459843639,0.17874873353596757,0.513921261275248,0.3040765381190914,0.28752352848097534,0.0037103691867799173,0.5
google__logic7__gin__seed123,google,logic7,gin,123,saliency,index_tiebreak_v1,0.05,66,47,0.96,96,0.009090909090909089,0.02388059701492537,0.010638297872340425,0.9948936170212767,0.1960719192005153,0.1958236922501607,0.0,1.0
google__logic7__gin__seed123,google,logic7,gin,123,saliency,index_tiebreak_v1,0.1,66,47,0.9400000000000001,94,0.08324314574314574,0.09692608386638238,0.06524822695035462,0.9573506207231284,0.1930927265954531,0.1913282691220359,0.0,0.9545454545454546
google__logic7__gin__seed123,google,logic7,gin,123,saliency,index_tiebreak_v1,0.2,66,47,0.88,88,0.18315295815295812,0.19534470504619755,0.1296099290780142,0.9054155271605432,0.18910587652106653,0.1844463873135654,0.0,0.9090909090909091
google__logic7__gin__seed123,google,logic7,gin,123,saliency,include_all_exact_ties_v2,0.05,66,47,0.96,96,0.009090909090909089,0.02388059701492537,0.010638297872340425,0.9948936170212767,0.1960719192005153,0.1958236922501607,0.0,1.0
google__logic7__gin__seed123,google,logic7,gin,123,saliency,include_all_exact_ties_v2,0.1,66,47,0.93,93,0.08513708513708515,0.09879175550817342,0.06524822695035462,0.9617890014912968,0.1919064052079291,0.1899715507556043,0.007097955236253109,0.9545454545454546
google__logic7__gin__seed123,google,logic7,gin,123,saliency,include_all_exact_ties_v2,0.2,66,47,0.88,88,0.17633477633477632,0.1886282871357498,0.10833333333333332,0.9134646082140307,0.19283914021311022,0.18921687129128928,0.008049081053487306,0.9090909090909091
google__logic7__gin__seed2026,google,logic7,gin,2026,atom_occlusion,index_tiebreak_v1,0.05,66,47,0.96,96,0.012373737373737372,0.027114427860696514,0.004255319148936169,0.9948936170212767,0.19695844402321033,0.19681660005157914,0.0,1.0
google__logic7__gin__seed2026,google,logic7,gin,2026,atom_occlusion,index_tiebreak_v1,0.1,66,47,0.88,88,0.07373737373737374,0.08756218905472636,0.08865248226950355,0.9054155271605432,0.20028283568234823,0.19803473316066286,0.0,0.9090909090909091
google__logic7__gin__seed2026,google,logic7,gin,2026,atom_occlusion,index_tiebreak_v1,0.2,66,47,0.77,77,0.18508297258297257,0.19724591329068944,0.17945795339412363,0.7904120475963715,0.20598326928690533,0.19861312943619772,0.0,0.7916666666666666
google__logic7__gin__seed2026,google,logic7,gin,2026,atom_occlusion,include_all_exact_ties_v2,0.05,66,47,0.96,96,0.012373737373737372,0.027114427860696514,0.004255319148936169,0.9948936170212767,0.19695844402321033,0.19681660005157914,0.0,1.0
google__logic7__gin__seed2026,google,logic7,gin,2026,atom_occlusion,include_all_exact_ties_v2,0.1,66,47,0.87,87,0.08095238095238096,0.09466950959488274,0.09556737588652484,0.898323328578983,0.200420995394976,0.19765829800161902,0.0,0.9047619047619048
google__logic7__gin__seed2026,google,logic7,gin,2026,atom_occlusion,include_all_exact_ties_v2,0.2,66,47,0.77,77,0.18508297258297257,0.19724591329068944,0.17945795339412363,0.7904120475963715,0.20598326928690533,0.19861312943619772,0.0,0.7916666666666666
google__logic7__gin__seed2026,google,logic7,gin,2026,saliency,index_tiebreak_v1,0.05,66,47,0.96,96,0.017424242424242422,0.03208955223880597,0.014893617021276595,0.9948936170212767,0.19518539437782023,0.19479532345583447,0.0,1.0
google__logic7__gin__seed2026,google,logic7,gin,2026,saliency,index_tiebreak_v1,0.1,66,47,0.92,92,0.08349567099567098,0.09717484008528786,0.09822695035460995,0.9480649064374141,0.19102909873395282,0.1889031604475394,0.0,0.9545454545454546
google__logic7__gin__seed2026,google,logic7,gin,2026,saliency,index_tiebreak_v1,0.2,66,47,0.85,85,0.17242063492063492,0.184772565742715,0.21015704154002024,0.868304226496976,0.18263687435678735,0.17645557244487398,0.0,0.8636363636363636
google__logic7__gin__seed2026,google,logic7,gin,2026,saliency,include_all_exact_ties_v2,0.05,66,47,0.96,96,0.017424242424242422,0.03208955223880597,0.014893617021276595,0.9948936170212767,0.19518539437782023,0.19479532345583447,0.0,1.0
google__logic7__gin__seed2026,google,logic7,gin,2026,saliency,include_all_exact_ties_v2,0.1,66,47,0.92,92,0.08349567099567098,0.09717484008528786,0.09822695035460995,0.9549394534137189,0.18959300703299914,0.1874670687465857,0.006874546976304607,0.9545454545454546
google__logic7__gin__seed2026,google,logic7,gin,2026,saliency,include_all_exact_ties_v2,0.2,66,47,0.85,85,0.17242063492063492,0.184772565742715,0.21015704154002024,0.8702845157113079,0.18216406111801667,0.1759827592061033,0.0019802892143317677,0.8695652173913043
google__logic7__gin__seed42,google,logic7,gin,42,atom_occlusion,index_tiebreak_v1,0.05,66,47,0.93,93,0.025757575757575757,0.04029850746268657,0.04080547112462006,0.9546910462550433,0.197935048003211,0.19654552838519923,0.0,0.9545454545454546
google__logic7__gin__seed42,google,logic7,gin,42,atom_occlusion,index_tiebreak_v1,0.1,66,47,0.89,89,0.08412698412698413,0.09779673063255155,0.07963525835866261,0.911773474594836,0.19766182684876815,0.19445178249776676,0.0,0.9090909090909091
google__logic7__gin__seed42,google,logic7,gin,42,atom_occlusion,index_tiebreak_v1,0.2,66,47,0.79,79,0.17628066378066382,0.18857498223169863,0.1892350557244174,0.813456265659821,0.19114740736504784,0.18371168396776066,0.0,0.8181818181818182
google__logic7__gin__seed42,google,logic7,gin,42,atom_occlusion,include_all_exact_ties_v2,0.05,66,47,0.93,93,0.025757575757575757,0.04029850746268657,0.04080547112462006,0.9546910462550433,0.197935048003211,0.19654552838519923,0.0,0.9545454545454546
google__logic7__gin__seed42,google,logic7,gin,42,atom_occlusion,include_all_exact_ties_v2,0.1,66,47,0.89,89,0.08412698412698413,0.09779673063255155,0.07112462006079026,0.9137238292047649,0.19928967355183763,0.19649667270663768,0.0019503546099290782,0.9090909090909091
google__logic7__gin__seed42,google,logic7,gin,42,atom_occlusion,include_all_exact_ties_v2,0.2,66,47,0.78,78,0.18538961038961038,0.19754797441364602,0.18923505572441743,0.8049188174222901,0.19315205631818502,0.18554349782941446,0.0009671179883945841,0.8
google__logic7__gin__seed42,google,logic7,gin,42,saliency,index_tiebreak_v1,0.05,66,47,0.96,96,0.018181818181818184,0.032835820895522394,0.014184397163120567,0.9948936170212767,0.1951853943778203,0.19475986246292668,0.0,1.0
google__logic7__gin__seed42,google,logic7,gin,42,saliency,index_tiebreak_v1,0.1,66,47,0.96,96,0.018181818181818184,0.032835820895522394,0.014184397163120567,0.9948936170212767,0.1951853943778203,0.19475986246292668,0.0,1.0
google__logic7__gin__seed42,google,logic7,gin,42,saliency,index_tiebreak_v1,0.2,66,47,0.9,90,0.18528138528138527,0.19744136460554376,0.14237588652482266,0.915132937080838,0.18535705676571837,0.18105634316969713,0.0,0.9090909090909091
google__logic7__gin__seed42,google,logic7,gin,42,saliency,include_all_exact_ties_v2,0.05,66,47,0.96,96,0.018181818181818184,0.032835820895522394,0.014184397163120567,0.9948936170212767,0.1951853943778203,0.19475986246292668,0.0,1.0
google__logic7__gin__seed42,google,logic7,gin,42,saliency,include_all_exact_ties_v2,0.1,66,47,0.96,96,0.018181818181818184,0.032835820895522394,0.014184397163120567,0.9948936170212767,0.1951853943778203,0.19475986246292668,0.0,1.0
google__logic7__gin__seed42,google,logic7,gin,42,saliency,include_all_exact_ties_v2,0.2,66,47,0.9,90,0.18275613275613278,0.19495380241648902,0.12322695035460994,0.9200468175266334,0.18840630625953667,0.18470198208969213,0.00491388044579534,0.9130434782608695
google__logic8__gcn__seed123,google,logic8,gcn,123,atom_occlusion,index_tiebreak_v1,0.05,269,184,0.71,71,0.045518690314229344,0.049053806276028476,0.04589097496706193,0.7345103773821358,0.3926707656686875,0.384650435064143,0.0,0.7333333333333333
google__logic8__gcn__seed123,google,logic8,gcn,123,atom_occlusion,index_tiebreak_v1,0.1,269,184,0.59,59,0.09399553358661165,0.09735110568443894,0.10046034882991399,0.6105970266924211,0.44083973092125317,0.4191807358588305,0.0,0.6086956521739131
google__logic8__gcn__seed123,google,logic8,gcn,123,atom_occlusion,index_tiebreak_v1,0.2,269,184,0.45,45,0.19216071000457616,0.19515270737492962,0.19932280883367834,0.47004841778042566,0.5055202647593953,0.4516550651267638,0.0,0.474937343358396
google__logic8__gcn__seed123,google,logic8,gcn,123,atom_occlusion,include_all_exact_ties_v2,0.05,269,184,0.71,71,0.045518690314229344,0.049053806276028476,0.04589097496706193,0.7360827345858868,0.3916988324563367,0.3837050628194287,0.0015723572037510659,0.7350877192982456
google__logic8__gcn__seed123,google,logic8,gcn,123,atom_occlusion,include_all_exact_ties_v2,0.1,269,184,0.59,59,0.09399553358661165,0.09735110568443894,0.09991687056904441,0.6137583046079524,0.43894618364727106,0.4178058603790957,0.003161277915531224,0.6086956521739131
google__logic8__gcn__seed123,google,logic8,gcn,123,atom_occlusion,include_all_exact_ties_v2,0.2,269,184,0.45,45,0.19216071000457616,0.19515270737492962,0.19932280883367834,0.47115952198232924,0.5042005850429764,0.4508047379177409,0.0011111042019036246,0.47619047619047616
google__logic8__gcn__seed123,google,logic8,gcn,123,saliency,index_tiebreak_v1,0.05,269,184,0.86,86,0.04634751865235136,0.04987956487956488,0.04631838572055964,0.8816677529892152,0.32852079056060096,0.3232434558959962,0.0,0.88
google__logic8__gcn__seed123,google,logic8,gcn,123,saliency,index_tiebreak_v1,0.1,269,184,0.72,72,0.09471962362296935,0.09807251390584718,0.10289129650542686,0.7399451599908313,0.36521737622281114,0.3513026943713694,0.0,0.7391304347826086
google__logic8__gcn__seed123,google,logic8,gcn,123,saliency,index_tiebreak_v1,0.2,269,184,0.53,53,0.18830844908911823,0.19131471409249193,0.20022644927536232,0.5568200503767443,0.429120381430164,0.3921028777608109,0.0,0.56
google__logic8__gcn__seed123,google,logic8,gcn,123,saliency,include_all_exact_ties_v2,0.05,269,184,0.86,86,0.045882834637481475,0.04941660191660192,0.04631838572055964,0.8878753392487859,0.32623609287477445,0.320978739028584,0.0062075862595711365,0.88
google__logic8__gcn__seed123,google,logic8,gcn,123,saliency,include_all_exact_ties_v2,0.1,269,184,0.72,72,0.09471962362296935,0.09807251390584718,0.10289129650542686,0.7476929576405666,0.3614877849132964,0.34783440368086255,0.007747797649735269,0.75
google__logic8__gcn__seed123,google,logic8,gcn,123,saliency,include_all_exact_ties_v2,0.2,269,184,0.53,53,0.18830844908911823,0.19131471409249193,0.20022644927536232,0.5633791032021146,0.42486358749945713,0.3881655648960684,0.006559052825370341,0.56
google__logic8__gcn__seed2026,google,logic8,gcn,2026,atom_occlusion,index_tiebreak_v1,0.05,269,184,0.84,84,0.04461399814559666,0.04815246481913146,0.038415404040404055,0.8602399673880893,0.3400475579547883,0.3352068718457309,0.0,0.8636363636363636
google__logic8__gcn__seed2026,google,logic8,gcn,2026,atom_occlusion,index_tiebreak_v1,0.1,269,184,0.6900000000000001,69,0.09436500096351397,0.09771920466364903,0.08315040937323541,0.7146994560672671,0.38789249078571325,0.37491506486815135,0.0,0.7142857142857143
google__logic8__gcn__seed2026,google,logic8,gcn,2026,atom_occlusion,index_tiebreak_v1,0.2,269,184,0.48,48,0.19372302625090726,0.19670923726479303,0.17818793525315255,0.5039744192858895,0.48655675544262494,0.4438747731027142,0.0,0.5
google__logic8__gcn__seed2026,google,logic8,gcn,2026,atom_occlusion,include_all_exact_ties_v2,0.05,269,184,0.84,84,0.04461399814559666,0.04815246481913146,0.038415404040404055,0.8625626714525301,0.33923266318230333,0.3343919770732459,0.0023227040644406925,0.8636363636363636
google__logic8__gcn__seed2026,google,logic8,gcn,2026,atom_occlusion,include_all_exact_ties_v2,0.1,269,184,0.6900000000000001,69,0.09436500096351397,0.09771920466364903,0.08315040937323541,0.7164010110911905,0.38707697293097415,0.37415473213093753,0.0017015550239234448,0.7142857142857143
google__logic8__gcn__seed2026,google,logic8,gcn,2026,atom_occlusion,include_all_exact_ties_v2,0.2,269,184,0.48,48,0.19372302625090726,0.19670923726479303,0.17764445699228296,0.5049240946105648,0.48620837194206756,0.4438250040312061,0.0009496753246753246,0.5
google__logic8__gcn__seed2026,google,logic8,gcn,2026,saliency,index_tiebreak_v1,0.05,269,184,0.85,85,0.043580335401896736,0.047122630455963786,0.03945530616726269,0.8710699269022583,0.33447195632865834,0.3293196045653789,0.0,0.875
google__logic8__gcn__seed2026,google,logic8,gcn,2026,saliency,index_tiebreak_v1,0.1,269,184,0.7000000000000001,70,0.09630361377573274,0.09965063742841514,0.09247619831858957,0.7254790474588618,0.37706318484371554,0.364374292764638,0.0,0.72
google__logic8__gcn__seed2026,google,logic8,gcn,2026,saliency,index_tiebreak_v1,0.2,269,184,0.5700000000000001,57,0.18875123224565601,0.19175585731141298,0.18618875086266387,0.5939617684701389,0.41183813167508815,0.38101634613909136,0.0,0.6
google__logic8__gcn__seed2026,google,logic8,gcn,2026,saliency,include_all_exact_ties_v2,0.05,269,184,0.85,85,0.043580335401896736,0.047122630455963786,0.03945530616726269,0.8787086706080602,0.33175741606206743,0.3266535663969617,0.00763874370580171,0.875
google__logic8__gcn__seed2026,google,logic8,gcn,2026,saliency,include_all_exact_ties_v2,0.1,269,184,0.7000000000000001,70,0.09630361377573274,0.09965063742841514,0.09247619831858957,0.7335500953049834,0.3729450254422069,0.3604804994720359,0.008071047846121443,0.7272727272727273
google__logic8__gcn__seed2026,google,logic8,gcn,2026,saliency,include_all_exact_ties_v2,0.2,269,184,0.56,56,0.19687508897546072,0.19984962568295908,0.19064872325741888,0.5928238314900544,0.41031028904670214,0.37886131653378247,0.005079572471710802,0.5909090909090909
google__logic8__gcn__seed42,google,logic8,gcn,42,atom_occlusion,index_tiebreak_v1,0.05,269,184,0.79,79,0.04122012848778648,0.0447711650489428,0.04353139312378444,0.8099775606624956,0.3583520497072961,0.3522100112388174,0.0,0.8
google__logic8__gcn__seed42,google,logic8,gcn,42,atom_occlusion,index_tiebreak_v1,0.1,269,184,0.65,65,0.09302298279993447,0.09638215693771242,0.08659890833803875,0.6711482673910617,0.40892042562439,0.39297351671114994,0.0,0.6666666666666666
google__logic8__gcn__seed42,google,logic8,gcn,42,atom_occlusion,index_tiebreak_v1,0.2,269,184,0.48,48,0.18990282744929585,0.1929031873476317,0.1876380262249827,0.5039744192858895,0.48006187652926785,0.4362914636458349,0.0,0.5
google__logic8__gcn__seed42,google,logic8,gcn,42,atom_occlusion,include_all_exact_ties_v2,0.05,269,184,0.79,79,0.04122012848778648,0.0447711650489428,0.04353139312378444,0.8117286183634589,0.3576254656907757,0.351483427222297,0.0017510577009631828,0.8047619047619048
google__logic8__gcn__seed42,google,logic8,gcn,42,atom_occlusion,include_all_exact_ties_v2,0.1,269,184,0.65,65,0.09302298279993447,0.09638215693771242,0.08659890833803875,0.6725820909204733,0.40800608971165253,0.3920747214349569,0.0014338235294117645,0.6666666666666666
google__logic8__gcn__seed42,google,logic8,gcn,42,atom_occlusion,include_all_exact_ties_v2,0.2,269,184,0.48,48,0.18990282744929585,0.1929031873476317,0.1876380262249827,0.5047495909106033,0.4792453922888706,0.43553262103916623,0.0007751716247139589,0.5
google__logic8__gcn__seed42,google,logic8,gcn,42,saliency,index_tiebreak_v1,0.05,269,184,0.8,80,0.0452432326038274,0.04877936877936879,0.043068495514147695,0.816771038923365,0.35509790104452926,0.3492300850962047,0.0,0.8181818181818182
google__logic8__gcn__seed42,google,logic8,gcn,42,saliency,index_tiebreak_v1,0.1,269,184,0.65,65,0.0910567334359156,0.09442318997874552,0.09215524813350895,0.6711482673910617,0.4070024768674067,0.39145030400250685,0.0,0.6666666666666666
google__logic8__gcn__seed42,google,logic8,gcn,42,saliency,index_tiebreak_v1,0.2,269,184,0.48,48,0.19248644787678243,0.19547723881057227,0.2017772837066314,0.5039744192858895,0.47499411820064025,0.43109566131864735,0.0,0.5
google__logic8__gcn__seed42,google,logic8,gcn,42,saliency,include_all_exact_ties_v2,0.05,269,184,0.8,80,0.0452432326038274,0.04877936877936879,0.043068495514147695,0.8252096749390606,0.35141705062391737,0.3456440029410271,0.00843863601569522,0.8235294117647058
google__logic8__gcn__seed42,google,logic8,gcn,42,saliency,include_all_exact_ties_v2,0.1,269,184,0.65,65,0.0905920494210457,0.09396022701578255,0.09215524813350895,0.675660046754809,0.4045212154107616,0.38910958960536646,0.004511779363747561,0.6666666666666666
google__logic8__gcn__seed42,google,logic8,gcn,42,saliency,include_all_exact_ties_v2,0.2,269,184,0.48,48,0.19202176386191255,0.1950142758476093,0.20123380544576186,0.5070224102462773,0.472659315322359,0.42908435740516937,0.0030479909603877363,0.5
google__logic8__gin__seed123,google,logic8,gin,123,atom_occlusion,index_tiebreak_v1,0.05,269,184,0.85,85,0.04188369457886186,0.045432273487829015,0.0353570644331514,0.8710699269022583,0.3364431683111016,0.3316490242520066,0.0,0.875
google__logic8__gin__seed123,google,logic8,gin,123,atom_occlusion,index_tiebreak_v1,0.1,269,184,0.73,73,0.09650934567291446,0.0998556073556073,0.08591073781291167,0.7560793277554333,0.36587248512431925,0.35368013897362577,0.0,0.76
google__logic8__gin__seed123,google,logic8,gin,123,atom_occlusion,index_tiebreak_v1,0.2,269,184,0.56,56,0.19033961701247948,0.19333835917169256,0.17045278091473726,0.5877442590183434,0.424380872750438,0.3935725685208288,0.0,0.5909090909090909
google__logic8__gin__seed123,google,logic8,gin,123,atom_occlusion,include_all_exact_ties_v2,0.05,269,184,0.85,85,0.04188369457886186,0.045432273487829015,0.0353570644331514,0.8731867114776911,0.3355864829279461,0.33079681415097284,0.002116784575432969,0.875
google__logic8__gin__seed123,google,logic8,gin,123,atom_occlusion,include_all_exact_ties_v2,0.1,269,184,0.73,73,0.09650934567291446,0.0998556073556073,0.08591073781291167,0.7578365246013029,0.36500071383761995,0.3528083676869265,0.0017571968458696145,0.76
google__logic8__gin__seed123,google,logic8,gin,123,atom_occlusion,include_all_exact_ties_v2,0.2,269,184,0.56,56,0.19033961701247948,0.19333835917169256,0.17045278091473726,0.5901673573855021,0.42273469284338855,0.3919925375649985,0.0024230983671586596,0.5909090909090909
google__logic8__gin__seed123,google,logic8,gin,123,saliency,index_tiebreak_v1,0.05,269,184,0.89,89,0.040269798355300215,0.04382435465768798,0.047949604743083005,0.9154662190660856,0.31744372528396997,0.313007214858653,0.0,0.9166666666666666
google__logic8__gin__seed123,google,logic8,gin,123,saliency,index_tiebreak_v1,0.1,269,184,0.8,80,0.09365414634931364,0.09701098284431611,0.1099200467406988,0.816771038923365,0.33206520039539283,0.3202441550864777,0.0,0.8181818181818182
google__logic8__gin__seed123,google,logic8,gin,123,saliency,index_tiebreak_v1,0.2,269,184,0.65,65,0.19680237152356111,0.19977717755495533,0.21875843057908265,0.6711482673910617,0.35601212335547394,0.33013708304061157,0.0,0.6666666666666666
google__logic8__gin__seed123,google,logic8,gin,123,saliency,include_all_exact_ties_v2,0.05,269,184,0.89,89,0.040269798355300215,0.04382435465768798,0.04740612648221343,0.9285389253278546,0.31340741675151845,0.30911766919918565,0.01307270626176924,0.9166666666666666
google__logic8__gin__seed123,google,logic8,gin,123,saliency,include_all_exact_ties_v2,0.1,269,184,0.8,80,0.09365414634931364,0.09701098284431611,0.1099200467406988,0.8219197964486584,0.32993553739805753,0.3182236642281499,0.005148757525293441,0.8181818181818182
google__logic8__gin__seed123,google,logic8,gin,123,saliency,include_all_exact_ties_v2,0.2,269,184,0.65,65,0.1964925821803145,0.19946853557964672,0.21821495231821308,0.677009023709354,0.3534404973223708,0.3279989870362061,0.005860756318292369,0.6666666666666666
google__logic8__gin__seed2026,google,logic8,gin,2026,atom_occlusion,index_tiebreak_v1,0.05,269,184,0.87,87,0.044961069496385474,0.04849825072047291,0.03232617322291237,0.8946066886597199,0.3299114155771765,0.3265555587658179,0.0,0.8973684210526316
google__logic8__gin__seed2026,google,logic8,gin,2026,atom_occlusion,index_tiebreak_v1,0.1,269,184,0.77,77,0.09396844378257017,0.09732411621300503,0.08446244275048619,0.7942440479697253,0.3503004321978109,0.33942401025075364,0.0,0.8
google__logic8__gin__seed2026,google,logic8,gin,2026,atom_occlusion,index_tiebreak_v1,0.2,269,184,0.61,61,0.1955434074393182,0.19852287630065418,0.18128940805571228,0.6373946580151013,0.3895951497174323,0.3615440778467431,0.0,0.64
google__logic8__gin__seed2026,google,logic8,gin,2026,atom_occlusion,include_all_exact_ties_v2,0.05,269,184,0.87,87,0.044961069496385474,0.04849825072047291,0.03232617322291237,0.8965910969472944,0.3291959696491347,0.3258544337405657,0.001984408287574639,0.9
google__logic8__gin__seed2026,google,logic8,gin,2026,atom_occlusion,include_all_exact_ties_v2,0.1,269,184,0.77,77,0.09396844378257017,0.09732411621300503,0.08446244275048619,0.7949439820935724,0.3499581175450237,0.3391118827647131,0.0006999341238471673,0.8
google__logic8__gin__seed2026,google,logic8,gin,2026,atom_occlusion,include_all_exact_ties_v2,0.2,269,184,0.61,61,0.1955434074393182,0.19852287630065418,0.18128940805571228,0.6386084261310433,0.38873273953596843,0.3607914670198036,0.001213768115942029,0.64
google__logic8__gin__seed2026,google,logic8,gin,2026,saliency,index_tiebreak_v1,0.05,269,184,0.92,92,0.0367505377728426,0.04031812837368393,0.04125552889139847,0.9453776130563026,0.30824496703614296,0.30361484626737156,0.0,0.9523809523809523
google__logic8__gin__seed2026,google,logic8,gin,2026,saliency,index_tiebreak_v1,0.1,269,184,0.84,84,0.0928467237017423,0.09620655065099501,0.09034384999058905,0.8602399673880893,0.32137455685775634,0.31159274030414325,0.0,0.8636363636363636
google__logic8__gin__seed2026,google,logic8,gin,2026,saliency,index_tiebreak_v1,0.2,269,184,0.71,71,0.19460237201872888,0.19758532619643743,0.19683716042411684,0.7345103773821358,0.3313923772483555,0.3079804746318578,0.0,0.7333333333333333
google__logic8__gin__seed2026,google,logic8,gin,2026,saliency,include_all_exact_ties_v2,0.05,269,184,0.92,92,0.0367505377728426,0.04031812837368393,0.040712050630528906,0.9560656002789415,0.30504614043608735,0.3004904525595655,0.010687987222638445,0.9545454545454546
google__logic8__gin__seed2026,google,logic8,gin,2026,saliency,include_all_exact_ties_v2,0.1,269,184,0.84,84,0.0928467237017423,0.09620655065099501,0.08980037172971948,0.8656643184024826,0.3193028688521439,0.3098124376037298,0.005424351014393269,0.8636363636363636
google__logic8__gin__seed2026,google,logic8,gin,2026,saliency,include_all_exact_ties_v2,0.2,269,184,0.71,71,0.194137688003859,0.19712236323347443,0.19629368216324727,0.7388273148066568,0.3297722771238722,0.3067964182490394,0.0043169374245207335,0.7391304347826086
google__logic8__gin__seed42,google,logic8,gin,42,atom_occlusion,index_tiebreak_v1,0.05,269,184,0.87,87,0.04399786500158247,0.04753861364972473,0.029302536231884068,0.8946066886597199,0.3311364807120462,0.3281705390536658,0.0,0.8973684210526316
google__logic8__gin__seed42,google,logic8,gin,42,atom_occlusion,index_tiebreak_v1,0.1,269,184,0.78,78,0.09633938964793982,0.09968628079739181,0.07490530303030299,0.8022864282947143,0.35130478350040223,0.3424844836985478,0.0,0.8
google__logic8__gin__seed42,google,logic8,gin,42,atom_occlusion,index_tiebreak_v1,0.2,269,184,0.63,63,0.19184815597455002,0.19484131095242221,0.16985146496016054,0.651793265144687,0.3860086471499514,0.35972172784664397,0.0,0.65
google__logic8__gin__seed42,google,logic8,gin,42,atom_occlusion,include_all_exact_ties_v2,0.05,269,184,0.87,87,0.04399786500158247,0.04753861364972473,0.029302536231884068,0.8946066886597199,0.3311364807120462,0.3281705390536658,0.0,0.8973684210526316
google__logic8__gin__seed42,google,logic8,gin,42,atom_occlusion,include_all_exact_ties_v2,0.1,269,184,0.78,78,0.09633938964793982,0.09968628079739181,0.07436182476943343,0.8034822441360877,0.35111792195181635,0.34245746869727645,0.0011958158413734974,0.8
google__logic8__gin__seed42,google,logic8,gin,42,atom_occlusion,include_all_exact_ties_v2,0.2,269,184,0.63,63,0.19184815597455002,0.19484131095242221,0.16907506744463258,0.6523156012306487,0.386127097540141,0.3600598647736556,0.0005223360859615958,0.65
google__logic8__gin__seed42,google,logic8,gin,42,saliency,index_tiebreak_v1,0.05,269,184,0.96,96,0.020732685323763392,0.024359601304045755,0.021777950310559006,0.9913043478260868,0.3022107235678776,0.30095166559686304,0.0,1.0
google__logic8__gin__seed42,google,logic8,gin,42,saliency,index_tiebreak_v1,0.1,269,184,0.93,93,0.07962649700567916,0.08303528775750993,0.09064460599786676,0.9552677229464127,0.2931305001284776,0.28628190025514755,0.0,0.9565217391304348
google__logic8__gin__seed42,google,logic8,gin,42,saliency,index_tiebreak_v1,0.2,269,184,0.87,87,0.19454980170593555,0.19753295058850628,0.20140300520735296,0.8946066886597199,0.2758492070663966,0.2604276139372642,0.0,0.8973684210526316
google__logic8__gin__seed42,google,logic8,gin,42,saliency,include_all_exact_ties_v2,0.05,269,184,0.96,96,0.020732685323763392,0.024359601304045755,0.021777950310559006,0.9917391304347823,0.30206579603164574,0.30080673806063113,0.0004347826086956522,1.0
google__logic8__gin__seed42,google,logic8,gin,42,saliency,include_all_exact_ties_v2,0.1,269,184,0.93,93,0.07916181299080928,0.08257232479454696,0.0901011277369972,0.9579947026868681,0.29220080792880454,0.28546866768280366,0.0027269797404554995,0.9565217391304348
google__logic8__gin__seed42,google,logic8,gin,42,saliency,include_all_exact_ties_v2,0.2,269,184,0.87,87,0.19454980170593555,0.19753295058850628,0.20140300520735296,0.898353242516985,0.27467355195730014,0.2593142403140566,0.0037465538572649653,0.9
