cell_id,model,seed,target,method,policy,alpha,selected_fraction,corrected_calibration_risk,fallback_full,n_calibration,n_test,risk,mean_atom_fraction,precision,iou,tie_inflation,equal_size_random_risk,reference_first_schedule_risk,fixed_20_risk,fixed_20_mean_atom_fraction,fixed_20_precision,fixed_20_iou,fixed_50_risk,fixed_50_mean_atom_fraction,fixed_50_precision,fixed_50_iou
liver__gcn__seed123,gcn,123,observed_class,gradinput,index_tiebreak_v1,0.05,0.98,0.0294117647058823,False,33,31,0.0,1.0,0.2706459829621886,0.2706459829621886,0.0,0.0,0.0,0.8083815825751312,0.2205405425670831,0.2845622119815669,0.1390239635970186,0.5773661822048918,0.5168316543735149,0.2670425084087323,0.20426269247595
liver__gcn__seed123,gcn,123,observed_class,gradinput,index_tiebreak_v1,0.1,0.95,0.0778020710546662,False,33,31,0.0857654889912954,0.9738696534249016,0.268666070907494,0.2659569001417424,0.0,0.0261303465750981,0.0,0.8083815825751312,0.2205405425670831,0.2845622119815669,0.1390239635970186,0.5773661822048918,0.5168316543735149,0.2670425084087323,0.20426269247595
liver__gcn__seed123,gcn,123,observed_class,gradinput,index_tiebreak_v1,0.2,0.88,0.1851587090341415,False,33,31,0.2601618811296231,0.9067384790260048,0.2547663223773201,0.2462322594229994,0.0,0.093261520973995,0.0,0.8083815825751312,0.2205405425670831,0.2845622119815669,0.1390239635970186,0.5773661822048918,0.5168316543735149,0.2670425084087323,0.20426269247595
liver__gcn__seed123,gcn,123,observed_class,gradinput,include_all_exact_ties_v2,0.05,0.98,0.0294117647058823,False,33,31,0.0,1.0,0.2706459829621886,0.2706459829621886,0.0,0.0,0.0,0.8083815825751312,0.2353506214750847,0.2837941628264209,0.1388703537659894,0.5558608058608059,0.5296435703113671,0.2751070245377646,0.215015380647993
liver__gcn__seed123,gcn,123,observed_class,gradinput,include_all_exact_ties_v2,0.1,0.95,0.0778020710546662,False,33,31,0.0857654889912954,0.9738696534249016,0.268666070907494,0.2659569001417424,0.0,0.0261303465750981,0.0,0.8083815825751312,0.2353506214750847,0.2837941628264209,0.1388703537659894,0.5558608058608059,0.5296435703113671,0.2751070245377646,0.215015380647993
liver__gcn__seed123,gcn,123,observed_class,gradinput,include_all_exact_ties_v2,0.2,0.88,0.1733940031517886,False,33,31,0.2363523573200993,0.9140430307278402,0.2568115837535157,0.2493986553737757,0.0073045517018352,0.0859569692721597,0.0,0.8083815825751312,0.2353506214750847,0.2837941628264209,0.1388703537659894,0.5558608058608059,0.5296435703113671,0.2751070245377646,0.215015380647993
liver__gcn__seed123,gcn,123,observed_class,ig,index_tiebreak_v1,0.05,0.98,0.0294117647058823,False,33,31,0.0,1.0,0.2706459829621886,0.2706459829621886,0.0,0.0,0.0,0.8150577021544765,0.2205405425670831,0.2670506912442396,0.1313728386309031,0.5869569498601755,0.5168316543735149,0.2580231675345527,0.1954042661622807
liver__gcn__seed123,gcn,123,observed_class,ig,index_tiebreak_v1,0.1,0.93,0.0952857311853851,False,33,31,0.1176099885777305,0.9554825612409048,0.2650610733399675,0.2611574576376063,0.0,0.044517438759095,0.0,0.8150577021544765,0.2205405425670831,0.2670506912442396,0.1313728386309031,0.5869569498601755,0.5168316543735149,0.2580231675345527,0.1954042661622807
liver__gcn__seed123,gcn,123,observed_class,ig,index_tiebreak_v1,0.2,0.88,0.1699337955393318,False,33,31,0.2402418370160305,0.9067384790260048,0.2593794973859165,0.2517083732336663,0.0,0.093261520973995,0.0,0.8150577021544765,0.2205405425670831,0.2670506912442396,0.1313728386309031,0.5869569498601755,0.5168316543735149,0.2580231675345527,0.1954042661622807
liver__gcn__seed123,gcn,123,observed_class,ig,include_all_exact_ties_v2,0.05,0.98,0.0294117647058823,False,33,31,0.0,1.0,0.2706459829621886,0.2706459829621886,0.0,0.0,0.0,0.8150577021544765,0.2250459817923865,0.2646697388632872,0.1308608058608058,0.5654515735160895,0.5316596993436251,0.266087683663585,0.2061569543343237
liver__gcn__seed123,gcn,123,observed_class,ig,include_all_exact_ties_v2,0.1,0.92,0.0989622017736204,False,33,31,0.126570562054433,0.9510583355263564,0.2632987993026511,0.2588372650967007,0.0038047973531844,0.0489416644736433,0.0,0.8150577021544765,0.2250459817923865,0.2646697388632872,0.1308608058608058,0.5654515735160895,0.5316596993436251,0.266087683663585,0.2061569543343237
liver__gcn__seed123,gcn,123,observed_class,ig,include_all_exact_ties_v2,0.2,0.86,0.1898432978017753,False,33,31,0.2321477805348773,0.8890424609658806,0.2637487319837889,0.2549564846301972,0.0025345622119815,0.1109575390341195,0.0,0.8150577021544765,0.2250459817923865,0.2646697388632872,0.1308608058608058,0.5654515735160895,0.5316596993436251,0.266087683663585,0.2061569543343237
liver__gcn__seed123,gcn,123,observed_class,saliency,index_tiebreak_v1,0.05,0.95,0.0499659366008846,False,33,31,0.0367285044704399,0.9738696534249016,0.2667238066745934,0.2620130313279664,0.0,0.0261303465750981,0.0,0.6985308598211826,0.2205405425670831,0.3076804915514592,0.1697162736062166,0.3747095198708102,0.5168316543735149,0.2920118043457702,0.2345318785812991
liver__gcn__seed123,gcn,123,observed_class,saliency,index_tiebreak_v1,0.1,0.91,0.0918786519132539,False,33,31,0.0495490172909527,0.939553010556796,0.2692376894572734,0.2626406134664926,0.0,0.0604469894432039,0.0,0.6985308598211826,0.2205405425670831,0.3076804915514592,0.1697162736062166,0.3747095198708102,0.5168316543735149,0.2920118043457702,0.2345318785812991
liver__gcn__seed123,gcn,123,observed_class,saliency,index_tiebreak_v1,0.2,0.78,0.1949538110870291,False,33,31,0.1331383670093347,0.8107047035470188,0.2755503650303149,0.2566869677059495,0.0,0.189295296452981,0.0,0.6985308598211826,0.2205405425670831,0.3076804915514592,0.1697162736062166,0.3747095198708102,0.5168316543735149,0.2920118043457702,0.2345318785812991
liver__gcn__seed123,gcn,123,observed_class,saliency,include_all_exact_ties_v2,0.05,0.95,0.0499659366008846,False,33,31,0.0321202095395643,0.9769488323105322,0.2672618085708296,0.2629699691270095,0.0030791788856304,0.0230511676894676,0.0,0.660896451219032,0.233805203270074,0.3195084485407065,0.1935513990542453,0.3693331757847887,0.5306752277764002,0.2917141629190964,0.2349939876297459
liver__gcn__seed123,gcn,123,observed_class,saliency,include_all_exact_ties_v2,0.1,0.9,0.0843165773096569,False,33,31,0.0616014809563196,0.9287774047889948,0.2686879332026781,0.2598256325051181,0.0034824046920821,0.0712225952110053,0.0,0.660896451219032,0.233805203270074,0.3195084485407065,0.1935513990542453,0.3693331757847887,0.5306752277764002,0.2917141629190964,0.2349939876297459
liver__gcn__seed123,gcn,123,observed_class,saliency,include_all_exact_ties_v2,0.2,0.78,0.1774001229451056,False,33,31,0.1331383670093347,0.8204063770857043,0.2725293716867409,0.2536659743623755,0.0097016735386854,0.1795936229142956,0.0,0.660896451219032,0.233805203270074,0.3195084485407065,0.1935513990542453,0.3693331757847887,0.5306752277764002,0.2917141629190964,0.2349939876297459
liver__gcn__seed123,gcn,123,observed_class,atom_occlusion,index_tiebreak_v1,0.05,0.95,0.0483903063487838,False,33,31,0.0535074244751664,0.9738696534249016,0.2702789741333004,0.2675698033675489,0.0,0.0261303465750981,0.0,0.8101638504864314,0.2205405425670831,0.2570660522273426,0.12421246457749,0.5738410335184526,0.5168316543735149,0.2533660283423091,0.1916172772709275
liver__gcn__seed123,gcn,123,observed_class,atom_occlusion,index_tiebreak_v1,0.1,0.89,0.0888917407083497,False,33,31,0.1388593485367678,0.9199599374467046,0.2693433396585548,0.2626410780158972,0.0,0.0800400625532955,0.0,0.8101638504864314,0.2205405425670831,0.2570660522273426,0.12421246457749,0.5738410335184526,0.5168316543735149,0.2533660283423091,0.1916172772709275
liver__gcn__seed123,gcn,123,observed_class,atom_occlusion,index_tiebreak_v1,0.2,0.8300000000000001,0.1876088444427545,False,33,31,0.2497833707511126,0.8555840841239667,0.2620205784305389,0.2479643166462628,0.0,0.1444159158760332,0.0,0.8101638504864314,0.2205405425670831,0.2570660522273426,0.12421246457749,0.5738410335184526,0.5168316543735149,0.2533660283423091,0.1916172772709275
liver__gcn__seed123,gcn,123,observed_class,atom_occlusion,include_all_exact_ties_v2,0.05,0.95,0.0483903063487838,False,33,31,0.0535074244751664,0.9738696534249016,0.2702789741333004,0.2675698033675489,0.0,0.0261303465750981,0.0,0.7886584741423454,0.2291969083391984,0.2656682027649769,0.1363092387710384,0.5738410335184526,0.5168316543735149,0.2533660283423091,0.1916172772709275
liver__gcn__seed123,gcn,123,observed_class,atom_occlusion,include_all_exact_ties_v2,0.1,0.88,0.0958361851527941,False,33,31,0.1639489542715349,0.9067384790260048,0.2666011716773356,0.2589153553224705,0.0,0.093261520973995,0.0,0.7886584741423454,0.2291969083391984,0.2656682027649769,0.1363092387710384,0.5738410335184526,0.5168316543735149,0.2533660283423091,0.1916172772709275
liver__gcn__seed123,gcn,123,observed_class,atom_occlusion,include_all_exact_ties_v2,0.2,0.8300000000000001,0.1834071637704856,False,33,31,0.2461991413604317,0.8567788272541937,0.2629555947933253,0.249254639226908,0.001194743130227,0.1432211727458062,0.0,0.7886584741423454,0.2291969083391984,0.2656682027649769,0.1363092387710384,0.5738410335184526,0.5168316543735149,0.2533660283423091,0.1916172772709275
liver__gcn__seed123,gcn,123,hepatotoxic_class,gradinput,index_tiebreak_v1,0.05,0.95,0.0429560059317844,False,33,31,0.003584229390681,0.9738696534249016,0.2774929860692988,0.2768138689215909,0.0,0.0261303465750981,0.0,0.7698511166253104,0.2205405425670831,0.2859447004608295,0.1399308524071332,0.492240734176218,0.5168316543735149,0.2655579714403244,0.2033807551339108
liver__gcn__seed123,gcn,123,hepatotoxic_class,gradinput,index_tiebreak_v1,0.1,0.88,0.0961855330367441,False,33,31,0.0735259364291622,0.9067384790260048,0.2783453414860216,0.2737091443861393,0.0,0.093261520973995,0.0,0.7698511166253104,0.2205405425670831,0.2859447004608295,0.1399308524071332,0.492240734176218,0.5168316543735149,0.2655579714403244,0.2033807551339108
liver__gcn__seed123,gcn,123,hepatotoxic_class,gradinput,index_tiebreak_v1,0.2,0.77,0.1930702371446316,False,33,31,0.2118338650596715,0.7969036435440862,0.274159799390891,0.2557309725327172,0.0,0.2030963564559141,0.0,0.7698511166253104,0.2205405425670831,0.2859447004608295,0.1399308524071332,0.492240734176218,0.5168316543735149,0.2655579714403244,0.2033807551339108
liver__gcn__seed123,gcn,123,hepatotoxic_class,gradinput,include_all_exact_ties_v2,0.05,0.95,0.0429560059317844,False,33,31,0.003584229390681,0.975482556650708,0.2763045310608098,0.2756254139131019,0.0016129032258064,0.0245174433492917,0.0,0.7698511166253104,0.2308767351463597,0.2774961597542242,0.1326639257853679,0.470735357832132,0.5214619985624329,0.2694830785912379,0.2077570240263087
liver__gcn__seed123,gcn,123,hepatotoxic_class,gradinput,include_all_exact_ties_v2,0.1,0.88,0.0961855330367441,False,33,31,0.0699417070384812,0.9137976816921688,0.2784186826504443,0.2742125930774438,0.0070592026661636,0.0862023183078313,0.0,0.7698511166253104,0.2308767351463597,0.2774961597542242,0.1326639257853679,0.470735357832132,0.5214619985624329,0.2694830785912379,0.2077570240263087
liver__gcn__seed123,gcn,123,hepatotoxic_class,gradinput,include_all_exact_ties_v2,0.2,0.76,0.1791562099953103,False,33,31,0.1974969474969475,0.7997521366772092,0.2778528494055374,0.2609713565868933,0.0140191946643559,0.200247863322791,0.0,0.7698511166253104,0.2308767351463597,0.2774961597542242,0.1326639257853679,0.470735357832132,0.5214619985624329,0.2694830785912379,0.2077570240263087
liver__gcn__seed123,gcn,123,hepatotoxic_class,ig,index_tiebreak_v1,0.05,0.95,0.0429560059317844,False,33,31,0.0106739138997203,0.9738696534249016,0.2754096527359654,0.2741310180402488,0.0,0.0261303465750981,0.0,0.7765272362046558,0.2205405425670831,0.2684331797235023,0.133175784788688,0.5125841900035448,0.5168316543735149,0.2556425732184745,0.194340309368273
liver__gcn__seed123,gcn,123,hepatotoxic_class,ig,index_tiebreak_v1,0.1,0.88,0.0890344373043335,False,33,31,0.0753672850447043,0.9067384790260048,0.281111482155388,0.2775878905107288,0.0,0.093261520973995,0.0,0.7765272362046558,0.2205405425670831,0.2684331797235023,0.133175784788688,0.5125841900035448,0.5168316543735149,0.2556425732184745,0.194340309368273
liver__gcn__seed123,gcn,123,hepatotoxic_class,ig,index_tiebreak_v1,0.2,0.79,0.1764079538300992,False,33,31,0.1727913663397534,0.8164803309362876,0.2748025933402682,0.2588896243419282,0.0,0.1835196690637122,0.0,0.7765272362046558,0.2205405425670831,0.2684331797235023,0.133175784788688,0.5125841900035448,0.5168316543735149,0.2556425732184745,0.194340309368273
liver__gcn__seed123,gcn,123,hepatotoxic_class,ig,include_all_exact_ties_v2,0.05,0.95,0.0429560059317844,False,33,31,0.0060656189688447,0.9764600737572574,0.2750154303765478,0.2739200801383092,0.0025904203323558,0.0235399262427423,0.0,0.7765272362046558,0.2330293370102421,0.2592165898617511,0.1255504352278545,0.4803261254874158,0.5291783389555327,0.2586092255060097,0.1986200632872459
liver__gcn__seed123,gcn,123,hepatotoxic_class,ig,include_all_exact_ties_v2,0.1,0.86,0.0890344373043335,False,33,31,0.1072117846311394,0.8896719672829929,0.278717694757382,0.272823065996338,0.0031640685290939,0.110328032717007,0.0,0.7765272362046558,0.2330293370102421,0.2592165898617511,0.1255504352278545,0.4803261254874158,0.5291783389555327,0.2586092255060097,0.1986200632872459
liver__gcn__seed123,gcn,123,hepatotoxic_class,ig,include_all_exact_ties_v2,0.2,0.76,0.1962501742778559,False,33,31,0.1553527118043247,0.7996245175856376,0.284376863367328,0.2691892992643453,0.0138915755727843,0.2003754824143626,0.0,0.7765272362046558,0.2330293370102421,0.2592165898617511,0.1255504352278545,0.4803261254874158,0.5291783389555327,0.2586092255060097,0.1986200632872459
liver__gcn__seed123,gcn,123,hepatotoxic_class,saliency,index_tiebreak_v1,0.05,0.95,0.0419198448610213,False,33,31,0.0698826263342392,0.9738696534249016,0.263824823936901,0.2585468597825281,0.0,0.0261303465750981,0.0,0.8014494466107371,0.2205405425670831,0.2374039938556067,0.1304817625975121,0.5411201701524281,0.5168316543735149,0.2484900983477833,0.1922239021569131
liver__gcn__seed123,gcn,123,hepatotoxic_class,saliency,index_tiebreak_v1,0.1,0.89,0.0869774833010127,False,33,31,0.1252215526409074,0.9199599374467046,0.2613903070281029,0.2509813410694563,0.0,0.0800400625532955,0.0,0.8014494466107371,0.2205405425670831,0.2374039938556067,0.1304817625975121,0.5411201701524281,0.5168316543735149,0.2484900983477833,0.1922239021569131
liver__gcn__seed123,gcn,123,hepatotoxic_class,saliency,index_tiebreak_v1,0.2,0.8300000000000001,0.1976630395748043,False,33,31,0.2164815471267084,0.8555840841239667,0.2524694310271212,0.2337037016098909,0.0,0.1444159158760332,0.0,0.8014494466107371,0.2205405425670831,0.2374039938556067,0.1304817625975121,0.5411201701524281,0.5168316543735149,0.2484900983477833,0.1922239021569131
liver__gcn__seed123,gcn,123,hepatotoxic_class,saliency,include_all_exact_ties_v2,0.05,0.95,0.0419198448610213,False,33,31,0.0652743314033636,0.9753359290847258,0.2648721636939182,0.2600131354423521,0.001466275659824,0.0246640709152741,0.0,0.7530623498365435,0.236808679703092,0.2532258064516129,0.1567362428842504,0.5411201701524281,0.5253245487959508,0.2477360137227309,0.191749108133732
liver__gcn__seed123,gcn,123,hepatotoxic_class,saliency,include_all_exact_ties_v2,0.1,0.89,0.0869774833010127,False,33,31,0.1252215526409074,0.921362461990884,0.2610411937757638,0.2506625854912337,0.0014025245441795,0.078637538009116,0.0,0.7530623498365435,0.236808679703092,0.2532258064516129,0.1567362428842504,0.5411201701524281,0.5253245487959508,0.2477360137227309,0.191749108133732
liver__gcn__seed123,gcn,123,hepatotoxic_class,saliency,include_all_exact_ties_v2,0.2,0.8300000000000001,0.1770748042806866,False,33,31,0.2105931702705896,0.8630000254108757,0.2515804124931065,0.2344323636288755,0.007415941286909,0.1369999745891242,0.0,0.7530623498365435,0.236808679703092,0.2532258064516129,0.1567362428842504,0.5411201701524281,0.5253245487959508,0.2477360137227309,0.191749108133732
liver__gcn__seed123,gcn,123,hepatotoxic_class,atom_occlusion,index_tiebreak_v1,0.05,0.95,0.0429560059317844,False,33,31,0.003584229390681,0.9738696534249016,0.2774929860692988,0.2768138689215909,0.0,0.0261303465750981,0.0,0.8012032770097288,0.2205405425670831,0.2428571428571428,0.119768610940088,0.4670822009531687,0.5168316543735149,0.2682695519744855,0.2078131781442477
liver__gcn__seed123,gcn,123,hepatotoxic_class,atom_occlusion,index_tiebreak_v1,0.1,0.89,0.0968634210848743,False,33,31,0.0401650321005159,0.9199599374467046,0.2823282018524345,0.2785613217372821,0.0,0.0800400625532955,0.0,0.8012032770097288,0.2205405425670831,0.2428571428571428,0.119768610940088,0.4670822009531687,0.5168316543735149,0.2682695519744855,0.2078131781442477
liver__gcn__seed123,gcn,123,hepatotoxic_class,atom_occlusion,index_tiebreak_v1,0.2,0.77,0.1871547714108267,False,33,31,0.1990035054551183,0.7969036435440862,0.2750341034139488,0.2559438355383986,0.0,0.2030963564559141,0.0,0.8012032770097288,0.2205405425670831,0.2428571428571428,0.119768610940088,0.4670822009531687,0.5168316543735149,0.2682695519744855,0.2078131781442477
liver__gcn__seed123,gcn,123,hepatotoxic_class,atom_occlusion,include_all_exact_ties_v2,0.05,0.95,0.0429560059317844,False,33,31,0.003584229390681,0.9770954598765146,0.2757951932000288,0.2751160760523208,0.0032258064516129,0.0229045401234852,0.0,0.8012032770097288,0.2205405425670831,0.2428571428571428,0.119768610940088,0.4563295127811257,0.5182979300333389,0.2707133447408589,0.2102945677224115
liver__gcn__seed123,gcn,123,hepatotoxic_class,atom_occlusion,include_all_exact_ties_v2,0.1,0.89,0.0854255125881423,False,33,31,0.0355567371696404,0.9229535835855118,0.2828918508291948,0.2793330872593078,0.0029936461388074,0.0770464164144881,0.0,0.8012032770097288,0.2205405425670831,0.2428571428571428,0.119768610940088,0.4563295127811257,0.5182979300333389,0.2707133447408589,0.2102945677224115
liver__gcn__seed123,gcn,123,hepatotoxic_class,atom_occlusion,include_all_exact_ties_v2,0.2,0.76,0.1945543979281003,False,33,31,0.1882508172830753,0.7939254663344099,0.2796909312394073,0.262136761674149,0.0081925243215565,0.2060745336655903,0.0,0.8012032770097288,0.2205405425670831,0.2428571428571428,0.119768610940088,0.4563295127811257,0.5182979300333389,0.2707133447408589,0.2102945677224115
liver__gcn__seed2026,gcn,2026,observed_class,gradinput,index_tiebreak_v1,0.05,0.95,0.0476405946994182,False,33,31,0.0572688959785733,0.9738696534249016,0.2689673436302438,0.2662070536070911,0.0,0.0261303465750981,0.0,0.5874492890621924,0.2205405425670831,0.4272657450076805,0.2425680054712312,0.3101736972704714,0.5168316543735149,0.3401754686384667,0.2825823248236611
liver__gcn__seed2026,gcn,2026,observed_class,gradinput,index_tiebreak_v1,0.1,0.91,0.0954491298781956,False,33,31,0.0812556619008231,0.939553010556796,0.271807076932105,0.2677997651716224,0.0,0.0604469894432039,0.0,0.5874492890621924,0.2205405425670831,0.4272657450076805,0.2425680054712312,0.3101736972704714,0.5168316543735149,0.3401754686384667,0.2825823248236611
liver__gcn__seed2026,gcn,2026,observed_class,gradinput,index_tiebreak_v1,0.2,0.8300000000000001,0.1859128040356414,False,33,31,0.1326558745913584,0.8555840841239667,0.2834004138751337,0.2753698913523641,0.0,0.1444159158760332,0.0,0.5874492890621924,0.2205405425670831,0.4272657450076805,0.2425680054712312,0.3101736972704714,0.5168316543735149,0.3401754686384667,0.2825823248236611
liver__gcn__seed2026,gcn,2026,observed_class,gradinput,include_all_exact_ties_v2,0.05,0.94,0.0476405946994182,False,33,31,0.0787742723226593,0.9664663107374282,0.2670350389752287,0.2635874479988707,0.0015360983102918,0.0335336892625715,0.0,0.5408543069833391,0.2349430739475432,0.4435483870967742,0.2703457832490091,0.3101736972704714,0.5227963869935955,0.3382283966574388,0.2809316928674264
liver__gcn__seed2026,gcn,2026,observed_class,gradinput,include_all_exact_ties_v2,0.1,0.91,0.0836844239958426,False,33,31,0.0812556619008231,0.9477371651119182,0.270740670220537,0.2667333584600544,0.0081841545551222,0.0522628348880816,0.0,0.5408543069833391,0.2349430739475432,0.4435483870967742,0.2703457832490091,0.3101736972704714,0.5227963869935955,0.3382283966574388,0.2809316928674264
liver__gcn__seed2026,gcn,2026,observed_class,gradinput,include_all_exact_ties_v2,0.2,0.8300000000000001,0.1810108432513276,False,33,31,0.1290716452006774,0.8629416793569792,0.2834926599901154,0.2757093773709673,0.0073575952330123,0.1370583206430209,0.0,0.5408543069833391,0.2349430739475432,0.4435483870967742,0.2703457832490091,0.3101736972704714,0.5227963869935955,0.3382283966574388,0.2809316928674264
liver__gcn__seed2026,gcn,2026,observed_class,ig,index_tiebreak_v1,0.05,0.95,0.0390200197726149,False,33,31,0.0572688959785733,0.9738696534249016,0.2689673436302438,0.2662070536070911,0.0,0.0261303465750981,0.0,0.5997183819764467,0.2205405425670831,0.4440860215053763,0.2512597617436327,0.3300937413840639,0.5168316543735149,0.3375256990532133,0.2788249078783883
liver__gcn__seed2026,gcn,2026,observed_class,ig,index_tiebreak_v1,0.1,0.91,0.0907501235788433,False,33,31,0.1009689235495687,0.939553010556796,0.2682126068860221,0.2637796514740894,0.0,0.0604469894432039,0.0,0.5997183819764467,0.2205405425670831,0.4440860215053763,0.2512597617436327,0.3300937413840639,0.5168316543735149,0.3375256990532133,0.2788249078783883
liver__gcn__seed2026,gcn,2026,observed_class,ig,index_tiebreak_v1,0.2,0.81,0.1992963927652509,False,33,31,0.156189688447753,0.836277122229724,0.2871246847036726,0.2780299566236253,0.0,0.1637228777702759,0.0,0.5997183819764467,0.2205405425670831,0.4440860215053763,0.2512597617436327,0.3300937413840639,0.5168316543735149,0.3375256990532133,0.2788249078783883
liver__gcn__seed2026,gcn,2026,observed_class,ig,include_all_exact_ties_v2,0.05,0.94,0.0390200197726149,False,33,31,0.0787742723226593,0.9679325863972524,0.2668255710238252,0.2633779800474673,0.0030023739701159,0.0320674136027474,0.0,0.5597798259088582,0.2352925226284713,0.4604838709677419,0.2767077904174679,0.3300937413840639,0.522830522511602,0.336629641705543,0.2781080620002521
liver__gcn__seed2026,gcn,2026,observed_class,ig,include_all_exact_ties_v2,0.1,0.9,0.0873897296475151,False,33,31,0.0884241206821851,0.9315398305352914,0.2736112464062379,0.2687146440960233,0.0062448304383788,0.0684601694647086,0.0,0.5597798259088582,0.2352925226284713,0.4604838709677419,0.2767077904174679,0.3300937413840639,0.522830522511602,0.336629641705543,0.2781080620002521
liver__gcn__seed2026,gcn,2026,observed_class,ig,include_all_exact_ties_v2,0.2,0.81,0.1968454123730941,False,33,31,0.156189688447753,0.839861351620405,0.2866766560298374,0.2775819279497902,0.003584229390681,0.160138648379595,0.0,0.5597798259088582,0.2352925226284713,0.4604838709677419,0.2767077904174679,0.3300937413840639,0.522830522511602,0.336629641705543,0.2781080620002521
liver__gcn__seed2026,gcn,2026,observed_class,saliency,index_tiebreak_v1,0.05,0.95,0.0407006920415224,False,33,31,0.0023041474654377,0.9738696534249016,0.2774929860692988,0.2763894207042733,0.0,0.0261303465750981,0.0,0.6673362479814094,0.2205405425670831,0.4119047619047619,0.2413857647728615,0.4129642758675017,0.5168316543735149,0.313387990356681,0.2631551815362861
liver__gcn__seed2026,gcn,2026,observed_class,saliency,index_tiebreak_v1,0.1,0.91,0.0940180974350524,False,33,31,0.0660522273425499,0.939553010556796,0.2729805607251724,0.2698546802860492,0.0,0.0604469894432039,0.0,0.6673362479814094,0.2205405425670831,0.4119047619047619,0.2413857647728615,0.4129642758675017,0.5168316543735149,0.313387990356681,0.2631551815362861
liver__gcn__seed2026,gcn,2026,observed_class,saliency,index_tiebreak_v1,0.2,0.81,0.1930981216015818,False,33,31,0.1681732246248375,0.836277122229724,0.2807416378981749,0.2710592994506008,0.0,0.1637228777702759,0.0,0.6673362479814094,0.2205405425670831,0.4119047619047619,0.2413857647728615,0.4129642758675017,0.5168316543735149,0.313387990356681,0.2631551815362861
liver__gcn__seed2026,gcn,2026,observed_class,saliency,include_all_exact_ties_v2,0.05,0.93,0.0439686658977316,False,33,31,0.0395545314900153,0.9637514413264232,0.2727572784345505,0.271621711021394,0.0082688800855184,0.0362485586735765,0.0,0.6673362479814094,0.229032751620302,0.4033026113671274,0.2346653346653347,0.3976032927645831,0.5223681002471776,0.3146573809137475,0.2652581313234964
liver__gcn__seed2026,gcn,2026,observed_class,saliency,include_all_exact_ties_v2,0.1,0.9,0.0824634755863129,False,33,31,0.0522273425499231,0.9291433306005912,0.2792468573948791,0.2752276145174019,0.0038483305036785,0.0708566693994089,0.0,0.6673362479814094,0.229032751620302,0.4033026113671274,0.2346653346653347,0.3976032927645831,0.5223681002471776,0.3146573809137475,0.2652581313234964
liver__gcn__seed2026,gcn,2026,observed_class,saliency,include_all_exact_ties_v2,0.2,0.77,0.1967333992420497,False,33,31,0.1717771475835992,0.8048572192395973,0.2877484772369161,0.2754136723813013,0.0079535756955111,0.1951427807604029,0.0,0.6673362479814094,0.229032751620302,0.4033026113671274,0.2346653346653347,0.3976032927645831,0.5223681002471776,0.3146573809137475,0.2652581313234964
liver__gcn__seed2026,gcn,2026,observed_class,atom_occlusion,index_tiebreak_v1,0.05,0.96,0.0443977591036414,False,33,31,0.003584229390681,0.9902002606390994,0.2716387796227103,0.2712711663518712,0.0,0.0097997393609005,0.0,0.657755327110166,0.2205405425670831,0.4070660522273425,0.2261963842609003,0.380479735318445,0.5168316543735149,0.3346391143117898,0.2769845347956304
liver__gcn__seed2026,gcn,2026,observed_class,atom_occlusion,index_tiebreak_v1,0.1,0.92,0.0984010270774976,False,33,31,0.0365315687896333,0.947253538173172,0.2751277587047503,0.2723443365552541,0.0,0.0527464618268278,0.0,0.657755327110166,0.2205405425670831,0.4070660522273425,0.2261963842609003,0.380479735318445,0.5168316543735149,0.3346391143117898,0.2769845347956304
liver__gcn__seed2026,gcn,2026,observed_class,atom_occlusion,index_tiebreak_v1,0.2,0.8300000000000001,0.1900901914310219,False,33,31,0.136732443184056,0.8555840841239667,0.2849142843528295,0.2778939434180121,0.0,0.1444159158760332,0.0,0.657755327110166,0.2205405425670831,0.4070660522273425,0.2261963842609003,0.380479735318445,0.5168316543735149,0.3346391143117898,0.2769845347956304
liver__gcn__seed2026,gcn,2026,observed_class,atom_occlusion,include_all_exact_ties_v2,0.05,0.96,0.0443977591036414,False,33,31,0.003584229390681,0.9902002606390994,0.2716387796227103,0.2712711663518712,0.0,0.0097997393609005,0.0,0.6362499507660799,0.2274730210283133,0.4083717357910906,0.2398164559454882,0.380479735318445,0.5180263975037419,0.3338710651566439,0.2765129256652776
liver__gcn__seed2026,gcn,2026,observed_class,atom_occlusion,include_all_exact_ties_v2,0.1,0.92,0.0925186741363212,False,33,31,0.0365315687896333,0.947253538173172,0.2751277587047503,0.2723443365552541,0.0,0.0527464618268278,0.0,0.6362499507660799,0.2274730210283133,0.4083717357910906,0.2398164559454882,0.380479735318445,0.5180263975037419,0.3338710651566439,0.2765129256652776
liver__gcn__seed2026,gcn,2026,observed_class,atom_occlusion,include_all_exact_ties_v2,0.2,0.8300000000000001,0.1900901914310219,False,33,31,0.136732443184056,0.8591683135146477,0.2844662556789943,0.277445914744177,0.003584229390681,0.1408316864853522,0.0,0.6362499507660799,0.2274730210283133,0.4083717357910906,0.2398164559454882,0.380479735318445,0.5180263975037419,0.3338710651566439,0.2765129256652776
liver__gcn__seed2026,gcn,2026,hepatotoxic_class,gradinput,index_tiebreak_v1,0.05,0.94,0.0486461251167133,False,33,31,0.0411398637205088,0.9649302124271364,0.2708616490956677,0.2680429205498408,0.0,0.0350697875728633,0.0,0.4905470873212808,0.2205405425670831,0.4945084485407066,0.3099084607149123,0.2946847059750285,0.5168316543735149,0.3369702825110794,0.2747342931378684
liver__gcn__seed2026,gcn,2026,hepatotoxic_class,gradinput,index_tiebreak_v1,0.1,0.85,0.0983776844070961,False,33,31,0.064634290440742,0.8722136505886832,0.2902365877387876,0.2840735989557088,0.0,0.1277863494113169,0.0,0.4905470873212808,0.2205405425670831,0.4945084485407066,0.3099084607149123,0.2946847059750285,0.5168316543735149,0.3369702825110794,0.2747342931378684
liver__gcn__seed2026,gcn,2026,hepatotoxic_class,gradinput,index_tiebreak_v1,0.2,0.76,0.1985358547642284,False,33,31,0.1017763598408759,0.7857329420128532,0.3035063723975205,0.2908864648130667,0.0,0.2142670579871469,0.0,0.4905470873212808,0.2205405425670831,0.4945084485407066,0.3099084607149123,0.2946847059750285,0.5168316543735149,0.3369702825110794,0.2747342931378684
liver__gcn__seed2026,gcn,2026,hepatotoxic_class,gradinput,include_all_exact_ties_v2,0.05,0.94,0.0486461251167133,False,33,31,0.0411398637205088,0.9665431156529428,0.2696731940871787,0.2668544655413519,0.0016129032258064,0.0334568843470569,0.0,0.466737563511757,0.2262756731042813,0.5047235023041475,0.3241557725428693,0.2839320178029855,0.5301145487618774,0.3372390997153806,0.2783836903356528
liver__gcn__seed2026,gcn,2026,hepatotoxic_class,gradinput,include_all_exact_ties_v2,0.1,0.85,0.0983776844070961,False,33,31,0.064634290440742,0.8864397918309532,0.2866693051816918,0.2805063163986129,0.0142261412422702,0.1135602081690466,0.0,0.466737563511757,0.2262756731042813,0.5047235023041475,0.3241557725428693,0.2839320178029855,0.5301145487618774,0.3372390997153806,0.2783836903356528
liver__gcn__seed2026,gcn,2026,hepatotoxic_class,gradinput,include_all_exact_ties_v2,0.2,0.76,0.1985358547642284,False,33,31,0.1017763598408759,0.7917437614879083,0.3008249376278004,0.2882750976855706,0.006010819475055,0.2082562385120918,0.0,0.466737563511757,0.2262756731042813,0.5047235023041475,0.3241557725428693,0.2839320178029855,0.5301145487618774,0.3372390997153806,0.2783836903356528
liver__gcn__seed2026,gcn,2026,hepatotoxic_class,ig,index_tiebreak_v1,0.05,0.91,0.0372899159663865,False,33,31,0.0489975973846941,0.939553010556796,0.2740154712337672,0.270446527498735,0.0,0.0604469894432039,0.0,0.4758064516129032,0.2205405425670831,0.5173963133640553,0.3255697707310611,0.2518807357517035,0.5168316543735149,0.344689176520296,0.2862493830447989
liver__gcn__seed2026,gcn,2026,hepatotoxic_class,ig,index_tiebreak_v1,0.1,0.84,0.0946428571428571,False,33,31,0.0786167237780141,0.8620010109363151,0.2862444174379311,0.2782637271011694,0.0,0.137998989063685,0.0,0.4758064516129032,0.2205405425670831,0.5173963133640553,0.3255697707310611,0.2518807357517035,0.5168316543735149,0.344689176520296,0.2862493830447989
liver__gcn__seed2026,gcn,2026,hepatotoxic_class,ig,index_tiebreak_v1,0.2,0.7000000000000001,0.1996608447300488,False,33,31,0.1381799204379849,0.7288413779764068,0.3054599536475598,0.2834279006909805,0.0,0.2711586220235931,0.0,0.4758064516129032,0.2205405425670831,0.5173963133640553,0.3255697707310611,0.2518807357517035,0.5168316543735149,0.344689176520296,0.2862493830447989
liver__gcn__seed2026,gcn,2026,hepatotoxic_class,ig,include_all_exact_ties_v2,0.05,0.91,0.0372899159663865,False,33,31,0.0489975973846941,0.9451135790205902,0.2722039833441808,0.2686350396091487,0.0055605684637942,0.0548864209794096,0.0,0.4677419354838709,0.2216528896193634,0.5197004608294932,0.3301780656619366,0.2357517034936389,0.5218013842009298,0.3468255658807941,0.2888338010791321
liver__gcn__seed2026,gcn,2026,hepatotoxic_class,ig,include_all_exact_ties_v2,0.1,0.84,0.0946428571428571,False,33,31,0.0678640356059711,0.8754435554696914,0.2882298522456969,0.281785260219227,0.0134425445333764,0.1245564445303085,0.0,0.4677419354838709,0.2216528896193634,0.5197004608294932,0.3301780656619366,0.2357517034936389,0.5218013842009298,0.3468255658807941,0.2888338010791321
liver__gcn__seed2026,gcn,2026,hepatotoxic_class,ig,include_all_exact_ties_v2,0.2,0.7000000000000001,0.1996608447300488,False,33,31,0.1166745440938989,0.7459589928020013,0.3106193179025996,0.2907765725258203,0.0171176148255944,0.2540410071979986,0.0,0.4677419354838709,0.2216528896193634,0.5197004608294932,0.3301780656619366,0.2357517034936389,0.5218013842009298,0.3468255658807941,0.2888338010791321
liver__gcn__seed2026,gcn,2026,hepatotoxic_class,saliency,index_tiebreak_v1,0.05,0.93,0.0407295271049596,False,33,31,0.0337941628264208,0.9554825612409048,0.2749625089080322,0.2728321830934959,0.0,0.044517438759095,0.0,0.5210228839261097,0.2205405425670831,0.5083333333333333,0.332630004404198,0.3085095907676553,0.5168316543735149,0.338791318843501,0.2925247428093728
liver__gcn__seed2026,gcn,2026,hepatotoxic_class,saliency,index_tiebreak_v1,0.1,0.86,0.0919157255662446,False,33,31,0.09715821812596,0.8865078987538989,0.2830750120746617,0.2788381506970833,0.0,0.113492101246101,0.0,0.5210228839261097,0.2205405425670831,0.5083333333333333,0.332630004404198,0.3085095907676553,0.5168316543735149,0.338791318843501,0.2925247428093728
liver__gcn__seed2026,gcn,2026,hepatotoxic_class,saliency,index_tiebreak_v1,0.2,0.58,0.1969171831628579,False,33,31,0.2564201031942967,0.605341005431712,0.3227073929150903,0.2872495747697659,0.0,0.394658994568288,0.0046082949308755,0.5210228839261097,0.2205405425670831,0.5083333333333333,0.332630004404198,0.3085095907676553,0.5168316543735149,0.338791318843501,0.2925247428093728
liver__gcn__seed2026,gcn,2026,hepatotoxic_class,saliency,include_all_exact_ties_v2,0.05,0.93,0.0382785467128027,False,33,31,0.0153609831029185,0.9687774506177927,0.2754258727539987,0.274552722135517,0.0132948893768879,0.031222549382207,0.0,0.5156465398400881,0.2246348353710533,0.5029569892473118,0.332630004404198,0.3062054433022175,0.5201423504685913,0.3399643393713602,0.2935511357712496
liver__gcn__seed2026,gcn,2026,hepatotoxic_class,saliency,include_all_exact_ties_v2,0.1,0.86,0.0919157255662446,False,33,31,0.09715821812596,0.8952827712955298,0.2815411104094992,0.2773515135953144,0.0087748725416309,0.1047172287044701,0.0,0.5156465398400881,0.2246348353710533,0.5029569892473118,0.332630004404198,0.3062054433022175,0.5201423504685913,0.3399643393713602,0.2935511357712496
liver__gcn__seed2026,gcn,2026,hepatotoxic_class,saliency,include_all_exact_ties_v2,0.2,0.54,0.1925558006007832,False,33,31,0.2769211075662688,0.565604776878366,0.3254550615169311,0.2866954149249665,0.0018975332068311,0.4343952231216341,0.0118752215526409,0.5156465398400881,0.2246348353710533,0.5029569892473118,0.332630004404198,0.3062054433022175,0.5201423504685913,0.3399643393713602,0.2935511357712496
liver__gcn__seed2026,gcn,2026,hepatotoxic_class,atom_occlusion,index_tiebreak_v1,0.05,0.95,0.0443977591036414,False,33,31,0.0089605734767025,0.9738696534249016,0.2760267104094747,0.2750288376835442,0.0,0.0261303465750981,0.0,0.4694552759068888,0.2205405425670831,0.5001920122887865,0.3264519530648563,0.2390306825790696,0.5168316543735149,0.357957225675442,0.3014497096165927
liver__gcn__seed2026,gcn,2026,hepatotoxic_class,atom_occlusion,index_tiebreak_v1,0.1,0.9,0.0979925303454715,False,33,31,0.0357635196344873,0.9252950000969126,0.2842112151775731,0.2814875075310042,0.0,0.0747049999030874,0.0,0.4694552759068888,0.2205405425670831,0.5001920122887865,0.3264519530648563,0.2390306825790696,0.5168316543735149,0.357957225675442,0.3014497096165927
liver__gcn__seed2026,gcn,2026,hepatotoxic_class,atom_occlusion,index_tiebreak_v1,0.2,0.74,0.1989004123519693,False,33,31,0.1211351372641695,0.7662330372259807,0.3080718458505577,0.2943177447375232,0.0,0.2337669627740193,0.0,0.4694552759068888,0.2205405425670831,0.5001920122887865,0.3264519530648563,0.2390306825790696,0.5168316543735149,0.357957225675442,0.3014497096165927
liver__gcn__seed2026,gcn,2026,hepatotoxic_class,atom_occlusion,include_all_exact_ties_v2,0.05,0.95,0.0443977591036414,False,33,31,0.0089605734767025,0.9738696534249016,0.2760267104094747,0.2750288376835442,0.0,0.0261303465750981,0.0,0.4694552759068888,0.2225566715993412,0.4969662058371735,0.3232261466132434,0.2390306825790696,0.5168316543735149,0.357957225675442,0.3014497096165927
liver__gcn__seed2026,gcn,2026,hepatotoxic_class,atom_occlusion,include_all_exact_ties_v2,0.1,0.9,0.0979925303454715,False,33,31,0.0357635196344873,0.9268310984072043,0.2841263255341096,0.2814026178875407,0.0015360983102918,0.0731689015927955,0.0,0.4694552759068888,0.2225566715993412,0.4969662058371735,0.3232261466132434,0.2390306825790696,0.5168316543735149,0.357957225675442,0.3014497096165927
liver__gcn__seed2026,gcn,2026,hepatotoxic_class,atom_occlusion,include_all_exact_ties_v2,0.2,0.74,0.1989004123519693,False,33,31,0.1211351372641695,0.7662330372259807,0.3080718458505577,0.2943177447375232,0.0,0.2337669627740193,0.0,0.4694552759068888,0.2225566715993412,0.4969662058371735,0.3232261466132434,0.2390306825790696,0.5168316543735149,0.357957225675442,0.3014497096165927
liver__gcn__seed42,gcn,42,observed_class,gradinput,index_tiebreak_v1,0.05,0.95,0.0474476743940411,False,33,31,0.0191224546063255,0.9738696534249016,0.271847527962041,0.2690817256243777,0.0,0.0261303465750981,0.0,0.6067686793493247,0.2205405425670831,0.4065668202764976,0.2451479076479076,0.3234963960770413,0.5168316543735149,0.3386988222614408,0.2768656224763285
liver__gcn__seed42,gcn,42,observed_class,gradinput,index_tiebreak_v1,0.1,0.87,0.0992712545048185,False,33,31,0.1197467407144826,0.8991889482584722,0.2631522931090432,0.2520835513523518,0.0,0.1008110517415278,0.0,0.6067686793493247,0.2205405425670831,0.4065668202764976,0.2451479076479076,0.3234963960770413,0.5168316543735149,0.3386988222614408,0.2768656224763285
liver__gcn__seed42,gcn,42,observed_class,gradinput,index_tiebreak_v1,0.2,0.73,0.1997250106679172,False,33,31,0.2036019536019536,0.7558931568853621,0.2790791026475922,0.2551703250724179,0.0,0.2441068431146379,0.0,0.6067686793493247,0.2205405425670831,0.4065668202764976,0.2451479076479076,0.3234963960770413,0.5168316543735149,0.3386988222614408,0.2768656224763285
liver__gcn__seed42,gcn,42,observed_class,gradinput,include_all_exact_ties_v2,0.05,0.95,0.0474476743940411,False,33,31,0.0191224546063255,0.9738696534249016,0.271847527962041,0.2690817256243777,0.0,0.0261303465750981,0.0,0.5533892630666826,0.2387256301216455,0.4234639016897081,0.2748138062654192,0.3211922486116035,0.5270909983857194,0.3375621453183123,0.2773712548367996
liver__gcn__seed42,gcn,42,observed_class,gradinput,include_all_exact_ties_v2,0.1,0.87,0.0992712545048185,False,33,31,0.1197467407144826,0.9008018514842786,0.2619261093701261,0.2509799859873264,0.0016129032258064,0.0991981485157214,0.0,0.5533892630666826,0.2387256301216455,0.4234639016897081,0.2748138062654192,0.3211922486116035,0.5270909983857194,0.3375621453183123,0.2773712548367996
liver__gcn__seed42,gcn,42,observed_class,gradinput,include_all_exact_ties_v2,0.2,0.7000000000000001,0.1950825654545377,False,33,31,0.2110461223364449,0.7402447744604485,0.2805627475047229,0.2532275978198778,0.0114033964840416,0.2597552255395515,0.0,0.5533892630666826,0.2387256301216455,0.4234639016897081,0.2748138062654192,0.3211922486116035,0.5270909983857194,0.3375621453183123,0.2773712548367996
liver__gcn__seed42,gcn,42,observed_class,ig,index_tiebreak_v1,0.05,0.96,0.0418211402207941,False,33,31,0.0024813895781637,0.9902002606390994,0.2716387796227103,0.2710873597164517,0.0,0.0097997393609005,0.0,0.6081472291149711,0.2205405425670831,0.4003456221198156,0.238050161413539,0.3168892039859782,0.5168316543735149,0.3330524972602772,0.2715680526626297
liver__gcn__seed42,gcn,42,observed_class,ig,index_tiebreak_v1,0.1,0.9,0.0980564850374539,False,33,31,0.0637086927409508,0.9252950000969126,0.2709835467886143,0.2626295452031331,0.0,0.0747049999030874,0.0,0.6081472291149711,0.2205405425670831,0.4003456221198156,0.238050161413539,0.3168892039859782,0.5168316543735149,0.3330524972602772,0.2715680526626297
liver__gcn__seed42,gcn,42,observed_class,ig,index_tiebreak_v1,0.2,0.77,0.1990578433485008,False,33,31,0.2049017290952774,0.7969036435440862,0.2658981649234451,0.2422684134747517,0.0,0.2030963564559141,0.0,0.6081472291149711,0.2205405425670831,0.4003456221198156,0.238050161413539,0.3168892039859782,0.5168316543735149,0.3330524972602772,0.2715680526626297
liver__gcn__seed42,gcn,42,observed_class,ig,include_all_exact_ties_v2,0.05,0.96,0.0418211402207941,False,33,31,0.0024813895781637,0.9902002606390994,0.2716387796227103,0.2710873597164517,0.0,0.0097997393609005,0.0,0.565520501004372,0.2372593544618215,0.413095238095238,0.2638758142553209,0.3145850565205404,0.5315458912501905,0.3308798491198871,0.2716512579877705
liver__gcn__seed42,gcn,42,observed_class,ig,include_all_exact_ties_v2,0.1,0.9,0.0980564850374539,False,33,31,0.0637086927409508,0.9269927929661824,0.2707949031364732,0.262440901550992,0.0016977928692699,0.0730072070338175,0.0,0.565520501004372,0.2372593544618215,0.413095238095238,0.2638758142553209,0.3145850565205404,0.5315458912501905,0.3308798491198871,0.2716512579877705
liver__gcn__seed42,gcn,42,observed_class,ig,include_all_exact_ties_v2,0.2,0.77,0.1990578433485008,False,33,31,0.2049017290952774,0.7969036435440862,0.2658981649234451,0.2422684134747517,0.0,0.2030963564559141,0.0,0.565520501004372,0.2372593544618215,0.413095238095238,0.2638758142553209,0.3145850565205404,0.5315458912501905,0.3308798491198871,0.2716512579877705
liver__gcn__seed42,gcn,42,observed_class,saliency,index_tiebreak_v1,0.05,0.95,0.0456026528258362,False,33,31,0.0161290322580645,0.9738696534249016,0.2767483826252046,0.2764803192091991,0.0,0.0261303465750981,0.0,0.641852770885029,0.2205405425670831,0.3392089093701997,0.2335254483024881,0.3507326007326007,0.5168316543735149,0.3231539412516642,0.2658897960068938
liver__gcn__seed42,gcn,42,observed_class,saliency,index_tiebreak_v1,0.1,0.9,0.0981174822870324,False,33,31,0.0604691007916814,0.9252950000969126,0.2804735311173083,0.2774090761062459,0.0,0.0747049999030874,0.0,0.641852770885029,0.2205405425670831,0.3392089093701997,0.2335254483024881,0.3507326007326007,0.5168316543735149,0.3231539412516642,0.2658897960068938
liver__gcn__seed42,gcn,42,observed_class,saliency,index_tiebreak_v1,0.2,0.8200000000000001,0.1974675843187954,False,33,31,0.1513450706999093,0.8475253572682816,0.2845824708893733,0.2749988833426895,0.0,0.1524746427317183,0.0,0.641852770885029,0.2205405425670831,0.3392089093701997,0.2335254483024881,0.3507326007326007,0.5168316543735149,0.3231539412516642,0.2658897960068938
liver__gcn__seed42,gcn,42,observed_class,saliency,include_all_exact_ties_v2,0.05,0.95,0.0456026528258362,False,33,31,0.0080645161290322,0.9751103482139836,0.2778401940395967,0.277721013998281,0.0012406947890818,0.0248896517860163,0.0,0.6311000827129859,0.2265323685778845,0.3370583717357911,0.2375577063670043,0.3353716176296821,0.5238199909551193,0.3262986565405919,0.2728928288163782
liver__gcn__seed42,gcn,42,observed_class,saliency,include_all_exact_ties_v2,0.1,0.9,0.0760586587576206,False,33,31,0.0420359210681791,0.9343084611689474,0.2823997175511348,0.2807150561100188,0.0090134610720349,0.0656915388310525,0.0,0.6311000827129859,0.2265323685778845,0.3370583717357911,0.2375577063670043,0.3353716176296821,0.5238199909551193,0.3262986565405919,0.2728928288163782
liver__gcn__seed42,gcn,42,observed_class,saliency,include_all_exact_ties_v2,0.2,0.8200000000000001,0.1827617019658542,False,33,31,0.1513450706999093,0.860811260197648,0.2811936224241241,0.2716100348774403,0.0132859029293664,0.1391887398023519,0.0,0.6311000827129859,0.2265323685778845,0.3370583717357911,0.2375577063670043,0.3353716176296821,0.5238199909551193,0.3262986565405919,0.2728928288163782
liver__gcn__seed42,gcn,42,observed_class,atom_occlusion,index_tiebreak_v1,0.05,0.96,0.0418211402207941,False,33,31,0.0024813895781637,0.9902002606390994,0.2716387796227103,0.2710873597164517,0.0,0.0097997393609005,0.0,0.5883650399779433,0.2205405425670831,0.410099846390169,0.2517787320206675,0.3482315175863563,0.5168316543735149,0.3230897633886249,0.2583562597394616
liver__gcn__seed42,gcn,42,observed_class,atom_occlusion,index_tiebreak_v1,0.1,0.89,0.0997865888436822,False,33,31,0.0630194178581275,0.9199599374467046,0.2731574084880926,0.2655342651211053,0.0,0.0800400625532955,0.0,0.5883650399779433,0.2205405425670831,0.410099846390169,0.2517787320206675,0.3482315175863563,0.5168316543735149,0.3230897633886249,0.2583562597394616
liver__gcn__seed42,gcn,42,observed_class,atom_occlusion,index_tiebreak_v1,0.2,0.78,0.1954154361593808,False,33,31,0.2155067155067155,0.8107047035470188,0.2626562571369452,0.2411330365805502,0.0,0.189295296452981,0.0,0.5883650399779433,0.2205405425670831,0.410099846390169,0.2517787320206675,0.3482315175863563,0.5168316543735149,0.3230897633886249,0.2583562597394616
liver__gcn__seed42,gcn,42,observed_class,atom_occlusion,include_all_exact_ties_v2,0.05,0.96,0.0418211402207941,False,33,31,0.0024813895781637,0.9902002606390994,0.2716387796227103,0.2710873597164517,0.0,0.0097997393609005,0.0,0.5883650399779433,0.2266849358082505,0.4090245775729646,0.2507034632034632,0.3374788294143133,0.5255342421083606,0.3258861605398607,0.262516525996502
liver__gcn__seed42,gcn,42,observed_class,atom_occlusion,include_all_exact_ties_v2,0.1,0.89,0.0997865888436822,False,33,31,0.0630194178581275,0.9199599374467046,0.2731574084880926,0.2655342651211053,0.0,0.0800400625532955,0.0,0.5883650399779433,0.2266849358082505,0.4090245775729646,0.2507034632034632,0.3374788294143133,0.5255342421083606,0.3258861605398607,0.262516525996502
liver__gcn__seed42,gcn,42,observed_class,atom_occlusion,include_all_exact_ties_v2,0.2,0.78,0.1954154361593808,False,33,31,0.2108984205758399,0.8126038796397436,0.2635480135904369,0.2421262035915148,0.0018991760927244,0.1873961203602565,0.0,0.5883650399779433,0.2266849358082505,0.4090245775729646,0.2507034632034632,0.3374788294143133,0.5255342421083606,0.3258861605398607,0.262516525996502
liver__gcn__seed42,gcn,42,hepatotoxic_class,gradinput,index_tiebreak_v1,0.05,0.94,0.047636211347284,False,33,31,0.0191224546063255,0.9649302124271364,0.273800271950139,0.2710344696124758,0.0,0.0350697875728633,0.0,0.5338040096104611,0.2205405425670831,0.4345238095238095,0.2774217849407602,0.2574441687344913,0.5168316543735149,0.3337429358539415,0.2742316077455397
liver__gcn__seed42,gcn,42,hepatotoxic_class,gradinput,index_tiebreak_v1,0.1,0.84,0.0977244593161548,False,33,31,0.094164795777699,0.8620010109363151,0.2693474379218672,0.2529787022936543,0.0,0.137998989063685,0.0,0.5338040096104611,0.2205405425670831,0.4345238095238095,0.2774217849407602,0.2574441687344913,0.5168316543735149,0.3337429358539415,0.2742316077455397
liver__gcn__seed42,gcn,42,hepatotoxic_class,gradinput,index_tiebreak_v1,0.2,0.65,0.1961350452699933,False,33,31,0.1556678088936153,0.6729238683347647,0.3056269426552732,0.270644589796323,0.0,0.3270761316652355,0.0023041474654377,0.5338040096104611,0.2205405425670831,0.4345238095238095,0.2774217849407602,0.2574441687344913,0.5168316543735149,0.3337429358539415,0.2742316077455397
liver__gcn__seed42,gcn,42,hepatotoxic_class,gradinput,include_all_exact_ties_v2,0.05,0.94,0.047636211347284,False,33,31,0.0168183071408877,0.967464774639118,0.2742233583015186,0.2725611213288808,0.0025345622119815,0.0325352253608818,0.0,0.5015459450943323,0.2321592233376056,0.4337173579109062,0.2920880326715241,0.2574441687344913,0.526986072677339,0.3269329000116476,0.2676007833727797
liver__gcn__seed42,gcn,42,hepatotoxic_class,gradinput,include_all_exact_ties_v2,0.1,0.84,0.0977244593161548,False,33,31,0.094164795777699,0.8640171399685732,0.2690402182598089,0.2526714826315959,0.002016129032258,0.1359828600314269,0.0,0.5015459450943323,0.2321592233376056,0.4337173579109062,0.2920880326715241,0.2574441687344913,0.526986072677339,0.3269329000116476,0.2676007833727797
liver__gcn__seed42,gcn,42,hepatotoxic_class,gradinput,include_all_exact_ties_v2,0.2,0.65,0.1936840648778365,False,33,31,0.1556678088936153,0.6867399143938947,0.3016057751790973,0.2670702519477916,0.01381604605913,0.3132600856061054,0.0023041474654377,0.5015459450943323,0.2321592233376056,0.4337173579109062,0.2920880326715241,0.2574441687344913,0.526986072677339,0.3269329000116476,0.2676007833727797
liver__gcn__seed42,gcn,42,hepatotoxic_class,ig,index_tiebreak_v1,0.05,0.96,0.0435512440270225,False,33,31,0.0060656189688447,0.9902002606390994,0.2703980848336284,0.2694790516565307,0.0,0.0097997393609005,0.0,0.5190535271180432,0.2205405425670831,0.4245391705069124,0.271488913258363,0.2646618614360549,0.5168316543735149,0.3277381879137097,0.2670287370452156
liver__gcn__seed42,gcn,42,hepatotoxic_class,ig,index_tiebreak_v1,0.1,0.91,0.0898551275713905,False,33,31,0.0265666233408168,0.939553010556796,0.2757993677228917,0.2711406602145267,0.0,0.0604469894432039,0.0,0.5190535271180432,0.2205405425670831,0.4245391705069124,0.271488913258363,0.2646618614360549,0.5168316543735149,0.3277381879137097,0.2670287370452156
liver__gcn__seed42,gcn,42,hepatotoxic_class,ig,index_tiebreak_v1,0.2,0.7000000000000001,0.1999442838975711,False,33,31,0.1653176572531411,0.7288413779764068,0.2794032213389549,0.2483475167763094,0.0,0.2711586220235931,0.0,0.5190535271180432,0.2205405425670831,0.4245391705069124,0.271488913258363,0.2646618614360549,0.5168316543735149,0.3277381879137097,0.2670287370452156
liver__gcn__seed42,gcn,42,hepatotoxic_class,ig,include_all_exact_ties_v2,0.05,0.96,0.0435512440270225,False,33,31,0.0060656189688447,0.9902002606390994,0.2703980848336284,0.2694790516565307,0.0,0.0097997393609005,0.0,0.4894836346449249,0.227727460210063,0.430837173579109,0.2916502035809436,0.2646618614360549,0.5272320349776306,0.3202706554461773,0.2603874392748856
liver__gcn__seed42,gcn,42,hepatotoxic_class,ig,include_all_exact_ties_v2,0.1,0.91,0.0898551275713905,False,33,31,0.024262475875379,0.9411659137826024,0.2763087055836727,0.2727535634403331,0.0016129032258064,0.0588340862173975,0.0,0.4894836346449249,0.227727460210063,0.430837173579109,0.2916502035809436,0.2646618614360549,0.5272320349776306,0.3202706554461773,0.2603874392748856
liver__gcn__seed42,gcn,42,hepatotoxic_class,ig,include_all_exact_ties_v2,0.2,0.7000000000000001,0.1999442838975711,False,33,31,0.1653176572531411,0.733902979712332,0.2783266492709217,0.2472709447082762,0.0050616017359251,0.2660970202876679,0.0,0.4894836346449249,0.227727460210063,0.430837173579109,0.2916502035809436,0.2646618614360549,0.5272320349776306,0.3202706554461773,0.2603874392748856
liver__gcn__seed42,gcn,42,hepatotoxic_class,saliency,index_tiebreak_v1,0.05,0.95,0.0475490196078431,False,33,31,0.0080645161290322,0.9738696534249016,0.2779004563579235,0.2777515729832338,0.0,0.0261303465750981,0.0,0.6226515420063807,0.2205405425670831,0.3744623655913979,0.2407544200475889,0.3246189294576391,0.5168316543735149,0.346256408044833,0.292133496656367
liver__gcn__seed42,gcn,42,hepatotoxic_class,saliency,index_tiebreak_v1,0.1,0.91,0.0956232492997199,False,33,31,0.0449308755760368,0.939553010556796,0.2793774179709261,0.2783230865261023,0.0,0.0604469894432039,0.0,0.6226515420063807,0.2205405425670831,0.3744623655913979,0.2407544200475889,0.3246189294576391,0.5168316543735149,0.346256408044833,0.292133496656367
liver__gcn__seed42,gcn,42,hepatotoxic_class,saliency,index_tiebreak_v1,0.2,0.81,0.1892255620196797,False,33,31,0.1384654771751545,0.836277122229724,0.2944237706505164,0.2863465032758873,0.0,0.1637228777702759,0.0,0.6226515420063807,0.2205405425670831,0.3744623655913979,0.2407544200475889,0.3246189294576391,0.5168316543735149,0.346256408044833,0.292133496656367
liver__gcn__seed42,gcn,42,hepatotoxic_class,saliency,include_all_exact_ties_v2,0.05,0.95,0.0475490196078431,False,33,31,0.0,0.97672325143979,0.2778038127638266,0.2778038127638266,0.0028535980148883,0.0232767485602098,0.0,0.5957698215762731,0.2391445441781755,0.3755376344086021,0.2565250293665853,0.3246189294576391,0.5202272401120548,0.3451811392276287,0.2910582278391626
liver__gcn__seed42,gcn,42,hepatotoxic_class,saliency,include_all_exact_ties_v2,0.1,0.9,0.0980742296918767,False,33,31,0.0312832328961361,0.9319970638115992,0.2854969645787723,0.2841195227997147,0.0067020637146864,0.068002936188401,0.0,0.5957698215762731,0.2391445441781755,0.3755376344086021,0.2565250293665853,0.3246189294576391,0.5202272401120548,0.3451811392276287,0.2910582278391626
liver__gcn__seed42,gcn,42,hepatotoxic_class,saliency,include_all_exact_ties_v2,0.2,0.79,0.1929730112256064,False,33,31,0.1445310961439993,0.8282259174364323,0.2929210855504412,0.2832729077004366,0.0117455865001447,0.1717740825635675,0.0,0.5957698215762731,0.2391445441781755,0.3755376344086021,0.2565250293665853,0.3246189294576391,0.5202272401120548,0.3451811392276287,0.2910582278391626
liver__gcn__seed42,gcn,42,hepatotoxic_class,atom_occlusion,index_tiebreak_v1,0.05,0.96,0.0418211402207941,False,33,31,0.0060656189688447,0.9902002606390994,0.2703980848336284,0.2694790516565307,0.0,0.0097997393609005,0.0,0.5395939186261767,0.2205405425670831,0.4289170506912442,0.2723526605167971,0.2675863562960337,0.5168316543735149,0.3340257175883362,0.2739398319868709
liver__gcn__seed42,gcn,42,hepatotoxic_class,atom_occlusion,index_tiebreak_v1,0.1,0.91,0.0853957269182182,False,33,31,0.0330458072393556,0.939553010556796,0.2740317522031539,0.2690878183687418,0.0,0.0604469894432039,0.0,0.5395939186261767,0.2205405425670831,0.4289170506912442,0.2723526605167971,0.2675863562960337,0.5168316543735149,0.3340257175883362,0.2739398319868709
liver__gcn__seed42,gcn,42,hepatotoxic_class,atom_occlusion,index_tiebreak_v1,0.2,0.78,0.1956076699156284,False,33,31,0.1253889479695931,0.8107047035470188,0.2699408184537646,0.2481738933404884,0.0,0.189295296452981,0.0,0.5395939186261767,0.2205405425670831,0.4289170506912442,0.2723526605167971,0.2675863562960337,0.5168316543735149,0.3340257175883362,0.2739398319868709
liver__gcn__seed42,gcn,42,hepatotoxic_class,atom_occlusion,include_all_exact_ties_v2,0.05,0.96,0.0418211402207941,False,33,31,0.0060656189688447,0.9902002606390994,0.2703980848336284,0.2694790516565307,0.0,0.0097997393609005,0.0,0.5288412304541337,0.2251488374979587,0.4289170506912442,0.2831053486888402,0.2675863562960337,0.5226237400467549,0.3313968947982231,0.2721372438939602
liver__gcn__seed42,gcn,42,hepatotoxic_class,atom_occlusion,include_all_exact_ties_v2,0.1,0.91,0.0853957269182182,False,33,31,0.0330458072393556,0.939553010556796,0.2740317522031539,0.2690878183687418,0.0,0.0604469894432039,0.0,0.5288412304541337,0.2251488374979587,0.4289170506912442,0.2831053486888402,0.2675863562960337,0.5226237400467549,0.3313968947982231,0.2721372438939602
liver__gcn__seed42,gcn,42,hepatotoxic_class,atom_occlusion,include_all_exact_ties_v2,0.2,0.78,0.1956076699156284,False,33,31,0.1253889479695931,0.8107047035470188,0.2699408184537646,0.2481738933404884,0.0,0.189295296452981,0.0,0.5288412304541337,0.2251488374979587,0.4289170506912442,0.2831053486888402,0.2675863562960337,0.5226237400467549,0.3313968947982231,0.2721372438939602
liver__gin__seed123,gin,123,observed_class,gradinput,index_tiebreak_v1,0.05,0.95,0.0409117266816228,False,33,31,0.0418488321714128,0.9738696534249016,0.2620555822843826,0.2552152034648786,0.0,0.0261303465750981,0.0,0.8634054117925087,0.2205405425670831,0.1705069124423963,0.0850581581606249,0.564486588680137,0.5168316543735149,0.2339637012786918,0.1762537287119894
liver__gin__seed123,gin,123,observed_class,gradinput,index_tiebreak_v1,0.1,0.92,0.0953711273347951,False,33,31,0.0836779707747449,0.947253538173172,0.2620108757771472,0.2536902035925448,0.0,0.0527464618268278,0.0,0.8634054117925087,0.2205405425670831,0.1705069124423963,0.0850581581606249,0.564486588680137,0.5168316543735149,0.2339637012786918,0.1762537287119894
liver__gin__seed123,gin,123,observed_class,gradinput,index_tiebreak_v1,0.2,0.84,0.1994714627932621,False,33,31,0.195409429280397,0.8620010109363151,0.2509389572658084,0.2323015791792994,0.0,0.137998989063685,0.0,0.8634054117925087,0.2205405425670831,0.1705069124423963,0.0850581581606249,0.564486588680137,0.5168316543735149,0.2339637012786918,0.1762537287119894
liver__gin__seed123,gin,123,observed_class,gradinput,include_all_exact_ties_v2,0.05,0.95,0.0409117266816228,False,33,31,0.0418488321714128,0.9738696534249016,0.2620555822843826,0.2552152034648786,0.0,0.0261303465750981,0.0,0.8634054117925087,0.2256021443030082,0.1705069124423963,0.0850581581606249,0.5537339005080939,0.5287476078363625,0.2354549967216001,0.1811005231173577
liver__gin__seed123,gin,123,observed_class,gradinput,include_all_exact_ties_v2,0.1,0.91,0.099572808007064,False,33,31,0.0996002205679625,0.939553010556796,0.258386738694034,0.2484745654438772,0.0,0.0604469894432039,0.0,0.8634054117925087,0.2256021443030082,0.1705069124423963,0.0850581581606249,0.5537339005080939,0.5287476078363625,0.2354549967216001,0.1811005231173577
liver__gin__seed123,gin,123,observed_class,gradinput,include_all_exact_ties_v2,0.2,0.8300000000000001,0.1935891098520856,False,33,31,0.1765626846272007,0.8677934172454245,0.2518429959497333,0.2338452087570491,0.0122093331214577,0.1322065827545755,0.0,0.8634054117925087,0.2256021443030082,0.1705069124423963,0.0850581581606249,0.5537339005080939,0.5287476078363625,0.2354549967216001,0.1811005231173577
liver__gin__seed123,gin,123,observed_class,ig,index_tiebreak_v1,0.05,0.98,0.0294117647058823,False,33,31,0.0,1.0,0.2706459829621886,0.2706459829621886,0.0,0.0,0.0,0.7395427153491672,0.2205405425670831,0.3094086021505376,0.1654110674271964,0.4305506321635354,0.5168316543735149,0.2815508363658269,0.2221453717171783
liver__gin__seed123,gin,123,observed_class,ig,index_tiebreak_v1,0.1,0.94,0.0967105846863632,False,33,31,0.0895466540627831,0.9649302124271364,0.2619563139368262,0.2558090135839146,0.0,0.0350697875728633,0.0,0.7395427153491672,0.2205405425670831,0.3094086021505376,0.1654110674271964,0.4305506321635354,0.5168316543735149,0.2815508363658269,0.2221453717171783
liver__gin__seed123,gin,123,observed_class,ig,index_tiebreak_v1,0.2,0.8300000000000001,0.1976704859922853,False,33,31,0.1601677892000472,0.8555840841239667,0.2620440914516659,0.2442803189560341,0.0,0.1444159158760332,0.0,0.7395427153491672,0.2205405425670831,0.3094086021505376,0.1654110674271964,0.4305506321635354,0.5168316543735149,0.2815508363658269,0.2221453717171783
liver__gin__seed123,gin,123,observed_class,ig,include_all_exact_ties_v2,0.05,0.98,0.0294117647058823,False,33,31,0.0,1.0,0.2706459829621886,0.2706459829621886,0.0,0.0,0.0,0.708052699988184,0.2270859816314975,0.3179339477726574,0.1753573039863362,0.4305506321635354,0.522313416971027,0.2797587216704864,0.2203532570218379
liver__gin__seed123,gin,123,observed_class,ig,include_all_exact_ties_v2,0.1,0.94,0.0908282317451867,False,33,31,0.0895466540627831,0.9649302124271364,0.2619563139368262,0.2558090135839146,0.0,0.0350697875728633,0.0,0.708052699988184,0.2270859816314975,0.3179339477726574,0.1753573039863362,0.4305506321635354,0.522313416971027,0.2797587216704864,0.2203532570218379
liver__gin__seed123,gin,123,observed_class,ig,include_all_exact_ties_v2,0.2,0.8300000000000001,0.1976704859922853,False,33,31,0.1494151010280043,0.8665054491200346,0.2638053533984367,0.2476796300103936,0.0109213649960678,0.1334945508799653,0.0,0.708052699988184,0.2270859816314975,0.3179339477726574,0.1753573039863362,0.4305506321635354,0.522313416971027,0.2797587216704864,0.2203532570218379
liver__gin__seed123,gin,123,observed_class,saliency,index_tiebreak_v1,0.05,0.97,0.034313725490196,False,33,31,0.010752688172043,0.9982512111544368,0.2698438389362356,0.2697896237017547,0.0,0.001748788845563,0.0,0.7422210406081375,0.2205405425670831,0.3696620583717357,0.187793299890074,0.4059238252786639,0.5168316543735149,0.3517691801135824,0.2987344432590613
liver__gin__seed123,gin,123,observed_class,saliency,index_tiebreak_v1,0.1,0.95,0.0846226725984511,False,33,31,0.010752688172043,0.9738696534249016,0.2782420123351532,0.2781877971006723,0.0,0.0261303465750981,0.0,0.7422210406081375,0.2205405425670831,0.3696620583717357,0.187793299890074,0.4059238252786639,0.5168316543735149,0.3517691801135824,0.2987344432590613
liver__gin__seed123,gin,123,observed_class,saliency,index_tiebreak_v1,0.2,0.85,0.1846721041357719,False,33,31,0.1031746031746031,0.8722136505886832,0.2899392746230111,0.2859791404168164,0.0,0.1277863494113169,0.0,0.7422210406081375,0.2205405425670831,0.3696620583717357,0.187793299890074,0.4059238252786639,0.5168316543735149,0.3517691801135824,0.2987344432590613
liver__gin__seed123,gin,123,observed_class,saliency,include_all_exact_ties_v2,0.05,0.97,0.0294117647058823,False,33,31,0.0,0.999172870140612,0.2707112826879298,0.2707112826879298,0.0009216589861751,0.0008271298593879,0.0,0.7422210406081375,0.2205405425670831,0.3696620583717357,0.187793299890074,0.3709775887195242,0.5293347612036517,0.3587200249676531,0.3100451307794262
liver__gin__seed123,gin,123,observed_class,saliency,include_all_exact_ties_v2,0.1,0.92,0.0912547371889932,False,33,31,0.0368663594470046,0.9557282623737028,0.2757757251506793,0.2742152735789924,0.0084747242005306,0.0442717376262971,0.0,0.7422210406081375,0.2205405425670831,0.3696620583717357,0.187793299890074,0.3709775887195242,0.5293347612036517,0.3587200249676531,0.3100451307794262
liver__gin__seed123,gin,123,observed_class,saliency,include_all_exact_ties_v2,0.2,0.77,0.1914280116269735,False,33,31,0.13300051203277,0.8079998005505596,0.3035119609612898,0.2970505464900164,0.0110961570064735,0.1920001994494405,0.0,0.7422210406081375,0.2205405425670831,0.3696620583717357,0.187793299890074,0.3709775887195242,0.5293347612036517,0.3587200249676531,0.3100451307794262
liver__gin__seed123,gin,123,observed_class,atom_occlusion,index_tiebreak_v1,0.05,0.94,0.0492450600149562,False,33,31,0.0755445271574303,0.9649302124271364,0.26303531416693,0.2569427726124105,0.0,0.0350697875728633,0.0,0.7806727322856356,0.2205405425670831,0.2443164362519201,0.126360391137431,0.4349029107093623,0.5168316543735149,0.2634003172665411,0.2031214489705951
liver__gin__seed123,gin,123,observed_class,atom_occlusion,index_tiebreak_v1,0.1,0.91,0.0626913887727036,False,33,31,0.0816101461262751,0.939553010556796,0.266598231502301,0.2596491970499913,0.0,0.0604469894432039,0.0,0.7806727322856356,0.2205405425670831,0.2443164362519201,0.126360391137431,0.4349029107093623,0.5168316543735149,0.2634003172665411,0.2031214489705951
liver__gin__seed123,gin,123,observed_class,atom_occlusion,index_tiebreak_v1,0.2,0.77,0.1956837184345835,False,33,31,0.1694730001181614,0.7969036435440862,0.2707991308233732,0.2479065066617933,0.0,0.2030963564559141,0.0,0.7806727322856356,0.2205405425670831,0.2443164362519201,0.126360391137431,0.4349029107093623,0.5168316543735149,0.2634003172665411,0.2031214489705951
liver__gin__seed123,gin,123,observed_class,atom_occlusion,include_all_exact_ties_v2,0.05,0.94,0.0492450600149562,False,33,31,0.0755445271574303,0.9649302124271364,0.26303531416693,0.2569427726124105,0.0,0.0350697875728633,0.0,0.7806727322856356,0.2205405425670831,0.2443164362519201,0.126360391137431,0.4349029107093623,0.5185294472427848,0.2628138070026115,0.2025349387066654
liver__gin__seed123,gin,123,observed_class,atom_occlusion,include_all_exact_ties_v2,0.1,0.91,0.0626913887727036,False,33,31,0.0816101461262751,0.939553010556796,0.266598231502301,0.2596491970499913,0.0,0.0604469894432039,0.0,0.7806727322856356,0.2205405425670831,0.2443164362519201,0.126360391137431,0.4349029107093623,0.5185294472427848,0.2628138070026115,0.2025349387066654
liver__gin__seed123,gin,123,observed_class,atom_occlusion,include_all_exact_ties_v2,0.2,0.77,0.1956837184345835,False,33,31,0.1694730001181614,0.7969036435440862,0.2707991308233732,0.2479065066617933,0.0,0.2030963564559141,0.0,0.7806727322856356,0.2205405425670831,0.2443164362519201,0.126360391137431,0.4349029107093623,0.5185294472427848,0.2628138070026115,0.2025349387066654
liver__gin__seed123,gin,123,hepatotoxic_class,gradinput,index_tiebreak_v1,0.05,0.95,0.0431741701205369,False,33,31,0.0275119146086888,0.9738696534249016,0.2664603456025585,0.2607307838494336,0.0,0.0261303465750981,0.0,0.7368053093859546,0.2205405425670831,0.2813364055299538,0.1689803291795701,0.3843790617984166,0.5168316543735149,0.3028227991700478,0.2504129476292729
liver__gin__seed123,gin,123,hepatotoxic_class,gradinput,index_tiebreak_v1,0.1,0.89,0.0956675581243055,False,33,31,0.0619855055338926,0.9199599374467046,0.2649818880355324,0.2530336960268867,0.0,0.0800400625532955,0.0,0.7368053093859546,0.2205405425670831,0.2813364055299538,0.1689803291795701,0.3843790617984166,0.5168316543735149,0.3028227991700478,0.2504129476292729
liver__gin__seed123,gin,123,hepatotoxic_class,gradinput,index_tiebreak_v1,0.2,0.77,0.1840073133325728,False,33,31,0.1460376541021702,0.7969036435440862,0.2703116048020302,0.2475499934038963,0.0,0.2030963564559141,0.0,0.7368053093859546,0.2205405425670831,0.2813364055299538,0.1689803291795701,0.3843790617984166,0.5168316543735149,0.3028227991700478,0.2504129476292729
liver__gin__seed123,gin,123,hepatotoxic_class,gradinput,include_all_exact_ties_v2,0.05,0.95,0.0431741701205369,False,33,31,0.025207767143251,0.977018654961,0.2668928785478249,0.2622668821597255,0.0031490015360983,0.0229813450389998,0.0,0.7071074087203121,0.2355462059598433,0.2913594470046082,0.1872598990720432,0.3682500295403521,0.5233611147929185,0.3048069261541747,0.252845103287235
liver__gin__seed123,gin,123,hepatotoxic_class,gradinput,include_all_exact_ties_v2,0.1,0.89,0.0956675581243055,False,33,31,0.0619855055338926,0.9241266041133712,0.2642522413381437,0.252304049329498,0.0041666666666666,0.0758733958866289,0.0,0.7071074087203121,0.2355462059598433,0.2913594470046082,0.1872598990720432,0.3682500295403521,0.5233611147929185,0.3048069261541747,0.252845103287235
liver__gin__seed123,gin,123,hepatotoxic_class,gradinput,include_all_exact_ties_v2,0.2,0.76,0.1876631874469244,False,33,31,0.1575583914293591,0.7900068640287107,0.2702406950341701,0.2478469234065654,0.0042739220158575,0.2099931359712894,0.0,0.7071074087203121,0.2355462059598433,0.2913594470046082,0.1872598990720432,0.3682500295403521,0.5233611147929185,0.3048069261541747,0.252845103287235
liver__gin__seed123,gin,123,hepatotoxic_class,ig,index_tiebreak_v1,0.05,0.95,0.0469556827255789,False,33,31,0.035783213202568,0.9738696534249016,0.2651558996978321,0.2596959002981258,0.0,0.0261303465750981,0.0,0.7253338059789675,0.2205405425670831,0.3163594470046083,0.1619784785107365,0.4085332230493521,0.5168316543735149,0.2923888334941466,0.231804850968688
liver__gin__seed123,gin,123,hepatotoxic_class,ig,index_tiebreak_v1,0.1,0.9,0.0949034289432213,False,33,31,0.0799657331915396,0.9252950000969126,0.2643675015435368,0.2540083286648718,0.0,0.0747049999030874,0.0,0.7253338059789675,0.2205405425670831,0.3163594470046083,0.1619784785107365,0.4085332230493521,0.5168316543735149,0.2923888334941466,0.231804850968688
liver__gin__seed123,gin,123,hepatotoxic_class,ig,index_tiebreak_v1,0.2,0.81,0.1974361086817834,False,33,31,0.1480562448304383,0.836277122229724,0.2727429475989752,0.256758431168616,0.0,0.1637228777702759,0.0,0.7253338059789675,0.2205405425670831,0.3163594470046083,0.1619784785107365,0.4085332230493521,0.5168316543735149,0.2923888334941466,0.231804850968688
liver__gin__seed123,gin,123,hepatotoxic_class,ig,include_all_exact_ties_v2,0.05,0.95,0.0469556827255789,False,33,31,0.035783213202568,0.9754057517351934,0.2650790947823175,0.2596190953826112,0.0015360983102918,0.0245942482648063,0.0,0.7038284296348813,0.2308694794811146,0.3236559139784946,0.177749087829733,0.4085332230493521,0.522313416971027,0.2905967187988061,0.2300127362733475
liver__gin__seed123,gin,123,hepatotoxic_class,ig,include_all_exact_ties_v2,0.1,0.9,0.0801975465902801,False,33,31,0.0638367009334751,0.9315398305352914,0.2654792552868695,0.2553208531522689,0.0062448304383788,0.0684601694647086,0.0,0.7038284296348813,0.2308694794811146,0.3236559139784946,0.177749087829733,0.4085332230493521,0.522313416971027,0.2905967187988061,0.2300127362733475
liver__gin__seed123,gin,123,hepatotoxic_class,ig,include_all_exact_ties_v2,0.2,0.81,0.1625621591019515,False,33,31,0.1480562448304383,0.8441112236122124,0.2682250113922345,0.2524735253556966,0.0078341013824884,0.1558887763877874,0.0,0.7038284296348813,0.2308694794811146,0.3236559139784946,0.177749087829733,0.4085332230493521,0.522313416971027,0.2905967187988061,0.2300127362733475
liver__gin__seed123,gin,123,hepatotoxic_class,saliency,index_tiebreak_v1,0.05,0.97,0.0294117647058823,False,33,31,0.0,0.9982512111544368,0.2707926055396511,0.2707926055396511,0.0,0.001748788845563,0.0,0.8013608255543742,0.2205405425670831,0.3325652841781873,0.1545495722915077,0.5681102052069794,0.5168316543735149,0.311243276542138,0.2578459517501263
liver__gin__seed123,gin,123,hepatotoxic_class,saliency,index_tiebreak_v1,0.1,0.89,0.0962061295106277,False,33,31,0.0907578084997439,0.9199599374467046,0.2754601180680918,0.2701425305710875,0.0,0.0800400625532955,0.0,0.8013608255543742,0.2205405425670831,0.3325652841781873,0.1545495722915077,0.5681102052069794,0.5168316543735149,0.311243276542138,0.2578459517501263
liver__gin__seed123,gin,123,hepatotoxic_class,saliency,index_tiebreak_v1,0.2,0.77,0.1879977481188553,False,33,31,0.2721454173067076,0.7969036435440862,0.2832885842027342,0.2718620824430555,0.0,0.2030963564559141,0.0,0.8013608255543742,0.2205405425670831,0.3325652841781873,0.1545495722915077,0.5681102052069794,0.5168316543735149,0.311243276542138,0.2578459517501263
liver__gin__seed123,gin,123,hepatotoxic_class,saliency,include_all_exact_ties_v2,0.05,0.97,0.0294117647058823,False,33,31,0.0,0.9982512111544368,0.2707926055396511,0.2707926055396511,0.0,0.001748788845563,0.0,0.8013608255543742,0.2205405425670831,0.3325652841781873,0.1545495722915077,0.5519811729489147,0.5321927125335896,0.315408197642543,0.2658797638161964
liver__gin__seed123,gin,123,hepatotoxic_class,saliency,include_all_exact_ties_v2,0.1,0.89,0.0962061295106277,False,33,31,0.0692524321556579,0.9251995789488598,0.2776155850622684,0.2724446251312465,0.0052396415021554,0.0748004210511401,0.0,0.8013608255543742,0.2205405425670831,0.3325652841781873,0.1545495722915077,0.5519811729489147,0.5321927125335896,0.315408197642543,0.2658797638161964
liver__gin__seed123,gin,123,hepatotoxic_class,saliency,include_all_exact_ties_v2,0.2,0.76,0.1901603778766408,False,33,31,0.2694572452636968,0.7972886156078757,0.2809031570724793,0.2695984605837938,0.0115556735950224,0.2027113843921245,0.0,0.8013608255543742,0.2205405425670831,0.3325652841781873,0.1545495722915077,0.5519811729489147,0.5321927125335896,0.315408197642543,0.2658797638161964
liver__gin__seed123,gin,123,hepatotoxic_class,atom_occlusion,index_tiebreak_v1,0.05,0.93,0.0478875939516077,False,33,31,0.0542163929260703,0.9554825612409048,0.2675379504985085,0.2630585296688135,0.0,0.044517438759095,0.0,0.8113946984914727,0.2205405425670831,0.2701228878648233,0.1272790381661349,0.4944267202331718,0.5168316543735149,0.2784437600139687,0.2187941129966497
liver__gin__seed123,gin,123,hepatotoxic_class,atom_occlusion,index_tiebreak_v1,0.1,0.87,0.0985609402131893,False,33,31,0.0758399306786403,0.8991889482584722,0.2742074099794451,0.2662082259454273,0.0,0.1008110517415278,0.0,0.8113946984914727,0.2205405425670831,0.2701228878648233,0.1272790381661349,0.4944267202331718,0.5168316543735149,0.2784437600139687,0.2187941129966497
liver__gin__seed123,gin,123,hepatotoxic_class,atom_occlusion,index_tiebreak_v1,0.2,0.76,0.1912278561500014,False,33,31,0.1422072551104809,0.7857329420128532,0.2907780718134324,0.2743374768658879,0.0,0.2142670579871469,0.0,0.8113946984914727,0.2205405425670831,0.2701228878648233,0.1272790381661349,0.4944267202331718,0.5168316543735149,0.2784437600139687,0.2187941129966497
liver__gin__seed123,gin,123,hepatotoxic_class,atom_occlusion,include_all_exact_ties_v2,0.05,0.93,0.0478875939516077,False,33,31,0.0542163929260703,0.9570186595511964,0.2674611455829939,0.2629817247532989,0.0015360983102918,0.0429813404488031,0.0,0.8113946984914727,0.2205405425670831,0.2701228878648233,0.1272790381661349,0.4813698845956911,0.5199108332591453,0.2809364286356696,0.223632822674069
liver__gin__seed123,gin,123,hepatotoxic_class,atom_occlusion,include_all_exact_ties_v2,0.1,0.8300000000000001,0.0933780224005137,False,33,31,0.090373783922171,0.8565616012305161,0.2817658690482214,0.2707198281429915,0.0009775171065493,0.1434383987694839,0.0,0.8113946984914727,0.2205405425670831,0.2701228878648233,0.1272790381661349,0.4813698845956911,0.5199108332591453,0.2809364286356696,0.223632822674069
liver__gin__seed123,gin,123,hepatotoxic_class,atom_occlusion,include_all_exact_ties_v2,0.2,0.76,0.1698693127326345,False,33,31,0.1422072551104809,0.7857329420128532,0.2907780718134324,0.2743374768658879,0.0,0.2142670579871469,0.0,0.8113946984914727,0.2205405425670831,0.2701228878648233,0.1272790381661349,0.4813698845956911,0.5199108332591453,0.2809364286356696,0.223632822674069
liver__gin__seed2026,gin,2026,observed_class,gradinput,index_tiebreak_v1,0.05,0.93,0.0473515575159173,False,33,31,0.031844499586435,0.9554825612409048,0.2758798340745232,0.2742529008674233,0.0,0.044517438759095,0.0,0.7663653550750325,0.2205405425670831,0.2723502304147465,0.1496338734004768,0.4707550514002127,0.5168316543735149,0.2759340780450837,0.2188395557802828
liver__gin__seed2026,gin,2026,observed_class,gradinput,index_tiebreak_v1,0.1,0.88,0.0997362066998745,False,33,31,0.0697053842215132,0.9067384790260048,0.2744380796565586,0.2668933310821051,0.0,0.093261520973995,0.0,0.7663653550750325,0.2205405425670831,0.2723502304147465,0.1496338734004768,0.4707550514002127,0.5168316543735149,0.2759340780450837,0.2188395557802828
liver__gin__seed2026,gin,2026,observed_class,gradinput,index_tiebreak_v1,0.2,0.76,0.1985800051543996,False,33,31,0.1725058096025838,0.7857329420128532,0.2746721124299837,0.2528777070617244,0.0,0.2142670579871469,0.0,0.7663653550750325,0.2205405425670831,0.2723502304147465,0.1496338734004768,0.4707550514002127,0.5168316543735149,0.2759340780450837,0.2188395557802828
liver__gin__seed2026,gin,2026,observed_class,gradinput,include_all_exact_ties_v2,0.05,0.93,0.0473515575159173,False,33,31,0.031844499586435,0.9576330988753132,0.2755726144124648,0.2739456812053649,0.0021505376344086,0.0423669011246864,0.0,0.7348753397140494,0.2327534695014325,0.2801459293394777,0.1715872784183979,0.4600023632281697,0.5247484687419423,0.2719018199805675,0.2150889157393202
liver__gin__seed2026,gin,2026,observed_class,gradinput,include_all_exact_ties_v2,0.1,0.88,0.0997362066998745,False,33,31,0.0697053842215132,0.9088890166604136,0.2741308599945002,0.2665861114200467,0.0021505376344086,0.0911109833395864,0.0,0.7348753397140494,0.2327534695014325,0.2801459293394777,0.1715872784183979,0.4600023632281697,0.5247484687419423,0.2719018199805675,0.2150889157393202
liver__gin__seed2026,gin,2026,observed_class,gradinput,include_all_exact_ties_v2,0.2,0.76,0.1943783244821307,False,33,31,0.1653373508212217,0.7935836620027922,0.2757719579135434,0.2547790494192237,0.007850719989939,0.2064163379972079,0.0,0.7348753397140494,0.2327534695014325,0.2801459293394777,0.1715872784183979,0.4600023632281697,0.5247484687419423,0.2719018199805675,0.2150889157393202
liver__gin__seed2026,gin,2026,observed_class,ig,index_tiebreak_v1,0.05,0.95,0.0439686658977316,False,33,31,0.0151049667178699,0.9738696534249016,0.2732510303736079,0.2708661275005896,0.0,0.0261303465750981,0.0,0.6305880499428889,0.2205405425670831,0.4099846390168971,0.2407924196823627,0.3418704950963015,0.5168316543735149,0.3437834514210225,0.2836753116164881
liver__gin__seed2026,gin,2026,observed_class,ig,index_tiebreak_v1,0.1,0.9,0.0968318398249194,False,33,31,0.057731694828469,0.9252950000969126,0.2755675201629103,0.2697523007157752,0.0,0.0747049999030874,0.0,0.6305880499428889,0.2205405425670831,0.4099846390168971,0.2407924196823627,0.3418704950963015,0.5168316543735149,0.3437834514210225,0.2836753116164881
liver__gin__seed2026,gin,2026,observed_class,ig,index_tiebreak_v1,0.2,0.73,0.1955796798357352,False,33,31,0.1510398203946591,0.7558931568853621,0.2953525842283916,0.2775697080483014,0.0,0.2441068431146379,0.0,0.6305880499428889,0.2205405425670831,0.4099846390168971,0.2407924196823627,0.3418704950963015,0.5168316543735149,0.3437834514210225,0.2836753116164881
liver__gin__seed2026,gin,2026,observed_class,ig,include_all_exact_ties_v2,0.05,0.95,0.0439686658977316,False,33,31,0.0151049667178699,0.9738696534249016,0.2732510303736079,0.2708661275005896,0.0,0.0261303465750981,0.0,0.6121548702193863,0.2303570667998662,0.4196620583717358,0.2570268704519178,0.3207491433297884,0.5302218041110681,0.3430031833020447,0.284848231265389
liver__gin__seed2026,gin,2026,observed_class,ig,include_all_exact_ties_v2,0.1,0.9,0.0968318398249194,False,33,31,0.057731694828469,0.9299269273094848,0.2748467355711579,0.2690315161240229,0.0046319272125723,0.070073072690515,0.0,0.6121548702193863,0.2303570667998662,0.4196620583717358,0.2570268704519178,0.3207491433297884,0.5302218041110681,0.3430031833020447,0.284848231265389
liver__gin__seed2026,gin,2026,observed_class,ig,include_all_exact_ties_v2,0.2,0.73,0.1955796798357352,False,33,31,0.1510398203946591,0.7572956814295417,0.2948254916709386,0.2770980989179486,0.0014025245441795,0.2427043185704583,0.0,0.6121548702193863,0.2303570667998662,0.4196620583717358,0.2570268704519178,0.3207491433297884,0.5302218041110681,0.3430031833020447,0.284848231265389
liver__gin__seed2026,gin,2026,observed_class,saliency,index_tiebreak_v1,0.05,0.96,0.0498043334981051,False,33,31,0.003584229390681,0.9902002606390994,0.2716387796227103,0.2712711663518712,0.0,0.0097997393609005,0.0,0.8438989326086103,0.2205405425670831,0.2721966205837173,0.120292252550317,0.5976702508960574,0.5168316543735149,0.2431170926901477,0.1809136532587893
liver__gin__seed2026,gin,2026,observed_class,saliency,index_tiebreak_v1,0.1,0.92,0.0819938759817652,False,33,31,0.0150261924455472,0.947253538173172,0.2792312707574393,0.2774365041151049,0.0,0.0527464618268278,0.0,0.8438989326086103,0.2205405425670831,0.2721966205837173,0.120292252550317,0.5976702508960574,0.5168316543735149,0.2431170926901477,0.1809136532587893
liver__gin__seed2026,gin,2026,observed_class,saliency,index_tiebreak_v1,0.2,0.85,0.1929802992086729,False,33,31,0.1323210839339871,0.8722136505886832,0.2692960177941403,0.2557809916290847,0.0,0.1277863494113169,0.0,0.8438989326086103,0.2205405425670831,0.2721966205837173,0.120292252550317,0.5976702508960574,0.5168316543735149,0.2431170926901477,0.1809136532587893
liver__gin__seed2026,gin,2026,observed_class,saliency,include_all_exact_ties_v2,0.05,0.96,0.0439219805569286,False,33,31,0.0,0.9913950037693264,0.2724659094820982,0.2724659094820982,0.001194743130227,0.0086049962306735,0.0,0.8438989326086103,0.2247072092337498,0.2721966205837173,0.120292252550317,0.5654121863799283,0.5335139500730882,0.2477527795838991,0.1897678814678562
liver__gin__seed2026,gin,2026,observed_class,saliency,include_all_exact_ties_v2,0.1,0.9,0.099711913422986,False,33,31,0.0417995982512111,0.9277763896750764,0.2744474663815662,0.2671602641792536,0.0024813895781637,0.0722236103249236,0.0,0.8438989326086103,0.2247072092337498,0.2721966205837173,0.120292252550317,0.5654121863799283,0.5335139500730882,0.2477527795838991,0.1897678814678562
liver__gin__seed2026,gin,2026,observed_class,saliency,include_all_exact_ties_v2,0.2,0.81,0.1986498219197181,False,33,31,0.1760703454251841,0.8501874206897629,0.2626756138689031,0.2461594851858414,0.0139102984600389,0.1498125793102369,0.0,0.8438989326086103,0.2247072092337498,0.2721966205837173,0.120292252550317,0.5654121863799283,0.5335139500730882,0.2477527795838991,0.1897678814678562
liver__gin__seed2026,gin,2026,observed_class,atom_occlusion,index_tiebreak_v1,0.05,0.95,0.0334043119510247,False,33,31,0.0024813895781637,0.9738696534249016,0.2779500841494868,0.2773986642432283,0.0,0.0261303465750981,0.0,0.7535743826066409,0.2205405425670831,0.332258064516129,0.1652975161039677,0.4823644097837646,0.5168316543735149,0.2969730301324229,0.2376179419136075
liver__gin__seed2026,gin,2026,observed_class,atom_occlusion,index_tiebreak_v1,0.1,0.89,0.0935737417138801,False,33,31,0.0423411713734294,0.9199599374467046,0.2823229251346341,0.2781191250151364,0.0,0.0800400625532955,0.0,0.7535743826066409,0.2205405425670831,0.332258064516129,0.1652975161039677,0.4823644097837646,0.5168316543735149,0.2969730301324229,0.2376179419136075
liver__gin__seed2026,gin,2026,observed_class,atom_occlusion,index_tiebreak_v1,0.2,0.77,0.1884024952364053,False,33,31,0.1089940525424396,0.7969036435440862,0.2979675903602429,0.2831607862308082,0.0,0.2030963564559141,0.0,0.7535743826066409,0.2205405425670831,0.332258064516129,0.1652975161039677,0.4823644097837646,0.5168316543735149,0.2969730301324229,0.2376179419136075
liver__gin__seed2026,gin,2026,observed_class,atom_occlusion,include_all_exact_ties_v2,0.05,0.95,0.0334043119510247,False,33,31,0.0024813895781637,0.9738696534249016,0.2779500841494868,0.2773986642432283,0.0,0.0261303465750981,0.0,0.7535743826066409,0.2225566715993412,0.332258064516129,0.1652975161039677,0.4823644097837646,0.5219250329813248,0.2969730301324229,0.2376179419136075
liver__gin__seed2026,gin,2026,observed_class,atom_occlusion,include_all_exact_ties_v2,0.1,0.89,0.0935737417138801,False,33,31,0.0423411713734294,0.9237233783069196,0.2814497745161524,0.2772459743966547,0.003763440860215,0.0762766216930805,0.0,0.7535743826066409,0.2225566715993412,0.332258064516129,0.1652975161039677,0.4823644097837646,0.5219250329813248,0.2969730301324229,0.2376179419136075
liver__gin__seed2026,gin,2026,observed_class,atom_occlusion,include_all_exact_ties_v2,0.2,0.77,0.1884024952364053,False,33,31,0.1089940525424396,0.7983061680882656,0.2974959812298902,0.2827363380134907,0.0014025245441795,0.2016938319117346,0.0,0.7535743826066409,0.2225566715993412,0.332258064516129,0.1652975161039677,0.4823644097837646,0.5219250329813248,0.2969730301324229,0.2376179419136075
liver__gin__seed2026,gin,2026,hepatotoxic_class,gradinput,index_tiebreak_v1,0.05,0.95,0.0398747734387872,False,33,31,0.0129780613651581,0.9738696534249016,0.2741689579468835,0.2720982617630103,0.0,0.0261303465750981,0.0,0.7083776438615148,0.2205405425670831,0.3093701996927803,0.187642517718419,0.4635865926188507,0.5168316543735149,0.2919498722866844,0.235971122433721
liver__gin__seed2026,gin,2026,hepatotoxic_class,gradinput,index_tiebreak_v1,0.1,0.89,0.098217295968161,False,33,31,0.0418783725235338,0.9199599374467046,0.2764052227653187,0.2691698305617481,0.0,0.0800400625532955,0.0,0.7083776438615148,0.2205405425670831,0.3093701996927803,0.187642517718419,0.4635865926188507,0.5168316543735149,0.2919498722866844,0.235971122433721
liver__gin__seed2026,gin,2026,hepatotoxic_class,gradinput,index_tiebreak_v1,0.2,0.76,0.1960001119603195,False,33,31,0.1092697624955689,0.7857329420128532,0.288752028929255,0.2687342590175972,0.0,0.2142670579871469,0.0,0.7083776438615148,0.2205405425670831,0.3093701996927803,0.187642517718419,0.4635865926188507,0.5168316543735149,0.2919498722866844,0.235971122433721
liver__gin__seed2026,gin,2026,hepatotoxic_class,gradinput,include_all_exact_ties_v2,0.05,0.95,0.0398747734387872,False,33,31,0.0106739138997203,0.975482556650708,0.2746782958076645,0.2737111649888167,0.0016129032258064,0.0245174433492917,0.0,0.6822639725865534,0.235271478929898,0.3168970814132104,0.2074453851019315,0.4635865926188507,0.5213291729839368,0.2904777780726547,0.2346270364122157
liver__gin__seed2026,gin,2026,hepatotoxic_class,gradinput,include_all_exact_ties_v2,0.1,0.88,0.0990342894322132,False,33,31,0.0443597621016975,0.9086360122328362,0.2777053005233999,0.2697125979515131,0.0018975332068311,0.0913639877671638,0.0,0.6822639725865534,0.235271478929898,0.3168970814132104,0.2074453851019315,0.4635865926188507,0.5213291729839368,0.2904777780726547,0.2346270364122157
liver__gin__seed2026,gin,2026,hepatotoxic_class,gradinput,include_all_exact_ties_v2,0.2,0.72,0.1996219226755559,False,33,31,0.1220902753160817,0.7601510276840747,0.2934690941822956,0.2706872641165216,0.0135031601774835,0.2398489723159253,0.0,0.6822639725865534,0.235271478929898,0.3168970814132104,0.2074453851019315,0.4635865926188507,0.5213291729839368,0.2904777780726547,0.2346270364122157
liver__gin__seed2026,gin,2026,hepatotoxic_class,ig,index_tiebreak_v1,0.05,0.95,0.0385620915032679,False,33,31,0.0151049667178699,0.9738696534249016,0.2732510303736079,0.2708661275005896,0.0,0.0261303465750981,0.0,0.5656878963330575,0.2205405425670831,0.423195084485407,0.2396446743220936,0.2550809405648115,0.5168316543735149,0.3641408085905239,0.3060287427210428
liver__gin__seed2026,gin,2026,hepatotoxic_class,ig,index_tiebreak_v1,0.1,0.9,0.0969242599000384,False,33,31,0.046979006656426,0.9252950000969126,0.2786077147353629,0.273675299662743,0.0,0.0747049999030874,0.0,0.5656878963330575,0.2205405425670831,0.423195084485407,0.2396446743220936,0.2550809405648115,0.5168316543735149,0.3641408085905239,0.3060287427210428
liver__gin__seed2026,gin,2026,hepatotoxic_class,ig,index_tiebreak_v1,0.2,0.68,0.1999089530231399,False,33,31,0.1776852180077986,0.7024722663924304,0.3077211751846683,0.2838470853413928,0.0,0.2975277336075697,0.0,0.5656878963330575,0.2205405425670831,0.423195084485407,0.2396446743220936,0.2550809405648115,0.5168316543735149,0.3641408085905239,0.3060287427210428
liver__gin__seed2026,gin,2026,hepatotoxic_class,ig,include_all_exact_ties_v2,0.05,0.94,0.0468954248366013,False,33,31,0.0151049667178699,0.9663964880869604,0.2749943064103026,0.2726094035372842,0.001466275659824,0.0336035119130393,0.0,0.5370140612076096,0.2338444115585582,0.4350230414746543,0.2596612169192814,0.238951908306747,0.5250712511526653,0.3671385277172753,0.3099438240554789
liver__gin__seed2026,gin,2026,hepatotoxic_class,ig,include_all_exact_ties_v2,0.1,0.9,0.0822183775470972,False,33,31,0.0308499743983615,0.931943056341743,0.2799222604047473,0.2751434551631566,0.0066480562448304,0.068056943658257,0.0,0.5370140612076096,0.2338444115585582,0.4350230414746543,0.2596612169192814,0.238951908306747,0.5250712511526653,0.3671385277172753,0.3099438240554789
liver__gin__seed2026,gin,2026,hepatotoxic_class,ig,include_all_exact_ties_v2,0.2,0.68,0.1999089530231399,False,33,31,0.1776852180077986,0.7061861882939584,0.3068779324059416,0.2830038425626661,0.003713921901528,0.2938138117060416,0.0,0.5370140612076096,0.2338444115585582,0.4350230414746543,0.2596612169192814,0.238951908306747,0.5250712511526653,0.3671385277172753,0.3099438240554789
liver__gin__seed2026,gin,2026,hepatotoxic_class,saliency,index_tiebreak_v1,0.05,0.96,0.043172268907563,False,33,31,0.0,0.9902002606390994,0.2728794744117921,0.2728794744117921,0.0,0.0097997393609005,0.0,0.8001201307652923,0.2205405425670831,0.301689708141321,0.140287132222616,0.5124167946748591,0.5168316543735149,0.2683839931942398,0.2055065808877701
liver__gin__seed2026,gin,2026,hepatotoxic_class,saliency,index_tiebreak_v1,0.1,0.91,0.0973739495798319,False,33,31,0.0452853598014888,0.939553010556796,0.2756974376355978,0.2727942240787339,0.0,0.0604469894432039,0.0,0.8001201307652923,0.2205405425670831,0.301689708141321,0.140287132222616,0.5124167946748591,0.5168316543735149,0.2683839931942398,0.2055065808877701
liver__gin__seed2026,gin,2026,hepatotoxic_class,saliency,index_tiebreak_v1,0.2,0.84,0.1892605760252819,False,33,31,0.1205443302217495,0.8620010109363151,0.2779176739663216,0.267000178810966,0.0,0.137998989063685,0.0,0.8001201307652923,0.2205405425670831,0.301689708141321,0.140287132222616,0.5124167946748591,0.5168316543735149,0.2683839931942398,0.2055065808877701
liver__gin__seed2026,gin,2026,hepatotoxic_class,saliency,include_all_exact_ties_v2,0.05,0.96,0.043172268907563,False,33,31,0.0,0.9902002606390994,0.2728794744117921,0.2728794744117921,0.0,0.0097997393609005,0.0,0.7978159832998546,0.2240509789997207,0.301689708141321,0.1425912796880538,0.4993599590373784,0.5230528525301968,0.2719030547778176,0.2141087314254045
liver__gin__seed2026,gin,2026,hepatotoxic_class,saliency,include_all_exact_ties_v2,0.1,0.9,0.0981658047834518,False,33,31,0.0538323683484973,0.9321969392569162,0.2742773139533492,0.2687762078155707,0.0069019391600036,0.0678030607430838,0.0,0.7978159832998546,0.2240509789997207,0.301689708141321,0.1425912796880538,0.4993599590373784,0.5230528525301968,0.2719030547778176,0.2141087314254045
liver__gin__seed2026,gin,2026,hepatotoxic_class,saliency,include_all_exact_ties_v2,0.2,0.8300000000000001,0.1784762622997917,False,33,31,0.1095848595848595,0.8665475400785894,0.2763728357594918,0.2653671324899814,0.0109634559546226,0.1334524599214106,0.0,0.7978159832998546,0.2240509789997207,0.301689708141321,0.1425912796880538,0.4993599590373784,0.5230528525301968,0.2719030547778176,0.2141087314254045
liver__gin__seed2026,gin,2026,hepatotoxic_class,atom_occlusion,index_tiebreak_v1,0.05,0.93,0.0468569780853517,False,33,31,0.0118752215526409,0.9554825612409048,0.2779692939665594,0.275674260613177,0.0,0.044517438759095,0.0,0.5810193390838554,0.2205405425670831,0.4155529953917051,0.2335263303005239,0.3181298987750601,0.5168316543735149,0.3298552701778507,0.2691824699652023
liver__gin__seed2026,gin,2026,hepatotoxic_class,atom_occlusion,index_tiebreak_v1,0.1,0.76,0.0933315483055967,False,33,31,0.0974733152152506,0.7857329420128532,0.2994952849186911,0.2827256063716937,0.0,0.2142670579871469,0.0,0.5810193390838554,0.2205405425670831,0.4155529953917051,0.2335263303005239,0.3181298987750601,0.5168316543735149,0.3298552701778507,0.2691824699652023
liver__gin__seed2026,gin,2026,hepatotoxic_class,atom_occlusion,index_tiebreak_v1,0.2,0.65,0.1820248763155337,False,33,31,0.1871479774705581,0.6729238683347647,0.313283967793323,0.2848955084233896,0.0,0.3270761316652355,0.0023041474654377,0.5810193390838554,0.2205405425670831,0.4155529953917051,0.2335263303005239,0.3181298987750601,0.5168316543735149,0.3298552701778507,0.2691824699652023
liver__gin__seed2026,gin,2026,hepatotoxic_class,atom_occlusion,include_all_exact_ties_v2,0.05,0.93,0.0468569780853517,False,33,31,0.0118752215526409,0.9554825612409048,0.2779692939665594,0.275674260613177,0.0,0.044517438759095,0.0,0.5810193390838554,0.2205405425670831,0.4155529953917051,0.2335263303005239,0.3181298987750601,0.5168316543735149,0.3298552701778507,0.2691824699652023
liver__gin__seed2026,gin,2026,hepatotoxic_class,atom_occlusion,include_all_exact_ties_v2,0.1,0.76,0.0933315483055967,False,33,31,0.0974733152152506,0.7876304752196844,0.2991408006932391,0.2823711221462417,0.0018975332068311,0.2123695247803158,0.0,0.5810193390838554,0.2205405425670831,0.4155529953917051,0.2335263303005239,0.3181298987750601,0.5168316543735149,0.3298552701778507,0.2691824699652023
liver__gin__seed2026,gin,2026,hepatotoxic_class,atom_occlusion,include_all_exact_ties_v2,0.2,0.64,0.198705960513919,False,33,31,0.2057583993067863,0.6678682999615737,0.3101859952408912,0.2811844929998505,0.0018975332068311,0.3321317000384264,0.0023041474654377,0.5810193390838554,0.2205405425670831,0.4155529953917051,0.2335263303005239,0.3181298987750601,0.5168316543735149,0.3298552701778507,0.2691824699652023
liver__gin__seed42,gin,42,observed_class,gradinput,index_tiebreak_v1,0.05,0.94,0.0476451364859669,False,33,31,0.0269014139981881,0.9649302124271364,0.268807549618707,0.2635533621034348,0.0,0.0350697875728633,0.0,0.6055969120485251,0.2205405425670831,0.3769201228878648,0.2149944141879625,0.2622100122100122,0.5168316543735149,0.3326149419840121,0.2740215781699353
liver__gin__seed42,gin,42,observed_class,gradinput,index_tiebreak_v1,0.1,0.85,0.0972394915734016,False,33,31,0.0691145771790933,0.8722136505886832,0.2788139259547291,0.2665438583776693,0.0,0.1277863494113169,0.0,0.6055969120485251,0.2205405425670831,0.3769201228878648,0.2149944141879625,0.2622100122100122,0.5168316543735149,0.3326149419840121,0.2740215781699353
liver__gin__seed42,gin,42,observed_class,gradinput,index_tiebreak_v1,0.2,0.65,0.1981303154746061,False,33,31,0.137116467761629,0.6729238683347647,0.315411231210909,0.2839534532019628,0.0,0.3270761316652355,0.0023041474654377,0.6055969120485251,0.2205405425670831,0.3769201228878648,0.2149944141879625,0.2622100122100122,0.5168316543735149,0.3326149419840121,0.2740215781699353
liver__gin__seed42,gin,42,observed_class,gradinput,include_all_exact_ties_v2,0.05,0.94,0.0476451364859669,False,33,31,0.0269014139981881,0.9649302124271364,0.268807549618707,0.2635533621034348,0.0,0.0350697875728633,0.0,0.5867797077474497,0.2367514361120975,0.3872887864823349,0.2272191965740352,0.2622100122100122,0.5178091714800642,0.332087849426559,0.2735971299526178
liver__gin__seed42,gin,42,observed_class,gradinput,include_all_exact_ties_v2,0.1,0.85,0.0972394915734016,False,33,31,0.0583618890070503,0.8806702760232372,0.2813208013268796,0.2705868320601117,0.0084566254345541,0.1193297239767628,0.0,0.5867797077474497,0.2367514361120975,0.3872887864823349,0.2272191965740352,0.2622100122100122,0.5178091714800642,0.332087849426559,0.2735971299526178
liver__gin__seed42,gin,42,observed_class,gradinput,include_all_exact_ties_v2,0.2,0.65,0.1981303154746061,False,33,31,0.115611091417543,0.6869667271503241,0.3216017017477293,0.2919872417111332,0.0140428588155594,0.3130332728496759,0.0023041474654377,0.5867797077474497,0.2367514361120975,0.3872887864823349,0.2272191965740352,0.2622100122100122,0.5178091714800642,0.332087849426559,0.2735971299526178
liver__gin__seed42,gin,42,observed_class,ig,index_tiebreak_v1,0.05,0.95,0.0377675957260732,False,33,31,0.0131553034778841,0.9738696534249016,0.2737707665059335,0.2717315351539393,0.0,0.0261303465750981,0.0,0.7450569144117533,0.2205405425670831,0.3334101382488479,0.1654692082111436,0.5239966127062902,0.5168316543735149,0.2826219953354678,0.2253711462976918
liver__gin__seed42,gin,42,observed_class,ig,index_tiebreak_v1,0.1,0.86,0.0870017765779011,False,33,31,0.100771987868762,0.8865078987538989,0.2703819702939339,0.2592031620816497,0.0,0.113492101246101,0.0,0.7450569144117533,0.2205405425670831,0.3334101382488479,0.1654692082111436,0.5239966127062902,0.5168316543735149,0.2826219953354678,0.2253711462976918
liver__gin__seed42,gin,42,observed_class,ig,index_tiebreak_v1,0.2,0.79,0.1726380597487864,False,33,31,0.1645889952341565,0.8164803309362876,0.2688180658574385,0.2496185399680386,0.0,0.1835196690637122,0.0,0.7450569144117533,0.2205405425670831,0.3334101382488479,0.1654692082111436,0.5239966127062902,0.5168316543735149,0.2826219953354678,0.2253711462976918
liver__gin__seed42,gin,42,observed_class,ig,include_all_exact_ties_v2,0.05,0.95,0.0377675957260732,False,33,31,0.0131553034778841,0.9738696534249016,0.2737707665059335,0.2717315351539393,0.0,0.0261303465750981,0.0,0.7235515380676673,0.2314549252981042,0.3414746543778801,0.1815982404692082,0.5024912363622042,0.5256691568589302,0.2846699895086992,0.2275657680369056
liver__gin__seed42,gin,42,observed_class,ig,include_all_exact_ties_v2,0.1,0.86,0.0870017765779011,False,33,31,0.100771987868762,0.890101635384343,0.2698195219895501,0.2586517421753911,0.003593736630444,0.1098983646156569,0.0,0.7235515380676673,0.2314549252981042,0.3414746543778801,0.1815982404692082,0.5024912363622042,0.5256691568589302,0.2846699895086992,0.2275657680369056
liver__gin__seed42,gin,42,observed_class,ig,include_all_exact_ties_v2,0.2,0.77,0.1857809337913144,False,33,31,0.1992496750561266,0.8021007761605736,0.2641678049657914,0.2415487782548582,0.0051971326164874,0.1978992238394266,0.0,0.7235515380676673,0.2314549252981042,0.3414746543778801,0.1815982404692082,0.5024912363622042,0.5256691568589302,0.2846699895086992,0.2275657680369056
liver__gin__seed42,gin,42,observed_class,saliency,index_tiebreak_v1,0.05,0.96,0.0498043334981051,False,33,31,0.0116487455197132,0.9902002606390994,0.2704867058899914,0.2699999125778365,0.0,0.0097997393609005,0.0,0.8325554373941473,0.2205405425670831,0.2609062980030721,0.1156638112046081,0.6404545275513016,0.5168316543735149,0.2383564727492621,0.1807276820796745
liver__gin__seed42,gin,42,observed_class,saliency,index_tiebreak_v1,0.1,0.91,0.0850194979952765,False,33,31,0.050179211469534,0.939553010556796,0.2773604580082955,0.2756587264037479,0.0,0.0604469894432039,0.0,0.8325554373941473,0.2205405425670831,0.2609062980030721,0.1156638112046081,0.6404545275513016,0.5168316543735149,0.2383564727492621,0.1807276820796745
liver__gin__seed42,gin,42,observed_class,saliency,index_tiebreak_v1,0.2,0.85,0.1790726094359312,False,33,31,0.2320000787742723,0.8722136505886832,0.2623596150052835,0.2547541000235696,0.0,0.1277863494113169,0.0,0.8325554373941473,0.2205405425670831,0.2609062980030721,0.1156638112046081,0.6404545275513016,0.5168316543735149,0.2383564727492621,0.1807276820796745
liver__gin__seed42,gin,42,observed_class,saliency,include_all_exact_ties_v2,0.05,0.96,0.0480742296918767,False,33,31,0.0,0.9925073508216068,0.2723070027603439,0.2723070027603439,0.0023070901825073,0.0074926491783931,0.0,0.8325554373941473,0.2247072092337498,0.2609062980030721,0.1156638112046081,0.6381503800858639,0.5212546975208715,0.2386497278812269,0.182878219714083
liver__gin__seed42,gin,42,observed_class,saliency,include_all_exact_ties_v2,0.1,0.89,0.0891305541824573,False,33,31,0.0556835637480798,0.9304866105158224,0.2820010818348902,0.2803723397334179,0.0105266730691178,0.0695133894841776,0.0,0.8325554373941473,0.2247072092337498,0.2609062980030721,0.1156638112046081,0.6381503800858639,0.5212546975208715,0.2386497278812269,0.182878219714083
liver__gin__seed42,gin,42,observed_class,saliency,include_all_exact_ties_v2,0.2,0.81,0.1860637392211786,False,33,31,0.2757493402654692,0.8501076732419388,0.2623064737777568,0.2533394117569622,0.0138305510122148,0.1498923267580611,0.0,0.8325554373941473,0.2247072092337498,0.2609062980030721,0.1156638112046081,0.6381503800858639,0.5212546975208715,0.2386497278812269,0.182878219714083
liver__gin__seed42,gin,42,observed_class,atom_occlusion,index_tiebreak_v1,0.05,0.91,0.0405032299495967,False,33,31,0.0151542006380716,0.939553010556796,0.2829403126628531,0.2815222146318519,0.0,0.0604469894432039,0.0,0.6630725904919456,0.2205405425670831,0.3809139784946236,0.2160982386788838,0.2453129307968017,0.5168316543735149,0.3401171303922726,0.283073538005876
liver__gin__seed42,gin,42,observed_class,atom_occlusion,index_tiebreak_v1,0.1,0.86,0.0943323785019286,False,33,31,0.0260053566505179,0.8865078987538989,0.2934390674334847,0.2880911429237531,0.0,0.113492101246101,0.0,0.6630725904919456,0.2205405425670831,0.3809139784946236,0.2160982386788838,0.2453129307968017,0.5168316543735149,0.3401171303922726,0.283073538005876
liver__gin__seed42,gin,42,observed_class,atom_occlusion,index_tiebreak_v1,0.2,0.67,0.1983935278485451,False,33,31,0.1347335460238686,0.7014316836661036,0.304888259199828,0.275399674733367,0.0,0.2985683163338964,0.0,0.6630725904919456,0.2205405425670831,0.3809139784946236,0.2160982386788838,0.2453129307968017,0.5168316543735149,0.3401171303922726,0.283073538005876
liver__gin__seed42,gin,42,observed_class,atom_occlusion,include_all_exact_ties_v2,0.05,0.91,0.0405032299495967,False,33,31,0.0151542006380716,0.939553010556796,0.2829403126628531,0.2815222146318519,0.0,0.0604469894432039,0.0,0.6630725904919456,0.2205405425670831,0.3809139784946236,0.2160982386788838,0.2245756036078616,0.5216575019837427,0.3438264244715857,0.2878633718279678
liver__gin__seed42,gin,42,observed_class,atom_occlusion,include_all_exact_ties_v2,0.1,0.86,0.0943323785019286,False,33,31,0.0237012091850801,0.890271339614114,0.2933789502256595,0.2892572094548452,0.003763440860215,0.109728660385886,0.0,0.6630725904919456,0.2205405425670831,0.3809139784946236,0.2160982386788838,0.2245756036078616,0.5216575019837427,0.3438264244715857,0.2878633718279678
liver__gin__seed42,gin,42,observed_class,atom_occlusion,include_all_exact_ties_v2,0.2,0.67,0.1983935278485451,False,33,31,0.1239808578518256,0.7060399785969792,0.3091893344686452,0.2800079696642426,0.0046082949308755,0.2939600214030208,0.0,0.6630725904919456,0.2205405425670831,0.3809139784946236,0.2160982386788838,0.2245756036078616,0.5216575019837427,0.3438264244715857,0.2878633718279678
liver__gin__seed42,gin,42,hepatotoxic_class,gradinput,index_tiebreak_v1,0.05,0.95,0.0427036199095022,False,33,31,0.0179408405214856,0.9738696534249016,0.2701116294519489,0.2658180343346504,0.0,0.0261303465750981,0.0,0.7388534404663438,0.2205405425670831,0.3195084485407066,0.1689656801136876,0.3365827720666431,0.5168316543735149,0.3277271510905286,0.2727440377570209
liver__gin__seed42,gin,42,hepatotoxic_class,gradinput,index_tiebreak_v1,0.1,0.8300000000000001,0.0913560295913237,False,33,31,0.0609220528575367,0.8555840841239667,0.2887759004779596,0.2775875795136517,0.0,0.1444159158760332,0.0,0.7388534404663438,0.2205405425670831,0.3195084485407066,0.1689656801136876,0.3365827720666431,0.5168316543735149,0.3277271510905286,0.2727440377570209
liver__gin__seed42,gin,42,hepatotoxic_class,gradinput,index_tiebreak_v1,0.2,0.66,0.1955148273487373,False,33,31,0.1258517468194887,0.682439803383901,0.3238043002748885,0.2963349455251287,0.0,0.3175601966160993,0.0,0.7388534404663438,0.2205405425670831,0.3195084485407066,0.1689656801136876,0.3365827720666431,0.5168316543735149,0.3277271510905286,0.2727440377570209
liver__gin__seed42,gin,42,hepatotoxic_class,gradinput,include_all_exact_ties_v2,0.05,0.95,0.0427036199095022,False,33,31,0.0156366930560478,0.9768850811948876,0.2702384606188628,0.2670484308665897,0.0030154277699859,0.0231149188051122,0.0,0.7048032612548742,0.2441242844387897,0.327073732718894,0.1911879023359099,0.3312064279806215,0.5207453166126041,0.3286232084381989,0.2747805317289987
liver__gin__seed42,gin,42,hepatotoxic_class,gradinput,include_all_exact_ties_v2,0.1,0.8300000000000001,0.0913560295913237,False,33,31,0.0609220528575367,0.8604099317341947,0.2878083490867348,0.2766452310702321,0.0048258476102279,0.1395900682658053,0.0,0.7048032612548742,0.2441242844387897,0.327073732718894,0.1911879023359099,0.3312064279806215,0.5207453166126041,0.3286232084381989,0.2747805317289987
liver__gin__seed42,gin,42,hepatotoxic_class,gradinput,include_all_exact_ties_v2,0.2,0.65,0.198946199897757,False,33,31,0.1281558942849265,0.6792299561349103,0.322925043563431,0.2944265413573791,0.0063060878001455,0.3207700438650899,0.0023041474654377,0.7048032612548742,0.2441242844387897,0.327073732718894,0.1911879023359099,0.3312064279806215,0.5207453166126041,0.3286232084381989,0.2747805317289987
liver__gin__seed42,gin,42,hepatotoxic_class,ig,index_tiebreak_v1,0.05,0.95,0.0431741701205369,False,33,31,0.0185316475639056,0.9738696534249016,0.2723044908461095,0.2699465039158926,0.0,0.0261303465750981,0.0,0.7504332584977749,0.2205405425670831,0.3495391705069124,0.173892147279244,0.5041553428650204,0.5168316543735149,0.2998014477615995,0.2374875596013117
liver__gin__seed42,gin,42,hepatotoxic_class,ig,index_tiebreak_v1,0.1,0.9,0.0905113101047357,False,33,31,0.0649100003938713,0.9252950000969126,0.2701742246889697,0.2624429535706017,0.0,0.0747049999030874,0.0,0.7504332584977749,0.2205405425670831,0.3495391705069124,0.173892147279244,0.5041553428650204,0.5168316543735149,0.2998014477615995,0.2374875596013117
liver__gin__seed42,gin,42,hepatotoxic_class,ig,index_tiebreak_v1,0.2,0.8300000000000001,0.1934777304586993,False,33,31,0.1312083973374296,0.8555840841239667,0.271480044492932,0.2584921274174158,0.0,0.1444159158760332,0.0,0.7504332584977749,0.2205405425670831,0.3495391705069124,0.173892147279244,0.5041553428650204,0.5168316543735149,0.2998014477615995,0.2374875596013117
liver__gin__seed42,gin,42,hepatotoxic_class,ig,include_all_exact_ties_v2,0.05,0.95,0.0431741701205369,False,33,31,0.0185316475639056,0.9770954598765146,0.2706066979768395,0.2682487110466226,0.0032258064516129,0.0229045401234852,0.0,0.7289278821536888,0.2348505110366441,0.3541474654377879,0.1876018246985988,0.4683130489582103,0.5298731034293951,0.3060173697270472,0.2449406799576579
liver__gin__seed42,gin,42,hepatotoxic_class,ig,include_all_exact_ties_v2,0.1,0.9,0.0758054277517945,False,33,31,0.0603017054629957,0.9307089409947245,0.2706823187454508,0.263265249554188,0.0054139408978118,0.0692910590052756,0.0,0.7289278821536888,0.2348505110366441,0.3541474654377879,0.1876018246985988,0.4683130489582103,0.5298731034293951,0.3060173697270472,0.2449406799576579
liver__gin__seed42,gin,42,hepatotoxic_class,ig,include_all_exact_ties_v2,0.2,0.8300000000000001,0.1910267500665424,False,33,31,0.1312083973374296,0.8583149255644856,0.2709182144854683,0.2579676980644635,0.0027308414405188,0.1416850744355144,0.0,0.7289278821536888,0.2348505110366441,0.3541474654377879,0.1876018246985988,0.4683130489582103,0.5298731034293951,0.3060173697270472,0.2449406799576579
liver__gin__seed42,gin,42,hepatotoxic_class,saliency,index_tiebreak_v1,0.05,0.96,0.0493285549513923,False,33,31,0.0080645161290322,0.9902002606390994,0.2717274006790732,0.2716082206377575,0.0,0.0097997393609005,0.0,0.8783823703178543,0.2205405425670831,0.2394777265745007,0.1011186789175404,0.6545354287289771,0.5168316543735149,0.2228765173262327,0.1664709228264106
liver__gin__seed42,gin,42,hepatotoxic_class,saliency,index_tiebreak_v1,0.1,0.92,0.0838695282034382,False,33,31,0.057347670250896,0.947253538173172,0.2783636242870764,0.2774830542204541,0.0,0.0527464618268278,0.0,0.8783823703178543,0.2205405425670831,0.2394777265745007,0.1011186789175404,0.6545354287289771,0.5168316543735149,0.2228765173262327,0.1664709228264106
liver__gin__seed42,gin,42,hepatotoxic_class,saliency,index_tiebreak_v1,0.2,0.86,0.1871546657878837,False,33,31,0.180924809957068,0.8865078987538989,0.2756056758619526,0.2716258731435428,0.0,0.113492101246101,0.0,0.8783823703178543,0.2205405425670831,0.2394777265745007,0.1011186789175404,0.6545354287289771,0.5168316543735149,0.2228765173262327,0.1664709228264106
liver__gin__seed42,gin,42,hepatotoxic_class,saliency,include_all_exact_ties_v2,0.05,0.96,0.0458683473389355,False,33,31,0.0,0.9913126076913796,0.2727205676900378,0.2727205676900378,0.0011123470522803,0.0086873923086202,0.0,0.8783823703178543,0.2290624997370479,0.2394777265745007,0.1011186789175404,0.6545354287289771,0.5214970636043833,0.2228765173262327,0.1664709228264106
liver__gin__seed42,gin,42,hepatotoxic_class,saliency,include_all_exact_ties_v2,0.1,0.9,0.0847538034821771,False,33,31,0.0376344086021505,0.9317936162173308,0.2884352667429624,0.2880861534906233,0.0064986161204181,0.0682063837826693,0.0,0.8783823703178543,0.2290624997370479,0.2394777265745007,0.1011186789175404,0.6545354287289771,0.5214970636043833,0.2228765173262327,0.1664709228264106
liver__gin__seed42,gin,42,hepatotoxic_class,saliency,include_all_exact_ties_v2,0.2,0.85,0.1972386994013291,False,33,31,0.155835204222301,0.8856980731443022,0.2793211400660187,0.274176963599659,0.0134844225556191,0.1143019268556978,0.0,0.8783823703178543,0.2290624997370479,0.2394777265745007,0.1011186789175404,0.6545354287289771,0.5214970636043833,0.2228765173262327,0.1664709228264106
liver__gin__seed42,gin,42,hepatotoxic_class,atom_occlusion,index_tiebreak_v1,0.05,0.96,0.0315126050420168,False,33,31,0.0,0.9902002606390994,0.2728794744117921,0.2728794744117921,0.0,0.0097997393609005,0.0,0.6607684430265077,0.2205405425670831,0.3941628264208909,0.2207863504827452,0.3564240419079129,0.5168316543735149,0.3159261832411738,0.255178844979604
liver__gin__seed42,gin,42,hepatotoxic_class,atom_occlusion,index_tiebreak_v1,0.1,0.91,0.06563779357897,False,33,31,0.0174583481035093,0.939553010556796,0.2812425197935831,0.2787208563975564,0.0,0.0604469894432039,0.0,0.6607684430265077,0.2205405425670831,0.3941628264208909,0.2207863504827452,0.3564240419079129,0.5168316543735149,0.3159261832411738,0.255178844979604
liver__gin__seed42,gin,42,hepatotoxic_class,atom_occlusion,index_tiebreak_v1,0.2,0.71,0.1924371860358019,False,33,31,0.1494643349482059,0.7387546854198607,0.2985297960711228,0.2740222439694539,0.0,0.2612453145801394,0.0,0.6607684430265077,0.2205405425670831,0.3941628264208909,0.2207863504827452,0.3564240419079129,0.5168316543735149,0.3159261832411738,0.255178844979604
liver__gin__seed42,gin,42,hepatotoxic_class,atom_occlusion,include_all_exact_ties_v2,0.05,0.96,0.0315126050420168,False,33,31,0.0,0.9902002606390994,0.2728794744117921,0.2728794744117921,0.0,0.0097997393609005,0.0,0.6607684430265077,0.2205405425670831,0.3941628264208909,0.2207863504827452,0.3456713537358699,0.5226346924346176,0.3196896241013888,0.2597250182876369
liver__gin__seed42,gin,42,hepatotoxic_class,atom_occlusion,include_all_exact_ties_v2,0.1,0.91,0.06563779357897,False,33,31,0.0174583481035093,0.9417035481912044,0.2809353001315248,0.278413636735498,0.0021505376344086,0.0582964518087953,0.0,0.6607684430265077,0.2205405425670831,0.3941628264208909,0.2207863504827452,0.3456713537358699,0.5226346924346176,0.3196896241013888,0.2597250182876369
liver__gin__seed42,gin,42,hepatotoxic_class,atom_occlusion,include_all_exact_ties_v2,0.2,0.71,0.1924371860358019,False,33,31,0.1494643349482059,0.7401572099640401,0.2978972850021791,0.2733897329005102,0.0014025245441795,0.2598427900359598,0.0,0.6607684430265077,0.2205405425670831,0.3941628264208909,0.2207863504827452,0.3456713537358699,0.5226346924346176,0.3196896241013888,0.2597250182876369
