cell_id,target,method,policy,alpha,rule_corrected,q_corrected,lambda_corrected,empirical_calibration_risk_corrected,corrected_calibration_risk_corrected,fallback_full_corrected,n_calibration_corrected,n_test_corrected,risk_corrected,mean_atom_fraction_corrected,precision_corrected,iou_corrected,full_molecule_fraction_corrected,rule_naive,q_naive,lambda_naive,empirical_calibration_risk_naive,corrected_calibration_risk_naive,fallback_full_naive,n_calibration_naive,n_test_naive,risk_naive,mean_atom_fraction_naive,precision_naive,iou_naive,full_molecule_fraction_naive,same_point,delta_q,delta_lambda,delta_risk,delta_mean_atom_fraction,delta_precision,delta_iou,delta_full_molecule_fraction
liver__gcn__seed123,hepatotoxic_class,atom_occlusion,index_tiebreak_v1,0.05,corrected,95,0.9500000000000001,0.013954672778202191,0.04295600593178448,False,33,31,0.0035842293906810053,0.9738696534249016,0.27749298606929884,0.2768138689215909,0.3548387096774194,naive,91,0.91,0.04808546573252456,0.07608295203450913,False,33,31,0.014336917562724018,0.939553010556796,0.28335465497023443,0.28236831816046815,0.06451612903225806,False,4,0.040000000000000036,-0.010752688172043012,0.03431664286810565,-0.0058616689009355905,-0.005554449238877268,0.2903225806451613
liver__gcn__seed123,hepatotoxic_class,atom_occlusion,index_tiebreak_v1,0.1,corrected,89,0.89,0.0694956459662342,0.09686342108487436,False,33,31,0.040165032100515974,0.9199599374467046,0.2823282018524345,0.2785613217372821,0.06451612903225806,naive,86,0.86,0.08707719295954588,0.11392786375485336,False,33,31,0.08468234274685887,0.886507898753899,0.28341015865687674,0.2778682549104973,0.03225806451612903,False,3,0.030000000000000027,-0.0445173106463429,0.03345203869280555,-0.00108195680444223,0.0006930668267847717,0.03225806451612903
liver__gcn__seed123,hepatotoxic_class,atom_occlusion,index_tiebreak_v1,0.2,corrected,77,0.77,0.16252309781721544,0.18715477141082676,False,33,31,0.19900350545511838,0.7969036435440863,0.27503410341394874,0.25594383553839856,0.0,naive,76,0.76,0.18811232340644105,0.21199137271801632,False,33,31,0.19900350545511838,0.7857329420128534,0.2771947714851831,0.25810450360963294,0.0,False,1,0.010000000000000009,0.0,0.011170701531232896,-0.002160668071234384,-0.002160668071234384,0.0
liver__gcn__seed123,hepatotoxic_class,atom_occlusion,include_all_exact_ties_v2,0.05,corrected,95,0.9500000000000001,0.013954672778202191,0.04295600593178448,False,33,31,0.0035842293906810053,0.9770954598765145,0.2757951932000288,0.27511607605232086,0.41935483870967744,naive,90,0.9,0.046500993559817086,0.07454508198452835,False,33,31,0.027492221040608136,0.9282886462357202,0.28292316746392704,0.2795022588706046,0.0967741935483871,False,5,0.050000000000000044,-0.02390799164992713,0.04880681364079431,-0.007127974263898218,-0.004386182818283735,0.32258064516129037
liver__gcn__seed123,hepatotoxic_class,atom_occlusion,include_all_exact_ties_v2,0.1,corrected,89,0.89,0.05771113418172242,0.08542551258814235,False,33,31,0.0355567371696404,0.9229535835855118,0.2828918508291948,0.2793330872593078,0.0967741935483871,naive,86,0.86,0.08202668790904086,0.10902590297053966,False,33,31,0.06586513844578361,0.8899136513253912,0.28516437268413586,0.27972998809650895,0.03225806451612903,False,3,0.030000000000000027,-0.03030840127614321,0.033039932260120586,-0.002272521854941034,-0.0003969008372011751,0.06451612903225806
liver__gcn__seed123,hepatotoxic_class,atom_occlusion,include_all_exact_ties_v2,0.2,corrected,76,0.76,0.17014695544107308,0.19455439792810034,False,33,31,0.18825081728307536,0.79392546633441,0.27969093123940736,0.262136761674149,0.03225806451612903,naive,76,0.76,0.17014695544107308,0.19455439792810034,False,33,31,0.18825081728307536,0.79392546633441,0.27969093123940736,0.262136761674149,0.03225806451612903,True,0,0.0,0.0,0.0,0.0,0.0,0.0
liver__gcn__seed123,hepatotoxic_class,gradinput,index_tiebreak_v1,0.05,corrected,95,0.9500000000000001,0.013954672778202191,0.04295600593178448,False,33,31,0.0035842293906810053,0.9738696534249016,0.27749298606929884,0.2768138689215909,0.3548387096774194,naive,90,0.9,0.04664431429137311,0.07468418740045037,False,33,31,0.04920437984954115,0.9252950000969127,0.27942696716751864,0.27598779726561234,0.06451612903225806,False,5,0.050000000000000044,-0.04562015045886015,0.04857465332798894,-0.0019339810982197947,0.000826071655978533,0.2903225806451613
liver__gcn__seed123,hepatotoxic_class,gradinput,index_tiebreak_v1,0.1,corrected,88,0.88,0.06879721585603939,0.09618553303674411,False,33,31,0.07352593642916225,0.9067384790260051,0.2783453414860216,0.2737091443861393,0.03225806451612903,naive,86,0.86,0.08899923605805958,0.115793376173999,False,33,31,0.08770530544724092,0.886507898753899,0.2791895748828676,0.2724876880936202,0.03225806451612903,False,2,0.020000000000000018,-0.014179369018078675,0.020230580272106113,-0.000844233396846028,0.0012214562925191297,0.0
liver__gcn__seed123,hepatotoxic_class,gradinput,index_tiebreak_v1,0.2,corrected,77,0.77,0.16861782008840837,0.19307023714463165,False,33,31,0.21183386505967156,0.7969036435440863,0.274159799390891,0.2557309725327173,0.0,naive,76,0.76,0.1829016843722726,0.20693398777308813,False,33,31,0.22796289731773609,0.7857329420128534,0.2720347427809793,0.2531136229227081,0.0,False,1,0.010000000000000009,-0.01612903225806453,0.011170701531232896,0.0021250566099117463,0.002617349610009201,0.0
liver__gcn__seed123,hepatotoxic_class,gradinput,include_all_exact_ties_v2,0.05,corrected,95,0.9500000000000001,0.013954672778202191,0.04295600593178448,False,33,31,0.0035842293906810053,0.9754825566507079,0.2763045310608098,0.2756254139131019,0.3870967741935484,naive,90,0.9,0.04664431429137311,0.07468418740045037,False,33,31,0.04920437984954115,0.9294616667635793,0.27885093030115915,0.27541176039925286,0.12903225806451613,False,5,0.050000000000000044,-0.04562015045886015,0.0460208898871286,-0.0025463992403493285,0.00021365351384905473,0.25806451612903225
liver__gcn__seed123,hepatotoxic_class,gradinput,include_all_exact_ties_v2,0.1,corrected,88,0.88,0.06879721585603939,0.09618553303674411,False,33,31,0.06994170703848124,0.9137976816921688,0.2784186826504444,0.2742125930774438,0.0967741935483871,naive,84,0.84,0.08505786152844975,0.11196792442467182,False,33,31,0.1145082516050258,0.8682222090929972,0.27778186314343656,0.26984586920216286,0.03225806451612903,False,4,0.040000000000000036,-0.04456654456654456,0.04557547259917161,0.0006368195070078353,0.00436672387528092,0.06451612903225806
liver__gcn__seed123,hepatotoxic_class,gradinput,include_all_exact_ties_v2,0.2,corrected,76,0.76,0.154282155752744,0.17915620999531037,False,33,31,0.19749694749694754,0.7997521366772093,0.27785284940553745,0.26097135658689335,0.03225806451612903,naive,76,0.76,0.154282155752744,0.17915620999531037,False,33,31,0.19749694749694754,0.7997521366772093,0.27785284940553745,0.26097135658689335,0.03225806451612903,True,0,0.0,0.0,0.0,0.0,0.0,0.0
liver__gcn__seed123,hepatotoxic_class,ig,index_tiebreak_v1,0.05,corrected,95,0.9500000000000001,0.013954672778202191,0.04295600593178448,False,33,31,0.010673913899720352,0.9738696534249016,0.27540965273596546,0.2741310180402488,0.3548387096774194,naive,92,0.92,0.03701864584217525,0.06534162684681716,False,33,31,0.05002166292488872,0.9472535381731719,0.2739162613972465,0.27177201626928627,0.0967741935483871,False,3,0.030000000000000027,-0.03934774902516837,0.02661611525172969,0.0014933913387189524,0.0023590017709625433,0.25806451612903225
liver__gcn__seed123,hepatotoxic_class,ig,index_tiebreak_v1,0.1,corrected,88,0.88,0.06142942025294966,0.0890344373043335,False,33,31,0.07536728504470439,0.9067384790260051,0.2811114821553881,0.27758789051072874,0.03225806451612903,naive,85,0.85,0.09199983023512436,0.1187057175811501,False,33,31,0.12403009177202726,0.8722136505886832,0.2772466922584311,0.2684710951606417,0.0,False,3,0.030000000000000027,-0.04866280672732287,0.034524828437321964,0.0038647898969569883,0.009116795350087026,0.03225806451612903
liver__gcn__seed123,hepatotoxic_class,ig,index_tiebreak_v1,0.2,corrected,79,0.79,0.15145061909767796,0.1764079538300992,False,33,31,0.17279136633975345,0.8164803309362875,0.27480259334026824,0.2588896243419282,0.0,naive,77,0.77,0.18677825442531326,0.21069654105986288,False,33,31,0.181338374886762,0.7969036435440863,0.27803978900780446,0.2602294269454179,0.0,False,2,0.020000000000000018,-0.008547008547008544,0.019576687392201197,-0.003237195667536219,-0.0013398026034897037,0.0
liver__gcn__seed123,hepatotoxic_class,ig,include_all_exact_ties_v2,0.05,corrected,95,0.9500000000000001,0.013954672778202191,0.04295600593178448,False,33,31,0.006065618968844775,0.9764600737572573,0.27501543037654785,0.27392008013830915,0.41935483870967744,naive,92,0.92,0.03701864584217525,0.06534162684681716,False,33,31,0.033892630666824214,0.9530331080656451,0.2744559169878359,0.27246528169090484,0.1935483870967742,False,3,0.030000000000000027,-0.027827011697979437,0.023426965691612178,0.000559513388711963,0.0014547984474043152,0.22580645161290325
liver__gcn__seed123,hepatotoxic_class,ig,include_all_exact_ties_v2,0.1,corrected,86,0.86,0.06142942025294966,0.0890344373043335,False,33,31,0.10721178463113948,0.889671967282993,0.278717694757382,0.272823065996338,0.03225806451612903,naive,83,0.8300000000000001,0.093657431892726,0.1203145662488223,False,33,31,0.12382330930718027,0.8632715579404728,0.27959862805166086,0.27096037971445325,0.03225806451612903,False,3,0.029999999999999916,-0.016611524676040795,0.026400409342520192,-0.0008809332942788517,0.00186268628188474,0.0
liver__gcn__seed123,hepatotoxic_class,ig,include_all_exact_ties_v2,0.2,corrected,76,0.76,0.17189411895294246,0.19625017427785593,False,33,31,0.1553527118043247,0.7996245175856377,0.284376863367328,0.26918929926434526,0.03225806451612903,naive,76,0.76,0.17189411895294246,0.19625017427785593,False,33,31,0.1553527118043247,0.7996245175856377,0.284376863367328,0.26918929926434526,0.03225806451612903,True,0,0.0,0.0,0.0,0.0,0.0,0.0
liver__gcn__seed123,hepatotoxic_class,saliency,index_tiebreak_v1,0.05,corrected,95,0.9500000000000001,0.012887112887112882,0.04191984486102133,False,33,31,0.06988262633423924,0.9738696534249016,0.26382482393690104,0.25854685978252806,0.3548387096774194,naive,90,0.9,0.04704462204462204,0.07507272139625082,False,33,31,0.12522155264090745,0.9252950000969127,0.2602863473852438,0.24988847811201734,0.06451612903225806,False,5,0.050000000000000044,-0.055338926306668215,0.04857465332798894,0.0035384765516572325,0.008658381670510723,0.2903225806451613
liver__gcn__seed123,hepatotoxic_class,saliency,index_tiebreak_v1,0.1,corrected,89,0.89,0.05931013431013432,0.08697748330101274,False,33,31,0.12522155264090745,0.9199599374467046,0.2613903070281029,0.25098134106945635,0.06451612903225806,naive,89,0.89,0.05931013431013432,0.08697748330101274,False,33,31,0.12522155264090745,0.9199599374467046,0.2613903070281029,0.25098134106945635,0.06451612903225806,True,0,0.0,0.0,0.0,0.0,0.0,0.0
liver__gcn__seed123,hepatotoxic_class,saliency,index_tiebreak_v1,0.2,corrected,83,0.8300000000000001,0.17334979834979838,0.19766303957480433,False,33,31,0.21648154712670842,0.8555840841239669,0.25246943102712127,0.23370370160989093,0.0,naive,83,0.8300000000000001,0.17334979834979838,0.19766303957480433,False,33,31,0.21648154712670842,0.8555840841239669,0.25246943102712127,0.23370370160989093,0.0,True,0,0.0,0.0,0.0,0.0,0.0,0.0
liver__gcn__seed123,hepatotoxic_class,saliency,include_all_exact_ties_v2,0.05,corrected,95,0.9500000000000001,0.012887112887112882,0.04191984486102133,False,33,31,0.06527433140336365,0.9753359290847257,0.2648721636939182,0.2600131354423521,0.3870967741935484,naive,90,0.9,0.04704462204462204,0.07507272139625082,False,33,31,0.12522155264090745,0.9278098716933725,0.25976655654287234,0.24939904494376228,0.06451612903225806,False,5,0.050000000000000044,-0.0599472212375438,0.04752605739135318,0.0051056071510458545,0.010614090498589829,0.3225806451612903
liver__gcn__seed123,hepatotoxic_class,saliency,include_all_exact_ties_v2,0.1,corrected,89,0.89,0.05931013431013432,0.08697748330101274,False,33,31,0.12522155264090745,0.9213624619908841,0.2610411937757638,0.25066258549123377,0.06451612903225806,naive,89,0.89,0.05931013431013432,0.08697748330101274,False,33,31,0.12522155264090745,0.9213624619908841,0.2610411937757638,0.25066258549123377,0.06451612903225806,True,0,0.0,0.0,0.0,0.0,0.0,0.0
liver__gcn__seed123,hepatotoxic_class,saliency,include_all_exact_ties_v2,0.2,corrected,83,0.8300000000000001,0.15213767713767715,0.17707480428068664,False,33,31,0.21059317027058966,0.863000025410876,0.2515804124931064,0.2344323636288755,0.03225806451612903,naive,82,0.8200000000000001,0.18244070744070745,0.206486568986569,False,33,31,0.22672220252865416,0.8563438230993703,0.25040848143936223,0.23324237820698207,0.03225806451612903,False,1,0.010000000000000009,-0.016129032258064502,0.0066562023115056546,0.0011719310537441907,0.0011899854218934414,0.0
liver__gcn__seed123,observed_class,atom_occlusion,index_tiebreak_v1,0.05,corrected,95,0.9500000000000001,0.01955364896541367,0.04839030634878386,False,33,31,0.053507424475166404,0.9738696534249016,0.27027897413330043,0.2675698033675488,0.3548387096774194,naive,91,0.91,0.04774125656478597,0.07574886666582167,False,33,31,0.11264720942140297,0.939553010556796,0.27114755438310334,0.26795094076288395,0.06451612903225806,False,4,0.040000000000000036,-0.05913978494623656,0.03431664286810565,-0.0008685802498029083,-0.00038113739533512936,0.2903225806451613
liver__gcn__seed123,observed_class,atom_occlusion,index_tiebreak_v1,0.1,corrected,89,0.89,0.06128239951769363,0.08889174070834971,False,33,31,0.13885934853676787,0.9199599374467046,0.26934333965855484,0.26264107801589726,0.06451612903225806,naive,88,0.88,0.07449788773318185,0.1017185380939706,False,33,31,0.16394895427153494,0.9067384790260051,0.26660117167733566,0.2589153553224705,0.03225806451612903,False,1,0.010000000000000009,-0.025089605734767068,0.013221458420699439,0.002742167981219179,0.0037257226934267473,0.03225806451612903
liver__gcn__seed123,observed_class,atom_occlusion,index_tiebreak_v1,0.2,corrected,83,0.8300000000000001,0.16299093063798947,0.1876088444427545,False,33,31,0.24978337075111273,0.8555840841239669,0.26202057843053894,0.24796431664626287,0.0,naive,81,0.81,0.19454271218977098,0.21823263241948362,False,33,31,0.30402930402930395,0.836277122229724,0.25643118218576155,0.2396264748126541,0.0,False,2,0.020000000000000018,-0.054245933278191216,0.01930696189424297,0.005589396244777389,0.008337841833608778,0.0
liver__gcn__seed123,observed_class,atom_occlusion,include_all_exact_ties_v2,0.05,corrected,95,0.9500000000000001,0.01955364896541367,0.04839030634878386,False,33,31,0.053507424475166404,0.9738696534249016,0.27027897413330043,0.2675698033675488,0.3548387096774194,naive,90,0.9,0.046705255528784934,0.07474333624852655,False,33,31,0.10660128402063884,0.9269492598156885,0.2708628742351154,0.2641717092778778,0.06451612903225806,False,5,0.050000000000000044,-0.05309385954547244,0.046920393609213074,-0.0005839001018149714,0.003398094089671011,0.2903225806451613
liver__gcn__seed123,observed_class,atom_occlusion,include_all_exact_ties_v2,0.1,corrected,88,0.88,0.06843728167257578,0.09583618515279413,False,33,31,0.16394895427153494,0.9067384790260051,0.26660117167733566,0.2589153553224705,0.03225806451612903,naive,88,0.88,0.06843728167257578,0.09583618515279413,False,33,31,0.16394895427153494,0.9067384790260051,0.26660117167733566,0.2589153553224705,0.03225806451612903,True,0,0.0,0.0,0.0,0.0,0.0,0.0
liver__gcn__seed123,observed_class,atom_occlusion,include_all_exact_ties_v2,0.2,corrected,83,0.8300000000000001,0.15866192630898515,0.1834071637704856,False,33,31,0.24619914136043172,0.8567788272541939,0.2629555947933253,0.24925463922690805,0.0,naive,81,0.81,0.18696695461401344,0.21087969124301306,False,33,31,0.27445941155618575,0.8397774039280035,0.2600704760080072,0.2436898590797735,0.0,False,2,0.020000000000000018,-0.028260270195754028,0.017001423326190368,0.002885118785318108,0.005564780147134546,0.0
liver__gcn__seed123,observed_class,gradinput,index_tiebreak_v1,0.05,corrected,98,0.98,0.0,0.029411764705882353,False,33,31,0.0,1.0,0.2706459829621886,0.2706459829621886,1.0,naive,95,0.9500000000000001,0.04985667926844397,0.0778020710546662,False,33,31,0.08576548899129544,0.9738696534249016,0.268666070907494,0.2659569001417424,0.3548387096774194,False,3,0.029999999999999916,-0.08576548899129544,0.026130346575098384,0.0019799120546946103,0.004689082820446222,0.6451612903225806
liver__gcn__seed123,observed_class,gradinput,index_tiebreak_v1,0.1,corrected,95,0.9500000000000001,0.04985667926844397,0.0778020710546662,False,33,31,0.08576548899129544,0.9738696534249016,0.268666070907494,0.2659569001417424,0.3548387096774194,naive,91,0.91,0.09844055726408668,0.12495701146220177,False,33,31,0.19956477214541732,0.939553010556796,0.2594650030634552,0.2547359433946608,0.06451612903225806,False,4,0.040000000000000036,-0.11379928315412188,0.03431664286810565,0.00920106784403879,0.011220956747081567,0.2903225806451613
liver__gcn__seed123,observed_class,gradinput,index_tiebreak_v1,0.2,corrected,88,0.88,0.16046654870184285,0.18515870903414158,False,33,31,0.2601618811296231,0.9067384790260051,0.2547663223773201,0.24623225942299945,0.03225806451612903,naive,88,0.88,0.16046654870184285,0.18515870903414158,False,33,31,0.2601618811296231,0.9067384790260051,0.2547663223773201,0.24623225942299945,0.03225806451612903,True,0,0.0,0.0,0.0,0.0,0.0,0.0
liver__gcn__seed123,observed_class,gradinput,include_all_exact_ties_v2,0.05,corrected,98,0.98,0.0,0.029411764705882353,False,33,31,0.0,1.0,0.2706459829621886,0.2706459829621886,1.0,naive,95,0.9500000000000001,0.04985667926844397,0.0778020710546662,False,33,31,0.08576548899129544,0.9738696534249016,0.268666070907494,0.2659569001417424,0.3548387096774194,False,3,0.029999999999999916,-0.08576548899129544,0.026130346575098384,0.0019799120546946103,0.004689082820446222,0.6451612903225806
liver__gcn__seed123,observed_class,gradinput,include_all_exact_ties_v2,0.1,corrected,95,0.9500000000000001,0.04985667926844397,0.0778020710546662,False,33,31,0.08576548899129544,0.9738696534249016,0.268666070907494,0.2659569001417424,0.3548387096774194,naive,91,0.91,0.09237995120348061,0.11907465852102529,False,33,31,0.1673067076292883,0.9442794668961555,0.2617248376450215,0.2571040337084217,0.0967741935483871,False,4,0.040000000000000036,-0.08154121863799285,0.02959018652874612,0.006941233262472479,0.008852866433320672,0.25806451612903225
liver__gcn__seed123,observed_class,gradinput,include_all_exact_ties_v2,0.2,corrected,88,0.88,0.1483453365806307,0.17339400315178863,False,33,31,0.23635235732009927,0.9140430307278403,0.2568115837535158,0.2493986553737757,0.06451612903225806,naive,85,0.85,0.19387301152007042,0.21758262882830362,False,33,31,0.30140021269053524,0.8762185336404604,0.25511969910577437,0.24305084334637259,0.0,False,3,0.030000000000000027,-0.06504785537043598,0.037824497087379894,0.0016918846477414484,0.006347812027403116,0.06451612903225806
liver__gcn__seed123,observed_class,ig,index_tiebreak_v1,0.05,corrected,98,0.98,0.0,0.029411764705882353,False,33,31,0.0,1.0,0.2706459829621886,0.2706459829621886,1.0,naive,95,0.9500000000000001,0.04985667926844397,0.0778020710546662,False,33,31,0.05598881405333018,0.9738696534249016,0.26920370531609616,0.2660783014598138,0.3548387096774194,False,3,0.029999999999999916,-0.05598881405333018,0.026130346575098384,0.0014422776460924491,0.0045676815023747985,0.6451612903225806
liver__gcn__seed123,observed_class,ig,index_tiebreak_v1,0.1,corrected,93,0.93,0.06787014728191199,0.09528573118538516,False,33,31,0.1176099885777305,0.9554825612409047,0.26506107333996753,0.26115745763760634,0.12903225806451613,naive,89,0.89,0.0989890284007931,0.12548935109488743,False,33,31,0.2079837724999016,0.9199599374467046,0.26187192551281735,0.2548523701606638,0.06451612903225806,False,4,0.040000000000000036,-0.0903737839221711,0.035522623794200126,0.003189147827150185,0.006305087476942528,0.06451612903225806
liver__gcn__seed123,observed_class,ig,index_tiebreak_v1,0.2,corrected,88,0.88,0.14478027419203893,0.16993379553933188,False,33,31,0.24024183701603063,0.9067384790260051,0.25937949738591654,0.2517083732336663,0.03225806451612903,naive,86,0.86,0.1943483531718826,0.21804398984329781,False,33,31,0.24520461617235814,0.886507898753899,0.26223977293163203,0.2523355168882617,0.03225806451612903,False,2,0.020000000000000018,-0.004962779156327507,0.020230580272106113,-0.002860275545715496,-0.0006271436545954301,0.0
liver__gcn__seed123,observed_class,ig,include_all_exact_ties_v2,0.05,corrected,98,0.98,0.0,0.029411764705882353,False,33,31,0.0,1.0,0.2706459829621886,0.2706459829621886,1.0,naive,95,0.9500000000000001,0.04985667926844397,0.0778020710546662,False,33,31,0.05598881405333018,0.9738696534249016,0.26920370531609616,0.2660783014598138,0.3548387096774194,False,3,0.029999999999999916,-0.05598881405333018,0.026130346575098384,0.0014422776460924491,0.0045676815023747985,0.6451612903225806
liver__gcn__seed123,observed_class,ig,include_all_exact_ties_v2,0.1,corrected,92,0.92,0.07165802606979077,0.09896220177362046,False,33,31,0.126570562054433,0.9510583355263564,0.2632987993026511,0.25883726509670074,0.12903225806451613,naive,89,0.89,0.09292842234018704,0.11960699815371095,False,33,31,0.20567962503446377,0.9237233783069196,0.2621306368071823,0.2561580537244119,0.0967741935483871,False,3,0.030000000000000027,-0.07910906298003076,0.027334957219436795,0.0011681624954688052,0.0026792113722888256,0.03225806451612903
liver__gcn__seed123,observed_class,ig,include_all_exact_ties_v2,0.2,corrected,86,0.86,0.16529309470485942,0.1898432978017753,False,33,31,0.23214778053487733,0.8890424609658806,0.26374873198378895,0.2549564846301972,0.03225806451612903,naive,85,0.85,0.18449986832339776,0.20848516631388606,False,33,31,0.2481980385206192,0.8752517116912604,0.2617869879101599,0.24929515388397683,0.0,False,1,0.010000000000000009,-0.01605025798574186,0.013790749274620206,0.001961744073629035,0.005661330746220383,0.03225806451612903
liver__gcn__seed123,observed_class,saliency,index_tiebreak_v1,0.05,corrected,95,0.9500000000000001,0.02117702558879029,0.04996593660088469,False,33,31,0.03672850447043995,0.9738696534249016,0.26672380667459344,0.2620130313279664,0.3548387096774194,naive,92,0.92,0.04487930370283311,0.0729710888880439,False,33,31,0.041691283626767495,0.9472535381731719,0.2698594525702707,0.2642543135812446,0.0967741935483871,False,3,0.030000000000000027,-0.004962779156327542,0.02661611525172969,-0.003135645895677275,-0.002241282253278243,0.25806451612903225
liver__gcn__seed123,observed_class,saliency,index_tiebreak_v1,0.1,corrected,91,0.91,0.06435982318335258,0.09187865191325398,False,33,31,0.04954901729095277,0.939553010556796,0.2692376894572734,0.26264061346649265,0.06451612903225806,naive,90,0.9,0.0760491142844084,0.10322414033486697,False,33,31,0.06160148095631966,0.9252950000969127,0.269187165153523,0.260324864455963,0.06451612903225806,False,1,0.010000000000000009,-0.012052463665366893,0.014258010459883286,5.052430375040995e-05,0.0023157490105296663,0.0
liver__gcn__seed123,observed_class,saliency,index_tiebreak_v1,0.2,corrected,78,0.78,0.17055847202906033,0.19495381108702914,False,33,31,0.13313836700933476,0.8107047035470187,0.27555036503031494,0.25668696770594945,0.0,naive,78,0.78,0.17055847202906033,0.19495381108702914,False,33,31,0.13313836700933476,0.8107047035470187,0.27555036503031494,0.25668696770594945,0.0,True,0,0.0,0.0,0.0,0.0,0.0,0.0
liver__gcn__seed123,observed_class,saliency,include_all_exact_ties_v2,0.05,corrected,95,0.9500000000000001,0.02117702558879029,0.04996593660088469,False,33,31,0.03212020953956437,0.9769488323105321,0.26726180857082965,0.26296996912700954,0.41935483870967744,naive,91,0.91,0.04487930370283311,0.0729710888880439,False,33,31,0.0449407223600772,0.9446483184746844,0.2695068741492085,0.2633287340612346,0.16129032258064516,False,4,0.040000000000000036,-0.01282051282051283,0.032300513835847644,-0.0022450655783788354,-0.0003587649342250421,0.25806451612903225
liver__gcn__seed123,observed_class,saliency,include_all_exact_ties_v2,0.1,corrected,90,0.9,0.05656859480388893,0.08431657730965691,False,33,31,0.06160148095631966,0.9287774047889948,0.26868793320267814,0.25982563250511814,0.0967741935483871,naive,89,0.89,0.09745363568892981,0.12399911699219658,False,33,31,0.06160148095631966,0.9251401350080567,0.2696405226751917,0.26076837519359136,0.0967741935483871,False,1,0.010000000000000009,0.0,0.003637269780938146,-0.000952589472513532,-0.0009427426884732193,0.0
liver__gcn__seed123,observed_class,saliency,include_all_exact_ties_v2,0.2,corrected,78,0.78,0.15247285394344218,0.17740012294510565,False,33,31,0.13313836700933476,0.8204063770857042,0.27252937168674096,0.2536659743623755,0.03225806451612903,naive,77,0.77,0.18510688657747482,0.20907433108990203,False,33,31,0.14058253574382606,0.8078000602129985,0.2723249145373123,0.2519072599695854,0.03225806451612903,False,1,0.010000000000000009,-0.007444168734491302,0.012606316872705636,0.00020445714942868287,0.0017587143927900728,0.0
liver__gcn__seed2026,hepatotoxic_class,atom_occlusion,index_tiebreak_v1,0.05,corrected,95,0.9500000000000001,0.01544011544011544,0.04439775910364146,False,33,31,0.008960573476702509,0.9738696534249016,0.27602671040947474,0.2750288376835442,0.3548387096774194,naive,92,0.92,0.0385040885040885,0.06678338001867413,False,33,31,0.01144196305486628,0.9472535381731719,0.2804578422224399,0.27886443599775007,0.0967741935483871,False,3,0.030000000000000027,-0.002481389578163771,0.02661611525172969,-0.004431131812965172,-0.003835598314205879,0.25806451612903225
liver__gcn__seed2026,hepatotoxic_class,atom_occlusion,index_tiebreak_v1,0.1,corrected,90,0.9,0.07065897065897066,0.09799253034547152,False,33,31,0.03576351963448738,0.9252950000969127,0.2842112151775731,0.28148750753100427,0.06451612903225806,naive,86,0.86,0.09514472455648924,0.12175811501071016,False,33,31,0.07255110480916932,0.886507898753899,0.2864408626794466,0.2820015188398919,0.03225806451612903,False,4,0.040000000000000036,-0.03678758517468194,0.038787101343013664,-0.0022296475018734885,-0.0005140113088876186,0.03225806451612903
liver__gcn__seed2026,hepatotoxic_class,atom_occlusion,index_tiebreak_v1,0.2,corrected,74,0.74,0.17462466727172601,0.19890041235196937,False,33,31,0.12113513726416951,0.7662330372259809,0.3080718458505577,0.2943177447375233,0.0,naive,71,0.71,0.18605223752282574,0.2099918775956838,False,33,31,0.1343692150143763,0.7387546854198604,0.3099602270958095,0.29429909860635795,0.0,False,3,0.030000000000000027,-0.013234077750206782,0.02747835180612046,-0.0018883812452518134,1.8646131165367397e-05,0.0
liver__gcn__seed2026,hepatotoxic_class,atom_occlusion,include_all_exact_ties_v2,0.05,corrected,95,0.9500000000000001,0.01544011544011544,0.04439775910364146,False,33,31,0.008960573476702509,0.9738696534249016,0.27602671040947474,0.2750288376835442,0.3548387096774194,naive,92,0.92,0.0385040885040885,0.06678338001867413,False,33,31,0.01144196305486628,0.9472535381731719,0.2804578422224399,0.27886443599775007,0.0967741935483871,False,3,0.030000000000000027,-0.002481389578163771,0.02661611525172969,-0.004431131812965172,-0.003835598314205879,0.25806451612903225
liver__gcn__seed2026,hepatotoxic_class,atom_occlusion,include_all_exact_ties_v2,0.1,corrected,90,0.9,0.07065897065897066,0.09799253034547152,False,33,31,0.03576351963448738,0.9268310984072046,0.2841263255341096,0.2814026178875408,0.06451612903225806,naive,86,0.86,0.09514472455648924,0.12175811501071016,False,33,31,0.07255110480916932,0.8916282264548719,0.28590794436214795,0.28146860052259326,0.06451612903225806,False,4,0.040000000000000036,-0.03678758517468194,0.035202871952332626,-0.001781618828038345,-6.598263505247504e-05,0.0
liver__gcn__seed2026,hepatotoxic_class,atom_occlusion,include_all_exact_ties_v2,0.2,corrected,74,0.74,0.17462466727172601,0.19890041235196937,False,33,31,0.12113513726416951,0.7662330372259809,0.3080718458505577,0.2943177447375233,0.0,naive,71,0.71,0.18605223752282574,0.2099918775956838,False,33,31,0.1236165268423333,0.743362980350736,0.31426130236462674,0.2989073935372335,0.0,False,3,0.030000000000000027,-0.002481389578163795,0.022870056875244904,-0.006189456514069047,-0.004589648799710189,0.0
liver__gcn__seed2026,hepatotoxic_class,gradinput,index_tiebreak_v1,0.05,corrected,94,0.9400000000000001,0.019817219817219817,0.048646125116713346,False,33,31,0.04113986372050888,0.9649302124271364,0.27086164909566773,0.26804292054984086,0.22580645161290322,naive,90,0.9,0.04692159692159693,0.07495331465919702,False,33,31,0.047205482689353664,0.9252950000969127,0.27983845532094226,0.275790275755674,0.06451612903225806,False,4,0.040000000000000036,-0.006065618968844784,0.03963521233022371,-0.008976806225274525,-0.00774735520583314,0.16129032258064516
liver__gcn__seed2026,hepatotoxic_class,gradinput,index_tiebreak_v1,0.1,corrected,85,0.85,0.07105579605579605,0.09837768440709617,False,33,31,0.06463429044074205,0.8722136505886832,0.2902365877387877,0.2840735989557088,0.0,naive,84,0.84,0.09563492063492063,0.12223389355742297,False,33,31,0.06463429044074205,0.8620010109363151,0.2924421474259837,0.2862632679707293,0.0,False,1,0.010000000000000009,0.0,0.010212639652368072,-0.0022055596871959904,-0.0021896690150205456,0.0
liver__gcn__seed2026,hepatotoxic_class,gradinput,index_tiebreak_v1,0.2,corrected,76,0.76,0.1742490624843566,0.19853585476422847,False,33,31,0.10177635984087596,0.7857329420128534,0.3035063723975205,0.2908864648130668,0.0,naive,74,0.74,0.19724371489077375,0.2208541938645745,False,33,31,0.12033754775690259,0.7662330372259809,0.3040123164754604,0.287229624672914,0.0,False,2,0.020000000000000018,-0.018561187916026622,0.01949990478687247,-0.0005059440779399127,0.003656840140152773,0.0
liver__gcn__seed2026,hepatotoxic_class,gradinput,include_all_exact_ties_v2,0.05,corrected,94,0.9400000000000001,0.019817219817219817,0.048646125116713346,False,33,31,0.04113986372050888,0.9665431156529428,0.26967319408717877,0.2668544655413519,0.25806451612903225,naive,90,0.9,0.04692159692159693,0.07495331465919702,False,33,31,0.047205482689353664,0.930855568560707,0.2787228665143518,0.27472184786211884,0.0967741935483871,False,4,0.040000000000000036,-0.006065618968844784,0.03568754709223587,-0.009049672427173028,-0.007867382320766947,0.16129032258064516
liver__gcn__seed2026,hepatotoxic_class,gradinput,include_all_exact_ties_v2,0.1,corrected,85,0.85,0.07105579605579605,0.09837768440709617,False,33,31,0.06463429044074205,0.8864397918309533,0.28666930518169187,0.28050631639861295,0.0967741935483871,naive,83,0.8300000000000001,0.09741745182921653,0.12396399736365134,False,33,31,0.06711568001890583,0.8673288357880733,0.2908474442608221,0.28419878369062535,0.06451612903225806,False,2,0.019999999999999907,-0.0024813895781637813,0.019110956042880045,-0.0041781390791302275,-0.0036924672920123913,0.03225806451612903
liver__gcn__seed2026,hepatotoxic_class,gradinput,include_all_exact_ties_v2,0.2,corrected,76,0.76,0.1742490624843566,0.19853585476422847,False,33,31,0.10177635984087596,0.7917437614879085,0.30082493762780044,0.28827509768557064,0.03225806451612903,naive,74,0.74,0.19724371489077375,0.2208541938645745,False,33,31,0.12033754775690259,0.772243856701036,0.30133088170574035,0.28461825754541786,0.03225806451612903,False,2,0.020000000000000018,-0.018561187916026622,0.01949990478687247,-0.0005059440779399127,0.003656840140152773,0.0
liver__gcn__seed2026,hepatotoxic_class,ig,index_tiebreak_v1,0.05,corrected,91,0.91,0.008116883116883118,0.037289915966386554,False,33,31,0.048997597384694155,0.939553010556796,0.2740154712337672,0.270446527498735,0.06451612903225806,naive,86,0.86,0.0395983645983646,0.06784547152194212,False,33,31,0.05616605616605617,0.886507898753899,0.2876509001944428,0.2828980978185504,0.03225806451612903,False,5,0.050000000000000044,-0.007168458781362012,0.05304511180289695,-0.0136354289606756,-0.01245157031981542,0.03225806451612903
liver__gcn__seed2026,hepatotoxic_class,ig,index_tiebreak_v1,0.1,corrected,84,0.84,0.0672077922077922,0.09464285714285714,False,33,31,0.07861672377801411,0.8620010109363151,0.2862444174379311,0.2782637271011694,0.0,naive,79,0.79,0.09424284865461335,0.12088276487065412,False,33,31,0.09756193627161369,0.8164803309362875,0.2948064824068649,0.28448608579115214,0.0,False,5,0.04999999999999993,-0.01894521249359958,0.045520680000027625,-0.008562064968933802,-0.006222358689982721,0.0
liver__gcn__seed2026,hepatotoxic_class,ig,index_tiebreak_v1,0.2,corrected,70,0.7000000000000001,0.17540814305520183,0.19966084473004883,False,33,31,0.13817992043798494,0.7288413779764066,0.30545995364755973,0.2834279006909805,0.0,naive,67,0.67,0.19359828624534506,0.21731598370871727,False,33,31,0.15466343692150145,0.7014316836661036,0.3083085745619017,0.2809027067772221,0.0,False,3,0.030000000000000027,-0.016483516483516508,0.027409694310302934,-0.0028486209143419594,0.0025251939137583834,0.0
liver__gcn__seed2026,hepatotoxic_class,ig,include_all_exact_ties_v2,0.05,corrected,91,0.91,0.008116883116883118,0.037289915966386554,False,33,31,0.048997597384694155,0.9451135790205901,0.27220398334418083,0.2686350396091487,0.16129032258064516,naive,86,0.86,0.0395983645983646,0.06784547152194212,False,33,31,0.05616605616605617,0.8962025499808083,0.2860104777985025,0.28130483633564546,0.0967741935483871,False,5,0.050000000000000044,-0.007168458781362012,0.04891102903978184,-0.013806494454321694,-0.012669796726496763,0.06451612903225806
liver__gcn__seed2026,hepatotoxic_class,ig,include_all_exact_ties_v2,0.1,corrected,84,0.84,0.0672077922077922,0.09464285714285714,False,33,31,0.0678640356059711,0.8754435554696915,0.28822985224569686,0.28178526021922706,0.06451612903225806,naive,79,0.79,0.09424284865461335,0.12088276487065412,False,33,31,0.08680924809957069,0.8285211857615227,0.2965731113082187,0.2877888130027978,0.06451612903225806,False,5,0.04999999999999993,-0.018945212493599595,0.046922369708168876,-0.008343259062521813,-0.006003552783570731,0.0
liver__gcn__seed2026,hepatotoxic_class,ig,include_all_exact_ties_v2,0.2,corrected,70,0.7000000000000001,0.17540814305520183,0.19966084473004883,False,33,31,0.11667454409389894,0.7459589928020012,0.31061931790259956,0.29077657252582034,0.03225806451612903,naive,66,0.66,0.1959292885763474,0.2195784271476313,False,33,31,0.13546220804285322,0.6975703717402757,0.32023228984803936,0.2955113487608743,0.03225806451612903,False,4,0.040000000000000036,-0.018787663948954286,0.04838862106172548,-0.009612971945439808,-0.004734776235053972,0.0
liver__gcn__seed2026,hepatotoxic_class,saliency,index_tiebreak_v1,0.05,corrected,93,0.93,0.011660724896019017,0.04072952710495963,False,33,31,0.03379416282642089,0.9554825612409047,0.27496250890803225,0.27283218309349594,0.12903225806451613,naive,92,0.92,0.04753416518122401,0.07554786620530565,False,33,31,0.03379416282642089,0.9472535381731719,0.27681403083669304,0.2746837050221568,0.0967741935483871,False,1,0.010000000000000009,0.0,0.008229023067732766,-0.001851521928660782,-0.0018515219286608375,0.03225806451612903
liver__gcn__seed2026,hepatotoxic_class,saliency,index_tiebreak_v1,0.1,corrected,86,0.86,0.06439802028037322,0.0919157255662446,False,33,31,0.09715821812596007,0.886507898753899,0.28307501207466174,0.2788381506970833,0.03225806451612903,naive,77,0.77,0.09992017786135432,0.12639311380660861,False,33,31,0.1422072551104809,0.7969036435440863,0.29088639146215595,0.27745293562046125,0.0,False,9,0.08999999999999997,-0.04504903698452084,0.08960425520981274,-0.007811379387494211,0.0013852150766220372,0.03225806451612903
liver__gcn__seed2026,hepatotoxic_class,saliency,index_tiebreak_v1,0.2,corrected,58,0.58,0.17258134022839902,0.1969171831628579,False,33,31,0.25642010319429676,0.605341005431712,0.3227073929150903,0.28724957476976587,0.0,naive,53,0.53,0.19531808061219824,0.21898519588831006,False,33,31,0.27692110756626886,0.554856954176084,0.33008663066462934,0.29114777260313063,0.0,False,5,0.04999999999999993,-0.02050100437197211,0.05048405125562794,-0.007379237749539025,-0.0038981978333647582,0.0
liver__gcn__seed2026,hepatotoxic_class,saliency,include_all_exact_ties_v2,0.05,corrected,93,0.93,0.009135472370766489,0.03827854671280277,False,33,31,0.01536098310291859,0.9687774506177926,0.2754258727539987,0.27455272213551707,0.3548387096774194,naive,91,0.91,0.049337916984975805,0.07729856648541769,False,33,31,0.023425499231950846,0.9516531568034569,0.2772027702654685,0.2755964818170748,0.25806451612903225,False,2,0.020000000000000018,-0.008064516129032256,0.017124293814335778,-0.0017768975114698105,-0.0010437596815577321,0.09677419354838712
liver__gcn__seed2026,hepatotoxic_class,saliency,include_all_exact_ties_v2,0.1,corrected,86,0.86,0.06439802028037322,0.0919157255662446,False,33,31,0.09715821812596007,0.8952827712955299,0.28154111040949925,0.2773515135953144,0.06451612903225806,naive,77,0.77,0.09992017786135432,0.12639311380660861,False,33,31,0.1314545669384379,0.805425600714051,0.2932968841952293,0.28139952666382645,0.03225806451612903,False,9,0.08999999999999997,-0.03429634881247784,0.0898571705814789,-0.011755773785730061,-0.004048013068512046,0.03225806451612903
liver__gcn__seed2026,hepatotoxic_class,saliency,include_all_exact_ties_v2,0.2,corrected,54,0.54,0.1680877945583828,0.19255580060078328,False,33,31,0.27692110756626886,0.565604776878366,0.32545506151693115,0.28669541492496653,0.0,naive,48,0.48,0.19874803845392078,0.22231427261704076,False,33,31,0.31116822245854503,0.5115833058967726,0.34206997201229694,0.293573188909252,0.0,False,6,0.06000000000000005,-0.034247114892276165,0.05402147098159338,-0.016614910495365787,-0.006877773984285462,0.0
liver__gcn__seed2026,observed_class,atom_occlusion,index_tiebreak_v1,0.05,corrected,96,0.96,0.01544011544011544,0.04439775910364146,False,33,31,0.0035842293906810053,0.9902002606390994,0.2716387796227103,0.2712711663518712,0.7096774193548387,naive,94,0.9400000000000001,0.030928330928330926,0.059430438842203545,False,33,31,0.034050179211469536,0.9649302124271364,0.2726989986714464,0.27054051908237653,0.22580645161290322,False,2,0.019999999999999907,-0.03046594982078853,0.025270048211962992,-0.0010602190487360996,0.0007306472694946775,0.4838709677419355
liver__gcn__seed2026,observed_class,atom_occlusion,index_tiebreak_v1,0.1,corrected,92,0.92,0.07107984607984608,0.09840102707749766,False,33,31,0.036531568789633304,0.9472535381731719,0.2751277587047503,0.27234433655525403,0.0967741935483871,naive,91,0.91,0.08623136123136123,0.11310690943043884,False,33,31,0.04190791287565481,0.939553010556796,0.2760360223672216,0.2729034869653863,0.06451612903225806,False,1,0.010000000000000009,-0.0053763440860215075,0.007700527616375963,-0.0009082636624712648,-0.0005591504101322697,0.03225806451612903
liver__gcn__seed2026,observed_class,atom_occlusion,index_tiebreak_v1,0.2,corrected,83,0.8300000000000001,0.1655474699592347,0.1900901914310219,False,33,31,0.13673244318405608,0.8555840841239669,0.2849142843528295,0.27789394341801216,0.0,naive,81,0.81,0.18151483592660067,0.20558792898758302,False,33,31,0.1562389223679546,0.836277122229724,0.28564777310367095,0.277293512596709,0.0,False,2,0.020000000000000018,-0.01950647918389853,0.01930696189424297,-0.0007334887508414489,0.0006004308213031773,0.0
liver__gcn__seed2026,observed_class,atom_occlusion,include_all_exact_ties_v2,0.05,corrected,96,0.96,0.01544011544011544,0.04439775910364146,False,33,31,0.0035842293906810053,0.9902002606390994,0.2716387796227103,0.2712711663518712,0.7096774193548387,naive,94,0.9400000000000001,0.030928330928330926,0.059430438842203545,False,33,31,0.034050179211469536,0.9649302124271364,0.2726989986714464,0.27054051908237653,0.22580645161290322,False,2,0.019999999999999907,-0.03046594982078853,0.025270048211962992,-0.0010602190487360996,0.0007306472694946775,0.4838709677419355
liver__gcn__seed2026,observed_class,atom_occlusion,include_all_exact_ties_v2,0.1,corrected,92,0.92,0.06501924001924002,0.0925186741363212,False,33,31,0.036531568789633304,0.9472535381731719,0.2751277587047503,0.27234433655525403,0.0967741935483871,naive,91,0.91,0.08017075517075517,0.10722455648926237,False,33,31,0.04190791287565481,0.939553010556796,0.2760360223672216,0.2729034869653863,0.06451612903225806,False,1,0.010000000000000009,-0.0053763440860215075,0.007700527616375963,-0.0009082636624712648,-0.0005591504101322697,0.03225806451612903
liver__gcn__seed2026,observed_class,atom_occlusion,include_all_exact_ties_v2,0.2,corrected,83,0.8300000000000001,0.1655474699592347,0.1900901914310219,False,33,31,0.13673244318405608,0.8591683135146478,0.28446625567899436,0.277445914744177,0.03225806451612903,naive,81,0.81,0.18151483592660067,0.20558792898758302,False,33,31,0.1562389223679546,0.839861351620405,0.2851997444298358,0.27684548392287384,0.03225806451612903,False,2,0.020000000000000018,-0.01950647918389853,0.019306961894242858,-0.0007334887508414489,0.0006004308213031773,0.0
liver__gcn__seed2026,observed_class,gradinput,index_tiebreak_v1,0.05,corrected,95,0.9500000000000001,0.01878121878121878,0.047640594699418226,False,33,31,0.057268895978573396,0.9738696534249016,0.2689673436302438,0.2662070536070911,0.3548387096774194,naive,94,0.9400000000000001,0.024841824841824837,0.05352294764059469,False,33,31,0.07877427232265939,0.9649302124271364,0.2671118438907433,0.26366425291438533,0.22580645161290322,False,1,0.010000000000000009,-0.021505376344085995,0.008939440997765224,0.0018554997395005546,0.0025428006927057933,0.12903225806451615
liver__gcn__seed2026,observed_class,gradinput,index_tiebreak_v1,0.1,corrected,91,0.91,0.06803849745026215,0.09544912987819562,False,33,31,0.08125566190082317,0.939553010556796,0.271807076932105,0.26779976517162235,0.06451612903225806,naive,90,0.9,0.09242337183513652,0.11911680207527955,False,33,31,0.08483989129150418,0.9252950000969127,0.2760939627089882,0.2714222333061593,0.06451612903225806,False,1,0.010000000000000009,-0.0035842293906810097,0.014258010459883286,-0.0042868857768832425,-0.003622468134536927,0.0
liver__gcn__seed2026,observed_class,gradinput,index_tiebreak_v1,0.2,corrected,83,0.8300000000000001,0.1612434950670245,0.18591280403564145,False,33,31,0.13265587459135844,0.8555840841239669,0.2834004138751337,0.2753698913523641,0.0,naive,81,0.81,0.1789933922286864,0.2031406453984309,False,33,31,0.15408247666312183,0.836277122229724,0.28093736825095117,0.27057260885820394,0.0,False,2,0.020000000000000018,-0.02142660207176339,0.01930696189424297,0.002463045624182536,0.004797282494160171,0.0
liver__gcn__seed2026,observed_class,gradinput,include_all_exact_ties_v2,0.05,corrected,94,0.9400000000000001,0.01878121878121878,0.047640594699418226,False,33,31,0.07877427232265939,0.9664663107374282,0.2670350389752287,0.26358744799887074,0.25806451612903225,naive,94,0.9400000000000001,0.01878121878121878,0.047640594699418226,False,33,31,0.07877427232265939,0.9664663107374282,0.2670350389752287,0.26358744799887074,0.25806451612903225,True,0,0.0,0.0,0.0,0.0,0.0,0.0
liver__gcn__seed2026,observed_class,gradinput,include_all_exact_ties_v2,0.1,corrected,91,0.91,0.05591728532905003,0.08368442399584267,False,33,31,0.08125566190082317,0.9477371651119182,0.270740670220537,0.2667333584600544,0.1935483870967742,naive,89,0.89,0.091894271306036,0.11860326332644672,False,33,31,0.1009689235495687,0.9282208969173414,0.27383917821861004,0.26930893155488683,0.16129032258064516,False,2,0.020000000000000018,-0.019713261648745525,0.019516268194576747,-0.0030985079980730412,-0.0025755730948324174,0.03225806451612903
liver__gcn__seed2026,observed_class,gradinput,include_all_exact_ties_v2,0.2,corrected,83,0.8300000000000001,0.15619299001651943,0.18101084325132769,False,33,31,0.12907164520067743,0.8629416793569792,0.28349265999011547,0.2757093773709673,0.03225806451612903,naive,81,0.81,0.1789933922286864,0.2031406453984309,False,33,31,0.1433297884910788,0.8431614093714156,0.2834523923703895,0.2735582117014918,0.03225806451612903,False,2,0.020000000000000018,-0.01425814329040137,0.019780269985563592,4.026761972597548e-05,0.0021511656694754855,0.0
liver__gcn__seed2026,observed_class,ig,index_tiebreak_v1,0.05,corrected,95,0.9500000000000001,0.009899414311179019,0.03902001977261493,False,33,31,0.057268895978573396,0.9738696534249016,0.2689673436302438,0.2662070536070911,0.3548387096774194,naive,94,0.9400000000000001,0.02505092946269417,0.05372590212555611,False,33,31,0.07877427232265939,0.9649302124271364,0.2671118438907433,0.26366425291438533,0.22580645161290322,False,1,0.010000000000000009,-0.021505376344085995,0.008939440997765224,0.0018554997395005546,0.0025428006927057933,0.12903225806451615
liver__gcn__seed2026,observed_class,ig,index_tiebreak_v1,0.1,corrected,91,0.91,0.06319709702062644,0.09075012357884331,False,33,31,0.1009689235495687,0.939553010556796,0.26821260688602205,0.2637796514740894,0.06451612903225806,naive,89,0.89,0.09946551270080684,0.1259518211507831,False,33,31,0.12068218519831422,0.9199599374467046,0.2717059190989332,0.26670286787072467,0.06451612903225806,False,2,0.020000000000000018,-0.019713261648745525,0.019593073110091397,-0.0034933122129111593,-0.0029232163966352864,0.0
liver__gcn__seed2026,observed_class,ig,index_tiebreak_v1,0.2,corrected,81,0.81,0.17503264709147065,0.19929639276525093,False,33,31,0.15618968844775297,0.836277122229724,0.28712468470367253,0.27802995662362534,0.0,naive,79,0.79,0.19371951577833935,0.21743364766721174,False,33,31,0.15977391783843395,0.8164803309362875,0.29144750251987145,0.28160374817396977,0.0,False,2,0.020000000000000018,-0.003584229390680982,0.019796791293436478,-0.004322817816198921,-0.0035737915503444295,0.0
liver__gcn__seed2026,observed_class,ig,include_all_exact_ties_v2,0.05,corrected,94,0.9400000000000001,0.009899414311179019,0.03902001977261493,False,33,31,0.07877427232265939,0.9679325863972523,0.2668255710238252,0.2633779800474673,0.2903225806451613,naive,91,0.91,0.04198497580850522,0.07016188828472565,False,33,31,0.08483989129150418,0.9471873117394842,0.2695096968927895,0.26523035131188594,0.1935483870967742,False,3,0.030000000000000027,-0.006065618968844791,0.020745274657768098,-0.002684125868964271,-0.0018523712644186174,0.09677419354838712
liver__gcn__seed2026,observed_class,ig,include_all_exact_ties_v2,0.1,corrected,90,0.9,0.05973487297016709,0.08738972964751511,False,33,31,0.08842412068218518,0.9315398305352915,0.273611246406238,0.26871464409602336,0.12903225806451613,naive,88,0.88,0.09929716253245666,0.12578842245797264,False,33,31,0.10455315294024971,0.9165675388550649,0.2750575837140932,0.2700356272702353,0.12903225806451613,False,2,0.020000000000000018,-0.01612903225806453,0.014972291680226624,-0.0014463373078552055,-0.0013209831742119205,0.0
liver__gcn__seed2026,observed_class,ig,include_all_exact_ties_v2,0.2,corrected,81,0.81,0.17250739456621816,0.1968454123730941,False,33,31,0.15618968844775297,0.839861351620405,0.2866766560298374,0.2775819279497902,0.03225806451612903,naive,78,0.78,0.19951840098898926,0.22306197743048958,False,33,31,0.16438221276930953,0.8142889329376998,0.2913585014121946,0.2810969995397869,0.03225806451612903,False,3,0.030000000000000027,-0.008192524321556566,0.02557241868270521,-0.004681845382357219,-0.003515071589996699,0.0
liver__gcn__seed2026,observed_class,saliency,index_tiebreak_v1,0.05,corrected,95,0.9500000000000001,0.011631016042780747,0.04070069204152249,False,33,31,0.002304147465437787,0.9738696534249016,0.27749298606929884,0.2763894207042733,0.3548387096774194,naive,93,0.93,0.030149534561299266,0.058674548250672816,False,33,31,0.05798771121351766,0.9554825612409047,0.27161722814339667,0.2692244855341855,0.12903225806451613,False,2,0.020000000000000018,-0.055683563748079874,0.018387092183996923,0.00587575792590217,0.007164935170087816,0.22580645161290325
liver__gcn__seed2026,observed_class,saliency,index_tiebreak_v1,0.1,corrected,91,0.91,0.0665641003876298,0.09401809743505246,False,33,31,0.06605222734254992,0.939553010556796,0.27298056072517246,0.26985468028604925,0.06451612903225806,naive,89,0.89,0.0944409076762018,0.12107499862690174,False,33,31,0.07296466973886329,0.9199599374467046,0.27659904802081386,0.27198357779688465,0.06451612903225806,False,2,0.020000000000000018,-0.006912442396313362,0.019593073110091397,-0.003618487295641404,-0.0021288975108353925,0.0
liver__gcn__seed2026,observed_class,saliency,index_tiebreak_v1,0.2,corrected,81,0.81,0.16864654952890248,0.19309812160158182,False,33,31,0.16817322462483753,0.836277122229724,0.28074163789817486,0.2710592994506008,0.0,naive,76,0.76,0.18788303200067907,0.2117688251771297,False,33,31,0.1825298357556422,0.7857329420128534,0.2879238950398617,0.27405299187395504,0.0,False,5,0.050000000000000044,-0.014356611130804664,0.05054418021687057,-0.007182257141686854,-0.002993692423354233,0.0
liver__gcn__seed2026,observed_class,saliency,include_all_exact_ties_v2,0.05,corrected,93,0.93,0.014998019409784116,0.04396866589773164,False,33,31,0.039554531490015366,0.963751441326423,0.2727572784345505,0.27162171102139404,0.2903225806451613,naive,91,0.91,0.04708358090711032,0.07511053440984237,False,33,31,0.04761904761904762,0.9466271475120875,0.27453417594602025,0.2726654707029517,0.1935483870967742,False,2,0.020000000000000018,-0.008064516129032258,0.017124293814335445,-0.001776897511469755,-0.0010437596815576766,0.09677419354838712
liver__gcn__seed2026,observed_class,saliency,include_all_exact_ties_v2,0.1,corrected,90,0.9,0.05465933848286789,0.08246347558631296,False,33,31,0.05222734254992319,0.9291433306005913,0.2792468573948791,0.2752276145174019,0.12903225806451613,naive,89,0.89,0.09011190334719746,0.11687331795463282,False,33,31,0.05683563748079877,0.9255060608196531,0.27819649514907097,0.2737346347561709,0.12903225806451613,False,1,0.010000000000000009,-0.004608294930875577,0.003637269780938146,0.001050362245808123,0.001492979761231028,0.0
liver__gcn__seed2026,observed_class,saliency,include_all_exact_ties_v2,0.2,corrected,77,0.77,0.17239198709786946,0.19673339924204977,False,33,31,0.1717771475835992,0.8048572192395973,0.2877484772369161,0.2754136723813013,0.03225806451612903,naive,70,0.7000000000000001,0.1901715931127696,0.21399007566827638,False,33,31,0.22317736027413448,0.7416532939142588,0.29801558467942174,0.2799728083020998,0.03225806451612903,False,7,0.06999999999999995,-0.051400212690535296,0.06320392532533847,-0.01026710744250564,-0.004559135920798485,0.0
liver__gcn__seed42,hepatotoxic_class,atom_occlusion,index_tiebreak_v1,0.05,corrected,96,0.96,0.012785417197181901,0.041821140220794195,False,33,31,0.006065618968844775,0.9902002606390994,0.2703980848336284,0.2694790516565307,0.7096774193548387,naive,93,0.93,0.047059530883060294,0.07508719173944088,False,33,31,0.025188073575170347,0.9554825612409047,0.27290732050544037,0.26901746219915695,0.12903225806451613,False,3,0.029999999999999916,-0.01912245460632557,0.03471769939819469,-0.002509235671811938,0.00046158945737373447,0.5806451612903226
liver__gcn__seed42,hepatotoxic_class,atom_occlusion,index_tiebreak_v1,0.1,corrected,91,0.91,0.057680445915740036,0.08539572691821828,False,33,31,0.03304580723935562,0.939553010556796,0.2740317522031539,0.26908781836874174,0.06451612903225806,naive,89,0.89,0.09206191412073766,0.11876597547012772,False,33,31,0.04817046752530624,0.9199599374467046,0.2733007776637199,0.2646987832161508,0.06451612903225806,False,2,0.020000000000000018,-0.015124660285950615,0.019593073110091397,0.0007309745394339928,0.0043890351525909255,0.0
liver__gcn__seed42,hepatotoxic_class,atom_occlusion,index_tiebreak_v1,0.2,corrected,78,0.78,0.17123214476155654,0.1956076699156284,False,33,31,0.12538894796959313,0.8107047035470187,0.2699408184537646,0.24817389334048848,0.0,naive,76,0.76,0.19661607455725102,0.2202450135408613,False,33,31,0.1278703375477569,0.7857329420128534,0.27581187310984234,0.2524786442353931,0.0,False,2,0.020000000000000018,-0.0024813895781637674,0.02497176153416536,-0.005871054656077734,-0.0043047508949046465,0.0
liver__gcn__seed42,hepatotoxic_class,atom_occlusion,include_all_exact_ties_v2,0.05,corrected,96,0.96,0.012785417197181901,0.041821140220794195,False,33,31,0.006065618968844775,0.9902002606390994,0.2703980848336284,0.2694790516565307,0.7096774193548387,naive,93,0.93,0.047059530883060294,0.07508719173944088,False,33,31,0.025188073575170347,0.9554825612409047,0.27290732050544037,0.26901746219915695,0.12903225806451613,False,3,0.029999999999999916,-0.01912245460632557,0.03471769939819469,-0.002509235671811938,0.00046158945737373447,0.5806451612903226
liver__gcn__seed42,hepatotoxic_class,atom_occlusion,include_all_exact_ties_v2,0.1,corrected,91,0.91,0.057680445915740036,0.08539572691821828,False,33,31,0.03304580723935562,0.939553010556796,0.2740317522031539,0.26908781836874174,0.06451612903225806,naive,89,0.89,0.09206191412073766,0.11876597547012772,False,33,31,0.04817046752530624,0.9199599374467046,0.2733007776637199,0.2646987832161508,0.06451612903225806,False,2,0.020000000000000018,-0.015124660285950615,0.019593073110091397,0.0007309745394339928,0.0043890351525909255,0.0
liver__gcn__seed42,hepatotoxic_class,atom_occlusion,include_all_exact_ties_v2,0.2,corrected,78,0.78,0.17123214476155654,0.1956076699156284,False,33,31,0.12538894796959313,0.8107047035470187,0.2699408184537646,0.24817389334048848,0.0,naive,76,0.76,0.19661607455725102,0.2202450135408613,False,33,31,0.1278703375477569,0.7869276851430804,0.2753231145565676,0.25206957457667406,0.0,False,2,0.020000000000000018,-0.0024813895781637674,0.02377701840393831,-0.005382296102802997,-0.003895681236185583,0.0
liver__gcn__seed42,hepatotoxic_class,gradinput,index_tiebreak_v1,0.05,corrected,94,0.9400000000000001,0.018776702600232013,0.04763621134728401,False,33,31,0.01912245460632557,0.9649302124271364,0.27380027195013906,0.2710344696124758,0.22580645161290322,naive,91,0.91,0.03389312212841625,0.06230803030110989,False,33,31,0.03214974989168537,0.939553010556796,0.2743330920630676,0.2695203193585617,0.06451612903225806,False,3,0.030000000000000027,-0.0130272952853598,0.025377201870340427,-0.0005328201129285448,0.0015141502539141038,0.16129032258064516
liver__gcn__seed42,hepatotoxic_class,gradinput,index_tiebreak_v1,0.1,corrected,84,0.84,0.07038277626512922,0.09772445931615482,False,33,31,0.094164795777699,0.8620010109363151,0.26934743792186727,0.2529787022936543,0.0,naive,81,0.81,0.09062283032871268,0.11736921767198584,False,33,31,0.11620189845996298,0.836277122229724,0.2683766683562853,0.2486728928413402,0.0,False,3,0.029999999999999916,-0.022037102682263984,0.025723888706591147,0.0009707695655819526,0.004305809452314124,0.0
liver__gcn__seed42,hepatotoxic_class,gradinput,index_tiebreak_v1,0.2,corrected,65,0.65,0.1717755011872659,0.19613504526999337,False,33,31,0.1556678088936154,0.6729238683347646,0.3056269426552733,0.270644589796323,0.0,naive,61,0.61,0.18398469721999133,0.2079851473017563,False,33,31,0.17770491157587934,0.6394788726329267,0.3065461213830834,0.26642746922352994,0.0,False,4,0.040000000000000036,-0.022037102682263943,0.0334449957018379,-0.0009191787278101105,0.004217120572793054,0.0
liver__gcn__seed42,hepatotoxic_class,gradinput,include_all_exact_ties_v2,0.05,corrected,94,0.9400000000000001,0.018776702600232013,0.04763621134728401,False,33,31,0.016818307140887785,0.967464774639118,0.27422335830151867,0.27256112132888083,0.25806451612903225,naive,91,0.91,0.03389312212841625,0.06230803030110989,False,33,31,0.02984560242624758,0.9411659137826023,0.2748424299238486,0.2711332225843681,0.0967741935483871,False,3,0.030000000000000027,-0.013027295285359796,0.02629886085651567,-0.0006190716223299364,0.0014278987445127123,0.16129032258064516
liver__gcn__seed42,hepatotoxic_class,gradinput,include_all_exact_ties_v2,0.1,corrected,84,0.84,0.07038277626512922,0.09772445931615482,False,33,31,0.094164795777699,0.8640171399685732,0.2690402182598089,0.25267148263159595,0.0,naive,81,0.81,0.09062283032871268,0.11736921767198584,False,33,31,0.11620189845996298,0.8390963144227301,0.26795821398899894,0.2482544384740538,0.0,False,3,0.029999999999999916,-0.022037102682263984,0.024920825545843073,0.0010820042708099553,0.004417044157542155,0.0
liver__gcn__seed42,hepatotoxic_class,gradinput,include_all_exact_ties_v2,0.2,corrected,65,0.65,0.16925024866201338,0.19368406487783651,False,33,31,0.1556678088936154,0.6867399143938947,0.3016057751790973,0.2670702519477916,0.0,naive,61,0.61,0.18398469721999133,0.2079851473017563,False,33,31,0.17770491157587934,0.6431079048909912,0.30471891633007187,0.2649000987445466,0.0,False,4,0.040000000000000036,-0.022037102682263943,0.04363200950290347,-0.003113141150974552,0.0021701532032449844,0.0
liver__gcn__seed42,hepatotoxic_class,ig,index_tiebreak_v1,0.05,corrected,96,0.96,0.014567948391477802,0.043551244027022575,False,33,31,0.006065618968844775,0.9902002606390994,0.2703980848336284,0.2694790516565307,0.7096774193548387,naive,93,0.93,0.046122559357853476,0.07417777820026955,False,33,31,0.024085233762653112,0.9554825612409047,0.2732025888305307,0.2692905853998656,0.12903225806451613,False,3,0.029999999999999916,-0.018019614793808335,0.03471769939819469,-0.0028045039969022967,0.00018846625666507633,0.5806451612903226
liver__gcn__seed42,hepatotoxic_class,ig,index_tiebreak_v1,0.1,corrected,91,0.91,0.06227497992203874,0.08985512757139054,False,33,31,0.026566623340816883,0.939553010556796,0.27579936772289165,0.2711406602145267,0.06451612903225806,naive,89,0.89,0.09785894932953755,0.12439250964337469,False,33,31,0.045275513017448504,0.9199599374467046,0.27337060031418775,0.26437471504495785,0.06451612903225806,False,2,0.020000000000000018,-0.01870888967663162,0.019593073110091397,0.0024287674087039024,0.006765945169568854,0.0
liver__gcn__seed42,hepatotoxic_class,ig,index_tiebreak_v1,0.2,corrected,70,0.7000000000000001,0.1757001712884066,0.1999442838975711,False,33,31,0.16531765725314115,0.7288413779764066,0.2794032213389549,0.2483475167763094,0.0,naive,64,0.64,0.19820462761639232,0.2217868444512043,False,33,31,0.20100240261530583,0.6659707667547425,0.2863080942045462,0.24821332544589053,0.0,False,6,0.06000000000000005,-0.03568474536216468,0.06287061122166404,-0.006904872865591327,0.00013419133041886466,0.0
liver__gcn__seed42,hepatotoxic_class,ig,include_all_exact_ties_v2,0.05,corrected,96,0.96,0.014567948391477802,0.043551244027022575,False,33,31,0.006065618968844775,0.9902002606390994,0.2703980848336284,0.2694790516565307,0.7096774193548387,naive,93,0.93,0.046122559357853476,0.07417777820026955,False,33,31,0.021781086297215323,0.957095464466711,0.27371192669131167,0.27090348862567204,0.16129032258064516,False,3,0.029999999999999916,-0.01571546732837055,0.03310479617238837,-0.003313841857683242,-0.0014244369691413516,0.5483870967741936
liver__gcn__seed42,hepatotoxic_class,ig,include_all_exact_ties_v2,0.1,corrected,91,0.91,0.06227497992203874,0.08985512757139054,False,33,31,0.024262475875379098,0.9411659137826023,0.2763087055836727,0.2727535634403331,0.0967741935483871,naive,89,0.89,0.09785894932953755,0.12439250964337469,False,33,31,0.045275513017448504,0.9199599374467046,0.27337060031418775,0.26437471504495785,0.06451612903225806,False,2,0.020000000000000018,-0.021013037142069407,0.021205976335897714,0.0029381052694849585,0.008378848395375227,0.03225806451612903
liver__gcn__seed42,hepatotoxic_class,ig,include_all_exact_ties_v2,0.2,corrected,70,0.7000000000000001,0.1757001712884066,0.1999442838975711,False,33,31,0.16531765725314115,0.7339029797123319,0.2783266492709217,0.2472709447082762,0.0,naive,63,0.63,0.19979290861643806,0.22332841130418987,False,33,31,0.20578793965890743,0.669943065902968,0.2845346554192229,0.2454574557594762,0.0,False,7,0.07000000000000006,-0.04047028240576628,0.06395991380936383,-0.006208006148301193,0.0018134889488000128,0.0
liver__gcn__seed42,hepatotoxic_class,saliency,index_tiebreak_v1,0.05,corrected,95,0.9500000000000001,0.018686868686868686,0.047549019607843135,False,33,31,0.008064516129032258,0.9738696534249016,0.27790045635792354,0.2777515729832338,0.3548387096774194,naive,94,0.9400000000000001,0.024747474747474744,0.0534313725490196,False,33,31,0.012672811059907836,0.9649302124271364,0.27806108565068105,0.2773462713195679,0.22580645161290322,False,1,0.010000000000000009,-0.004608294930875579,0.008939440997765224,-0.00016062929275750815,0.00040530166366586906,0.12903225806451615
liver__gcn__seed42,hepatotoxic_class,saliency,index_tiebreak_v1,0.1,corrected,91,0.91,0.06821789321789323,0.0956232492997199,False,33,31,0.044930875576036866,0.939553010556796,0.27937741797092613,0.2783230865261023,0.06451612903225806,naive,89,0.89,0.09027176527176528,0.11702847805788982,False,33,31,0.04741226515420064,0.9199599374467046,0.2856278012620908,0.28402032275544326,0.06451612903225806,False,2,0.020000000000000018,-0.0024813895781637743,0.019593073110091397,-0.006250383291164674,-0.0056972362293409295,0.0
liver__gcn__seed42,hepatotoxic_class,saliency,index_tiebreak_v1,0.2,corrected,81,0.81,0.16465663965663968,0.1892255620196797,False,33,31,0.13846547717515456,0.836277122229724,0.2944237706505164,0.2863465032758873,0.0,naive,77,0.77,0.1978254316489611,0.2214188013063446,False,33,31,0.1519752648784907,0.7969036435440863,0.29998866306393907,0.2877694228331247,0.0,False,4,0.040000000000000036,-0.013509787703336135,0.039373478685637675,-0.005564892413422673,-0.0014229195572373898,0.0
liver__gcn__seed42,hepatotoxic_class,saliency,include_all_exact_ties_v2,0.05,corrected,95,0.9500000000000001,0.018686868686868686,0.047549019607843135,False,33,31,0.0,0.9767232514397899,0.27780381276382665,0.27780381276382665,0.41935483870967744,naive,94,0.9400000000000001,0.024747474747474744,0.0534313725490196,False,33,31,0.004608294930875578,0.9677838104420248,0.2779644420565842,0.2773985111001609,0.2903225806451613,False,1,0.010000000000000009,-0.004608294930875578,0.008939440997765113,-0.00016062929275756366,0.00040530166366575804,0.12903225806451613
liver__gcn__seed42,hepatotoxic_class,saliency,include_all_exact_ties_v2,0.1,corrected,90,0.9,0.07074314574314575,0.09807422969187675,False,33,31,0.031283232896136125,0.9319970638115992,0.2854969645787723,0.28411952279971475,0.0967741935483871,naive,89,0.89,0.09027176527176528,0.11702847805788982,False,33,31,0.031283232896136125,0.926662001161391,0.2865549725627765,0.28510110388715815,0.0967741935483871,False,1,0.010000000000000009,0.0,0.005335062650208222,-0.0010580079840041834,-0.000981581087443395,0.0
liver__gcn__seed42,hepatotoxic_class,saliency,include_all_exact_ties_v2,0.2,corrected,79,0.79,0.16851764792941268,0.19297301122560642,False,33,31,0.14453109614399934,0.8282259174364321,0.2929210855504413,0.2832729077004366,0.06451612903225806,naive,76,0.76,0.19737865620218564,0.22098516631388607,False,33,31,0.1519752648784907,0.7936865177083646,0.29881647544457635,0.28657112761402187,0.03225806451612903,False,3,0.030000000000000027,-0.007444168734491358,0.03453939972806752,-0.005895389894135072,-0.003298219913585254,0.03225806451612903
liver__gcn__seed42,observed_class,atom_occlusion,index_tiebreak_v1,0.05,corrected,96,0.96,0.012785417197181901,0.041821140220794195,False,33,31,0.00248138957816377,0.9902002606390994,0.2716387796227103,0.2710873597164517,0.7096774193548387,naive,93,0.93,0.04939053321406262,0.0773496351783549,False,33,31,0.03773287644255386,0.9554825612409047,0.2719974776601136,0.26834082402251874,0.12903225806451613,False,3,0.029999999999999916,-0.03525148686439009,0.03471769939819469,-0.0003586980374032933,0.002746535693932961,0.5806451612903226
liver__gcn__seed42,observed_class,atom_occlusion,index_tiebreak_v1,0.1,corrected,89,0.89,0.07250739456621809,0.09978658884368227,False,33,31,0.06301941785812754,0.9199599374467046,0.2731574084880927,0.26553426512110534,0.06451612903225806,naive,87,0.87,0.09877002082884437,0.12527678492211367,False,33,31,0.10313521603844183,0.8991889482584723,0.26996775960192915,0.2608427917411807,0.03225806451612903,False,2,0.020000000000000018,-0.0401157981803143,0.02077098918823228,0.0031896488861635763,0.004691473379924649,0.03225806451612903
liver__gcn__seed42,observed_class,atom_occlusion,index_tiebreak_v1,0.2,corrected,78,0.78,0.17103408573996812,0.1954154361593808,False,33,31,0.21550671550671552,0.8107047035470187,0.2626562571369452,0.24113303658055027,0.0,naive,76,0.76,0.188842257959905,0.2126998386081431,False,33,31,0.21798810508487929,0.7857329420128534,0.26815776057457524,0.245022547957462,0.0,False,2,0.020000000000000018,-0.0024813895781637674,0.02497176153416536,-0.005501503437630062,-0.003889511376911736,0.0
liver__gcn__seed42,observed_class,atom_occlusion,include_all_exact_ties_v2,0.05,corrected,96,0.96,0.012785417197181901,0.041821140220794195,False,33,31,0.00248138957816377,0.9902002606390994,0.2716387796227103,0.2710873597164517,0.7096774193548387,naive,93,0.93,0.04939053321406262,0.0773496351783549,False,33,31,0.03773287644255386,0.9554825612409047,0.2719974776601136,0.26834082402251874,0.12903225806451613,False,3,0.029999999999999916,-0.03525148686439009,0.03471769939819469,-0.0003586980374032933,0.002746535693932961,0.5806451612903226
liver__gcn__seed42,observed_class,atom_occlusion,include_all_exact_ties_v2,0.1,corrected,89,0.89,0.07250739456621809,0.09978658884368227,False,33,31,0.06301941785812754,0.9199599374467046,0.2731574084880927,0.26553426512110534,0.06451612903225806,naive,87,0.87,0.09877002082884437,0.12527678492211367,False,33,31,0.10313521603844183,0.9003836913886993,0.26948388863418726,0.2603589207734387,0.03225806451612903,False,2,0.020000000000000018,-0.0401157981803143,0.01957624605800523,0.0036735198539054603,0.005175344347666644,0.03225806451612903
liver__gcn__seed42,observed_class,atom_occlusion,include_all_exact_ties_v2,0.2,corrected,78,0.78,0.17103408573996812,0.1954154361593808,False,33,31,0.21089842057583993,0.8126038796397432,0.2635480135904369,0.24212620359151485,0.0,naive,73,0.73,0.19657717010658188,0.22020725333874122,False,33,31,0.2528555673716964,0.7596565977455774,0.26657560641569283,0.2411370609279052,0.0,False,5,0.050000000000000044,-0.041957146795856465,0.052947281894165865,-0.0030275928252559425,0.0009891426636096379,0.0
liver__gcn__seed42,observed_class,gradinput,index_tiebreak_v1,0.05,corrected,95,0.9500000000000001,0.018582452405981817,0.04744767439404118,False,33,31,0.01912245460632557,0.9738696534249016,0.27184752796204104,0.26908172562437777,0.3548387096774194,naive,90,0.9,0.04999189263895146,0.07793330756133524,False,33,31,0.0907971956359053,0.9252950000969127,0.26570902740119173,0.2568371280463591,0.06451612903225806,False,5,0.050000000000000044,-0.07167474102957973,0.04857465332798894,0.006138500560849303,0.012244597578018657,0.2903225806451613
liver__gcn__seed42,observed_class,gradinput,index_tiebreak_v1,0.1,corrected,87,0.87,0.07197644403526758,0.09927125450481854,False,33,31,0.11974674071448264,0.8991889482584723,0.2631522931090433,0.25208355135235183,0.03225806451612903,naive,78,0.78,0.09599899011663718,0.12258725511320667,False,33,31,0.17124542124542128,0.8107047035470187,0.27182984623413364,0.25217963012562294,0.0,False,9,0.08999999999999997,-0.05149868053093863,0.08848424471145355,-0.008677553125090331,-9.607877327111325e-05,0.03225806451612903
liver__gcn__seed42,observed_class,gradinput,index_tiebreak_v1,0.2,corrected,73,0.73,0.17547425341542988,0.19972501066791723,False,33,31,0.20360195360195366,0.7558931568853623,0.2790791026475922,0.2551703250724179,0.0,naive,69,0.6900000000000001,0.1997463865110924,0.22328325749606026,False,33,31,0.21104612233644493,0.7170734124216248,0.29032695189960306,0.2618299250342594,0.0,False,4,0.039999999999999925,-0.007444168734491274,0.03881974446373748,-0.011247849252010833,-0.006659599961841511,0.0
liver__gcn__seed42,observed_class,gradinput,include_all_exact_ties_v2,0.05,corrected,95,0.9500000000000001,0.018582452405981817,0.04744767439404118,False,33,31,0.01912245460632557,0.9738696534249016,0.27184752796204104,0.26908172562437777,0.3548387096774194,naive,90,0.9,0.04999189263895146,0.07793330756133524,False,33,31,0.0907971956359053,0.9295273551781641,0.2642025577813944,0.25545327680045354,0.0967741935483871,False,5,0.050000000000000044,-0.07167474102957973,0.04434229824673752,0.0076449701806466375,0.013628448823924222,0.25806451612903225
liver__gcn__seed42,observed_class,gradinput,include_all_exact_ties_v2,0.1,corrected,87,0.87,0.07197644403526758,0.09927125450481854,False,33,31,0.11974674071448264,0.9008018514842787,0.2619261093701261,0.25097998598732635,0.03225806451612903,naive,78,0.78,0.09599899011663718,0.12258725511320667,False,33,31,0.17124542124542128,0.8142151399796563,0.2708460656251158,0.2513849687409785,0.0,False,9,0.08999999999999997,-0.05149868053093863,0.08658671150462238,-0.008919956254989703,-0.00040498275365213887,0.03225806451612903
liver__gcn__seed42,observed_class,gradinput,include_all_exact_ties_v2,0.2,corrected,70,0.7000000000000001,0.1706911280440692,0.19508256545453775,False,33,31,0.21104612233644493,0.7402447744604482,0.28056274750472293,0.25322759781987786,0.0,naive,65,0.65,0.1943370899253252,0.21803305786869798,False,33,31,0.2503938713616133,0.6832393592954169,0.2953356526675886,0.26284432291161586,0.0,False,5,0.050000000000000044,-0.039347749025168355,0.057005415165031326,-0.014772905162865668,-0.009616725091737999,0.0
liver__gcn__seed42,observed_class,ig,index_tiebreak_v1,0.05,corrected,96,0.96,0.012785417197181901,0.041821140220794195,False,33,31,0.00248138957816377,0.9902002606390994,0.2716387796227103,0.2710873597164517,0.7096774193548387,naive,93,0.93,0.0466710304945599,0.0747101178329552,False,33,31,0.041238331560912195,0.9554825612409047,0.27125216325887724,0.26737825523571446,0.12903225806451613,False,3,0.029999999999999916,-0.03875694198274843,0.03471769939819469,0.00038661636383308107,0.0037091044807372464,0.5806451612903226
liver__gcn__seed42,observed_class,ig,index_tiebreak_v1,0.1,corrected,90,0.9,0.0707248633719222,0.0980564850374539,False,33,31,0.06370869274095081,0.9252950000969127,0.2709835467886143,0.26262954520313303,0.06451612903225806,naive,83,0.8300000000000001,0.09177810207221973,0.1184905108348015,False,33,31,0.14725865532317148,0.8555840841239669,0.2638494988415527,0.246937995479891,0.0,False,7,0.06999999999999995,-0.08354996258222067,0.06971091597294576,0.007134047947061628,0.01569154972324202,0.06451612903225806
liver__gcn__seed42,observed_class,ig,index_tiebreak_v1,0.2,corrected,77,0.77,0.17478686890451597,0.1990578433485008,False,33,31,0.20490172909527743,0.7969036435440863,0.26589816492344504,0.24226841347475178,0.0,naive,72,0.72,0.19722847958142078,0.22083940665255547,False,33,31,0.24066524872976486,0.7466478675065911,0.2702122322819203,0.241881923818372,0.0,False,5,0.050000000000000044,-0.03576351963448743,0.0502557760374952,-0.004314067358475282,0.00038648965637977373,0.0
liver__gcn__seed42,observed_class,ig,include_all_exact_ties_v2,0.05,corrected,96,0.96,0.012785417197181901,0.041821140220794195,False,33,31,0.00248138957816377,0.9902002606390994,0.2716387796227103,0.2710873597164517,0.7096774193548387,naive,93,0.93,0.0466710304945599,0.0747101178329552,False,33,31,0.041238331560912195,0.9571803541101747,0.27106351960673614,0.26718961158357335,0.16129032258064516,False,3,0.029999999999999916,-0.03875694198274843,0.033019906528924725,0.0005752600159741883,0.0038977481328783536,0.5483870967741936
liver__gcn__seed42,observed_class,ig,include_all_exact_ties_v2,0.1,corrected,90,0.9,0.0707248633719222,0.0980564850374539,False,33,31,0.06370869274095081,0.9269927929661826,0.2707949031364732,0.2624409015509919,0.0967741935483871,naive,83,0.8300000000000001,0.09177810207221973,0.1184905108348015,False,33,31,0.14725865532317148,0.8555840841239669,0.2638494988415527,0.246937995479891,0.0,False,7,0.06999999999999995,-0.08354996258222067,0.07140870884221573,0.006945404294920521,0.015502906071100914,0.0967741935483871
liver__gcn__seed42,observed_class,ig,include_all_exact_ties_v2,0.2,corrected,77,0.77,0.17478686890451597,0.1990578433485008,False,33,31,0.20490172909527743,0.7969036435440863,0.26589816492344504,0.24226841347475178,0.0,naive,72,0.72,0.19722847958142078,0.22083940665255547,False,33,31,0.24066524872976486,0.7482607707323975,0.26873373765826436,0.24084438373159592,0.0,False,5,0.050000000000000044,-0.03576351963448743,0.048642872811688775,-0.002835572734819325,0.0014240297431558635,0.0
liver__gcn__seed42,observed_class,saliency,index_tiebreak_v1,0.05,corrected,95,0.9500000000000001,0.016681521093285797,0.04560265282583621,False,33,31,0.016129032258064516,0.9738696534249016,0.2767483826252046,0.2764803192091991,0.3548387096774194,naive,93,0.93,0.042201426024955434,0.0703719723183391,False,33,31,0.04761904761904762,0.9554825612409047,0.2741752360664301,0.272871584049705,0.12903225806451613,False,2,0.020000000000000018,-0.03149001536098311,0.018387092183996923,0.002573146558774553,0.0036087351594940587,0.22580645161290325
liver__gcn__seed42,observed_class,saliency,index_tiebreak_v1,0.1,corrected,90,0.9,0.07078770902300313,0.09811748228703245,False,33,31,0.060469100791681434,0.9252950000969127,0.28047353111730833,0.277409076106246,0.06451612903225806,naive,89,0.89,0.09705033528562941,0.12360767836546384,False,33,31,0.060469100791681434,0.9199599374467046,0.2815315391013125,0.27839065719368944,0.06451612903225806,False,1,0.010000000000000009,0.0,0.005335062650208111,-0.0010580079840041834,-0.0009815810874434505,0.0
liver__gcn__seed42,observed_class,saliency,index_tiebreak_v1,0.2,corrected,82,0.8200000000000001,0.17314842020724375,0.1974675843187954,False,33,31,0.15134507069990938,0.8475253572682817,0.28458247088937333,0.27499888334268946,0.0,naive,82,0.8200000000000001,0.17314842020724375,0.1974675843187954,False,33,31,0.15134507069990938,0.8475253572682817,0.28458247088937333,0.27499888334268946,0.0,True,0,0.0,0.0,0.0,0.0,0.0,0.0
liver__gcn__seed42,observed_class,saliency,include_all_exact_ties_v2,0.05,corrected,95,0.9500000000000001,0.016681521093285797,0.04560265282583621,False,33,31,0.008064516129032258,0.9751103482139836,0.2778401940395967,0.277721013998281,0.3870967741935484,naive,90,0.9,0.04806043629573041,0.07605865875762069,False,33,31,0.04203592106817913,0.9343084611689475,0.2823997175511348,0.28071505611001885,0.16129032258064516,False,5,0.050000000000000044,-0.033971404939146875,0.04080188704503607,-0.004559523511538099,-0.0029940421117378713,0.22580645161290322
liver__gcn__seed42,observed_class,saliency,include_all_exact_ties_v2,0.1,corrected,90,0.9,0.04806043629573041,0.07605865875762069,False,33,31,0.04203592106817913,0.9343084611689475,0.2823997175511348,0.28071505611001885,0.16129032258064516,naive,89,0.89,0.09452508276037688,0.12115669797330696,False,33,31,0.04203592106817913,0.9317835384402897,0.28310903353559314,0.28135779198195676,0.16129032258064516,False,1,0.010000000000000009,0.0,0.0025249227286577858,-0.0007093159844583363,-0.0006427358719379161,0.0
liver__gcn__seed42,observed_class,saliency,include_all_exact_ties_v2,0.2,corrected,82,0.8200000000000001,0.15799690505572858,0.18276170196585423,False,33,31,0.15134507069990938,0.8608112601976481,0.28119362242412416,0.2716100348774403,0.0967741935483871,naive,81,0.81,0.19063093768976122,0.21443591011065058,False,33,31,0.1538264602780732,0.8507577682893174,0.2841847061526405,0.27335607050182537,0.0967741935483871,False,1,0.010000000000000009,-0.002481389578163823,0.010053491908330714,-0.002991083728516364,-0.0017460356243850783,0.0
liver__gin__seed123,hepatotoxic_class,atom_occlusion,index_tiebreak_v1,0.05,corrected,93,0.93,0.01903570285923227,0.04788759395160779,False,33,31,0.054216392926070354,0.9554825612409047,0.2675379504985085,0.26305852966881355,0.12903225806451613,naive,91,0.91,0.03310496692849634,0.06154305613648175,False,33,31,0.054216392926070354,0.939553010556796,0.2717842066083691,0.26726067218617344,0.06451612903225806,False,2,0.020000000000000018,0.0,0.01592955068410873,-0.004246256109860624,-0.004202142517359897,0.06451612903225806
liver__gin__seed123,hepatotoxic_class,atom_occlusion,index_tiebreak_v1,0.1,corrected,87,0.87,0.07124460506813449,0.09856094021318935,False,33,31,0.07583993067864034,0.8991889482584723,0.27420740997944515,0.2662082259454273,0.03225806451612903,naive,83,0.8300000000000001,0.08538514862044275,0.11228558542572384,False,33,31,0.09037378392217103,0.8555840841239669,0.28196450245041427,0.2708932585973793,0.0,False,4,0.039999999999999925,-0.014533853243530695,0.04360486413450537,-0.007757092470969118,-0.00468503265195197,0.03225806451612903
liver__gin__seed123,hepatotoxic_class,atom_occlusion,index_tiebreak_v1,0.2,corrected,76,0.76,0.16671960936666821,0.19122785615000149,False,33,31,0.14220725511048093,0.7857329420128534,0.2907780718134324,0.2743374768658879,0.0,naive,73,0.73,0.1983213409683998,0.2219001250575645,False,33,31,0.17021150892118636,0.7558931568853623,0.2928313187005673,0.2721132707714807,0.0,False,3,0.030000000000000027,-0.028004253810705426,0.02983978512749108,-0.002053246887134874,0.0022242060944072106,0.0
liver__gin__seed123,hepatotoxic_class,atom_occlusion,include_all_exact_ties_v2,0.05,corrected,93,0.93,0.01903570285923227,0.04788759395160779,False,33,31,0.054216392926070354,0.9570186595511964,0.2674611455829939,0.26298172475329895,0.16129032258064516,naive,91,0.91,0.03310496692849634,0.06154305613648175,False,33,31,0.054216392926070354,0.9410891088670877,0.27170740169285446,0.26718386727065885,0.0967741935483871,False,2,0.020000000000000018,0.0,0.015929550684108618,-0.004246256109860569,-0.004202142517359897,0.06451612903225806
liver__gin__seed123,hepatotoxic_class,atom_occlusion,include_all_exact_ties_v2,0.1,corrected,83,0.8300000000000001,0.06590462913992325,0.09337802240051374,False,33,31,0.09037378392217103,0.8565616012305162,0.2817658690482214,0.2707198281429915,0.0,naive,81,0.81,0.08338714662244075,0.11034634819236896,False,33,31,0.09781795265666235,0.838174655436555,0.28248567887371484,0.2692898725352537,0.0,False,2,0.020000000000000018,-0.007444168734491316,0.018386945793961162,-0.0007198098254934671,0.0014299556077377873,0.0
liver__gin__seed123,hepatotoxic_class,atom_occlusion,include_all_exact_ties_v2,0.2,corrected,76,0.76,0.14471383736089619,0.16986931273263453,False,33,31,0.14220725511048093,0.7857329420128534,0.2907780718134324,0.2743374768658879,0.0,naive,73,0.73,0.19579608844314725,0.21944914466540763,False,33,31,0.16790736145574858,0.7575060601111687,0.29310013590486833,0.27412939980373874,0.0,False,3,0.030000000000000027,-0.025700106345267648,0.028226881901684653,-0.002322064091435927,0.0002080770621491479,0.0
liver__gin__seed123,hepatotoxic_class,gradinput,index_tiebreak_v1,0.05,corrected,95,0.9500000000000001,0.01417944800297741,0.0431741701205369,False,33,31,0.0275119146086888,0.9738696534249016,0.26646034560255855,0.2607307838494336,0.3548387096774194,naive,91,0.91,0.04050600815306697,0.06872641967797677,False,33,31,0.04762889440308796,0.939553010556796,0.26584957530871234,0.25729316767282856,0.06451612903225806,False,4,0.040000000000000036,-0.020116979794399158,0.03431664286810565,0.0006107702938462078,0.0034376161766050406,0.2903225806451613
liver__gin__seed123,hepatotoxic_class,gradinput,index_tiebreak_v1,0.1,corrected,89,0.89,0.06826354473413297,0.09566755812430552,False,33,31,0.06198550553389263,0.9199599374467046,0.26498188803553235,0.2530336960268867,0.06451612903225806,naive,85,0.85,0.09941213470625235,0.12590001309724494,False,33,31,0.08276221985899405,0.8722136505886832,0.2681938003609358,0.2515474797546863,0.0,False,4,0.040000000000000036,-0.020776714325101427,0.0477462868580214,-0.0032119123254034654,0.0014862162722004135,0.06451612903225806
liver__gin__seed123,hepatotoxic_class,gradinput,index_tiebreak_v1,0.2,corrected,77,0.77,0.15928026222143868,0.18400731333257284,False,33,31,0.1460376541021702,0.7969036435440863,0.27031160480203026,0.24754999340389633,0.0,naive,76,0.76,0.18252743988038103,0.20657075047213455,False,33,31,0.1621666863602347,0.7857329420128534,0.27027218368045947,0.24766418211335475,0.0,False,1,0.010000000000000009,-0.016129032258064502,0.011170701531232896,3.9421121570792916e-05,-0.00011418870945842374,0.0
liver__gin__seed123,hepatotoxic_class,gradinput,include_all_exact_ties_v2,0.05,corrected,95,0.9500000000000001,0.01417944800297741,0.0431741701205369,False,33,31,0.02520776714325101,0.9770186549609998,0.2668928785478249,0.26226688215972543,0.41935483870967744,naive,91,0.91,0.04050600815306697,0.06872641967797677,False,33,31,0.04532474693765016,0.9485664716288308,0.26536381790444896,0.25791097563359067,0.22580645161290322,False,4,0.040000000000000036,-0.020116979794399147,0.028452183332169034,0.0015290606433759346,0.004355906526134767,0.19354838709677422
liver__gin__seed123,hepatotoxic_class,gradinput,include_all_exact_ties_v2,0.1,corrected,89,0.89,0.06826354473413297,0.09566755812430552,False,33,31,0.06198550553389263,0.9241266041133712,0.26425224133814373,0.25230404932949807,0.12903225806451613,naive,82,0.8200000000000001,0.09941779353544059,0.12590550549028057,False,33,31,0.10385403127338613,0.8475253572682817,0.2694941552605647,0.25173995788372633,0.0,False,7,0.06999999999999995,-0.041868525739493505,0.07660124684508951,-0.00524191392242096,0.0005640914457717416,0.12903225806451613
liver__gin__seed123,hepatotoxic_class,gradinput,include_all_exact_ties_v2,0.2,corrected,76,0.76,0.16304692039986157,0.18766318744692448,False,33,31,0.15755839142935915,0.7900068640287109,0.2702406950341701,0.24784692340656547,0.0,naive,72,0.72,0.19924601542248604,0.22279760320417763,False,33,31,0.181131592421915,0.7518987225544492,0.271679918680718,0.2458526223577942,0.0,False,4,0.040000000000000036,-0.02357320099255586,0.03810814147426167,-0.0014392236465479158,0.0019943010487712687,0.0
liver__gin__seed123,hepatotoxic_class,ig,index_tiebreak_v1,0.05,corrected,95,0.9500000000000001,0.018075551899081308,0.046955682725578915,False,33,31,0.03578321320256803,0.9738696534249016,0.26515589969783215,0.2596959002981258,0.3548387096774194,naive,93,0.93,0.04929346252875664,0.07725541951320498,False,33,31,0.059769979124817824,0.9554825612409047,0.2635236121675318,0.2569320245109948,0.12903225806451613,False,2,0.020000000000000018,-0.02398676592224979,0.018387092183996923,0.0016322875303003692,0.0027638757871309982,0.22580645161290325
liver__gin__seed123,hepatotoxic_class,ig,index_tiebreak_v1,0.1,corrected,90,0.9,0.06747626012331893,0.09490342894322132,False,33,31,0.07996573319153961,0.9252950000969127,0.26436750154353683,0.2540083286648717,0.06451612903225806,naive,89,0.89,0.08479227743933627,0.11171015163229697,False,33,31,0.09609476544960413,0.9199599374467046,0.2636793464910554,0.25321475510089964,0.06451612903225806,False,1,0.010000000000000009,-0.016129032258064516,0.005335062650208111,0.0006881550524814317,0.0007935735639720831,0.0
liver__gin__seed123,hepatotoxic_class,ig,index_tiebreak_v1,0.2,corrected,81,0.81,0.17311599076304962,0.19743610868178346,False,33,31,0.14805624483043836,0.836277122229724,0.2727429475989752,0.256758431168616,0.0,naive,81,0.81,0.17311599076304962,0.19743610868178346,False,33,31,0.14805624483043836,0.836277122229724,0.2727429475989752,0.256758431168616,0.0,True,0,0.0,0.0,0.0,0.0,0.0,0.0
liver__gin__seed123,hepatotoxic_class,ig,include_all_exact_ties_v2,0.05,corrected,95,0.9500000000000001,0.018075551899081308,0.046955682725578915,False,33,31,0.03578321320256803,0.9754057517351934,0.2650790947823175,0.2596190953826112,0.3870967741935484,naive,91,0.91,0.04241798506504389,0.07058216197489553,False,33,31,0.05777108196463035,0.9457210360796602,0.26346782623341486,0.25515578304155556,0.16129032258064516,False,4,0.040000000000000036,-0.021987868762062317,0.02968471565553321,0.0016112685489026446,0.004463312341055625,0.22580645161290322
liver__gin__seed123,hepatotoxic_class,ig,include_all_exact_ties_v2,0.1,corrected,90,0.9,0.0523247449718038,0.08019754659028015,False,33,31,0.06383670093347511,0.9315398305352915,0.2654792552868695,0.2553208531522688,0.12903225806451613,naive,89,0.89,0.08479227743933627,0.11171015163229697,False,33,31,0.07996573319153961,0.9273171149373637,0.26460729359896856,0.2543434729528773,0.12903225806451613,False,1,0.010000000000000009,-0.016129032258064502,0.004222715597927862,0.0008719616879009351,0.000977380199391531,0.0
liver__gin__seed123,hepatotoxic_class,ig,include_all_exact_ties_v2,0.2,corrected,81,0.81,0.13718525483231364,0.1625621591019515,False,33,31,0.14805624483043836,0.8441112236122124,0.2682250113922344,0.2524735253556966,0.03225806451612903,naive,76,0.76,0.19645283909989797,0.22008657912637156,False,33,31,0.16817322462483753,0.796807006109727,0.2765769326634767,0.2569239636080611,0.03225806451612903,False,5,0.050000000000000044,-0.020116979794399165,0.04730421750248537,-0.00835192127124229,-0.004450438252364464,0.0
liver__gin__seed123,hepatotoxic_class,saliency,index_tiebreak_v1,0.05,corrected,97,0.97,0.0,0.029411764705882353,False,33,31,0.0,0.9982512111544369,0.2707926055396511,0.2707926055396511,0.9354838709677419,naive,96,0.96,0.043247602071131486,0.07138737848080409,False,33,31,0.0,0.9902002606390994,0.2728794744117921,0.2728794744117921,0.7096774193548387,False,1,0.010000000000000009,0.0,0.008050950515337552,-0.00208686887214099,-0.00208686887214099,0.22580645161290314
liver__gin__seed123,hepatotoxic_class,saliency,index_tiebreak_v1,0.1,corrected,89,0.89,0.06881843646549529,0.09620612951062778,False,33,31,0.09075780849974399,0.9199599374467046,0.2754601180680918,0.27014253057108756,0.06451612903225806,naive,86,0.86,0.08346490111195994,0.11042181578513759,False,33,31,0.13108038914490527,0.886507898753899,0.27719930693875566,0.27120948618041657,0.03225806451612903,False,3,0.030000000000000027,-0.04032258064516128,0.03345203869280555,-0.001739188870663877,-0.0010669556093290122,0.03225806451612903
liver__gin__seed123,hepatotoxic_class,saliency,index_tiebreak_v1,0.2,corrected,77,0.77,0.1633916192739722,0.18799774811885536,False,33,31,0.27214541730670766,0.7969036435440863,0.28328858420273423,0.2718620824430555,0.0,naive,76,0.76,0.18739637269049034,0.21129647937606416,False,33,31,0.29096262160778286,0.7857329420128534,0.28247335711279326,0.27093012228073066,0.0,False,1,0.010000000000000009,-0.018817204301075197,0.011170701531232896,0.000815227089940973,0.0009319601623248297,0.0
liver__gin__seed123,hepatotoxic_class,saliency,include_all_exact_ties_v2,0.05,corrected,97,0.97,0.0,0.029411764705882353,False,33,31,0.0,0.9982512111544369,0.2707926055396511,0.2707926055396511,0.9354838709677419,naive,96,0.96,0.043247602071131486,0.07138737848080409,False,33,31,0.0,0.9902002606390994,0.2728794744117921,0.2728794744117921,0.7096774193548387,False,1,0.010000000000000009,0.0,0.008050950515337552,-0.00208686887214099,-0.00208686887214099,0.22580645161290314
liver__gin__seed123,hepatotoxic_class,saliency,include_all_exact_ties_v2,0.1,corrected,89,0.89,0.06881843646549529,0.09620612951062778,False,33,31,0.06925243215565796,0.9251995789488601,0.27761558506226847,0.2724446251312466,0.0967741935483871,naive,85,0.85,0.09205075969781852,0.11875514911847092,False,33,31,0.10688684075780851,0.8930532781408345,0.2810739660914447,0.27534792953049353,0.06451612903225806,False,4,0.040000000000000036,-0.037634408602150546,0.03214630080802561,-0.0034583810291762274,-0.0029033043992469088,0.03225806451612903
liver__gin__seed123,hepatotoxic_class,saliency,include_all_exact_ties_v2,0.2,corrected,76,0.76,0.1656197832668421,0.19016037787664086,False,33,31,0.26945724526369685,0.7972886156078759,0.28090315707247937,0.26959846058379383,0.03225806451612903,naive,73,0.73,0.18389072800837503,0.20789394189048166,False,33,31,0.33376659183110796,0.7724505476213209,0.2769670553652464,0.26331777455099753,0.03225806451612903,False,3,0.030000000000000027,-0.06430934656741111,0.024838067986554968,0.003936101707232964,0.006280686032796301,0.0
liver__gin__seed123,observed_class,atom_occlusion,index_tiebreak_v1,0.05,corrected,94,0.9400000000000001,0.020434304257833668,0.0492450600149562,False,33,31,0.07554452715743037,0.9649302124271364,0.26303531416693,0.2569427726124105,0.22580645161290322,naive,91,0.91,0.03428809752339164,0.06269138877270365,False,33,31,0.08161014612627515,0.939553010556796,0.26659823150230094,0.2596491970499913,0.06451612903225806,False,3,0.030000000000000027,-0.006065618968844777,0.025377201870340427,-0.003562917335370952,-0.00270642443758079,0.16129032258064516
liver__gin__seed123,observed_class,atom_occlusion,index_tiebreak_v1,0.1,corrected,91,0.91,0.03428809752339164,0.06269138877270365,False,33,31,0.08161014612627515,0.939553010556796,0.26659823150230094,0.2596491970499913,0.06451612903225806,naive,83,0.8300000000000001,0.09906694612576965,0.12556497712207054,False,33,31,0.13504864311315926,0.8555840841239669,0.2700154466386408,0.2540598759009583,0.0,False,8,0.07999999999999996,-0.053438496986884104,0.08396892643282905,-0.0034172151363398573,0.005589321149032989,0.06451612903225806
liver__gin__seed123,observed_class,atom_occlusion,index_tiebreak_v1,0.2,corrected,77,0.77,0.17131049778108606,0.19568371843458351,False,33,31,0.16947300011816144,0.7969036435440863,0.27079913082337315,0.24790650666179329,0.0,naive,77,0.77,0.17131049778108606,0.19568371843458351,False,33,31,0.16947300011816144,0.7969036435440863,0.27079913082337315,0.24790650666179329,0.0,True,0,0.0,0.0,0.0,0.0,0.0,0.0
liver__gin__seed123,observed_class,atom_occlusion,include_all_exact_ties_v2,0.05,corrected,94,0.9400000000000001,0.020434304257833668,0.0492450600149562,False,33,31,0.07554452715743037,0.9649302124271364,0.26303531416693,0.2569427726124105,0.22580645161290322,naive,91,0.91,0.03428809752339164,0.06269138877270365,False,33,31,0.08161014612627515,0.939553010556796,0.26659823150230094,0.2596491970499913,0.06451612903225806,False,3,0.030000000000000027,-0.006065618968844777,0.025377201870340427,-0.003562917335370952,-0.00270642443758079,0.16129032258064516
liver__gin__seed123,observed_class,atom_occlusion,include_all_exact_ties_v2,0.1,corrected,91,0.91,0.03428809752339164,0.06269138877270365,False,33,31,0.08161014612627515,0.939553010556796,0.26659823150230094,0.2596491970499913,0.06451612903225806,naive,83,0.8300000000000001,0.09906694612576965,0.12556497712207054,False,33,31,0.13504864311315926,0.8555840841239669,0.2700154466386408,0.2540598759009583,0.0,False,8,0.07999999999999996,-0.053438496986884104,0.08396892643282905,-0.0034172151363398573,0.005589321149032989,0.06451612903225806
liver__gin__seed123,observed_class,atom_occlusion,include_all_exact_ties_v2,0.2,corrected,77,0.77,0.17131049778108606,0.19568371843458351,False,33,31,0.16947300011816144,0.7969036435440863,0.27079913082337315,0.24790650666179329,0.0,naive,77,0.77,0.17131049778108606,0.19568371843458351,False,33,31,0.16947300011816144,0.7969036435440863,0.27079913082337315,0.24790650666179329,0.0,True,0,0.0,0.0,0.0,0.0,0.0,0.0
liver__gin__seed123,observed_class,gradinput,index_tiebreak_v1,0.05,corrected,95,0.9500000000000001,0.011848445671975082,0.04091172668162287,False,33,31,0.04184883217141281,0.9738696534249016,0.26205558228438264,0.2552152034648786,0.3548387096774194,naive,93,0.93,0.02613230995583937,0.05477547731007939,False,33,31,0.04893851668045216,0.9554825612409047,0.26295145655643765,0.25516014748184346,0.12903225806451613,False,2,0.020000000000000018,-0.007089684509039351,0.018387092183996923,-0.0008958742720550084,5.505598303512382e-05,0.22580645161290325
liver__gin__seed123,observed_class,gradinput,index_tiebreak_v1,0.1,corrected,92,0.92,0.0679581311934253,0.09537112733479514,False,33,31,0.08367797077474495,0.9472535381731719,0.2620108757771472,0.2536902035925448,0.0967741935483871,naive,91,0.91,0.0874386506739448,0.11427869036000524,False,33,31,0.09960022056796249,0.939553010556796,0.25838673869403395,0.24847456544387717,0.06451612903225806,False,1,0.010000000000000009,-0.015922249793217533,0.007700527616375963,0.0036241370831132658,0.005215638148667628,0.03225806451612903
liver__gin__seed123,observed_class,gradinput,index_tiebreak_v1,0.2,corrected,84,0.84,0.1752130222718458,0.1994714627932621,False,33,31,0.19540942928039703,0.8620010109363151,0.2509389572658084,0.2323015791792994,0.0,naive,81,0.81,0.1933958198664081,0.21711947222327846,False,33,31,0.2406160148095632,0.836277122229724,0.2441767342941721,0.22211672886727749,0.0,False,3,0.029999999999999916,-0.04520658552916618,0.025723888706591147,0.006762222971636284,0.010184850312021904,0.0
liver__gin__seed123,observed_class,gradinput,include_all_exact_ties_v2,0.05,corrected,95,0.9500000000000001,0.011848445671975082,0.04091172668162287,False,33,31,0.04184883217141281,0.9738696534249016,0.26205558228438264,0.2552152034648786,0.3548387096774194,naive,93,0.93,0.02613230995583937,0.05477547731007939,False,33,31,0.04893851668045216,0.9554825612409047,0.26295145655643765,0.25516014748184346,0.12903225806451613,False,2,0.020000000000000018,-0.007089684509039351,0.018387092183996923,-0.0008958742720550084,5.505598303512382e-05,0.22580645161290325
liver__gin__seed123,observed_class,gradinput,include_all_exact_ties_v2,0.1,corrected,91,0.91,0.07228713552242964,0.09957280800706406,False,33,31,0.09960022056796249,0.939553010556796,0.25838673869403395,0.24847456544387717,0.06451612903225806,naive,90,0.9,0.0882545014897956,0.11507054556362514,False,33,31,0.11702902831935089,0.9252950000969127,0.25632076995192443,0.24371534867619882,0.06451612903225806,False,1,0.010000000000000009,-0.0174288077513884,0.014258010459883286,0.002065968742109514,0.004759216767678348,0.0
liver__gin__seed123,observed_class,gradinput,include_all_exact_ties_v2,0.2,corrected,83,0.8300000000000001,0.16915241621123972,0.19358910985208563,False,33,31,0.1765626846272008,0.8677934172454245,0.25184299594973325,0.23384520875704912,0.03225806451612903,naive,81,0.81,0.18300620947679774,0.2070354386098331,False,33,31,0.21680649100003938,0.8491305614506246,0.2463884378341489,0.22593286180055816,0.03225806451612903,False,2,0.020000000000000018,-0.040243806372838586,0.01866285579479987,0.005454558115584346,0.007912346956490957,0.0
liver__gin__seed123,observed_class,ig,index_tiebreak_v1,0.05,corrected,98,0.98,0.0,0.029411764705882353,False,33,31,0.0,1.0,0.2706459829621886,0.2706459829621886,1.0,naive,96,0.96,0.04731020613373554,0.07533049418862567,False,33,31,0.04541336799401315,0.9902002606390994,0.26697066547878967,0.2654521147536833,0.7096774193548387,False,2,0.020000000000000018,-0.04541336799401315,0.009799739360900617,0.0036753174833989433,0.0051938682085053145,0.29032258064516125
liver__gin__seed123,observed_class,ig,index_tiebreak_v1,0.1,corrected,94,0.9400000000000001,0.06933817816170756,0.09671058468636323,False,33,31,0.08954665406278305,0.9649302124271364,0.2619563139368262,0.25580901358391456,0.22580645161290322,naive,94,0.9400000000000001,0.06933817816170756,0.09671058468636323,False,33,31,0.08954665406278305,0.9649302124271364,0.2619563139368262,0.25580901358391456,0.22580645161290322,True,0,0.0,0.0,0.0,0.0,0.0,0.0
liver__gin__seed123,observed_class,ig,index_tiebreak_v1,0.2,corrected,83,0.8300000000000001,0.173357470416294,0.19767048599228534,False,33,31,0.16016778920004732,0.8555840841239669,0.26204409145166596,0.24428031895603416,0.0,naive,81,0.81,0.18975773681656039,0.2135883916160733,False,33,31,0.16802552286423258,0.836277122229724,0.2642829240585562,0.24468403294293858,0.0,False,2,0.020000000000000018,-0.007857733664185268,0.01930696189424297,-0.0022388326068902287,-0.0004037139869044193,0.0
liver__gin__seed123,observed_class,ig,include_all_exact_ties_v2,0.05,corrected,98,0.98,0.0,0.029411764705882353,False,33,31,0.0,1.0,0.2706459829621886,0.2706459829621886,1.0,naive,95,0.9500000000000001,0.049641208464737865,0.07759293762753969,False,33,31,0.06804127771869706,0.9738696534249016,0.2638118136763267,0.2583518142766204,0.3548387096774194,False,3,0.029999999999999916,-0.06804127771869706,0.026130346575098384,0.006834169285861891,0.012294168685568208,0.6451612903225806
liver__gin__seed123,observed_class,ig,include_all_exact_ties_v2,0.1,corrected,94,0.9400000000000001,0.06327757210110152,0.09082823174518677,False,33,31,0.08954665406278305,0.9649302124271364,0.2619563139368262,0.25580901358391456,0.22580645161290322,naive,93,0.93,0.09769413592943005,0.12423254369621152,False,33,31,0.09202804364094684,0.9576330988753133,0.26238433925406535,0.255852039602487,0.16129032258064516,False,1,0.010000000000000009,-0.002481389578163795,0.0072971135518230534,-0.0004280253172391224,-4.302601857242294e-05,0.06451612903225806
liver__gin__seed123,observed_class,ig,include_all_exact_ties_v2,0.2,corrected,83,0.8300000000000001,0.173357470416294,0.19767048599228534,False,33,31,0.14941510102800423,0.8665054491200346,0.2638053533984368,0.24767963001039367,0.03225806451612903,naive,81,0.81,0.18542873248755606,0.2093867109438044,False,33,31,0.15727283469218956,0.8471347361101472,0.2659592963618635,0.24805872232581733,0.03225806451612903,False,2,0.020000000000000018,-0.007857733664185323,0.019370713009887353,-0.0021539429634266916,-0.00037909231542365696,0.0
liver__gin__seed123,observed_class,saliency,index_tiebreak_v1,0.05,corrected,97,0.97,0.005050505050505049,0.034313725490196074,False,33,31,0.010752688172043012,0.9982512111544369,0.2698438389362356,0.2697896237017547,0.9354838709677419,naive,96,0.96,0.049308208131737544,0.07726973142198056,False,33,31,0.010752688172043012,0.9902002606390994,0.27193070780837664,0.27187649257389573,0.7096774193548387,False,1,0.010000000000000009,0.0,0.008050950515337552,-0.0020868688721410455,-0.0020868688721410455,0.22580645161290314
liver__gin__seed123,observed_class,saliency,index_tiebreak_v1,0.1,corrected,95,0.9500000000000001,0.05688396570749512,0.08462267259845115,False,33,31,0.010752688172043012,0.9738696534249016,0.2782420123351532,0.2781877971006723,0.3548387096774194,naive,92,0.92,0.08139376962906375,0.10841159993409129,False,33,31,0.05837173579109064,0.9472535381731719,0.27505269323070347,0.2734363835386423,0.0967741935483871,False,3,0.030000000000000027,-0.04761904761904763,0.02661611525172969,0.0031893191044497504,0.004751413562030016,0.25806451612903225
liver__gin__seed123,observed_class,saliency,index_tiebreak_v1,0.2,corrected,85,0.85,0.15996519820049232,0.18467210413577195,False,33,31,0.10317460317460318,0.8722136505886832,0.2899392746230111,0.2859791404168164,0.0,naive,80,0.8,0.19996321761027647,0.22349371120997422,False,33,31,0.12839221710189452,0.8211079798909665,0.2982521503403107,0.2920595241122089,0.0,False,5,0.04999999999999993,-0.02521761392729134,0.051105670697716654,-0.008312875717299606,-0.006080383695392544,0.0
liver__gin__seed123,observed_class,saliency,include_all_exact_ties_v2,0.05,corrected,97,0.97,0.0,0.029411764705882353,False,33,31,0.0,0.9991728701406121,0.2707112826879298,0.2707112826879298,0.967741935483871,naive,96,0.96,0.044257703081232495,0.07236777063766683,False,33,31,0.0,0.9934290098077818,0.27222567990862256,0.27222567990862256,0.8064516129032258,False,1,0.010000000000000009,0.0,0.005743860332830253,-0.0015143972206927425,-0.0015143972206927425,0.16129032258064524
liver__gin__seed123,observed_class,saliency,include_all_exact_ties_v2,0.1,corrected,92,0.92,0.06371700195229607,0.09125473718899324,False,33,31,0.03686635944700461,0.9557282623737027,0.27577572515067933,0.27421527357899245,0.25806451612903225,naive,91,0.91,0.0983490365843307,0.1248681825671445,False,33,31,0.0771889400921659,0.9475285028064817,0.272303414385241,0.270009824983642,0.1935483870967742,False,1,0.010000000000000009,-0.04032258064516129,0.008199759567220966,0.0034723107654383023,0.004205448595350436,0.06451612903225806
liver__gin__seed123,observed_class,saliency,include_all_exact_ties_v2,0.2,corrected,77,0.77,0.16692583016112428,0.19142801162697357,False,33,31,0.13300051203277008,0.8079998005505596,0.3035119609612898,0.29705054649001644,0.03225806451612903,naive,77,0.77,0.16692583016112428,0.19142801162697357,False,33,31,0.13300051203277008,0.8079998005505596,0.3035119609612898,0.29705054649001644,0.03225806451612903,True,0,0.0,0.0,0.0,0.0,0.0,0.0
liver__gin__seed2026,hepatotoxic_class,atom_occlusion,index_tiebreak_v1,0.05,corrected,93,0.93,0.017973856209150325,0.04685697808535179,False,33,31,0.011875221552640905,0.9554825612409047,0.27796929396655945,0.275674260613177,0.12903225806451613,naive,83,0.8300000000000001,0.04802082449141272,0.07602021200637117,False,33,31,0.04479302059947221,0.8555840841239669,0.29535886891877366,0.28637087451204096,0.0,False,10,0.09999999999999998,-0.03291779904683131,0.09989847711693778,-0.017389574952214215,-0.01069661389886395,0.12903225806451613
liver__gin__seed2026,hepatotoxic_class,atom_occlusion,index_tiebreak_v1,0.1,corrected,76,0.76,0.06585674673909969,0.09333154830559676,False,33,31,0.09747331521525067,0.7857329420128534,0.2994952849186911,0.28272560637169364,0.0,naive,72,0.72,0.09849077937313232,0.1250057564503931,False,33,31,0.14275867501673947,0.7466478675065911,0.29836718424266384,0.2772954415664152,0.0,False,4,0.040000000000000036,-0.0452853598014888,0.03908507450626231,0.001128100676027255,0.005430164805278415,0.0
liver__gin__seed2026,hepatotoxic_class,atom_occlusion,index_tiebreak_v1,0.2,corrected,65,0.65,0.1572377513553984,0.18202487631553374,False,33,31,0.18714797747055809,0.6729238683347646,0.31328396779332296,0.2848955084233896,0.0,naive,63,0.63,0.18887653740594917,0.21273310983518598,False,33,31,0.21822442790184723,0.6557325612703571,0.3109368572820759,0.27937457432310864,0.0,False,2,0.020000000000000018,-0.03107645043128915,0.017191307064407524,0.002347110511247086,0.005520934100280983,0.0
liver__gin__seed2026,hepatotoxic_class,atom_occlusion,include_all_exact_ties_v2,0.05,corrected,93,0.93,0.017973856209150325,0.04685697808535179,False,33,31,0.011875221552640905,0.9554825612409047,0.27796929396655945,0.275674260613177,0.12903225806451613,naive,83,0.8300000000000001,0.04802082449141272,0.07602021200637117,False,33,31,0.04479302059947221,0.8570503597837908,0.29510419998838316,0.2861162055816505,0.0,False,10,0.09999999999999998,-0.03291779904683131,0.09843220145711384,-0.017134906021823715,-0.010441944968473504,0.12903225806451613
liver__gin__seed2026,hepatotoxic_class,atom_occlusion,include_all_exact_ties_v2,0.1,corrected,76,0.76,0.06585674673909969,0.09333154830559676,False,33,31,0.09747331521525067,0.7876304752196845,0.2991408006932391,0.28237112214624166,0.0,naive,72,0.72,0.09849077937313232,0.1250057564503931,False,33,31,0.14275867501673947,0.7485454007134221,0.29801270001721186,0.27694095734096325,0.0,False,4,0.040000000000000036,-0.0452853598014888,0.03908507450626242,0.001128100676027255,0.005430164805278415,0.0
liver__gin__seed2026,hepatotoxic_class,atom_occlusion,include_all_exact_ties_v2,0.2,corrected,64,0.64,0.17442432295373475,0.19870596051391903,False,33,31,0.20575839930678635,0.6678682999615736,0.31018599524089124,0.2811844929998505,0.0,naive,63,0.63,0.18281593134534313,0.2068507568940095,False,33,31,0.21284808381582573,0.6576300944771881,0.31264751221853726,0.2818559639012724,0.0,False,1,0.010000000000000009,-0.007089684509039379,0.010238205484385476,-0.0024615169776460166,-0.0006714709014218889,0.0
liver__gin__seed2026,hepatotoxic_class,gradinput,index_tiebreak_v1,0.05,corrected,95,0.9500000000000001,0.010780069603599014,0.03987477343878728,False,33,31,0.01297806136515814,0.9738696534249016,0.2741689579468836,0.27209826176301033,0.3548387096774194,naive,91,0.91,0.03688000452706335,0.06520706321744385,False,33,31,0.028900311158375675,0.939553010556796,0.2761545226722336,0.2723433011709796,0.06451612903225806,False,4,0.040000000000000036,-0.015922249793217533,0.03431664286810565,-0.0019855647253499975,-0.00024503940796927193,0.2903225806451613
liver__gin__seed2026,hepatotoxic_class,gradinput,index_tiebreak_v1,0.1,corrected,89,0.89,0.07089054736113562,0.09821729596816103,False,33,31,0.041878372523533824,0.9199599374467046,0.2764052227653188,0.2691698305617481,0.06451612903225806,naive,86,0.86,0.08827784416019711,0.1150932016848972,False,33,31,0.060075229430068135,0.886507898753899,0.27890324076801065,0.2685266340561655,0.03225806451612903,False,3,0.030000000000000027,-0.01819685690653431,0.03345203869280555,-0.0024980180026918375,0.0006431965055825883,0.03225806451612903
liver__gin__seed2026,hepatotoxic_class,gradinput,index_tiebreak_v1,0.2,corrected,76,0.76,0.17163647898942017,0.19600011196031958,False,33,31,0.10926976249556895,0.7857329420128534,0.28875202892925506,0.26873425901759723,0.0,naive,72,0.72,0.19917756535403594,0.2227311663730349,False,33,31,0.1458997991256056,0.7466478675065911,0.2913536337414082,0.2669656141662189,0.0,False,4,0.040000000000000036,-0.03663003663003665,0.03908507450626231,-0.0026016048121531576,0.0017686448513783426,0.0
liver__gin__seed2026,hepatotoxic_class,gradinput,include_all_exact_ties_v2,0.05,corrected,95,0.9500000000000001,0.010780069603599014,0.03987477343878728,False,33,31,0.010673913899720352,0.9754825566507079,0.27467829580766456,0.2737111649888167,0.3870967741935484,naive,91,0.91,0.03688000452706335,0.06520706321744385,False,33,31,0.02659616369293789,0.9428637066518724,0.27647521688087345,0.273767560744645,0.12903225806451613,False,4,0.040000000000000036,-0.01592224979321754,0.032618849998835575,-0.0017969210732088903,-5.639575582827572e-05,0.25806451612903225
liver__gin__seed2026,hepatotoxic_class,gradinput,include_all_exact_ties_v2,0.1,corrected,88,0.88,0.07173229820288643,0.09903428943221329,False,33,31,0.04435976210169759,0.9086360122328363,0.2777053005234,0.26971259795151314,0.03225806451612903,naive,86,0.86,0.08827784416019711,0.1150932016848972,False,33,31,0.060075229430068135,0.8884054319607302,0.2786344235637095,0.26825781685186445,0.03225806451612903,False,2,0.020000000000000018,-0.015715467328370543,0.020230580272106113,-0.0009291230403095097,0.0014547810996486943,0.0
liver__gin__seed2026,hepatotoxic_class,gradinput,include_all_exact_ties_v2,0.2,corrected,72,0.72,0.17536804154451213,0.1996219226755559,False,33,31,0.12209027531608177,0.7601510276840746,0.2934690941822956,0.2706872641165216,0.03225806451612903,naive,71,0.71,0.18321117879941407,0.20723437942296072,False,33,31,0.12209027531608177,0.7461134523561765,0.2995201159429293,0.2767382858771554,0.0,False,1,0.010000000000000009,0.0,0.014037575327898066,-0.0060510217606337124,-0.006051021760633768,0.03225806451612903
liver__gin__seed2026,hepatotoxic_class,ig,index_tiebreak_v1,0.05,corrected,95,0.9500000000000001,0.009427609427609427,0.038562091503267976,False,33,31,0.015104966717869947,0.9738696534249016,0.273251030373608,0.2708661275005896,0.3548387096774194,naive,92,0.92,0.04883640324816796,0.0768118031526336,False,33,31,0.031233998975934464,0.9472535381731719,0.27663581909158286,0.27408548158382706,0.0967741935483871,False,3,0.030000000000000027,-0.016129032258064516,0.02661611525172969,-0.0033847887179748737,-0.00321935408323748,0.25806451612903225
liver__gin__seed2026,hepatotoxic_class,ig,index_tiebreak_v1,0.1,corrected,90,0.9,0.06955832838185778,0.09692425990003845,False,33,31,0.046979006656426014,0.9252950000969127,0.278607714735363,0.27367529966274307,0.06451612903225806,naive,88,0.88,0.08807684690037632,0.11489811610918878,False,33,31,0.046979006656426014,0.9067384790260051,0.282918245916611,0.27798583084399114,0.03225806451612903,False,2,0.020000000000000018,0.0,0.01855652107090755,-0.004310531181248023,-0.0043105311812480784,0.03225806451612903
liver__gin__seed2026,hepatotoxic_class,ig,index_tiebreak_v1,0.2,corrected,68,0.68,0.1756637697814169,0.19990895302313993,False,33,31,0.17768521800779868,0.7024722663924303,0.30772117518466824,0.2838470853413928,0.0,naive,65,0.65,0.1871865607159725,0.21109283834197332,False,33,31,0.19091929575800548,0.6729238683347646,0.314003109499182,0.28664872181821893,0.0,False,3,0.030000000000000027,-0.013234077750206796,0.029548398057665737,-0.006281934314513737,-0.0028016364768261304,0.0
liver__gin__seed2026,hepatotoxic_class,ig,include_all_exact_ties_v2,0.05,corrected,94,0.9400000000000001,0.018013468013468013,0.04689542483660131,False,33,31,0.015104966717869947,0.9663964880869604,0.2749943064103026,0.2726094035372843,0.25806451612903225,naive,91,0.91,0.04883640324816796,0.0768118031526336,False,33,31,0.023169482846902206,0.9476673424614503,0.27725270746267877,0.27412284195604025,0.1935483870967742,False,3,0.030000000000000027,-0.00806451612903226,0.01872914562551009,-0.00225840105237618,-0.0015134384187559524,0.06451612903225806
liver__gin__seed2026,hepatotoxic_class,ig,include_all_exact_ties_v2,0.1,corrected,90,0.9,0.05440681323034264,0.08221837754709727,False,33,31,0.0308499743983615,0.9319430563417431,0.2799222604047474,0.27514345516315664,0.16129032258064516,naive,83,0.8300000000000001,0.09986701751407635,0.12634151699895646,False,33,31,0.08722281302926464,0.8692378421750083,0.284381186304219,0.27745093751859956,0.06451612903225806,False,7,0.06999999999999995,-0.056372838630903144,0.0627052141667348,-0.004458925899471611,-0.0023074823554429247,0.0967741935483871
liver__gin__seed2026,hepatotoxic_class,ig,include_all_exact_ties_v2,0.2,corrected,68,0.68,0.1756637697814169,0.19990895302313993,False,33,31,0.17768521800779868,0.7061861882939584,0.30687793240594163,0.2830038425626662,0.0,naive,65,0.65,0.1871865607159725,0.21109283834197332,False,33,31,0.19091929575800548,0.6821706868704129,0.3094071018471472,0.2831668259551686,0.0,False,3,0.030000000000000027,-0.013234077750206796,0.02401550142354547,-0.00252916944120557,-0.00016298339250242488,0.0
liver__gin__seed2026,hepatotoxic_class,saliency,index_tiebreak_v1,0.05,corrected,96,0.96,0.014177489177489178,0.04317226890756303,False,33,31,0.0,0.9902002606390994,0.2728794744117921,0.2728794744117921,0.7096774193548387,naive,95,0.9500000000000001,0.02932900432900433,0.057878151260504204,False,33,31,0.007857733664185275,0.9738696534249016,0.27609046152511924,0.27496475103571205,0.3548387096774194,False,1,0.009999999999999898,-0.007857733664185275,0.016330607214197768,-0.003210987113327124,-0.0020852766239199405,0.3548387096774194
liver__gin__seed2026,hepatotoxic_class,saliency,index_tiebreak_v1,0.1,corrected,91,0.91,0.07002164502164503,0.09737394957983193,False,33,31,0.04528535980148883,0.939553010556796,0.2756974376355978,0.27279422407873394,0.06451612903225806,naive,90,0.9,0.08598901098901099,0.11287168713639302,False,33,31,0.053832368348497375,0.9252950000969127,0.27692964370245315,0.2713813766516394,0.06451612903225806,False,1,0.010000000000000009,-0.008547008547008544,0.014258010459883286,-0.001232206066855368,0.0014128474270945213,0.0
liver__gin__seed2026,hepatotoxic_class,saliency,index_tiebreak_v1,0.2,corrected,84,0.84,0.16469271469271468,0.1892605760252819,False,33,31,0.12054433022174957,0.8620010109363151,0.2779176739663216,0.26700017881096605,0.0,naive,83,0.8300000000000001,0.17984422984422985,0.20396645837822308,False,33,31,0.13109023592894556,0.8555840841239669,0.2758808219294696,0.2640148051383554,0.0,False,1,0.009999999999999898,-0.01054590570719599,0.006416926812348178,0.0020368520368519993,0.0029853736726106472,0.0
liver__gin__seed2026,hepatotoxic_class,saliency,include_all_exact_ties_v2,0.05,corrected,96,0.96,0.014177489177489178,0.04317226890756303,False,33,31,0.0,0.9902002606390994,0.2728794744117921,0.2728794744117921,0.7096774193548387,naive,92,0.92,0.03538961038961039,0.06376050420168067,False,33,31,0.034739454094292806,0.9523321954257424,0.27647293201032075,0.27494568003278463,0.16129032258064516,False,4,0.039999999999999925,-0.034739454094292806,0.03786806521335695,-0.0035934575985286377,-0.002066205620992523,0.5483870967741936
liver__gin__seed2026,hepatotoxic_class,saliency,include_all_exact_ties_v2,0.1,corrected,90,0.9,0.07083749583749584,0.09816580478345184,False,33,31,0.053832368348497375,0.9321969392569163,0.27427731395334926,0.2687762078155707,0.0967741935483871,naive,90,0.9,0.07083749583749584,0.09816580478345184,False,33,31,0.053832368348497375,0.9321969392569163,0.27427731395334926,0.2687762078155707,0.0967741935483871,True,0,0.0,0.0,0.0,0.0,0.0,0.0
liver__gin__seed2026,hepatotoxic_class,saliency,include_all_exact_ties_v2,0.2,corrected,83,0.8300000000000001,0.1535816035816036,0.17847626229979174,False,33,31,0.10958485958485957,0.8665475400785894,0.27637283575949184,0.26536713248998145,0.03225806451612903,naive,79,0.79,0.1803641347758995,0.20447107198837305,False,33,31,0.16651896490606172,0.8254783221923433,0.2719846480185777,0.2570324534728873,0.03225806451612903,False,4,0.040000000000000036,-0.05693410532120215,0.04106921788624607,0.004388187740914151,0.008334679017094171,0.0
liver__gin__seed2026,observed_class,atom_occlusion,index_tiebreak_v1,0.05,corrected,95,0.9500000000000001,0.00411353352529823,0.03340431195102475,False,33,31,0.00248138957816377,0.9738696534249016,0.27795008414948685,0.2773986642432283,0.3548387096774194,naive,91,0.91,0.04004709887062828,0.0682810077273745,False,33,31,0.03542872897711607,0.939553010556796,0.2783192610534811,0.2758453521957592,0.06451612903225806,False,4,0.040000000000000036,-0.0329473393989523,0.03431664286810565,-0.0003691769039942394,0.0015533120474691131,0.2903225806451613
liver__gin__seed2026,observed_class,atom_occlusion,index_tiebreak_v1,0.1,corrected,89,0.89,0.06610627934157347,0.09357374171388012,False,33,31,0.04234117137342943,0.9199599374467046,0.2823229251346341,0.2781191250151364,0.06451612903225806,naive,85,0.85,0.09680428503957915,0.12336886489135622,False,33,31,0.053783134428295715,0.8722136505886832,0.29320165048426927,0.28680302666624724,0.0,False,4,0.040000000000000036,-0.011441963054866285,0.0477462868580214,-0.010878725349635188,-0.008683901651110826,0.06451612903225806
liver__gin__seed2026,observed_class,atom_occlusion,index_tiebreak_v1,0.2,corrected,77,0.77,0.16380863145569033,0.18840249523640532,False,33,31,0.10899405254243963,0.7969036435440863,0.2979675903602429,0.2831607862308082,0.0,naive,73,0.73,0.19512176276882162,0.2187946520991504,False,33,31,0.15699712473906025,0.7558931568853623,0.30274694479415115,0.28474703979918753,0.0,False,4,0.040000000000000036,-0.048003072196620616,0.04101048665872398,-0.004779354433908256,-0.0015862535683793255,0.0
liver__gin__seed2026,observed_class,atom_occlusion,include_all_exact_ties_v2,0.05,corrected,95,0.9500000000000001,0.00411353352529823,0.03340431195102475,False,33,31,0.00248138957816377,0.9738696534249016,0.27795008414948685,0.2773986642432283,0.3548387096774194,naive,91,0.91,0.04004709887062828,0.0682810077273745,False,33,31,0.03542872897711607,0.9417035481912044,0.2780120413914227,0.2755381325337008,0.0967741935483871,False,4,0.040000000000000036,-0.0329473393989523,0.03216610523369723,-6.19572419358616e-05,0.001860531709527491,0.25806451612903225
liver__gin__seed2026,observed_class,atom_occlusion,include_all_exact_ties_v2,0.1,corrected,89,0.89,0.06610627934157347,0.09357374171388012,False,33,31,0.04234117137342943,0.9237233783069196,0.28144977451615244,0.2772459743966547,0.0967741935483871,naive,85,0.85,0.09680428503957915,0.12336886489135622,False,33,31,0.05019890503761471,0.8734083937189102,0.29413666684705564,0.2880933492468924,0.0,False,4,0.040000000000000036,-0.007857733664185282,0.050314984588009426,-0.012686892330903199,-0.010847374850237679,0.0967741935483871
liver__gin__seed2026,observed_class,atom_occlusion,include_all_exact_ties_v2,0.2,corrected,77,0.77,0.16380863145569033,0.18840249523640532,False,33,31,0.10899405254243963,0.7983061680882657,0.2974959812298901,0.2827363380134907,0.0,naive,73,0.73,0.19512176276882162,0.2187946520991504,False,33,31,0.15699712473906025,0.7558931568853623,0.30274694479415115,0.28474703979918753,0.0,False,4,0.040000000000000036,-0.048003072196620616,0.04241301120290342,-0.005250963564261024,-0.0020107017856968445,0.0
liver__gin__seed2026,observed_class,gradinput,index_tiebreak_v1,0.05,corrected,93,0.93,0.0184834228951876,0.04735155751591738,False,33,31,0.031844499586435066,0.9554825612409047,0.2758798340745232,0.2742529008674233,0.12903225806451613,naive,91,0.91,0.03391434273787215,0.06232862677499356,False,33,31,0.048869589192169834,0.939553010556796,0.27434692311489417,0.2713742902591493,0.06451612903225806,False,2,0.020000000000000018,-0.017025089605734768,0.01592955068410873,0.0015329109596290413,0.002878610608274046,0.06451612903225806
liver__gin__seed2026,observed_class,gradinput,index_tiebreak_v1,0.1,corrected,88,0.88,0.07245548569077981,0.09973620669987451,False,33,31,0.06970538422151325,0.9067384790260051,0.2744380796565586,0.2668933310821051,0.03225806451612903,naive,86,0.86,0.08090536914066326,0.10793756416593787,False,33,31,0.10615817873882391,0.886507898753899,0.27183417658319686,0.2614915822930103,0.03225806451612903,False,2,0.020000000000000018,-0.03645279451731066,0.020230580272106113,0.002603903073361724,0.005401748789094829,0.0
liver__gin__seed2026,observed_class,gradinput,index_tiebreak_v1,0.2,corrected,76,0.76,0.174294550765139,0.1985800051543996,False,33,31,0.1725058096025838,0.7857329420128534,0.27467211242998374,0.25287770706172435,0.0,naive,71,0.71,0.1954642307583484,0.21912704750074993,False,33,31,0.20734373153727995,0.7387546854198604,0.28147650237749416,0.2547895003764873,0.0,False,5,0.050000000000000044,-0.03483792193469615,0.04697825659299293,-0.006804389947510425,-0.001911793314762933,0.0
liver__gin__seed2026,observed_class,gradinput,include_all_exact_ties_v2,0.05,corrected,93,0.93,0.0184834228951876,0.04735155751591738,False,33,31,0.031844499586435066,0.9576330988753133,0.27557261441246483,0.27394568120536494,0.16129032258064516,naive,91,0.91,0.03391434273787215,0.06232862677499356,False,33,31,0.048869589192169834,0.9417035481912044,0.2740397034528358,0.2710670705970909,0.0967741935483871,False,2,0.020000000000000018,-0.017025089605734768,0.01592955068410895,0.0015329109596290413,0.002878610608274046,0.06451612903225806
liver__gin__seed2026,observed_class,gradinput,include_all_exact_ties_v2,0.1,corrected,88,0.88,0.07245548569077981,0.09973620669987451,False,33,31,0.06970538422151325,0.9088890166604138,0.2741308599945002,0.26658611142004673,0.06451612903225806,naive,86,0.86,0.08090536914066326,0.10793756416593787,False,33,31,0.10154988380794833,0.8874854158604485,0.2726869759899451,0.2625668511102146,0.03225806451612903,False,2,0.020000000000000018,-0.03184449958643508,0.021403600799965283,0.001443884004555085,0.004019260309832129,0.03225806451612903
liver__gin__seed2026,observed_class,gradinput,include_all_exact_ties_v2,0.2,corrected,76,0.76,0.16996554643613468,0.19437832448213072,False,33,31,0.16533735082122178,0.7935836620027924,0.2757719579135434,0.2547790494192237,0.0,naive,71,0.71,0.18680622210033973,0.2107236861562121,False,33,31,0.18583835519319394,0.7420005279363903,0.2833487351415675,0.25683942806308735,0.0,False,5,0.050000000000000044,-0.020501004371972165,0.051583134066402136,-0.007576777228024079,-0.0020603786438636584,0.0
liver__gin__seed2026,observed_class,ig,index_tiebreak_v1,0.05,corrected,95,0.9500000000000001,0.014998019409784116,0.04396866589773164,False,33,31,0.015104966717869947,0.9738696534249016,0.273251030373608,0.2708661275005896,0.3548387096774194,naive,92,0.92,0.04262230144583085,0.07078046905036524,False,33,31,0.036610343061955965,0.9472535381731719,0.27513172282942205,0.2720476941994902,0.0967741935483871,False,3,0.030000000000000027,-0.021505376344086016,0.02661611525172969,-0.0018806924558140703,-0.0011815666989006268,0.25806451612903225
liver__gin__seed2026,observed_class,ig,index_tiebreak_v1,0.1,corrected,90,0.9,0.0694631076984018,0.0968318398249194,False,33,31,0.057731694828469016,0.9252950000969127,0.27556752016291036,0.2697523007157752,0.06451612903225806,naive,85,0.85,0.09326441532323886,0.11993310899020242,False,33,31,0.06610146126275158,0.8722136505886832,0.2880122174631015,0.27971564536800386,0.0,False,5,0.050000000000000044,-0.008369766434282569,0.053081349508229514,-0.012444697300191154,-0.009963344652228645,0.06451612903225806
liver__gin__seed2026,observed_class,ig,index_tiebreak_v1,0.2,corrected,73,0.73,0.17120330649742418,0.19557967983573524,False,33,31,0.1510398203946591,0.7558931568853623,0.29535258422839167,0.2775697080483014,0.0,naive,70,0.7000000000000001,0.19490558461146698,0.21858483212289442,False,33,31,0.15848398912915046,0.7288413779764066,0.30324268818501315,0.2817275635339652,0.0,False,3,0.029999999999999916,-0.007444168734491358,0.027051778908955715,-0.007890103956621486,-0.0041578554856638306,0.0
liver__gin__seed2026,observed_class,ig,include_all_exact_ties_v2,0.05,corrected,95,0.9500000000000001,0.014998019409784116,0.04396866589773164,False,33,31,0.015104966717869947,0.9738696534249016,0.273251030373608,0.2708661275005896,0.3548387096774194,naive,92,0.92,0.04262230144583085,0.07078046905036524,False,33,31,0.036610343061955965,0.9518854653857444,0.27441093823766977,0.2713269096077379,0.16129032258064516,False,3,0.030000000000000027,-0.021505376344086016,0.02198418803915725,-0.0011599078640617821,-0.00046078210714833867,0.19354838709677422
liver__gin__seed2026,observed_class,ig,include_all_exact_ties_v2,0.1,corrected,90,0.9,0.0694631076984018,0.0968318398249194,False,33,31,0.057731694828469016,0.929926927309485,0.274846735571158,0.26903151612402293,0.12903225806451613,naive,85,0.85,0.09326441532323886,0.11993310899020242,False,33,31,0.06610146126275158,0.8796817941017073,0.2867665992819995,0.2785049385121357,0.06451612903225806,False,5,0.050000000000000044,-0.008369766434282569,0.05024513320777768,-0.011919863710841472,-0.009473422388112773,0.06451612903225806
liver__gin__seed2026,observed_class,ig,include_all_exact_ties_v2,0.2,corrected,73,0.73,0.17120330649742418,0.19557967983573524,False,33,31,0.1510398203946591,0.7572956814295418,0.2948254916709386,0.2770980989179486,0.0,naive,70,0.7000000000000001,0.19490558461146698,0.21858483212289442,False,33,31,0.15848398912915046,0.7302439025205862,0.30271559562756006,0.28125595440361245,0.0,False,3,0.029999999999999916,-0.007444168734491358,0.027051778908955604,-0.007890103956621486,-0.0041578554856638306,0.0
liver__gin__seed2026,observed_class,saliency,index_tiebreak_v1,0.05,corrected,96,0.96,0.02101052542229013,0.049804333498105126,False,33,31,0.0035842293906810053,0.9902002606390994,0.2716387796227103,0.2712711663518712,0.7096774193548387,naive,93,0.93,0.04811490252666723,0.07611152304058878,False,33,31,0.01144196305486628,0.9554825612409047,0.27871969920098694,0.27722637544074064,0.12903225806451613,False,3,0.029999999999999916,-0.007857733664185275,0.03471769939819469,-0.007080919578276612,-0.005955209088869429,0.5806451612903226
liver__gin__seed2026,observed_class,saliency,index_tiebreak_v1,0.1,corrected,92,0.92,0.0541755085872733,0.08199387598176526,False,33,31,0.01502619244554728,0.9472535381731719,0.27923127075743925,0.27743650411510495,0.0967741935483871,naive,90,0.9,0.09140592522945465,0.1181292803697648,False,33,31,0.04179959825121115,0.9252950000969127,0.27486103131126016,0.26757382910894756,0.06451612903225806,False,2,0.020000000000000018,-0.02677340580566387,0.02195853807625925,0.004370239446179092,0.009862675006157395,0.03225806451612903
liver__gin__seed2026,observed_class,saliency,index_tiebreak_v1,0.2,corrected,85,0.85,0.16852515676045093,0.19298029920867296,False,33,31,0.13232108393398714,0.8722136505886832,0.2692960177941404,0.2557809916290848,0.0,naive,84,0.84,0.19310428133957547,0.21683650835899973,False,33,31,0.14153767379573828,0.8620010109363151,0.26833337471635943,0.2539452184316252,0.0,False,1,0.010000000000000009,-0.00921658986175114,0.010212639652368072,0.0009626430777809891,0.0018357731974595892,0.0
liver__gin__seed2026,observed_class,saliency,include_all_exact_ties_v2,0.05,corrected,96,0.96,0.014949919361684069,0.043921980556928655,False,33,31,0.0,0.9913950037693264,0.27246590948209826,0.27246590948209826,0.7419354838709677,naive,92,0.92,0.039529043940808646,0.06777818970725547,False,33,31,0.009649848359525776,0.9527503555213217,0.2796236541423672,0.2782533357173503,0.1935483870967742,False,4,0.039999999999999925,-0.009649848359525776,0.03864464824800473,-0.0071577446602689165,-0.0057874262352520245,0.5483870967741935
liver__gin__seed2026,observed_class,saliency,include_all_exact_ties_v2,0.1,corrected,90,0.9,0.07243045625398567,0.09971191342298609,False,33,31,0.04179959825121115,0.9277763896750765,0.2744474663815662,0.2671602641792536,0.0967741935483871,naive,89,0.89,0.08690857073210015,0.11376420100468543,False,33,31,0.04986411438024341,0.9224413270248683,0.274416149746834,0.2669910925679567,0.0967741935483871,False,1,0.010000000000000009,-0.008064516129032258,0.005335062650208222,3.131663473221469e-05,0.00016917161129686997,0.0
liver__gin__seed2026,observed_class,saliency,include_all_exact_ties_v2,0.2,corrected,81,0.81,0.17436648319001263,0.19864982191971814,False,33,31,0.17607034542518415,0.8501874206897629,0.26267561386890315,0.2461594851858414,0.03225806451612903,naive,79,0.79,0.18577468283350637,0.2097224862795797,False,33,31,0.21977037299617946,0.829981342724526,0.256443719071327,0.23864986597889465,0.03225806451612903,False,2,0.020000000000000018,-0.04370002757099531,0.02020607796523699,0.006231894797576132,0.0075096192069467604,0.0
liver__gin__seed42,hepatotoxic_class,atom_occlusion,index_tiebreak_v1,0.05,corrected,96,0.96,0.0021645021645021636,0.031512605042016806,False,33,31,0.0,0.9902002606390994,0.2728794744117921,0.2728794744117921,0.7096774193548387,naive,91,0.91,0.03732378732378732,0.06563779357897005,False,33,31,0.017458348103509394,0.939553010556796,0.28124251979358317,0.27872085639755645,0.06451612903225806,False,5,0.04999999999999993,-0.017458348103509394,0.05064725008230342,-0.008363045381791057,-0.005841381985764338,0.6451612903225807
liver__gin__seed42,hepatotoxic_class,atom_occlusion,index_tiebreak_v1,0.1,corrected,91,0.91,0.03732378732378732,0.06563779357897005,False,33,31,0.017458348103509394,0.939553010556796,0.28124251979358317,0.27872085639755645,0.06451612903225806,naive,85,0.85,0.09492272433448903,0.12154264420700406,False,33,31,0.06760801922092245,0.8722136505886832,0.2889099542714993,0.28034445145733433,0.0,False,6,0.06000000000000005,-0.05014967111741306,0.0673393599681128,-0.007667434477916124,-0.0016235950597778825,0.06451612903225806
liver__gin__seed42,hepatotoxic_class,atom_occlusion,index_tiebreak_v1,0.2,corrected,71,0.71,0.16796558561264444,0.19243718603580195,False,33,31,0.1494643349482059,0.7387546854198604,0.2985297960711228,0.274022243969454,0.0,naive,69,0.6900000000000001,0.19960437166319522,0.2231454195554542,False,33,31,0.15673126156997125,0.7170734124216248,0.30309836415245034,0.2756868359219325,0.0,False,2,0.019999999999999907,-0.0072669266217653405,0.021681272998235634,-0.004568568081327551,-0.001664591952478478,0.0
liver__gin__seed42,hepatotoxic_class,atom_occlusion,include_all_exact_ties_v2,0.05,corrected,96,0.96,0.0021645021645021636,0.031512605042016806,False,33,31,0.0,0.9902002606390994,0.2728794744117921,0.2728794744117921,0.7096774193548387,naive,91,0.91,0.03732378732378732,0.06563779357897005,False,33,31,0.017458348103509394,0.9417035481912044,0.2809353001315248,0.27841363673549807,0.0967741935483871,False,5,0.04999999999999993,-0.017458348103509394,0.048496712447894996,-0.008055825719732679,-0.00553416232370596,0.6129032258064516
liver__gin__seed42,hepatotoxic_class,atom_occlusion,include_all_exact_ties_v2,0.1,corrected,91,0.91,0.03732378732378732,0.06563779357897005,False,33,31,0.017458348103509394,0.9417035481912044,0.2809353001315248,0.27841363673549807,0.0967741935483871,naive,85,0.85,0.09492272433448903,0.12154264420700406,False,33,31,0.06530387175548466,0.8759770914488982,0.28901073900226504,0.2814256283449628,0.0,False,6,0.06000000000000005,-0.047845523651975266,0.06572645674230615,-0.008075438870740248,-0.003011991609464748,0.0967741935483871
liver__gin__seed42,hepatotoxic_class,atom_occlusion,include_all_exact_ties_v2,0.2,corrected,71,0.71,0.16796558561264444,0.19243718603580195,False,33,31,0.1494643349482059,0.74015720996404,0.2978972850021791,0.2733897329005103,0.0,naive,69,0.6900000000000001,0.19960437166319522,0.2231454195554542,False,33,31,0.15673126156997125,0.7170734124216248,0.30309836415245034,0.2756868359219325,0.0,False,2,0.019999999999999907,-0.0072669266217653405,0.023083797542415185,-0.005201079150271237,-0.00229710302142222,0.0
liver__gin__seed42,hepatotoxic_class,gradinput,index_tiebreak_v1,0.05,corrected,95,0.9500000000000001,0.013694638694638692,0.04270361990950226,False,33,31,0.01794084052148568,0.9738696534249016,0.27011162945194894,0.2658180343346504,0.3548387096774194,naive,90,0.9,0.047372997372997376,0.07539143862673274,False,33,31,0.04256764740635709,0.9252950000969127,0.27536584907414247,0.2676485209342082,0.06451612903225806,False,5,0.050000000000000044,-0.024626806884871406,0.04857465332798894,-0.005254219622193523,-0.0018304865995578123,0.2903225806451613
liver__gin__seed42,hepatotoxic_class,gradinput,index_tiebreak_v1,0.1,corrected,83,0.8300000000000001,0.06382136382136383,0.09135602959132372,False,33,31,0.060922052857536727,0.8555840841239669,0.2887759004779596,0.27758757951365176,0.0,naive,76,0.76,0.09575609575609575,0.12235150470444586,False,33,31,0.07527866398834142,0.7857329420128534,0.30411310348837217,0.2881757063898553,0.0,False,7,0.07000000000000006,-0.014356611130804692,0.06985114211111354,-0.015337203010412581,-0.01058812687620353,0.0
liver__gin__seed42,hepatotoxic_class,gradinput,index_tiebreak_v1,0.2,corrected,66,0.66,0.1711364887835476,0.19551482734873737,False,33,31,0.12585174681948874,0.6824398033839009,0.32380430027488843,0.29633494552512873,0.0,naive,64,0.64,0.1908242628830864,0.21462354926887797,False,33,31,0.12815589428492652,0.6659707667547425,0.3291510803350086,0.30029736998973733,0.0,False,2,0.020000000000000018,-0.002304147465437778,0.01646903662915833,-0.005346780060120182,-0.003962424464608594,0.0
liver__gin__seed42,hepatotoxic_class,gradinput,include_all_exact_ties_v2,0.05,corrected,95,0.9500000000000001,0.013694638694638692,0.04270361990950226,False,33,31,0.015636693056047892,0.9768850811948875,0.2702384606188628,0.26704843086658975,0.41935483870967744,naive,90,0.9,0.047372997372997376,0.07539143862673274,False,33,31,0.0379593524754815,0.926272517203462,0.27619831525520383,0.26868910366053494,0.06451612903225806,False,5,0.050000000000000044,-0.02232265941943361,0.05061256399142544,-0.005959854636341022,-0.001640672793945197,0.3548387096774194
liver__gin__seed42,hepatotoxic_class,gradinput,include_all_exact_ties_v2,0.1,corrected,83,0.8300000000000001,0.06382136382136383,0.09135602959132372,False,33,31,0.060922052857536727,0.8604099317341948,0.2878083490867348,0.27664523107023203,0.0,naive,76,0.76,0.09575609575609575,0.12235150470444586,False,33,31,0.07527866398834142,0.7913939160798996,0.3026334793806646,0.2868983193739284,0.0,False,7,0.07000000000000006,-0.014356611130804692,0.06901601565429516,-0.014825130293929789,-0.010253088303696367,0.0
liver__gin__seed42,hepatotoxic_class,gradinput,include_all_exact_ties_v2,0.2,corrected,65,0.65,0.17467184231890115,0.198946199897757,False,33,31,0.12815589428492652,0.6792299561349102,0.32292504356343105,0.29442654135737917,0.0,naive,64,0.64,0.1908242628830864,0.21462354926887797,False,33,31,0.12815589428492652,0.6722768545548881,0.32574803177066974,0.2969179537070953,0.0,False,1,0.010000000000000009,0.0,0.0069531015800221585,-0.002822988207238697,-0.0024914123497161156,0.0
liver__gin__seed42,hepatotoxic_class,ig,index_tiebreak_v1,0.05,corrected,95,0.9500000000000001,0.01417944800297741,0.0431741701205369,False,33,31,0.018531647563905625,0.9738696534249016,0.27230449084610947,0.26994650391589264,0.3548387096774194,naive,93,0.93,0.04481917864270805,0.07291273221204016,False,33,31,0.03983024144314467,0.9554825612409047,0.271563185663114,0.26832503205740227,0.12903225806451613,False,2,0.020000000000000018,-0.021298593879239044,0.018387092183996923,0.0007413051829954775,0.0016214718584903753,0.22580645161290325
liver__gin__seed42,hepatotoxic_class,ig,index_tiebreak_v1,0.1,corrected,90,0.9,0.06295104677457619,0.09051131010473572,False,33,31,0.06491000039387136,0.9252950000969127,0.27017422468896973,0.26244295357060177,0.06451612903225806,naive,89,0.89,0.08868457250810194,0.11548796743433423,False,33,31,0.06491000039387136,0.9199599374467046,0.27133765118446446,0.26359653328205623,0.06451612903225806,False,1,0.010000000000000009,0.0,0.005335062650208111,-0.0011634264954947238,-0.0011535797114544666,0.0
liver__gin__seed42,hepatotoxic_class,ig,index_tiebreak_v1,0.2,corrected,83,0.8300000000000001,0.16903766168472054,0.19347773045869934,False,33,31,0.13120839733742956,0.8555840841239669,0.27148004449293206,0.25849212741741584,0.0,naive,82,0.8200000000000001,0.18256580021285906,0.2066079825595397,False,33,31,0.13120839733742956,0.8475253572682817,0.27334392878400154,0.26028397989197133,0.0,False,1,0.010000000000000009,0.0,0.008058726855685205,-0.0018638842910694842,-0.0017918524745554887,0.0
liver__gin__seed42,hepatotoxic_class,ig,include_all_exact_ties_v2,0.05,corrected,95,0.9500000000000001,0.01417944800297741,0.0431741701205369,False,33,31,0.018531647563905625,0.9770954598765145,0.27060669797683956,0.2682487110466226,0.41935483870967744,naive,90,0.9,0.04779953162306103,0.07580542775179454,False,33,31,0.060301705462995785,0.9307089409947245,0.2706823187454508,0.26326524955418806,0.0967741935483871,False,5,0.050000000000000044,-0.04177005789909016,0.04638651888179002,-7.562076861122868e-05,0.00498346149243456,0.32258064516129037
liver__gin__seed42,hepatotoxic_class,ig,include_all_exact_ties_v2,0.1,corrected,90,0.9,0.04779953162306103,0.07580542775179454,False,33,31,0.060301705462995785,0.9307089409947245,0.2706823187454508,0.26326524955418806,0.0967741935483871,naive,89,0.89,0.08868457250810194,0.11548796743433423,False,33,31,0.060301705462995785,0.9264862253967967,0.27170789026438097,0.2642908210731182,0.0967741935483871,False,1,0.010000000000000009,0.0,0.004222715597927751,-0.0010255715189301795,-0.001025571518930124,0.0
liver__gin__seed42,hepatotoxic_class,ig,include_all_exact_ties_v2,0.2,corrected,83,0.8300000000000001,0.166512409159468,0.19102675006654246,False,33,31,0.13120839733742956,0.8583149255644857,0.2709182144854683,0.25796769806446357,0.0,naive,82,0.8200000000000001,0.18256580021285906,0.2066079825595397,False,33,31,0.13120839733742956,0.8521537319156317,0.2718604397903627,0.2588378915528439,0.0,False,1,0.010000000000000009,0.0,0.006161193648854035,-0.0009422253048943507,-0.0008701934883803553,0.0
liver__gin__seed42,hepatotoxic_class,saliency,index_tiebreak_v1,0.05,corrected,96,0.96,0.020520329343858758,0.04932855495139232,False,33,31,0.008064516129032258,0.9902002606390994,0.27172740067907325,0.2716082206377575,0.7096774193548387,naive,93,0.93,0.04157895481424893,0.06976780908441808,False,33,31,0.02150537634408602,0.9554825612409047,0.27920494948324026,0.2787214017491243,0.12903225806451613,False,3,0.029999999999999916,-0.013440860215053762,0.03471769939819469,-0.007477548804167011,-0.007113181111366773,0.5806451612903226
liver__gin__seed42,hepatotoxic_class,saliency,index_tiebreak_v1,0.1,corrected,92,0.92,0.05610799875505757,0.08386952820343824,False,33,31,0.05734767025089606,0.9472535381731719,0.2783636242870764,0.27748305422045416,0.0967741935483871,naive,90,0.9,0.08679865885748239,0.11365752183226231,False,33,31,0.06810035842293907,0.9252950000969127,0.28546970942344463,0.2844051718516768,0.06451612903225806,False,2,0.020000000000000018,-0.010752688172043015,0.02195853807625925,-0.007106085136368234,-0.006922117631222635,0.03225806451612903
liver__gin__seed42,hepatotoxic_class,saliency,index_tiebreak_v1,0.2,corrected,86,0.86,0.16252298899357726,0.18715466578788378,False,33,31,0.18092480995706803,0.886507898753899,0.2756056758619528,0.2716258731435428,0.03225806451612903,naive,85,0.85,0.18890586537645365,0.21276157521832265,False,33,31,0.20422230099649458,0.8722136505886832,0.2717601756689413,0.2646265940872401,0.0,False,1,0.010000000000000009,-0.02329749103942655,0.01429424816521585,0.0038455001930114974,0.00699927905630271,0.03225806451612903
liver__gin__seed42,hepatotoxic_class,saliency,include_all_exact_ties_v2,0.05,corrected,96,0.96,0.016955266955266956,0.04586834733893558,False,33,31,0.0,0.9913126076913797,0.27272056769003783,0.27272056769003783,0.7419354838709677,naive,91,0.91,0.045610870610870616,0.07368113912231561,False,33,31,0.03763440860215053,0.9461214493276819,0.28305559523831897,0.2827064819859799,0.16129032258064516,False,5,0.04999999999999993,-0.03763440860215053,0.0451911583636978,-0.01033502754828114,-0.009985914295942089,0.5806451612903226
liver__gin__seed42,hepatotoxic_class,saliency,include_all_exact_ties_v2,0.1,corrected,90,0.9,0.05701907025436437,0.08475380348217719,False,33,31,0.03763440860215053,0.9317936162173308,0.28843526674296244,0.2880861534906234,0.0967741935483871,naive,89,0.89,0.09603669750728572,0.12262385346295378,False,33,31,0.06643625192012288,0.9259316523318322,0.2841437746120409,0.28303380255395655,0.06451612903225806,False,1,0.010000000000000009,-0.02880184331797235,0.0058619638854986444,0.004291492130921559,0.005052350936666838,0.03225806451612903
liver__gin__seed42,hepatotoxic_class,saliency,include_all_exact_ties_v2,0.2,corrected,85,0.85,0.17291259938318762,0.19723869940132915,False,33,31,0.15583520422230096,0.8856980731443022,0.2793211400660188,0.274176963599659,0.03225806451612903,naive,83,0.8300000000000001,0.1912776221599751,0.21506357444938762,False,33,31,0.16638110992949698,0.8706792332478677,0.27903383995069153,0.271993237439733,0.03225806451612903,False,2,0.019999999999999907,-0.010545905707196018,0.015018839896434488,0.0002873001153272936,0.0021837261599259583,0.0
liver__gin__seed42,observed_class,atom_occlusion,index_tiebreak_v1,0.05,corrected,91,0.91,0.011427570251099663,0.04050322994959673,False,33,31,0.015154200638071606,0.939553010556796,0.28294031266285313,0.28152221463185184,0.06451612903225806,naive,91,0.91,0.011427570251099663,0.04050322994959673,False,33,31,0.015154200638071606,0.939553010556796,0.28294031266285313,0.28152221463185184,0.06451612903225806,True,0,0.0,0.0,0.0,0.0,0.0,0.0
liver__gin__seed42,observed_class,atom_occlusion,index_tiebreak_v1,0.1,corrected,86,0.86,0.06688790512319924,0.09433237850192867,False,33,31,0.02600535665051794,0.886507898753899,0.29343906743348475,0.2880911429237532,0.03225806451612903,naive,81,0.81,0.09221921868980693,0.11891865343422436,False,33,31,0.055466934499192565,0.836277122229724,0.29603296421891306,0.2838076329510544,0.0,False,5,0.04999999999999993,-0.029461577848674626,0.05023077652417507,-0.002593896785428318,0.004283509972698829,0.03225806451612903
liver__gin__seed42,observed_class,atom_occlusion,index_tiebreak_v1,0.2,corrected,67,0.67,0.1741024226318344,0.19839352784854516,False,33,31,0.13473354602386858,0.7014316836661036,0.30488825919982804,0.2753996747333671,0.0,naive,63,0.63,0.19258965435436023,0.21633701746158493,False,33,31,0.15254637835282994,0.6557325612703571,0.3140308675917059,0.27921442151240145,0.0,False,4,0.040000000000000036,-0.01781283232896136,0.04569912239574658,-0.00914260839187786,-0.0038147467790343725,0.0
liver__gin__seed42,observed_class,atom_occlusion,include_all_exact_ties_v2,0.05,corrected,91,0.91,0.011427570251099663,0.04050322994959673,False,33,31,0.015154200638071606,0.939553010556796,0.28294031266285313,0.28152221463185184,0.06451612903225806,naive,91,0.91,0.011427570251099663,0.04050322994959673,False,33,31,0.015154200638071606,0.939553010556796,0.28294031266285313,0.28152221463185184,0.06451612903225806,True,0,0.0,0.0,0.0,0.0,0.0,0.0
liver__gin__seed42,observed_class,atom_occlusion,include_all_exact_ties_v2,0.1,corrected,86,0.86,0.06688790512319924,0.09433237850192867,False,33,31,0.02370120918508015,0.890271339614114,0.2933789502256596,0.28925720945484523,0.03225806451612903,naive,81,0.81,0.09221921868980693,0.11891865343422436,False,33,31,0.055466934499192565,0.8396224029943595,0.2949274778399344,0.2827021465720757,0.0,False,5,0.04999999999999993,-0.03176572531411241,0.05064893661975445,-0.0015485276142748194,0.0065550628827695245,0.03225806451612903
liver__gin__seed42,observed_class,atom_occlusion,include_all_exact_ties_v2,0.2,corrected,67,0.67,0.1741024226318344,0.19839352784854516,False,33,31,0.1239808578518256,0.7060399785969792,0.3091893344686452,0.28000796966424263,0.0,naive,63,0.63,0.19258965435436023,0.21633701746158493,False,33,31,0.14179369018078694,0.6643889270424723,0.3172566740433188,0.2827474476260728,0.0,False,4,0.040000000000000036,-0.017812832328961345,0.04165105155450688,-0.008067339574673593,-0.0027394779618301612,0.0
liver__gin__seed42,observed_class,gradinput,index_tiebreak_v1,0.05,corrected,94,0.9400000000000001,0.018785898197662906,0.04764513648596694,False,33,31,0.02690141399818819,0.9649302124271364,0.26880754961870706,0.2635533621034347,0.22580645161290322,naive,90,0.9,0.04660170983700395,0.07464283601826854,False,33,31,0.041031549096065226,0.9252950000969127,0.2762171035544292,0.26903926672811695,0.06451612903225806,False,4,0.040000000000000036,-0.014130135097877035,0.03963521233022371,-0.007409553935722124,-0.005485904624682236,0.16129032258064516
liver__gin__seed42,observed_class,gradinput,index_tiebreak_v1,0.1,corrected,85,0.85,0.06988311253017136,0.09723949157340162,False,33,31,0.06911457717909332,0.8722136505886832,0.27881392595472915,0.2665438583776693,0.0,naive,76,0.76,0.09343004490063313,0.12009386710943805,False,33,31,0.09499192563708693,0.7857329420128534,0.29551193762914185,0.2770903555722096,0.0,False,9,0.08999999999999997,-0.02587734845799361,0.08648070857582979,-0.016698011674412705,-0.010546497194540316,0.0
liver__gin__seed42,observed_class,gradinput,index_tiebreak_v1,0.2,corrected,65,0.65,0.17383123412535176,0.19813031547460613,False,33,31,0.13711646776162906,0.6729238683347646,0.31541123121090897,0.2839534532019628,0.0,naive,64,0.64,0.1874584021642845,0.21135668445357025,False,33,31,0.13711646776162906,0.6659707667547425,0.3179898401415103,0.28611992167834793,0.0,False,1,0.010000000000000009,0.0,0.0069531015800220475,-0.002578608930601356,-0.0021664684763851305,0.0
liver__gin__seed42,observed_class,gradinput,include_all_exact_ties_v2,0.05,corrected,94,0.9400000000000001,0.018785898197662906,0.04764513648596694,False,33,31,0.02690141399818819,0.9649302124271364,0.26880754961870706,0.2635533621034347,0.22580645161290322,naive,90,0.9,0.04660170983700395,0.07464283601826854,False,33,31,0.041031549096065226,0.9273111291291707,0.275948286350128,0.2687704495238159,0.0967741935483871,False,4,0.040000000000000036,-0.014130135097877035,0.037619083297965705,-0.00714073673142096,-0.0052170874203811834,0.12903225806451613
liver__gin__seed42,observed_class,gradinput,include_all_exact_ties_v2,0.1,corrected,85,0.85,0.06988311253017136,0.09723949157340162,False,33,31,0.058361889007050305,0.8806702760232372,0.28132080132687964,0.27058683206011175,0.03225806451612903,naive,76,0.76,0.09343004490063313,0.12009386710943805,False,33,31,0.08423923746504391,0.7919541401695355,0.2978725592971639,0.2811893126423043,0.03225806451612903,False,9,0.08999999999999997,-0.02587734845799361,0.08871613585370175,-0.016551757970284242,-0.010602480582192542,0.0
liver__gin__seed42,observed_class,gradinput,include_all_exact_ties_v2,0.2,corrected,65,0.65,0.17383123412535176,0.19813031547460613,False,33,31,0.11561109141754304,0.6869667271503241,0.3216017017477293,0.2919872417111333,0.03225806451612903,naive,64,0.64,0.1874584021642845,0.21135668445357025,False,33,31,0.11561109141754304,0.6800136255703021,0.32418031067833064,0.2941537101875185,0.03225806451612903,False,1,0.010000000000000009,0.0,0.0069531015800220475,-0.002578608930601356,-0.002166468476385186,0.0
liver__gin__seed42,observed_class,ig,index_tiebreak_v1,0.05,corrected,95,0.9500000000000001,0.008609038020802724,0.03776759572607323,False,33,31,0.013155303477884123,0.9738696534249016,0.27377076650593357,0.2717315351539393,0.3548387096774194,naive,89,0.89,0.04403102344278815,0.07214775804741203,False,33,31,0.07259049194533065,0.9199599374467046,0.2695775385372551,0.2606763648545473,0.06451612903225806,False,6,0.06000000000000005,-0.05943518846744653,0.05390971597819705,0.004193227968678492,0.011055170299391959,0.2903225806451613
liver__gin__seed42,observed_class,ig,index_tiebreak_v1,0.1,corrected,86,0.86,0.05933516374692845,0.08700177657790113,False,33,31,0.10077198786876204,0.886507898753899,0.270381970293934,0.2592031620816496,0.03225806451612903,naive,84,0.84,0.08165641547994491,0.10866652090700535,False,33,31,0.11024459411556185,0.8620010109363151,0.2738303864862491,0.26010187158707126,0.0,False,2,0.020000000000000018,-0.009472606246799811,0.024506887817583922,-0.0034484161923150625,-0.0008987095054216465,0.03225806451612903
liver__gin__seed42,observed_class,ig,index_tiebreak_v1,0.2,corrected,79,0.79,0.14756648580177995,0.1726380597487864,False,33,31,0.16458899523415654,0.8164803309362875,0.2688180658574385,0.24961853996803865,0.0,naive,77,0.77,0.17962614727320608,0.20375479000046473,False,33,31,0.1992496750561267,0.7969036435440863,0.2653368209592856,0.24265190767867073,0.0,False,2,0.020000000000000018,-0.03466067982197016,0.019576687392201197,0.00348124489815288,0.006966632289367919,0.0
liver__gin__seed42,observed_class,ig,include_all_exact_ties_v2,0.05,corrected,95,0.9500000000000001,0.008609038020802724,0.03776759572607323,False,33,31,0.013155303477884123,0.9738696534249016,0.27377076650593357,0.2717315351539393,0.3548387096774194,naive,89,0.89,0.04403102344278815,0.07214775804741203,False,33,31,0.06798219701445508,0.9269998790217504,0.2692074500552121,0.26064988736127664,0.12903225806451613,False,6,0.06000000000000005,-0.05482689353657096,0.04686977440315121,0.004563316450721444,0.01108164779266263,0.22580645161290325
liver__gin__seed42,observed_class,ig,include_all_exact_ties_v2,0.1,corrected,86,0.86,0.05933516374692845,0.08700177657790113,False,33,31,0.10077198786876204,0.8901016353843431,0.26981952198955017,0.25865174217539105,0.06451612903225806,naive,84,0.84,0.08165641547994491,0.10866652090700535,False,33,31,0.10666036472488086,0.8643081011188225,0.2746165194743456,0.26125433919115176,0.0,False,2,0.020000000000000018,-0.0058883768561188155,0.025793534265520557,-0.004796997484795451,-0.0026025970157607103,0.06451612903225806
liver__gin__seed42,observed_class,ig,include_all_exact_ties_v2,0.2,corrected,77,0.77,0.1611076287546876,0.18578093379131444,False,33,31,0.1992496750561267,0.8021007761605736,0.26416780496579145,0.24154877825485818,0.0,naive,77,0.77,0.1611076287546876,0.18578093379131444,False,33,31,0.1992496750561267,0.8021007761605736,0.26416780496579145,0.24154877825485818,0.0,True,0,0.0,0.0,0.0,0.0,0.0,0.0
liver__gin__seed42,observed_class,saliency,index_tiebreak_v1,0.05,corrected,96,0.96,0.02101052542229013,0.049804333498105126,False,33,31,0.011648745519713264,0.9902002606390994,0.2704867058899914,0.26999991257783656,0.7096774193548387,naive,93,0.93,0.03464688905865376,0.06303962761575219,False,33,31,0.041218637992831535,0.9554825612409047,0.275940622789372,0.2748894473192515,0.12903225806451613,False,3,0.029999999999999916,-0.02956989247311827,0.03471769939819469,-0.005453916899380573,-0.004889534741414958,0.5806451612903226
liver__gin__seed42,observed_class,saliency,index_tiebreak_v1,0.1,corrected,91,0.91,0.057292816116345534,0.08501949799527656,False,33,31,0.050179211469534045,0.939553010556796,0.27736045800829556,0.27565872640374794,0.06451612903225806,naive,89,0.89,0.09459723283252695,0.12122672598451147,False,33,31,0.0789810547875064,0.9199599374467046,0.27807939563019374,0.27532449319852625,0.06451612903225806,False,2,0.020000000000000018,-0.028801843317972357,0.019593073110091397,-0.0007189376218981747,0.0003342332052216901,0.0
liver__gin__seed42,observed_class,saliency,index_tiebreak_v1,0.2,corrected,85,0.85,0.15419602184308068,0.17907260943593126,False,33,31,0.23200007877427234,0.8722136505886832,0.26235961500528354,0.2547541000235696,0.0,naive,83,0.8300000000000001,0.1981021701609937,0.22168740045037624,False,33,31,0.25790696758438697,0.8555840841239669,0.26022937341228997,0.2504742521035161,0.0,False,2,0.019999999999999907,-0.02590688881011463,0.01662956646471625,0.002130241592993576,0.004279847920053481,0.0
liver__gin__seed42,observed_class,saliency,include_all_exact_ties_v2,0.05,corrected,96,0.96,0.019227994227994226,0.048074229691876746,False,33,31,0.0,0.9925073508216068,0.2723070027603439,0.2723070027603439,0.7741935483870968,naive,91,0.91,0.03917748917748918,0.06743697478991596,False,33,31,0.026881720430107524,0.9506764075116724,0.279479210704896,0.27861132740916894,0.22580645161290322,False,5,0.04999999999999993,-0.026881720430107524,0.04183094330993442,-0.007172207944552089,-0.0063043246488250215,0.5483870967741935
liver__gin__seed42,observed_class,saliency,include_all_exact_ties_v2,0.1,corrected,89,0.89,0.06152844976374389,0.0891305541824573,False,33,31,0.05568356374807988,0.9304866105158225,0.28200108183489025,0.2803723397334179,0.12903225806451613,naive,86,0.86,0.07667996491525902,0.10383643653539847,False,33,31,0.1280574264445232,0.8999505303996058,0.27606973900260484,0.27212481177522746,0.03225806451612903,False,3,0.030000000000000027,-0.07237386269644332,0.03053608011621667,0.005931342832285413,0.008247527958190448,0.0967741935483871
liver__gin__seed42,observed_class,saliency,include_all_exact_ties_v2,0.2,corrected,81,0.81,0.1613990040460629,0.18606373922117866,False,33,31,0.27574934026546927,0.8501076732419388,0.26230647377775673,0.2533394117569621,0.03225806451612903,naive,79,0.79,0.1899789208612738,0.21380307024770692,False,33,31,0.31944936783646455,0.830513386155456,0.2577698984929042,0.24737389159739426,0.03225806451612903,False,2,0.020000000000000018,-0.04370002757099528,0.01959428708648281,0.004536575284852518,0.005965520159567861,0.0
