method,score_origin,q,risk,mean_atom_fraction,precision,iou,scope
atom_occlusion,P20_frozen_cache,0,1.0,0.0,0.0,0.0,all
atom_occlusion,P20_frozen_cache,1,0.6902014785176672,0.03893550928031149,0.815011906384978,0.3081226530494371,all
atom_occlusion,P20_frozen_cache,2,0.6850468704707514,0.03999107566494566,0.80692111031866,0.3060610831028415,all
atom_occlusion,P20_frozen_cache,3,0.6689853443546497,0.044834826923837834,0.7752316000975576,0.29205325552197325,all
atom_occlusion,P20_frozen_cache,4,0.6503322661928738,0.05252287762263072,0.7414159312045118,0.27854430267863245,all
atom_occlusion,P20_frozen_cache,5,0.6075394467182131,0.07115131445476044,0.6981820476802021,0.2902464277303616,all
atom_occlusion,P20_frozen_cache,6,0.5880787873479352,0.08167365641745356,0.6735432542275275,0.2885676423385916,all
atom_occlusion,P20_frozen_cache,7,0.5763973479653339,0.0888658396146435,0.6581189352957781,0.2851715836403411,all
atom_occlusion,P20_frozen_cache,8,0.5680008376213836,0.09495907298355587,0.6451484912008724,0.28121953929029875,all
atom_occlusion,P20_frozen_cache,9,0.542950241111733,0.10864059190507999,0.6285557684475601,0.2909226811603927,all
atom_occlusion,P20_frozen_cache,10,0.5250698216548277,0.1191289280286186,0.6143607138040849,0.2965842867397553,all
atom_occlusion,P20_frozen_cache,11,0.5119325717362153,0.1285261851138177,0.6029042653520521,0.29874593767107255,all
atom_occlusion,P20_frozen_cache,12,0.5032629817561026,0.13629203869143158,0.5938465809235152,0.2984304955179633,all
atom_occlusion,P20_frozen_cache,13,0.484922627948875,0.14826615415802416,0.5841257544254811,0.30618226718384456,all
atom_occlusion,P20_frozen_cache,14,0.467893584783597,0.1602264540268189,0.572941779510567,0.3114860814071748,all
atom_occlusion,P20_frozen_cache,15,0.4582035636534343,0.1681910991607722,0.5661949655249395,0.31364781791084295,all
atom_occlusion,P20_frozen_cache,16,0.4474062481261349,0.17739304783364707,0.5593676911146782,0.3167800449065897,all
atom_occlusion,P20_frozen_cache,17,0.4302987644524634,0.1894353779823876,0.5522297015654131,0.3248352249983901,all
atom_occlusion,P20_frozen_cache,18,0.4187337228415172,0.19888468766031633,0.5463220737899562,0.3287333302488524,all
atom_occlusion,P20_frozen_cache,19,0.408178390683142,0.20847964993186308,0.5394288658803393,0.3309940014294515,all
atom_occlusion,P20_frozen_cache,20,0.40089310100582803,0.21459777377101377,0.5360104743806828,0.3335982819441075,all
atom_occlusion,P20_frozen_cache,21,0.38168820737084147,0.22983864637837426,0.5281680716557831,0.341840961787746,all
atom_occlusion,P20_frozen_cache,22,0.3697716712495058,0.2399713413255066,0.5231658676792978,0.3462112082684477,all
atom_occlusion,P20_frozen_cache,23,0.35958674900761206,0.2493677166650029,0.5182511918360341,0.3492216590303381,all
atom_occlusion,P20_frozen_cache,24,0.3510438744214877,0.2581977047214623,0.5138431337001063,0.3514931066313672,all
atom_occlusion,P20_frozen_cache,25,0.34418777768998376,0.26450400426389203,0.5103794565130813,0.3530227677013791,all
atom_occlusion,P20_frozen_cache,26,0.32972017813820176,0.27835512505790844,0.5043397178188097,0.3571606962378036,all
atom_occlusion,P20_frozen_cache,27,0.31974044676345464,0.28837932653799997,0.4997322178611245,0.35983424345062426,all
atom_occlusion,P20_frozen_cache,28,0.3076914801659316,0.3008229854464812,0.49295996634298156,0.3612691484107073,all
atom_occlusion,P20_frozen_cache,29,0.3010585093132026,0.3082971561802614,0.48962356647275934,0.3619368453087483,all
atom_occlusion,P20_frozen_cache,30,0.29329039569479237,0.3173808777177288,0.48536919757393693,0.3629643052366921,all
atom_occlusion,P20_frozen_cache,31,0.28382925036520396,0.3286002303944226,0.4799633087675447,0.363789846262069,all
atom_occlusion,P20_frozen_cache,32,0.275399582064454,0.33925999046830907,0.4746892829986277,0.36382022272316905,all
atom_occlusion,P20_frozen_cache,33,0.2691743687459987,0.34670329866357824,0.4712799489766404,0.36392107174353006,all
atom_occlusion,P20_frozen_cache,34,0.25857617049083087,0.35949862004981753,0.46588761891370356,0.3650850126680799,all
atom_occlusion,P20_frozen_cache,35,0.25016012754678074,0.3708167592768126,0.46106487654744815,0.36503227954750056,all
atom_occlusion,P20_frozen_cache,36,0.24618918969396048,0.3770829257526961,0.458728437229214,0.36489689815463644,all
atom_occlusion,P20_frozen_cache,37,0.23711332791829748,0.3896106875764167,0.45257548828617084,0.36413469273527127,all
atom_occlusion,P20_frozen_cache,38,0.2305548850020408,0.3993984527772075,0.44879663980776735,0.3638736528322725,all
atom_occlusion,P20_frozen_cache,39,0.22451572781899892,0.4082696190713175,0.44556047901667634,0.36406308805064624,all
atom_occlusion,P20_frozen_cache,40,0.22035773142286527,0.4145591984157344,0.4428247139300259,0.36350283569596487,all
atom_occlusion,P20_frozen_cache,41,0.21010432398243584,0.4303898690599578,0.4361949984790828,0.3622696948869201,all
atom_occlusion,P20_frozen_cache,42,0.20410091986438808,0.4398554158880383,0.4326894264407272,0.3618107224381261,all
atom_occlusion,P20_frozen_cache,43,0.1981582778936324,0.450050795678216,0.4288352477910335,0.36119508625988284,all
atom_occlusion,P20_frozen_cache,44,0.1936261354243724,0.45819079115567507,0.4255632285074324,0.36008621030043886,all
atom_occlusion,P20_frozen_cache,45,0.18819637999943983,0.4671690544551717,0.4223582757585117,0.35946252538278495,all
atom_occlusion,P20_frozen_cache,46,0.17974957970983144,0.48145240830700936,0.41681052167768856,0.3579646663309839,all
atom_occlusion,P20_frozen_cache,47,0.17658155802667655,0.487524496280473,0.41523848705383914,0.35769019419893444,all
atom_occlusion,P20_frozen_cache,48,0.16941286119097354,0.49969655493487414,0.410470415416536,0.35647384162700885,all
atom_occlusion,P20_frozen_cache,49,0.1649803120689601,0.5087908781930854,0.4073230796662514,0.3550824105287455,all
atom_occlusion,P20_frozen_cache,50,0.16461403494489069,0.5094956939082281,0.40716432154090004,0.35504055883243296,all
atom_occlusion,P20_frozen_cache,51,0.15390259896041128,0.5299123034371523,0.40003637963067346,0.352693751158746,all
atom_occlusion,P20_frozen_cache,52,0.15138076475480394,0.53567224485109,0.39877438864205744,0.3522715040755457,all
atom_occlusion,P20_frozen_cache,53,0.14374500942408136,0.5511786853497651,0.39237816668935516,0.3492846676471133,all
atom_occlusion,P20_frozen_cache,54,0.14096427111864332,0.557139401899669,0.3909965737507275,0.3489418986497707,all
atom_occlusion,P20_frozen_cache,55,0.13550671594706673,0.5686496918254478,0.38719239800526445,0.34716542353283875,all
atom_occlusion,P20_frozen_cache,56,0.1302245494275001,0.5805163440868022,0.3830903199594907,0.3452526590293843,all
atom_occlusion,P20_frozen_cache,57,0.12678650296452187,0.5886568807532906,0.38044419823209047,0.3438736955266221,all
atom_occlusion,P20_frozen_cache,58,0.12245529948189593,0.5987363943186399,0.3773351362873958,0.3425316025681511,all
atom_occlusion,P20_frozen_cache,59,0.11858890184301524,0.60831384896862,0.3742899895449965,0.3408957986263808,all
atom_occlusion,P20_frozen_cache,60,0.11601037490823017,0.6155517662826564,0.3721009838565131,0.3396502948601955,all
atom_occlusion,P20_frozen_cache,61,0.10989604451461926,0.6304335625589226,0.3671113393280359,0.3366935922252974,all
atom_occlusion,P20_frozen_cache,62,0.10625787938711317,0.6391933574294728,0.3646375792191243,0.3356649251482268,all
atom_occlusion,P20_frozen_cache,63,0.10248703687771267,0.6490924940538245,0.3619322782030851,0.3341633176686939,all
atom_occlusion,P20_frozen_cache,64,0.0992709921868972,0.6582858740332683,0.3592008061127258,0.3326668134535369,all
atom_occlusion,P20_frozen_cache,65,0.09538520831319244,0.6678869587517661,0.3565927533952001,0.3312954807532806,all
atom_occlusion,P20_frozen_cache,66,0.09133022352136987,0.6790963654904839,0.35345187102068976,0.3294854171743198,all
atom_occlusion,P20_frozen_cache,67,0.0862323259058258,0.6919998829666608,0.3497913763678228,0.3274683188939196,all
atom_occlusion,P20_frozen_cache,68,0.08459601738223169,0.6961221993445886,0.34913121570602335,0.3272850724518538,all
atom_occlusion,P20_frozen_cache,69,0.07954791502408848,0.7101034876341561,0.3451085108910481,0.3247573810145761,all
atom_occlusion,P20_frozen_cache,70,0.07550090407632112,0.721212739835758,0.3421213113517662,0.32296102078837935,all
atom_occlusion,P20_frozen_cache,71,0.07255120934302081,0.7304060254499777,0.3396958899082918,0.32142635890694554,all
atom_occlusion,P20_frozen_cache,72,0.06992700680676474,0.7378841497959935,0.33795246031452053,0.32046526021958804,all
atom_occlusion,P20_frozen_cache,73,0.06614381717150665,0.7503238550922391,0.3345022074504839,0.31815894218404017,all
atom_occlusion,P20_frozen_cache,74,0.0628815019938599,0.7602366851487699,0.3320131622440752,0.31659174336856244,all
atom_occlusion,P20_frozen_cache,75,0.061671125128418575,0.7638299623387016,0.33150106431677445,0.3164346535193181,all
atom_occlusion,P20_frozen_cache,76,0.057355403934349285,0.7771710950645029,0.32820902895628734,0.3143624589748311,all
atom_occlusion,P20_frozen_cache,77,0.05380439106799961,0.7893354649652383,0.32503662143536194,0.3122255693271918,all
atom_occlusion,P20_frozen_cache,78,0.05084665872111293,0.7986204688811724,0.32290603988855177,0.31088656374684,all
atom_occlusion,P20_frozen_cache,79,0.04781191919497468,0.8088645352518671,0.3204206307711485,0.30920581298797206,all
atom_occlusion,P20_frozen_cache,80,0.04612033211791751,0.8155131909273813,0.31883200815709073,0.30806514230024984,all
atom_occlusion,P20_frozen_cache,81,0.0417414083273231,0.830224068096717,0.315269900885065,0.30562427346640736,all
atom_occlusion,P20_frozen_cache,82,0.03902040749058924,0.8397102978799871,0.31328036912628227,0.3042622539896962,all
atom_occlusion,P20_frozen_cache,83,0.03652754289838582,0.8492688764445301,0.3112119860029838,0.3028276198181042,all
atom_occlusion,P20_frozen_cache,84,0.034096741755732254,0.8579757519523152,0.3092050575203159,0.3014116373549815,all
atom_occlusion,P20_frozen_cache,85,0.031459360286686666,0.8676236887169189,0.3070181304427059,0.29990711954645494,all
atom_occlusion,P20_frozen_cache,86,0.028788630506122993,0.8784812224046893,0.3046253365238099,0.29822006439003074,all
atom_occlusion,P20_frozen_cache,87,0.02561758770300598,0.8904370274722194,0.3020971290398294,0.29637212443094313,all
atom_occlusion,P20_frozen_cache,88,0.02331217637348334,0.8990767610945372,0.3002905459874658,0.29507895183791527,all
atom_occlusion,P20_frozen_cache,89,0.020637913870070787,0.9101769965164279,0.29794704136086847,0.2934275965915764,all
atom_occlusion,P20_frozen_cache,90,0.01923546416178419,0.9155828156240001,0.2969189316900248,0.2927297205477103,all
atom_occlusion,P20_frozen_cache,91,0.015720261152405476,0.9300625897251638,0.29393473140930854,0.29052844886297885,all
atom_occlusion,P20_frozen_cache,92,0.013362046026068997,0.9404097268024116,0.2917138987309413,0.28876778299867895,all
atom_occlusion,P20_frozen_cache,93,0.011266653310478051,0.9498418368168653,0.2898961092399968,0.28748904102646605,all
atom_occlusion,P20_frozen_cache,94,0.009497207362195576,0.9569181537892284,0.2887411729399249,0.2867647222072442,all
atom_occlusion,P20_frozen_cache,95,0.007904730444907856,0.9646818242778838,0.287040336951518,0.28541094181182275,all
atom_occlusion,P20_frozen_cache,96,0.00380635722659347,0.9828459221633369,0.28302333666020907,0.2821281299266015,all
atom_occlusion,P20_frozen_cache,97,0.0011092482654992298,0.9938683547064016,0.2812447824151546,0.2810631581564791,all
atom_occlusion,P20_frozen_cache,98,0.00024591703337652226,0.9986007345417334,0.2805677639982169,0.28054167482587694,all
atom_occlusion,P20_frozen_cache,99,3.4811328709292745e-05,0.9997676723499286,0.28042209660860834,0.28041835018797784,all
atom_occlusion,P20_frozen_cache,100,0.0,1.0,0.28038742997514926,0.28038742997514926,all
gradinput,P01_checkpoint_rerun,0,1.0,0.0,0.0,0.0,all
gradinput,P01_checkpoint_rerun,1,0.7184320037711636,0.03893550928031149,0.6267777942628557,0.27987251702915833,all
gradinput,P01_checkpoint_rerun,2,0.7146337134932419,0.03999107566494566,0.6183315228446697,0.2764036216414846,all
gradinput,P01_checkpoint_rerun,3,0.701309864637193,0.044834826923837834,0.5892131888776734,0.25964567426653856,all
gradinput,P01_checkpoint_rerun,4,0.6861113525017003,0.05252287762263072,0.5576266214166284,0.24266850997879458,all
gradinput,P01_checkpoint_rerun,5,0.6578928564645192,0.07115131445476044,0.5215236072121091,0.23986513287837938,all
gradinput,P01_checkpoint_rerun,6,0.6443785995517158,0.08167365641745356,0.49784068507515955,0.23222732608883542,all
gradinput,P01_checkpoint_rerun,7,0.6354520635769929,0.0888658396146435,0.483342365824967,0.22617115814371153,all
gradinput,P01_checkpoint_rerun,8,0.6293385034877358,0.09495907298355587,0.4717198839174038,0.22006465340679054,all
gradinput,P01_checkpoint_rerun,9,0.6128058175788635,0.10864059190507999,0.4592145078242275,0.22149793225771078,all
gradinput,P01_checkpoint_rerun,10,0.60052873956407,0.1191289280286186,0.44880580387683755,0.2217036076613578,all
gradinput,P01_checkpoint_rerun,11,0.591785014670831,0.1285261851138177,0.4387303592491334,0.2196808498238135,all
gradinput,P01_checkpoint_rerun,12,0.5855619494376263,0.13629203869143158,0.430610282371175,0.21702075292776818,all
gradinput,P01_checkpoint_rerun,13,0.5726632773990317,0.14826615415802416,0.42369432480211366,0.21957151930660757,all
gradinput,P01_checkpoint_rerun,14,0.5611213180595273,0.1602264540268189,0.4160369945264168,0.22058635638870358,all
gradinput,P01_checkpoint_rerun,15,0.5541990091610685,0.1681910991607722,0.4104118602813381,0.22028424310508532,all
gradinput,P01_checkpoint_rerun,16,0.545808051998423,0.17739304783364707,0.4059459448325626,0.2214363196386355,all
gradinput,P01_checkpoint_rerun,17,0.5338742278388025,0.1894353779823876,0.40070816724172464,0.22475693966917668,all
gradinput,P01_checkpoint_rerun,18,0.5261712873686529,0.19888468766031633,0.39611696687949727,0.22560482500437679,all
gradinput,P01_checkpoint_rerun,19,0.5176782311078576,0.20847964993186308,0.3916974021744624,0.22675326605624607,all
gradinput,P01_checkpoint_rerun,20,0.5128051024947852,0.21459777377101377,0.38892692450419464,0.22736366311391815,all
gradinput,P01_checkpoint_rerun,21,0.49795315499913484,0.22983864637837426,0.3845922144818397,0.231841617402523,all
gradinput,P01_checkpoint_rerun,22,0.4892175752026217,0.2399713413255066,0.38159378032500696,0.23394274431793532,all
gradinput,P01_checkpoint_rerun,23,0.4816455406743122,0.2493677166650029,0.37809282949021233,0.23506841374622447,all
gradinput,P01_checkpoint_rerun,24,0.4747484983592594,0.2581977047214623,0.3755319171300162,0.23647603539343812,all
gradinput,P01_checkpoint_rerun,25,0.46977037822447554,0.26450400426389203,0.3732195459374285,0.23728338495529028,all
gradinput,P01_checkpoint_rerun,26,0.4585804742869736,0.27835512505790844,0.36941709936872447,0.23969178530195626,all
gradinput,P01_checkpoint_rerun,27,0.45142754012125574,0.28837932653799997,0.3663897795711758,0.24090878127252607,all
gradinput,P01_checkpoint_rerun,28,0.44171928528211685,0.3008229854464812,0.3627163398474418,0.2424672623293125,all
gradinput,P01_checkpoint_rerun,29,0.4364641513709157,0.3082971561802614,0.36061996013562714,0.24301517389177432,all
gradinput,P01_checkpoint_rerun,30,0.429655954904397,0.3173808777177288,0.3582942165025992,0.24419177422365837,all
gradinput,P01_checkpoint_rerun,31,0.42163764684183036,0.3286002303944226,0.35553711261785925,0.24531705507902954,all
gradinput,P01_checkpoint_rerun,32,0.41437863240505524,0.33925999046830907,0.352674008123768,0.24595892753641346,all
gradinput,P01_checkpoint_rerun,33,0.4093824007823399,0.34670329866357824,0.3506190704832901,0.24638468779392284,all
gradinput,P01_checkpoint_rerun,34,0.4005631558866743,0.35949862004981753,0.3473805318937075,0.247612214141143,all
gradinput,P01_checkpoint_rerun,35,0.3929173382357314,0.3708167592768126,0.34496018686709246,0.2484562813801585,all
gradinput,P01_checkpoint_rerun,36,0.38940846647228594,0.3770829257526961,0.3433603398258845,0.24856018785772147,all
gradinput,P01_checkpoint_rerun,37,0.38077464876448436,0.3896106875764167,0.3403023434853744,0.2492920545988521,all
gradinput,P01_checkpoint_rerun,38,0.3753225141412668,0.3993984527772075,0.33770801703281345,0.24931603576496258,all
gradinput,P01_checkpoint_rerun,39,0.3701404636026495,0.4082696190713175,0.3358249179984419,0.24988271247310434,all
gradinput,P01_checkpoint_rerun,40,0.3658677958007745,0.4145591984157344,0.3347621990372429,0.25033951642513086,all
gradinput,P01_checkpoint_rerun,41,0.35648580789235756,0.4303898690599578,0.3310949206458619,0.2507460721861276,all
gradinput,P01_checkpoint_rerun,42,0.35117815850368467,0.4398554158880383,0.32895243395714024,0.25094527536729855,all
gradinput,P01_checkpoint_rerun,43,0.3454752583628892,0.450050795678216,0.32696251402177895,0.2513173183229066,all
gradinput,P01_checkpoint_rerun,44,0.3408847709370964,0.45819079115567507,0.3254325087631973,0.25153062648717744,all
gradinput,P01_checkpoint_rerun,45,0.33580700759195226,0.4671690544551717,0.3236885103903221,0.25181214996072954,all
gradinput,P01_checkpoint_rerun,46,0.32734130685479873,0.48145240830700936,0.3206029499522986,0.25186057835402287,all
gradinput,P01_checkpoint_rerun,47,0.32419391402603626,0.487524496280473,0.3197453544731138,0.252182417243594,all
gradinput,P01_checkpoint_rerun,48,0.31631633448858654,0.49969655493487414,0.31786386236487074,0.2529013997460878,all
gradinput,P01_checkpoint_rerun,49,0.3114737742122238,0.5087908781930854,0.3163205197934728,0.2530101722796798,all
gradinput,P01_checkpoint_rerun,50,0.3112197628513926,0.5094956939082281,0.3161567992560106,0.252947657265705,all
gradinput,P01_checkpoint_rerun,51,0.300203368006904,0.5299123034371523,0.31233278777363155,0.25302585636166114,all
gradinput,P01_checkpoint_rerun,52,0.29759474644945283,0.53567224485109,0.3116143372813481,0.2531950335565333,all
gradinput,P01_checkpoint_rerun,53,0.2883526538717579,0.5511786853497651,0.30920344710882747,0.25372523538854014,all
gradinput,P01_checkpoint_rerun,54,0.2852918524963965,0.557139401899669,0.30855847362299804,0.2541143266392359,all
gradinput,P01_checkpoint_rerun,55,0.2790993121931508,0.5686496918254478,0.30665548110903895,0.25402659476733863,all
gradinput,P01_checkpoint_rerun,56,0.2723488402778962,0.5805163440868022,0.3050280506907605,0.2544729534395531,all
gradinput,P01_checkpoint_rerun,57,0.2677715037174899,0.5886568807532906,0.3040189465799,0.25470317717092184,all
gradinput,P01_checkpoint_rerun,58,0.26150365637015033,0.5987363943186399,0.30303465938894736,0.2553708273889944,all
gradinput,P01_checkpoint_rerun,59,0.25704202321307995,0.60831384896862,0.3014285685359142,0.25514097728946905,all
gradinput,P01_checkpoint_rerun,60,0.2534352088913123,0.6155517662826564,0.3005047157874938,0.25517296123296923,all
gradinput,P01_checkpoint_rerun,61,0.24466404177367143,0.6304335625589226,0.2986333727558135,0.2554426321285005,all
gradinput,P01_checkpoint_rerun,62,0.23977287055695484,0.6391933574294728,0.29773756006134555,0.25596978202634774,all
gradinput,P01_checkpoint_rerun,63,0.23482714684359376,0.6490924940538245,0.296585399089295,0.25611209452954314,all
gradinput,P01_checkpoint_rerun,64,0.22953928789454014,0.6582858740332683,0.29564191696486386,0.25638030399686457,all
gradinput,P01_checkpoint_rerun,65,0.22446968943075582,0.6678869587517661,0.2945562522903088,0.25655088926939495,all
gradinput,P01_checkpoint_rerun,66,0.21798460780834333,0.6790963654904839,0.29353960700514325,0.257036164806185,all
gradinput,P01_checkpoint_rerun,67,0.21063202016191437,0.6919998829666608,0.29218876657770804,0.2574553176278584,all
gradinput,P01_checkpoint_rerun,68,0.20871077799980958,0.6961221993445886,0.2918554517828477,0.25761634709708836,all
gradinput,P01_checkpoint_rerun,69,0.2005444036412573,0.7101034876341561,0.29057096898763896,0.2580027870848195,all
gradinput,P01_checkpoint_rerun,70,0.1942079646215211,0.721212739835758,0.2896626399546353,0.25851394286571316,all
gradinput,P01_checkpoint_rerun,71,0.18925545663207413,0.7304060254499777,0.288854577246868,0.2587778129823723,all
gradinput,P01_checkpoint_rerun,72,0.18517913176739154,0.7378841497959935,0.2882479407054206,0.25908917733785236,all
gradinput,P01_checkpoint_rerun,73,0.17819812462022738,0.7503238550922391,0.2870823479527465,0.2592861748479221,all
gradinput,P01_checkpoint_rerun,74,0.1721662097227627,0.7602366851487699,0.28649516519642515,0.25987577112099847,all
gradinput,P01_checkpoint_rerun,75,0.17051364386348214,0.7638299623387016,0.2862811504220969,0.2600492828294449,all
gradinput,P01_checkpoint_rerun,76,0.1621042553208004,0.7771710950645029,0.2855081946973252,0.26084631380175616,all
gradinput,P01_checkpoint_rerun,77,0.15508927533222658,0.7893354649652383,0.2846021792002033,0.2613599271450634,all
gradinput,P01_checkpoint_rerun,78,0.14968001215402846,0.7986204688811724,0.28399879826576124,0.26182085107864134,all
gradinput,P01_checkpoint_rerun,79,0.14328311595903734,0.8088645352518671,0.28341225078259047,0.2623855808279565,all
gradinput,P01_checkpoint_rerun,80,0.1393653659048202,0.8155131909273813,0.2830013720679562,0.2626166612310834,all
gradinput,P01_checkpoint_rerun,81,0.1302247140170589,0.830224068096717,0.2821466830940534,0.2634354934151044,all
gradinput,P01_checkpoint_rerun,82,0.12388435181150412,0.8397102978799871,0.28183492484480155,0.26412835322815253,all
gradinput,P01_checkpoint_rerun,83,0.11763759201915767,0.8492688764445301,0.2815287167947137,0.2648168091547045,all
gradinput,P01_checkpoint_rerun,84,0.11223208436068281,0.8579757519523152,0.2810479408868218,0.26527461235156446,all
gradinput,P01_checkpoint_rerun,85,0.10557676659500775,0.8676236887169189,0.28066138214333874,0.2659499233934665,all
gradinput,P01_checkpoint_rerun,86,0.09838318012980234,0.8784812224046893,0.28030515072566653,0.26682193747994054,all
gradinput,P01_checkpoint_rerun,87,0.09037810374492088,0.8904370274722194,0.2799107631261815,0.26764124067438577,all
gradinput,P01_checkpoint_rerun,88,0.0843397962515632,0.8990767610945372,0.2797036132843027,0.2683500675557737,all
gradinput,P01_checkpoint_rerun,89,0.07569126933103862,0.9101769965164279,0.27971214063164623,0.2696682030627336,all
gradinput,P01_checkpoint_rerun,90,0.07191393122878267,0.9155828156240001,0.27960682164847506,0.2701553667659246,all
gradinput,P01_checkpoint_rerun,91,0.06006536163376383,0.9300625897251638,0.27956846528501506,0.2717130230966538,all
gradinput,P01_checkpoint_rerun,92,0.051286152663336894,0.9404097268024116,0.27966704976517137,0.2729156976745888,all
gradinput,P01_checkpoint_rerun,93,0.04342952501312855,0.9498418368168653,0.27975073732452654,0.2740670388748257,all
gradinput,P01_checkpoint_rerun,94,0.038286083998314915,0.9569181537892284,0.27974507291382317,0.2748627234677097,all
gradinput,P01_checkpoint_rerun,95,0.03236268273757165,0.9646818242778838,0.27964971676878053,0.2757087177042105,all
gradinput,P01_checkpoint_rerun,96,0.015259355476385981,0.9828459221633369,0.279900948886801,0.2780879397436537,all
gradinput,P01_checkpoint_rerun,97,0.005169955554262171,0.9938683547064016,0.2803119516714827,0.27985916985455533,all
gradinput,P01_checkpoint_rerun,98,0.0015580093374728016,0.9986007345417334,0.280348395224129,0.2802712374385434,all
gradinput,P01_checkpoint_rerun,99,0.00029295907973525743,0.9997676723499286,0.28039196953259965,0.28038194525159843,all
gradinput,P01_checkpoint_rerun,100,0.0,1.0,0.28038742997514926,0.28038742997514926,all
ig,P01_checkpoint_rerun,0,1.0,0.0,0.0,0.0,all
ig,P01_checkpoint_rerun,1,0.7077079620822371,0.03893550928031149,0.6773952517409096,0.290608544688062,all
ig,P01_checkpoint_rerun,2,0.7036119697151908,0.03999107566494566,0.6702438067641031,0.2874601606092278,all
ig,P01_checkpoint_rerun,3,0.6899504025085833,0.044834826923837834,0.6394848487592628,0.27102172352682163,all
ig,P01_checkpoint_rerun,4,0.6740564125878081,0.05252287762263072,0.6077259893525949,0.2546532823229203,all
ig,P01_checkpoint_rerun,5,0.640667129556316,0.07115131445476044,0.5696414503004988,0.25635071024773237,all
ig,P01_checkpoint_rerun,6,0.6253918029031722,0.08167365641745356,0.545952939703824,0.2502040468928222,all
ig,P01_checkpoint_rerun,7,0.615617866611965,0.0888658396146435,0.5317258676883173,0.2449182513520919,all
ig,P01_checkpoint_rerun,8,0.6088620706936445,0.09495907298355587,0.520043313660807,0.23920129012866756,all
ig,P01_checkpoint_rerun,9,0.5901424547276984,0.10864059190507999,0.5061539609973114,0.24189501227858914,all
ig,P01_checkpoint_rerun,10,0.5759813698544338,0.1191289280286186,0.49387970665496644,0.2430498486190217,all
ig,P01_checkpoint_rerun,11,0.5655144102118078,0.1285261851138177,0.48426427856433885,0.2421588831816079,all
ig,P01_checkpoint_rerun,12,0.5588286282267845,0.13629203869143158,0.47585824273949967,0.23976880417658186,all
ig,P01_checkpoint_rerun,13,0.54454028735689,0.14826615415802416,0.4667996104589026,0.24298960852592383,all
ig,P01_checkpoint_rerun,14,0.5306210690009224,0.1602264540268189,0.4581483069085571,0.2453449284962703,all
ig,P01_checkpoint_rerun,15,0.5229068392727847,0.1681910991607722,0.45220246252008783,0.24519937814090004,all
ig,P01_checkpoint_rerun,16,0.5144160302212021,0.17739304783364707,0.44605985299957424,0.24600890480346907,all
ig,P01_checkpoint_rerun,17,0.5017037275203804,0.1894353779823876,0.43941203702237314,0.24925531326477693,all
ig,P01_checkpoint_rerun,18,0.49281610290695743,0.19888468766031633,0.43454863807709593,0.25049880570014127,all
ig,P01_checkpoint_rerun,19,0.48252704548792374,0.20847964993186308,0.429841223646388,0.2523503217482076,all
ig,P01_checkpoint_rerun,20,0.4766862154277536,0.21459777377101377,0.4271472002654366,0.25351568762636106,all
ig,P01_checkpoint_rerun,21,0.46057276341207365,0.22983864637837426,0.42193881278199147,0.25820366318990057,all
ig,P01_checkpoint_rerun,22,0.45101999776230256,0.2399713413255066,0.418309321461566,0.26036084849788205,all
ig,P01_checkpoint_rerun,23,0.4419081387969948,0.2493677166650029,0.41492436567385127,0.2620824034986131,all
ig,P01_checkpoint_rerun,24,0.4345176411387656,0.2581977047214623,0.41198436981550246,0.2634239164917816,all
ig,P01_checkpoint_rerun,25,0.4283461467142591,0.26450400426389203,0.41011344286059015,0.2647243171950218,all
ig,P01_checkpoint_rerun,26,0.4156321209742732,0.27835512505790844,0.40629117478813154,0.2674720924749855,all
ig,P01_checkpoint_rerun,27,0.4062649625328746,0.28837932653799997,0.4043398031146298,0.2699352433649656,all
ig,P01_checkpoint_rerun,28,0.39440410845618123,0.3008229854464812,0.40075553759681504,0.2719030999380419,all
ig,P01_checkpoint_rerun,29,0.388378136209216,0.3082971561802614,0.3987352302342115,0.27277309341007455,all
ig,P01_checkpoint_rerun,30,0.38083245259556125,0.3173808777177288,0.3965216501671659,0.2741179168318468,all
ig,P01_checkpoint_rerun,31,0.37110986646916505,0.3286002303944226,0.39431353819542614,0.27623399188200276,all
ig,P01_checkpoint_rerun,32,0.36228220484823037,0.33925999046830907,0.3913664889269217,0.27724294296446855,all
ig,P01_checkpoint_rerun,33,0.35607917798962074,0.34670329866357824,0.3896978444858974,0.27819654259690574,all
ig,P01_checkpoint_rerun,34,0.34558722060921715,0.35949862004981753,0.38695632451032863,0.2803274782253362,all
ig,P01_checkpoint_rerun,35,0.33649330218691476,0.3708167592768126,0.3848958095196112,0.28198188747355807,all
ig,P01_checkpoint_rerun,36,0.3324157377994381,0.3770829257526961,0.38350167077492453,0.2823698873607025,all
ig,P01_checkpoint_rerun,37,0.32146425378860316,0.3896106875764167,0.3809317390402022,0.28396105493462054,all
ig,P01_checkpoint_rerun,38,0.31419618829908397,0.3993984527772075,0.37903007494672747,0.28490396434266557,all
ig,P01_checkpoint_rerun,39,0.30761387451230565,0.4082696190713175,0.3775067303554185,0.28622278641019966,all
ig,P01_checkpoint_rerun,40,0.3028301212962518,0.4145591984157344,0.37637345501341085,0.2868438686964249,all
ig,P01_checkpoint_rerun,41,0.29162452545693185,0.4303898690599578,0.37262591438014797,0.2876829807836621,all
ig,P01_checkpoint_rerun,42,0.284553885466593,0.4398554158880383,0.37115481728901806,0.28880013994070813,all
ig,P01_checkpoint_rerun,43,0.27767225081166197,0.450050795678216,0.3691775963199327,0.2896189144591723,all
ig,P01_checkpoint_rerun,44,0.2721670043218714,0.45819079115567507,0.3676291944267723,0.2901905866300956,all
ig,P01_checkpoint_rerun,45,0.26554640727154805,0.4671690544551717,0.3662715403912236,0.2912456903016685,all
ig,P01_checkpoint_rerun,46,0.25583639112166073,0.48145240830700936,0.36329335145646363,0.2920426452787084,all
ig,P01_checkpoint_rerun,47,0.25231040202295196,0.487524496280473,0.36243154892113716,0.29245182498553457,all
ig,P01_checkpoint_rerun,48,0.24354116126229616,0.49969655493487414,0.3603195005929988,0.29362975080740483,all
ig,P01_checkpoint_rerun,49,0.23784537737483477,0.5087908781930854,0.35875639190232306,0.2940040275770308,all
ig,P01_checkpoint_rerun,50,0.237459659127403,0.5094956939082281,0.35867145034850983,0.29401522242868555,all
ig,P01_checkpoint_rerun,51,0.22471694399815736,0.5299123034371523,0.35470750860726985,0.2948902351421564,all
ig,P01_checkpoint_rerun,52,0.22182482808507278,0.53567224485109,0.3539309770192347,0.2950474673970972,all
ig,P01_checkpoint_rerun,53,0.21120732288104274,0.5511786853497651,0.3510329031237526,0.29589171966446387,all
ig,P01_checkpoint_rerun,54,0.2078543953949337,0.557139401899669,0.35030215953538213,0.2963214559286546,all
ig,P01_checkpoint_rerun,55,0.20166045173762226,0.5686496918254478,0.3477584401488634,0.2959086255248322,all
ig,P01_checkpoint_rerun,56,0.1945061688011906,0.5805163440868022,0.34570642211277636,0.2964184072528003,all
ig,P01_checkpoint_rerun,57,0.18966703885741057,0.5886568807532906,0.34438205083203655,0.2966019197177461,all
ig,P01_checkpoint_rerun,58,0.1842858585676103,0.5987363943186399,0.34262920700962957,0.29683657699165916,all
ig,P01_checkpoint_rerun,59,0.1792936213686018,0.60831384896862,0.34089211860285035,0.29682339986598183,all
ig,P01_checkpoint_rerun,60,0.17616160499603073,0.6155517662826564,0.3393940437635367,0.2964184816916694,all
ig,P01_checkpoint_rerun,61,0.16795694944833123,0.6304335625589226,0.33640763259915357,0.295980825106507,all
ig,P01_checkpoint_rerun,62,0.1631791018439081,0.6391933574294728,0.3350243016187646,0.2962843972425287,all
ig,P01_checkpoint_rerun,63,0.15832211132234597,0.6490924940538245,0.3333367453047991,0.29615518067754226,all
ig,P01_checkpoint_rerun,64,0.15400255414119693,0.6582858740332683,0.3315602119601407,0.2958043178754158,all
ig,P01_checkpoint_rerun,65,0.1495481250374333,0.6678869587517661,0.32970015815522663,0.2953777431203968,all
ig,P01_checkpoint_rerun,66,0.1443472042924691,0.6790963654904839,0.32763880965819964,0.29495897664299975,all
ig,P01_checkpoint_rerun,67,0.13815666098843854,0.6919998829666608,0.3251602849543712,0.29453022060586975,all
ig,P01_checkpoint_rerun,68,0.13631109701414476,0.6961221993445886,0.32468322332340366,0.2945777097622104,all
ig,P01_checkpoint_rerun,69,0.12998554751985594,0.7101034876341561,0.32184079504068386,0.2936576694113061,all
ig,P01_checkpoint_rerun,70,0.12501501692598688,0.721212739835758,0.3198247280752322,0.2931790021687848,all
ig,P01_checkpoint_rerun,71,0.12087529830374769,0.7304060254499777,0.3182475437456976,0.29277362106140564,all
ig,P01_checkpoint_rerun,72,0.11746550988942393,0.7378841497959935,0.3170686943768742,0.29256977027036773,all
ig,P01_checkpoint_rerun,73,0.11255856832437683,0.7503238550922391,0.3145161481385475,0.29145332152223996,all
ig,P01_checkpoint_rerun,74,0.1082707454605171,0.7602366851487699,0.31273482135864,0.290861779710314,all
ig,P01_checkpoint_rerun,75,0.10690784321763237,0.7638299623387016,0.3123368982300847,0.2908485579960462,all
ig,P01_checkpoint_rerun,76,0.10078383924902369,0.7771710950645029,0.31011965146924286,0.29019859635639994,all
ig,P01_checkpoint_rerun,77,0.09531505005909714,0.7893354649652383,0.30801517529166206,0.2895187164349143,all
ig,P01_checkpoint_rerun,78,0.09134913671707029,0.7986204688811724,0.30653085124042995,0.28903873269418684,all
ig,P01_checkpoint_rerun,79,0.08696314559080544,0.8088645352518671,0.3047379198037364,0.28825843033769666,all
ig,P01_checkpoint_rerun,80,0.08401801670646537,0.8155131909273813,0.30373037805388725,0.28787446043602627,all
ig,P01_checkpoint_rerun,81,0.07731920790379515,0.830224068096717,0.3013817829998062,0.2870602745146774,all
ig,P01_checkpoint_rerun,82,0.07390971179482164,0.8397102978799871,0.29981848527335414,0.2862904916434248,all
ig,P01_checkpoint_rerun,83,0.06988073143646466,0.8492688764445301,0.29846434093654833,0.2858088310793416,all
ig,P01_checkpoint_rerun,84,0.06601183821124139,0.8579757519523152,0.29715795448406096,0.28534593477997866,all
ig,P01_checkpoint_rerun,85,0.06149828031188318,0.8676236887169189,0.295710665277277,0.2847894466116441,all
ig,P01_checkpoint_rerun,86,0.05679779215238418,0.8784812224046893,0.2941150480609805,0.2841592080486933,all
ig,P01_checkpoint_rerun,87,0.05147833155488691,0.8904370274722194,0.29254961635674465,0.28360613632601467,all
ig,P01_checkpoint_rerun,88,0.0476334109934785,0.8990767610945372,0.29140291407063956,0.28319571711948116,all
ig,P01_checkpoint_rerun,89,0.04261087363089566,0.9101769965164279,0.29001151700341304,0.2828006903837913,all
ig,P01_checkpoint_rerun,90,0.04016121431775388,0.9155828156240001,0.28943194120393584,0.28271213215713814,all
ig,P01_checkpoint_rerun,91,0.03377303343413343,0.9300625897251638,0.2875839141086782,0.28202740670946685,all
ig,P01_checkpoint_rerun,92,0.029138119781813424,0.9404097268024116,0.28621516790572454,0.2813933973087408,all
ig,P01_checkpoint_rerun,93,0.024823674607109103,0.9498418368168653,0.28518873928978605,0.2811650414641961,all
ig,P01_checkpoint_rerun,94,0.021614286011391436,0.9569181537892284,0.2845414786831438,0.2811187197758853,all
ig,P01_checkpoint_rerun,95,0.01784821029714789,0.9646818242778838,0.28370079170178075,0.2809604323924526,all
ig,P01_checkpoint_rerun,96,0.008597344362659944,0.9828459221633369,0.2816263054458062,0.280305857661622,all
ig,P01_checkpoint_rerun,97,0.0029092707735310793,0.9938683547064016,0.28077135076264015,0.2804381763464511,all
ig,P01_checkpoint_rerun,98,0.0008852837148130243,0.9986007345417334,0.280421346329517,0.28035484917731374,all
ig,P01_checkpoint_rerun,99,0.0001828319152470315,0.9997676723499286,0.28039465195729707,0.2803843375929667,all
ig,P01_checkpoint_rerun,100,0.0,1.0,0.28038742997514926,0.28038742997514926,all
saliency,P20_frozen_cache,0,1.0,0.0,0.0,0.0,all
saliency,P20_frozen_cache,1,0.8079017648406733,0.03893550928031149,0.5327625762137163,0.19050349478098746,all
saliency,P20_frozen_cache,2,0.8028254020078048,0.03999107566494566,0.5285761377200964,0.18897781511749887,all
saliency,P20_frozen_cache,3,0.7853934255458853,0.044834826923837834,0.5124035551861686,0.180021514254354,all
saliency,P20_frozen_cache,4,0.7602041906688942,0.05252287762263072,0.5031710582933837,0.17884839055207913,all
saliency,P20_frozen_cache,5,0.7236030594724486,0.07115131445476044,0.495809764918145,0.18860451411113355,all
saliency,P20_frozen_cache,6,0.7033530543699406,0.08167365641745356,0.48751446229117085,0.18985868624661098,all
saliency,P20_frozen_cache,7,0.6901144822340523,0.0888658396146435,0.48005308130122143,0.1893777610584384,all
saliency,P20_frozen_cache,8,0.6792597167082873,0.09495907298355587,0.47396538182393505,0.18788065536920476,all
saliency,P20_frozen_cache,9,0.654426128594814,0.10864059190507999,0.46985124581373544,0.19793848525221697,all
saliency,P20_frozen_cache,10,0.6375942174700592,0.1191289280286186,0.46623749127065894,0.20295594679611356,all
saliency,P20_frozen_cache,11,0.6224067363472101,0.1285261851138177,0.4620835664872946,0.20638241996825712,all
saliency,P20_frozen_cache,12,0.6107274377220168,0.13629203869143158,0.45796830228108953,0.20793783739383268,all
saliency,P20_frozen_cache,13,0.5917424694674782,0.14826615415802416,0.4546030780396057,0.2160139398545381,all
saliency,P20_frozen_cache,14,0.5762792411670371,0.1602264540268189,0.4498501423748856,0.22143509995949506,all
saliency,P20_frozen_cache,15,0.5671458734899993,0.1681910991607722,0.44652896305471484,0.223481494672263,all
saliency,P20_frozen_cache,16,0.5556277539433055,0.17739304783364707,0.44380120563823344,0.22763394860048197,all
saliency,P20_frozen_cache,17,0.5399735794729993,0.1894353779823876,0.43993061226944724,0.2346276975864532,all
saliency,P20_frozen_cache,18,0.5291894363938208,0.19888468766031633,0.43636959984201074,0.23811990924183515,all
saliency,P20_frozen_cache,19,0.5191904992057311,0.20847964993186308,0.4333862708532361,0.24106798539374558,all
saliency,P20_frozen_cache,20,0.5126837883263995,0.21459777377101377,0.43158534206325033,0.2432484140869348,all
saliency,P20_frozen_cache,21,0.4950008559010772,0.22983864637837426,0.42704904238600433,0.25059923602143347,all
saliency,P20_frozen_cache,22,0.48412351907257933,0.2399713413255066,0.42460502354881074,0.2547168128909016,all
saliency,P20_frozen_cache,23,0.47514553409370985,0.2493677166650029,0.4222782077096027,0.25793911409943476,all
saliency,P20_frozen_cache,24,0.46679258641809435,0.2581977047214623,0.41992157486831766,0.26068013301900145,all
saliency,P20_frozen_cache,25,0.46028974411080426,0.26450400426389203,0.41791164489900245,0.26237902599911567,all
saliency,P20_frozen_cache,26,0.44694275079999773,0.27835512505790844,0.4140389056133531,0.2664607288685399,all
saliency,P20_frozen_cache,27,0.437371000257319,0.28837932653799997,0.41155193408200536,0.2694866246948581,all
saliency,P20_frozen_cache,28,0.425491784781579,0.3008229854464812,0.4085355707956216,0.2727075860169231,all
saliency,P20_frozen_cache,29,0.41930006052735663,0.3082971561802614,0.4068066876535509,0.2741178517078056,all
saliency,P20_frozen_cache,30,0.41123315551516304,0.3173808777177288,0.40431386630111843,0.2760925399575823,all
saliency,P20_frozen_cache,31,0.4016505711257246,0.3286002303944226,0.40117094209450455,0.2781467632386859,all
saliency,P20_frozen_cache,32,0.39315468837843054,0.33925999046830907,0.39871255493186963,0.27993650457308755,all
saliency,P20_frozen_cache,33,0.38706326961615,0.34670329866357824,0.39652915792156346,0.2809365651067328,all
saliency,P20_frozen_cache,34,0.3766031860097876,0.35949862004981753,0.39298118798181103,0.28326774585148273,all
saliency,P20_frozen_cache,35,0.36729797386901436,0.3708167592768126,0.3901898052465103,0.2848701789105072,all
saliency,P20_frozen_cache,36,0.3625979304506126,0.3770829257526961,0.3888436840549306,0.2856646858380684,all
saliency,P20_frozen_cache,37,0.3517843435482601,0.3896106875764167,0.38610369046585125,0.2876037899409278,all
saliency,P20_frozen_cache,38,0.34470322590748687,0.3993984527772075,0.3835976050172538,0.28835942588399743,all
saliency,P20_frozen_cache,39,0.33762833459140146,0.4082696190713175,0.3819310288882898,0.2898864428345557,all
saliency,P20_frozen_cache,40,0.3326842979252053,0.4145591984157344,0.3805563589994213,0.2905944036264325,all
saliency,P20_frozen_cache,41,0.32109298734418734,0.4303898690599578,0.37693922557118803,0.29217874375430325,all
saliency,P20_frozen_cache,42,0.3144178448358855,0.4398554158880383,0.3746850999810309,0.29291298587991393,all
saliency,P20_frozen_cache,43,0.3074775823392404,0.450050795678216,0.37261790400175754,0.29392717013991976,all
saliency,P20_frozen_cache,44,0.30196085890047303,0.45819079115567507,0.3708168759177569,0.29438682912450453,all
saliency,P20_frozen_cache,45,0.2960127673681428,0.4671690544551717,0.3685541975840042,0.2949219770194071,all
saliency,P20_frozen_cache,46,0.28592367170893074,0.48145240830700936,0.36556922194109887,0.29589273379028636,all
saliency,P20_frozen_cache,47,0.28213360826277234,0.487524496280473,0.36447447031572416,0.29635425366766494,all
saliency,P20_frozen_cache,48,0.27445987887124534,0.49969655493487414,0.3613201185446575,0.2966121851568472,all
saliency,P20_frozen_cache,49,0.26854473054563494,0.5087908781930854,0.35946605997550746,0.2968952687976766,all
saliency,P20_frozen_cache,50,0.2680502117611401,0.5094956939082281,0.35940451660520856,0.29694330571085836,all
saliency,P20_frozen_cache,51,0.2555899757571565,0.5299123034371523,0.35474253144471446,0.29724095444152426,all
saliency,P20_frozen_cache,52,0.2523963154146865,0.53567224485109,0.3538678256139478,0.2974865730611801,all
saliency,P20_frozen_cache,53,0.24281812748824086,0.5511786853497651,0.35008658542650833,0.2973781190285339,all
saliency,P20_frozen_cache,54,0.23922341465483396,0.557139401899669,0.349191028450593,0.29778562552650134,all
saliency,P20_frozen_cache,55,0.23211094946102706,0.5686496918254478,0.34695290799088835,0.29777528758202504,all
saliency,P20_frozen_cache,56,0.22474603447470703,0.5805163440868022,0.3444868941197656,0.29788140479745706,all
saliency,P20_frozen_cache,57,0.21999579548406523,0.5886568807532906,0.34294619999899384,0.29781414150230034,all
saliency,P20_frozen_cache,58,0.21338325582602388,0.5987363943186399,0.34139071792599207,0.2982921798635783,all
saliency,P20_frozen_cache,59,0.20795807088347498,0.60831384896862,0.3394630177847816,0.2980854434307659,all
saliency,P20_frozen_cache,60,0.20406294820307175,0.6155517662826564,0.338235578548147,0.2980266854148876,all
saliency,P20_frozen_cache,61,0.19548819792293284,0.6304335625589226,0.33511293969528905,0.2974392587012702,all
saliency,P20_frozen_cache,62,0.19028705937981935,0.6391933574294728,0.3336740702849495,0.29767915999980726,all
saliency,P20_frozen_cache,63,0.18460262427361698,0.6490924940538245,0.33209573995753033,0.2976644197201789,all
saliency,P20_frozen_cache,64,0.17914285177937825,0.6582858740332683,0.33069189325885007,0.29768765174579037,all
saliency,P20_frozen_cache,65,0.17373024276212123,0.6678869587517661,0.32895410264751596,0.29736050727206975,all
saliency,P20_frozen_cache,66,0.1678461715637807,0.6790963654904839,0.3270296789660993,0.29713857141949823,all
saliency,P20_frozen_cache,67,0.1610737577318288,0.6919998829666608,0.32442866617208915,0.2964881659468625,all
saliency,P20_frozen_cache,68,0.15900011799442024,0.6961221993445886,0.32392580834856477,0.2965391195536878,all
saliency,P20_frozen_cache,69,0.15153593621486391,0.7101034876341561,0.3214311602186768,0.2958551929916862,all
saliency,P20_frozen_cache,70,0.14562075779931144,0.721212739835758,0.3195828144509431,0.29552438657679775,all
saliency,P20_frozen_cache,71,0.1413791530838985,0.7304060254499777,0.31786274668587156,0.2949603278180733,all
saliency,P20_frozen_cache,72,0.13741599268560833,0.7378841497959935,0.3168662401375816,0.29494872690548485,all
saliency,P20_frozen_cache,73,0.13009192861540944,0.7503238550922391,0.31490940480425317,0.29440042932665245,all
saliency,P20_frozen_cache,74,0.12543695344465114,0.7602366851487699,0.3131577861815758,0.29383472606221606,all
saliency,P20_frozen_cache,75,0.12394689229104029,0.7638299623387016,0.3127252365903048,0.2938067929707225,all
saliency,P20_frozen_cache,76,0.11763029581739591,0.7771710950645029,0.3105268996944436,0.2931601836963629,all
saliency,P20_frozen_cache,77,0.11114781754086267,0.7893354649652383,0.30863045440198017,0.2926342753391256,all
saliency,P20_frozen_cache,78,0.1057865947288107,0.7986204688811724,0.30745260366942956,0.29244719892107385,all
saliency,P20_frozen_cache,79,0.10069126858618459,0.8088645352518671,0.3057977670268362,0.29180530256330167,all
saliency,P20_frozen_cache,80,0.09765791630269675,0.8155131909273813,0.3047219226753508,0.2912989601063257,all
saliency,P20_frozen_cache,81,0.08963310744176121,0.830224068096717,0.3024892213479466,0.29049303283479305,all
saliency,P20_frozen_cache,82,0.08420281508989287,0.8397102978799871,0.30140840376848993,0.29019642122906736,all
saliency,P20_frozen_cache,83,0.0796885133850747,0.8492688764445301,0.2999856116357992,0.2895839391413401,all
saliency,P20_frozen_cache,84,0.07609389763379583,0.8579757519523152,0.2984734075137424,0.2888028739983134,all
saliency,P20_frozen_cache,85,0.07116031700531235,0.8676236887169189,0.29705396771721365,0.28822289300240195,all
saliency,P20_frozen_cache,86,0.06532655440436436,0.8784812224046893,0.2955723099927156,0.28762148183785025,all
saliency,P20_frozen_cache,87,0.05789504269551873,0.8904370274722194,0.29425857350153617,0.2871957483501157,all
saliency,P20_frozen_cache,88,0.053568657296084135,0.8990767610945372,0.2931738683226176,0.2867700722369348,all
saliency,P20_frozen_cache,89,0.04904815013239241,0.9101769965164279,0.29138600186751284,0.285792479971606,all
saliency,P20_frozen_cache,90,0.04692710388013874,0.9155828156240001,0.29056617584161176,0.28535901337041075,all
saliency,P20_frozen_cache,91,0.037617297811790094,0.9300625897251638,0.28898022116724054,0.2847513505715626,all
saliency,P20_frozen_cache,92,0.03250464306325127,0.9404097268024116,0.2875354444258765,0.2839294376628141,all
saliency,P20_frozen_cache,93,0.028221148533591308,0.9498418368168653,0.2862727983765548,0.28330383757173244,all
saliency,P20_frozen_cache,94,0.025619527499876525,0.9569181537892284,0.2853430644581138,0.2828494140378071,all
saliency,P20_frozen_cache,95,0.022247451401205546,0.9646818242778838,0.28418037074880914,0.28220646434575675,all
saliency,P20_frozen_cache,96,0.00639151247598345,0.9828459221633369,0.2827357082765954,0.28196204420665105,all
saliency,P20_frozen_cache,97,0.0016069966724538956,0.9938683547064016,0.28115541701460334,0.28095388335893673,all
saliency,P20_frozen_cache,98,0.00040743771590848866,0.9986007345417334,0.2805385509535902,0.28050514416565236,all
saliency,P20_frozen_cache,99,5.442323531776657e-05,0.9997676723499286,0.2804170671317207,0.2804120954014367,all
saliency,P20_frozen_cache,100,0.0,1.0,0.28038742997514926,0.28038742997514926,all
atom_occlusion,P20_frozen_cache,0,1.0,0.0,0.0,0.0,bxaic
atom_occlusion,P20_frozen_cache,1,0.5907009070220492,0.03433237078756863,0.8027488700581994,0.40666558544054227,bxaic
atom_occlusion,P20_frozen_cache,2,0.5826008086626101,0.035991117963422324,0.7900347619539853,0.4034259755244635,bxaic
atom_occlusion,P20_frozen_cache,3,0.557361267623022,0.0436027270845386,0.7402369601779674,0.3814136750402421,bxaic
atom_occlusion,P20_frozen_cache,4,0.5280492876545168,0.05568394961121313,0.6870980519174665,0.360185320572135,bxaic
atom_occlusion,P20_frozen_cache,5,0.5069401245439779,0.067093059860275,0.6414067945824878,0.3362784923956618,bxaic
atom_occlusion,P20_frozen_cache,6,0.4906044048060133,0.07715738192242241,0.6077016797414612,0.32050367016614717,bxaic
atom_occlusion,P20_frozen_cache,7,0.47483171314219896,0.08705934596720556,0.5830556982569071,0.31275460177516584,bxaic
atom_occlusion,P20_frozen_cache,8,0.4632336488077379,0.09574094811495193,0.563363456388889,0.3050630036930898,bxaic
atom_occlusion,P20_frozen_cache,9,0.4506181045646121,0.10632891818828769,0.5425459769807895,0.2974277457302686,bxaic
atom_occlusion,P20_frozen_cache,10,0.43970885914217117,0.11572071807117386,0.5269402562567714,0.2930121283440563,bxaic
atom_occlusion,P20_frozen_cache,11,0.4285012166110881,0.12602195180277817,0.5117988476153179,0.2888345850220747,bxaic
atom_occlusion,P20_frozen_cache,12,0.418478302474269,0.13613426741432394,0.4986783243043825,0.2851627962532169,bxaic
atom_occlusion,P20_frozen_cache,13,0.4076722866379292,0.14650609113498622,0.48654103674213683,0.28330467956521205,bxaic
atom_occlusion,P20_frozen_cache,14,0.3971256872729307,0.15727522818672138,0.47579916776683634,0.28237989099536165,bxaic
atom_occlusion,P20_frozen_cache,15,0.38838013202258653,0.16642565311569987,0.4671681899921542,0.2815002976523924,bxaic
atom_occlusion,P20_frozen_cache,16,0.3795310085657914,0.1760980183370382,0.4588061375228131,0.2811269185522137,bxaic
atom_occlusion,P20_frozen_cache,17,0.37030386987358327,0.18639386682998693,0.45058461172434344,0.28089018186545134,bxaic
atom_occlusion,P20_frozen_cache,18,0.36037341519849775,0.19695413335579753,0.4434728677819707,0.28188091569121576,bxaic
atom_occlusion,P20_frozen_cache,19,0.3519742606522434,0.20675681034720322,0.4365904818240932,0.2818698997663658,bxaic
atom_occlusion,P20_frozen_cache,20,0.3457202949295385,0.21357708252542282,0.43265311472412465,0.2829174740133013,bxaic
atom_occlusion,P20_frozen_cache,21,0.3349577077112059,0.2270002262930737,0.42492928953995485,0.283538666565516,bxaic
atom_occlusion,P20_frozen_cache,22,0.3266035760421136,0.23720428094965676,0.41897680545154276,0.28412409674579325,bxaic
atom_occlusion,P20_frozen_cache,23,0.3193439275994669,0.24656273984215749,0.4139624386605702,0.2846177233721158,bxaic
atom_occlusion,P20_frozen_cache,24,0.31215549352024263,0.2563557141151657,0.40894555843750297,0.2848626279770288,bxaic
atom_occlusion,P20_frozen_cache,25,0.30717664685364976,0.2624980676499237,0.4060950055784633,0.2854754427289501,bxaic
atom_occlusion,P20_frozen_cache,26,0.29652409752957676,0.2768222721501397,0.39953916580891796,0.2857493839644137,bxaic
atom_occlusion,P20_frozen_cache,27,0.289158417139974,0.2870064946418707,0.39533349570446663,0.2864164381184881,bxaic
atom_occlusion,P20_frozen_cache,28,0.2818542989476076,0.29745926263133055,0.39088060074455616,0.28654670586214614,bxaic
atom_occlusion,P20_frozen_cache,29,0.27646970340600835,0.30583894207432266,0.38710718311446174,0.2860756634505624,bxaic
atom_occlusion,P20_frozen_cache,30,0.2702663006102897,0.3154485925327049,0.3832794457729239,0.2859239177109902,bxaic
atom_occlusion,P20_frozen_cache,31,0.263069261047749,0.3267947818547488,0.37883694207115975,0.2858025961320081,bxaic
atom_occlusion,P20_frozen_cache,32,0.25713614042822713,0.3364582895844176,0.37525125427838135,0.2853778584470908,bxaic
atom_occlusion,P20_frozen_cache,33,0.2519250297089279,0.3443873710022086,0.3723153103380431,0.28496793758155464,bxaic
atom_occlusion,P20_frozen_cache,34,0.24482316857289457,0.3563329823686507,0.3682209695711828,0.2846359814765071,bxaic
atom_occlusion,P20_frozen_cache,35,0.23762503424396222,0.36815636298921056,0.36448611374758205,0.2843561335593828,bxaic
atom_occlusion,P20_frozen_cache,36,0.23302143337325698,0.3764648289258709,0.3615915774346291,0.28362761547560017,bxaic
atom_occlusion,P20_frozen_cache,37,0.22729989215108434,0.3862623943391586,0.35855317574576545,0.28336060940139907,bxaic
atom_occlusion,P20_frozen_cache,38,0.22183812987811374,0.39696607053119226,0.35512111372752436,0.2821983294284038,bxaic
atom_occlusion,P20_frozen_cache,39,0.21643346199810676,0.4067525383265836,0.35220787654516694,0.2818040628280753,bxaic
atom_occlusion,P20_frozen_cache,40,0.21261226531469088,0.41331435785553,0.3501527265062913,0.2812924562291234,bxaic
atom_occlusion,P20_frozen_cache,41,0.20555352562945486,0.42707930395372096,0.34627756365765866,0.28044339690461756,bxaic
atom_occlusion,P20_frozen_cache,42,0.2004637282419567,0.43716468239718925,0.3434129753333523,0.27958228520349065,bxaic
atom_occlusion,P20_frozen_cache,43,0.1950543937215623,0.44799512453610707,0.340414111354771,0.2788287540227163,bxaic
atom_occlusion,P20_frozen_cache,44,0.19094257491047525,0.45648556872389473,0.33809761916394826,0.27809920757676304,bxaic
atom_occlusion,P20_frozen_cache,45,0.1864043013298442,0.46570239739370717,0.33573968597361814,0.2774064223835287,bxaic
atom_occlusion,P20_frozen_cache,46,0.18080587877712204,0.47751333183580114,0.33275047148818965,0.27650697180709133,bxaic
atom_occlusion,P20_frozen_cache,47,0.17659539151826809,0.4863123630740542,0.33054302315021405,0.2758382518287789,bxaic
atom_occlusion,P20_frozen_cache,48,0.1715322755963947,0.49653188974403284,0.3281268364553748,0.27532150767622987,bxaic
atom_occlusion,P20_frozen_cache,49,0.1667235461852798,0.5070554234035907,0.32560901644547513,0.2744440386643054,bxaic
atom_occlusion,P20_frozen_cache,50,0.16614796784745642,0.5081629909559577,0.3253595393913516,0.2743782717129571,bxaic
atom_occlusion,P20_frozen_cache,51,0.1580866711999765,0.5269118610767188,0.32101414159530633,0.27287415478768196,bxaic
atom_occlusion,P20_frozen_cache,52,0.15412378887687922,0.535963197584335,0.31903101289890967,0.2722106236569386,bxaic
atom_occlusion,P20_frozen_cache,53,0.14895390841077175,0.547654921406256,0.3164162239703713,0.2714747273617481,bxaic
atom_occlusion,P20_frozen_cache,54,0.14509854755765983,0.5562789404074867,0.3146107595616981,0.27094187552418497,bxaic
atom_occlusion,P20_frozen_cache,55,0.14100779243557243,0.5663726645467838,0.31247235708824256,0.27015718910908754,bxaic
atom_occlusion,P20_frozen_cache,56,0.1363285441613634,0.5774879285756489,0.3102332360235498,0.26952145503465746,bxaic
atom_occlusion,P20_frozen_cache,57,0.13296483443554155,0.5859792232033397,0.3084252812353471,0.2688243279812313,bxaic
atom_occlusion,P20_frozen_cache,58,0.12880707260851193,0.5966275898460986,0.3062215649532755,0.26807205923579663,bxaic
atom_occlusion,P20_frozen_cache,59,0.12474207961362108,0.6068888234382659,0.30423839216701376,0.2673899627821633,bxaic
atom_occlusion,P20_frozen_cache,60,0.12203936185974328,0.613979744773952,0.30287128078332043,0.26691806050029204,bxaic
atom_occlusion,P20_frozen_cache,61,0.11663589456532511,0.6272147461537302,0.30039068776963734,0.2661627702897673,bxaic
atom_occlusion,P20_frozen_cache,62,0.11295197385237808,0.6368262017120989,0.2985580617382329,0.2655778203095709,bxaic
atom_occlusion,P20_frozen_cache,63,0.10901235137611553,0.6477048901411572,0.2966843901530337,0.2649180540166883,bxaic
atom_occlusion,P20_frozen_cache,64,0.10589460617448601,0.6560302584024983,0.29517277501020794,0.2644697354175906,bxaic
atom_occlusion,P20_frozen_cache,65,0.10208862379785189,0.6658117644027778,0.293515424580288,0.2640253995370437,bxaic
atom_occlusion,P20_frozen_cache,66,0.09767133944777244,0.6774642796846161,0.29149540759715975,0.26335938843654033,bxaic
atom_occlusion,P20_frozen_cache,67,0.09314962843672323,0.6895799134781032,0.2894938533540175,0.2627645641561461,bxaic
atom_occlusion,P20_frozen_cache,68,0.09057828647107533,0.6960578392148469,0.2884564580283327,0.2624766054614713,bxaic
atom_occlusion,P20_frozen_cache,69,0.08642001485560005,0.7071733455372391,0.286752256639715,0.26206084057055107,bxaic
atom_occlusion,P20_frozen_cache,70,0.08249081287565804,0.7183465198269955,0.2848652457830231,0.26138183092880957,bxaic
atom_occlusion,P20_frozen_cache,71,0.07914853219955453,0.7281283424059882,0.2833268070594786,0.26085958263667713,bxaic
atom_occlusion,P20_frozen_cache,72,0.07628613409818116,0.7365142346682078,0.2819903384489153,0.2603952155695311,bxaic
atom_occlusion,P20_frozen_cache,73,0.07280945280694194,0.7469607898384413,0.28029030489941975,0.2598015315683604,bxaic
atom_occlusion,P20_frozen_cache,74,0.06939466358492882,0.7569700000931487,0.27873437473985396,0.25929807623285633,bxaic
atom_occlusion,P20_frozen_cache,75,0.06749264279637816,0.76261657853447,0.2779296494255243,0.2590512207554724,bxaic
atom_occlusion,P20_frozen_cache,76,0.0630730866751903,0.7761393732132051,0.27582093543161784,0.2582413003305242,bxaic
atom_occlusion,P20_frozen_cache,77,0.05960455682485628,0.7874045446381585,0.27404097919669895,0.2575788961576637,bxaic
atom_occlusion,P20_frozen_cache,78,0.056725404312277336,0.7965879912936326,0.2726672830135431,0.25710206543647274,bxaic
atom_occlusion,P20_frozen_cache,79,0.05343711808496585,0.8069670581872417,0.2710781568375574,0.25646614431784337,bxaic
atom_occlusion,P20_frozen_cache,80,0.05161699557905507,0.8137170201040654,0.27007215696814885,0.2559959233976898,bxaic
atom_occlusion,P20_frozen_cache,81,0.047514442807140345,0.8272113170447862,0.26802499110598804,0.2552642367786157,bxaic
atom_occlusion,P20_frozen_cache,82,0.044615641428686945,0.8368431286974715,0.26667655218911185,0.2547133347477483,bxaic
atom_occlusion,P20_frozen_cache,83,0.04149904064444827,0.8475751034736765,0.2651079176448286,0.2540164719728283,bxaic
atom_occlusion,P20_frozen_cache,84,0.03897189372728604,0.8563970689913275,0.2638313417693473,0.2534408059784325,bxaic
atom_occlusion,P20_frozen_cache,85,0.03624073976041301,0.8656431884773319,0.2625004411040756,0.2529022185896436,bxaic
atom_occlusion,P20_frozen_cache,86,0.03303567900940439,0.8766991195527282,0.26099090973734107,0.2522952775302239,bxaic
atom_occlusion,P20_frozen_cache,87,0.030103746735252117,0.8874611933453332,0.25943936016547187,0.25157276692417113,bxaic
atom_occlusion,P20_frozen_cache,88,0.027569093936889322,0.8963608199140521,0.25824361379283284,0.2510262345362492,bxaic
atom_occlusion,P20_frozen_cache,89,0.02436955383774071,0.9079453326775443,0.25668607997456044,0.2503777560881673,bxaic
atom_occlusion,P20_frozen_cache,90,0.02250737681915748,0.9146147683110302,0.25576929386960684,0.24994272607328685,bxaic
atom_occlusion,P20_frozen_cache,91,0.018828174676377096,0.9276383662920313,0.25406150869835786,0.24924023030056155,bxaic
atom_occlusion,P20_frozen_cache,92,0.016368761681798672,0.936754139213422,0.2528912769017591,0.24867793644159789,bxaic
atom_occlusion,P20_frozen_cache,93,0.013710453375394612,0.946915001772244,0.25158323525508924,0.24811756768373344,bxaic
atom_occlusion,P20_frozen_cache,94,0.011074573898876231,0.9566348903208706,0.250328170912077,0.2474908305328563,bxaic
atom_occlusion,P20_frozen_cache,95,0.00895675320762647,0.9650046187905396,0.24919747912238582,0.24685325881052908,bxaic
atom_occlusion,P20_frozen_cache,96,0.005667300978945238,0.9768111377171607,0.24784078187849334,0.2464582432853124,bxaic
atom_occlusion,P20_frozen_cache,97,0.0017431044172130754,0.9903645573957738,0.24616851177544263,0.24588310222609538,bxaic
atom_occlusion,P20_frozen_cache,98,0.00038644105244882074,0.9978011542798668,0.2451046256916834,0.2450636284208634,bxaic
atom_occlusion,P20_frozen_cache,99,5.4703516543174324e-05,0.999634913692745,0.2448757197937271,0.24486983256130773,bxaic
atom_occlusion,P20_frozen_cache,100,0.0,1.0,0.24482124365543423,0.24482124365543423,bxaic
gradinput,P01_checkpoint_rerun,0,1.0,0.0,0.0,0.0,bxaic
gradinput,P01_checkpoint_rerun,1,0.6052399681045403,0.03433237078756863,0.6957220413169865,0.3920957074388222,bxaic
gradinput,P01_checkpoint_rerun,2,0.5992712262392347,0.035991117963422324,0.6824493290884084,0.386644586115335,bxaic
gradinput,P01_checkpoint_rerun,3,0.5783337494654436,0.0436027270845386,0.6366919471402711,0.3603106688118484,bxaic
gradinput,P01_checkpoint_rerun,4,0.5544503732525267,0.05568394961121313,0.5870559125586292,0.3336322677882507,bxaic
gradinput,P01_checkpoint_rerun,5,0.5375058811105146,0.067093059860275,0.542412703398191,0.3057231689153498,bxaic
gradinput,P01_checkpoint_rerun,6,0.5245202728708385,0.07715738192242241,0.511377622697599,0.2867043856525805,bxaic
gradinput,P01_checkpoint_rerun,7,0.5123981272397812,0.08705934596720556,0.4882706953061214,0.27549020028634624,bxaic
gradinput,P01_checkpoint_rerun,8,0.5038081434281643,0.09574094811495193,0.4701418787765591,0.26508586215681046,bxaic
gradinput,P01_checkpoint_rerun,9,0.4943864078089046,0.10632891818828769,0.45066505265015927,0.25448831807926847,bxaic
gradinput,P01_checkpoint_rerun,10,0.4865782727596491,0.11572071807117386,0.435965964754437,0.24728859394552988,bxaic
gradinput,P01_checkpoint_rerun,11,0.47872128010568277,0.12602195180277817,0.42159537494841104,0.24004698433732807,bxaic
gradinput,P01_checkpoint_rerun,12,0.4715951225642554,0.13613426741432394,0.4088986842328596,0.23365540991296888,bxaic
gradinput,P01_checkpoint_rerun,13,0.4637955994123805,0.14650609113498622,0.3978852440112144,0.2289733936161254,bxaic
gradinput,P01_checkpoint_rerun,14,0.4564465964593149,0.15727522818672138,0.38769421739667786,0.22513988706033133,bxaic
gradinput,P01_checkpoint_rerun,15,0.45016731430092355,0.16642565311569987,0.3795863550067947,0.22196979726462798,bxaic
gradinput,P01_checkpoint_rerun,16,0.44349304694760494,0.1760980183370382,0.37260596983572764,0.21976379423335704,bxaic
gradinput,P01_checkpoint_rerun,17,0.43690475224055264,0.18639386682998693,0.36475600716894835,0.2170314375781656,bxaic
gradinput,P01_checkpoint_rerun,18,0.42980339271283785,0.19695413335579753,0.3582776070433679,0.21550631013784424,bxaic
gradinput,P01_checkpoint_rerun,19,0.4238525180993746,0.20675681034720322,0.3519154559434422,0.213541441402433,bxaic
gradinput,P01_checkpoint_rerun,20,0.419288443477354,0.21357708252542282,0.34827270084892464,0.21318135614052,bxaic
gradinput,P01_checkpoint_rerun,21,0.41104450967923395,0.2270002262930737,0.3416509797652605,0.21177841336821895,bxaic
gradinput,P01_checkpoint_rerun,22,0.4046215375334591,0.23720428094965676,0.3369237088429197,0.21114069217567125,bxaic
gradinput,P01_checkpoint_rerun,23,0.39894885826014886,0.24656273984215749,0.3327735042725977,0.2105744566783198,bxaic
gradinput,P01_checkpoint_rerun,24,0.3929886528340142,0.2563557141151657,0.3290225406707669,0.2102685693539672,bxaic
gradinput,P01_checkpoint_rerun,25,0.38906022152950276,0.2624980676499237,0.3268521649495824,0.21033183382672346,bxaic
gradinput,P01_checkpoint_rerun,26,0.38081922540311286,0.2768222721501397,0.3214321406200556,0.20947998209702362,bxaic
gradinput,P01_checkpoint_rerun,27,0.37493942269862673,0.2870064946418707,0.3182421632968707,0.20946793962370067,bxaic
gradinput,P01_checkpoint_rerun,28,0.368877988292751,0.29745926263133055,0.3150293938769222,0.20941764665133603,bxaic
gradinput,P01_checkpoint_rerun,29,0.3641459767814415,0.30583894207432266,0.3123949844419565,0.20927067437952102,bxaic
gradinput,P01_checkpoint_rerun,30,0.358754085523922,0.3154485925327049,0.3095412545420861,0.2091502296500051,bxaic
gradinput,P01_checkpoint_rerun,31,0.3525111749174838,0.3267947818547488,0.3065055517991235,0.2092051762619988,bxaic
gradinput,P01_checkpoint_rerun,32,0.3474543970066527,0.3364582895844176,0.30399513260335315,0.20901651512205244,bxaic
gradinput,P01_checkpoint_rerun,33,0.34285957881275525,0.3443873710022086,0.3021458603981682,0.20925704812271215,bxaic
gradinput,P01_checkpoint_rerun,34,0.33691473583430376,0.3563329823686507,0.2989090025992768,0.20901012198258992,bxaic
gradinput,P01_checkpoint_rerun,35,0.3305000187744141,0.36815636298921056,0.2965503702189919,0.20938942492965232,bxaic
gradinput,P01_checkpoint_rerun,36,0.32649705547108077,0.3764648289258709,0.2943395131825178,0.2090983018429556,bxaic
gradinput,P01_checkpoint_rerun,37,0.3214732622186994,0.3862623943391586,0.2922759384184208,0.20925883031923836,bxaic
gradinput,P01_checkpoint_rerun,38,0.31634179221901865,0.39696607053119226,0.2900684073851126,0.20912931901667706,bxaic
gradinput,P01_checkpoint_rerun,39,0.31168389558584114,0.4067525383265836,0.2879393943431552,0.2091114606530786,bxaic
gradinput,P01_checkpoint_rerun,40,0.30823371450351145,0.41331435785553,0.28665692329060954,0.20922120827450782,bxaic
gradinput,P01_checkpoint_rerun,41,0.30148168643097295,0.42707930395372096,0.2842660840601358,0.2095844612081788,bxaic
gradinput,P01_checkpoint_rerun,42,0.29703810121975266,0.43716468239718925,0.2821572923776642,0.2093475488298043,bxaic
gradinput,P01_checkpoint_rerun,43,0.2920585748079051,0.44799512453610707,0.2801738881192626,0.2094129759131431,bxaic
gradinput,P01_checkpoint_rerun,44,0.28801754516252903,0.45648556872389473,0.27874190931114384,0.20947935723077743,bxaic
gradinput,P01_checkpoint_rerun,45,0.2837680421269631,0.46570239739370717,0.2772427873707496,0.20964655610656172,bxaic
gradinput,P01_checkpoint_rerun,46,0.2783713315191613,0.47751333183580114,0.27534967616766526,0.20979954488025904,bxaic
gradinput,P01_checkpoint_rerun,47,0.27408386071289914,0.4863123630740542,0.2741181167084415,0.21008888314224894,bxaic
gradinput,P01_checkpoint_rerun,48,0.2694320986128076,0.49653188974403284,0.2725250229090328,0.21028577211368438,bxaic
gradinput,P01_checkpoint_rerun,49,0.2645029482683977,0.5070554234035907,0.2710932546632767,0.21061063803427732,bxaic
gradinput,P01_checkpoint_rerun,50,0.2641037875585201,0.5081629909559577,0.27083597953297894,0.210512400155174,bxaic
gradinput,P01_checkpoint_rerun,51,0.2558869042766375,0.5269118610767188,0.2682348357972787,0.21080644331908593,bxaic
gradinput,P01_checkpoint_rerun,52,0.2517876418292143,0.535963197584335,0.2671058421665475,0.2110722931967421,bxaic
gradinput,P01_checkpoint_rerun,53,0.24624822593458712,0.547654921406256,0.26574836453772943,0.2115932634777605,bxaic
gradinput,P01_checkpoint_rerun,54,0.24216755288841846,0.5562789404074867,0.26478147465463436,0.21195441847300112,bxaic
gradinput,P01_checkpoint_rerun,55,0.23782900100243692,0.5663726645467838,0.26352053330416486,0.21212586461694394,bxaic
gradinput,P01_checkpoint_rerun,56,0.23256741795145786,0.5774879285756489,0.2624081493333075,0.21268959277150365,bxaic
gradinput,P01_checkpoint_rerun,57,0.22869826283503003,0.5859792232033397,0.2615258881616837,0.21296161741115688,bxaic
gradinput,P01_checkpoint_rerun,58,0.2237838152922944,0.5966275898460986,0.26043751244257357,0.21342007520247713,bxaic
gradinput,P01_checkpoint_rerun,59,0.21945684582341532,0.6068888234382659,0.2592832522437251,0.21363091451691155,bxaic
gradinput,P01_checkpoint_rerun,60,0.2162354043937887,0.613979744773952,0.25864991495969203,0.213949834996497,bxaic
gradinput,P01_checkpoint_rerun,61,0.20993136017893096,0.6272147461537302,0.257457073340944,0.21461394583941767,bxaic
gradinput,P01_checkpoint_rerun,62,0.20570218590140477,0.6368262017120989,0.256510416776027,0.21498340172389477,bxaic
gradinput,P01_checkpoint_rerun,63,0.20078830753663665,0.6477048901411572,0.2556555213504375,0.21544708183785036,bxaic
gradinput,P01_checkpoint_rerun,64,0.19680443997257863,0.6560302584024983,0.2550271243227485,0.21593204526634138,bxaic
gradinput,P01_checkpoint_rerun,65,0.19247211630698885,0.6658117644027778,0.2541735225045657,0.2163466695219786,bxaic
gradinput,P01_checkpoint_rerun,66,0.18691107886602126,0.6774642796846161,0.25333988291970283,0.21703125480833743,bxaic
gradinput,P01_checkpoint_rerun,67,0.18124739596297118,0.6895799134781032,0.25247895935779935,0.21770205766755238,bxaic
gradinput,P01_checkpoint_rerun,68,0.1782283011368065,0.6960578392148469,0.25195517896587594,0.2179551039763423,bxaic
gradinput,P01_checkpoint_rerun,69,0.17288187415234219,0.7071733455372391,0.25129911940530986,0.21869298370383658,bxaic
gradinput,P01_checkpoint_rerun,70,0.16751593134853832,0.7183465198269955,0.2505872235250844,0.2193366904512781,bxaic
gradinput,P01_checkpoint_rerun,71,0.1629713673182292,0.7281283424059882,0.2499812615169272,0.2198665366945867,bxaic
gradinput,P01_checkpoint_rerun,72,0.15913876554483544,0.7365142346682078,0.24938687606024398,0.22023336515028888,bxaic
gradinput,P01_checkpoint_rerun,73,0.15402203113386284,0.7469607898384413,0.24881089017131455,0.2208973710701842,bxaic
gradinput,P01_checkpoint_rerun,74,0.14907055216688403,0.7569700000931487,0.24832701595623993,0.22162206811468493,bxaic
gradinput,P01_checkpoint_rerun,75,0.14647366295944317,0.76261657853447,0.24799070702515266,0.22189472937081506,bxaic
gradinput,P01_checkpoint_rerun,76,0.13972491395092487,0.7761393732132051,0.24727082662303304,0.2226796996607263,bxaic
gradinput,P01_checkpoint_rerun,77,0.13424449261064794,0.7874045446381585,0.24669424307164856,0.22343116852408398,bxaic
gradinput,P01_checkpoint_rerun,78,0.12979020371167338,0.7965879912936326,0.24621992582035165,0.2239964331075107,bxaic
gradinput,P01_checkpoint_rerun,79,0.1242689083768216,0.8069670581872417,0.24580130136657324,0.224724164936573,bxaic
gradinput,P01_checkpoint_rerun,80,0.1207475453797066,0.8137170201040654,0.2455759208039516,0.22516935212923395,bxaic
gradinput,P01_checkpoint_rerun,81,0.11358825660102811,0.8272113170447862,0.24506473165132744,0.22626654752686887,bxaic
gradinput,P01_checkpoint_rerun,82,0.1086199461863686,0.8368431286974715,0.24469592508775492,0.22688133347871647,bxaic
gradinput,P01_checkpoint_rerun,83,0.10269523299169551,0.8475751034736765,0.24437700168088555,0.2276663180192879,bxaic
gradinput,P01_checkpoint_rerun,84,0.0977708544247659,0.8563970689913275,0.24416263020466625,0.22838156091947429,bxaic
gradinput,P01_checkpoint_rerun,85,0.09237151128618563,0.8656431884773319,0.2439475624464342,0.2292037677250556,bxaic
gradinput,P01_checkpoint_rerun,86,0.08604942679256299,0.8766991195527282,0.24371569070971835,0.2301552848340122,bxaic
gradinput,P01_checkpoint_rerun,87,0.0794127858503945,0.8874611933453332,0.24361510530644928,0.23122296993337668,bxaic
gradinput,P01_checkpoint_rerun,88,0.07406050935444489,0.8963608199140521,0.24349321788647954,0.23200311769345314,bxaic
gradinput,P01_checkpoint_rerun,89,0.066820295558209,0.9079453326775443,0.24347162845878842,0.23329435451378128,bxaic
gradinput,P01_checkpoint_rerun,90,0.06241536203853464,0.9146147683110302,0.2434353833769197,0.23395498324444433,bxaic
gradinput,P01_checkpoint_rerun,91,0.05404747475367128,0.9276383662920313,0.2434141866203802,0.23540142226347507,bxaic
gradinput,P01_checkpoint_rerun,92,0.04789016251267386,0.936754139213422,0.24347562738179523,0.23639948307173445,bxaic
gradinput,P01_checkpoint_rerun,93,0.04099064901179087,0.946915001772244,0.2435434769262204,0.23760332515404278,bxaic
gradinput,P01_checkpoint_rerun,94,0.03411575325131479,0.9566348903208706,0.24362476681907702,0.23871139229526217,bxaic
gradinput,P01_checkpoint_rerun,95,0.028372505727109493,0.9650046187905396,0.24364142443758643,0.2395953482744,bxaic
gradinput,P01_checkpoint_rerun,96,0.01959950664311971,0.9768111377171607,0.24410742335127655,0.2416025158562645,bxaic
gradinput,P01_checkpoint_rerun,97,0.008124215870983411,0.9903645573957738,0.24470263489252964,0.24399112060878664,bxaic
gradinput,P01_checkpoint_rerun,98,0.00244830038745726,0.9978011542798668,0.2447599033324024,0.24463865538362492,bxaic
gradinput,P01_checkpoint_rerun,99,0.0004603642681554045,0.999634913692745,0.24482837724571344,0.24481262480414004,bxaic
gradinput,P01_checkpoint_rerun,100,0.0,1.0,0.24482124365543423,0.24482124365543423,bxaic
ig,P01_checkpoint_rerun,0,1.0,0.0,0.0,0.0,bxaic
ig,P01_checkpoint_rerun,1,0.6022248606306978,0.03433237078756863,0.7079699055771763,0.3951296500083434,bxaic
ig,P01_checkpoint_rerun,2,0.5957883011967678,0.035991117963422324,0.6967319206136233,0.39018218931303233,bxaic
ig,P01_checkpoint_rerun,3,0.5743201241578133,0.0436027270845386,0.6483964151774456,0.36435035961210843,bxaic
ig,P01_checkpoint_rerun,4,0.5493438542823095,0.05568394961121313,0.5984896361098245,0.3386285234345491,bxaic
ig,P01_checkpoint_rerun,5,0.5312965519080559,0.067093059860275,0.5549910076741325,0.31164632539352455,bxaic
ig,P01_checkpoint_rerun,6,0.5177443276010909,0.07715738192242241,0.5231946892189138,0.2930330688850414,bxaic
ig,P01_checkpoint_rerun,7,0.5048236259375302,0.08705934596720556,0.5004591505237552,0.2824828104136094,bxaic
ig,P01_checkpoint_rerun,8,0.49552619688454935,0.09574094811495193,0.4822575894409721,0.2724847160409382,bxaic
ig,P01_checkpoint_rerun,9,0.48532517535885294,0.10632891818828769,0.4627548037441308,0.2624163901021322,bxaic
ig,P01_checkpoint_rerun,10,0.47639861789543353,0.11572071807117386,0.44898034436392553,0.2559247771463982,bxaic
ig,P01_checkpoint_rerun,11,0.46747177427264647,0.12602195180277817,0.43497597047658215,0.24938061529589023,bxaic
ig,P01_checkpoint_rerun,12,0.4595650234591341,0.13613426741432394,0.4226014526600989,0.24354031923838163,bxaic
ig,P01_checkpoint_rerun,13,0.4512668407908427,0.14650609113498622,0.4108225574124476,0.2390219972429368,bxaic
ig,P01_checkpoint_rerun,14,0.4427388117567944,0.15727522818672138,0.4013431693980335,0.23599524723198664,bxaic
ig,P01_checkpoint_rerun,15,0.43584780678860974,0.16642565311569987,0.3935146624299783,0.2331795679124771,bxaic
ig,P01_checkpoint_rerun,16,0.42858643853629314,0.1760980183370382,0.3865164141255709,0.23125871069364126,bxaic
ig,P01_checkpoint_rerun,17,0.42112695650529147,0.18639386682998693,0.37910069954160713,0.22916250969117727,bxaic
ig,P01_checkpoint_rerun,18,0.41300705744829863,0.19695413335579753,0.3730843412162449,0.2282871407203853,bxaic
ig,P01_checkpoint_rerun,19,0.40599045594901323,0.20675681034720322,0.36736373081789975,0.22691609255698694,bxaic
ig,P01_checkpoint_rerun,20,0.40052886131694987,0.21357708252542282,0.36440564173107043,0.2271337481263229,bxaic
ig,P01_checkpoint_rerun,21,0.3909354810501643,0.2270002262930737,0.35849149584742473,0.22655155167811117,bxaic
ig,P01_checkpoint_rerun,22,0.38337192731029784,0.23720428094965676,0.3542509758009405,0.22647431560701234,bxaic
ig,P01_checkpoint_rerun,23,0.376606002451438,0.24656273984215749,0.35078688532895497,0.22660779086059404,bxaic
ig,P01_checkpoint_rerun,24,0.3700427595977621,0.2563557141151657,0.3471532183640861,0.22654049533152545,bxaic
ig,P01_checkpoint_rerun,25,0.36541162579267134,0.2624980676499237,0.3453257274707542,0.22693968701066078,bxaic
ig,P01_checkpoint_rerun,26,0.35570612268784757,0.2768222721501397,0.3405731613290536,0.22684486310800112,bxaic
ig,P01_checkpoint_rerun,27,0.34881392980715864,0.2870064946418707,0.3378249197029587,0.22735669953100587,bxaic
ig,P01_checkpoint_rerun,28,0.3416544317985184,0.29745926263133055,0.3350064151560325,0.22780998737338357,bxaic
ig,P01_checkpoint_rerun,29,0.3361697715255034,0.30583894207432266,0.33273047301864017,0.22800183498096013,bxaic
ig,P01_checkpoint_rerun,30,0.32994694717752576,0.3154485925327049,0.3303356239144652,0.22833416948899152,bxaic
ig,P01_checkpoint_rerun,31,0.32256638351686096,0.3267947818547488,0.3277320716094228,0.2289498004738081,bxaic
ig,P01_checkpoint_rerun,32,0.3167853844598243,0.3364582895844176,0.32533238972570727,0.2290745540456194,bxaic
ig,P01_checkpoint_rerun,33,0.3113092558476276,0.3443873710022086,0.323783960765811,0.2297071642810458,bxaic
ig,P01_checkpoint_rerun,34,0.3042224621163901,0.3563329823686507,0.3211039141286515,0.2300192314133914,bxaic
ig,P01_checkpoint_rerun,35,0.29662685743624145,0.36815636298921056,0.31908740638266975,0.23092772800015515,bxaic
ig,P01_checkpoint_rerun,36,0.2917047817354565,0.3764648289258709,0.3172933424489059,0.23103239789661684,bxaic
ig,P01_checkpoint_rerun,37,0.2858631638484013,0.3862623943391586,0.3153477867654294,0.23145735725065,bxaic
ig,P01_checkpoint_rerun,38,0.27965977712079265,0.39696607053119226,0.3134043780943867,0.23168568941939852,bxaic
ig,P01_checkpoint_rerun,39,0.27396519184318296,0.4067525383265836,0.3116110067443169,0.23214921669370714,bxaic
ig,P01_checkpoint_rerun,40,0.26998494714169435,0.41331435785553,0.3103845589854331,0.23240660323026083,bxaic
ig,P01_checkpoint_rerun,41,0.2624682484772514,0.42707930395372096,0.3079903044044337,0.2329372775321925,bxaic
ig,P01_checkpoint_rerun,42,0.2570007185303992,0.43716468239718925,0.3062188970710282,0.23313041646081883,bxaic
ig,P01_checkpoint_rerun,43,0.25102775592453636,0.44799512453610707,0.30446469952456345,0.23359989555409674,bxaic
ig,P01_checkpoint_rerun,44,0.24658436782229817,0.45648556872389473,0.30296684526364354,0.23374788890431303,bxaic
ig,P01_checkpoint_rerun,45,0.2415706874496574,0.46570239739370717,0.3015713586180972,0.23413025667719214,bxaic
ig,P01_checkpoint_rerun,46,0.2353486558612425,0.47751333183580114,0.2997739090231046,0.23457574810237536,bxaic
ig,P01_checkpoint_rerun,47,0.23053530866585067,0.4863123630740542,0.29854870713772597,0.2349600155492804,bxaic
ig,P01_checkpoint_rerun,48,0.22532218944359467,0.49653188974403284,0.29696302098450056,0.23534224883210647,bxaic
ig,P01_checkpoint_rerun,49,0.21979634919173385,0.5070554234035907,0.2954717755164511,0.23573166940575035,bxaic
ig,P01_checkpoint_rerun,50,0.21919022051719825,0.5081629909559577,0.2953382959318875,0.23574926131549354,bxaic
ig,P01_checkpoint_rerun,51,0.20990463349150534,0.5269118610767188,0.2926845819441624,0.23626832486107308,bxaic
ig,P01_checkpoint_rerun,52,0.20535987991380106,0.535963197584335,0.29146431802010714,0.23651540411883717,bxaic
ig,P01_checkpoint_rerun,53,0.1994529242865215,0.547654921406256,0.28988370999169855,0.23702633474320825,bxaic
ig,P01_checkpoint_rerun,54,0.19490304423327404,0.5562789404074867,0.2888683063780944,0.23745793622995603,bxaic
ig,P01_checkpoint_rerun,55,0.19019899969700776,0.5663726645467838,0.28749212355149967,0.23762967645784885,bxaic
ig,P01_checkpoint_rerun,56,0.18459100133327416,0.5774879285756489,0.28624344753433734,0.23821643181756197,bxaic
ig,P01_checkpoint_rerun,57,0.1805119912203956,0.5859792232033397,0.2851762335284619,0.2383948560657438,bxaic
ig,P01_checkpoint_rerun,58,0.17532184713947702,0.5966275898460986,0.28388638549663286,0.23880564028505155,bxaic
ig,P01_checkpoint_rerun,59,0.17065389909921214,0.6068888234382659,0.2825820180936286,0.23899538813303778,bxaic
ig,P01_checkpoint_rerun,60,0.16747790661071318,0.613979744773952,0.28168809700677405,0.23913384016206388,bxaic
ig,P01_checkpoint_rerun,61,0.16112231085601006,0.6272147461537302,0.280107666906961,0.23957950200900777,bxaic
ig,P01_checkpoint_rerun,62,0.15672850225972823,0.6368262017120989,0.2789472264130178,0.2398489736702877,bxaic
ig,P01_checkpoint_rerun,63,0.15197293079063717,0.6477048901411572,0.27768585746029883,0.24001281731957663,bxaic
ig,P01_checkpoint_rerun,64,0.1482358460766018,0.6560302584024983,0.2767171841991431,0.24024543163094852,bxaic
ig,P01_checkpoint_rerun,65,0.14386142030606547,0.6658117644027778,0.27558825100649686,0.24048334600682414,bxaic
ig,P01_checkpoint_rerun,66,0.13851251246726837,0.6774642796846161,0.2742822313404819,0.24078808932614187,bxaic
ig,P01_checkpoint_rerun,67,0.13341232932401942,0.6895799134781032,0.2728439610947396,0.24099171803610567,bxaic
ig,P01_checkpoint_rerun,68,0.13051215736441488,0.6960578392148469,0.27209429281750486,0.24106634385321238,bxaic
ig,P01_checkpoint_rerun,69,0.12566348993003942,0.7071733455372391,0.2708747500367762,0.24130947929518404,bxaic
ig,P01_checkpoint_rerun,70,0.12108159236451778,0.7183465198269955,0.26953275980829894,0.2413829622487755,bxaic
ig,P01_checkpoint_rerun,71,0.11706252118740876,0.7281283424059882,0.26844299244184217,0.241452955628535,bxaic
ig,P01_checkpoint_rerun,72,0.11379084322164988,0.7365142346682078,0.26740782023125564,0.24139826340174,bxaic
ig,P01_checkpoint_rerun,73,0.10963343955618951,0.7469607898384413,0.26615631263810025,0.2413992122646246,bxaic
ig,P01_checkpoint_rerun,74,0.10554142091392416,0.7569700000931487,0.2650336758277689,0.24148461575349597,bxaic
ig,P01_checkpoint_rerun,75,0.10339971738939101,0.76261657853447,0.2644083680543248,0.24146383877393232,bxaic
ig,P01_checkpoint_rerun,76,0.09785222395357293,0.7761393732132051,0.26293851591745065,0.2415038866724739,bxaic
ig,P01_checkpoint_rerun,77,0.09346494636811109,0.7874045446381585,0.26166622841040926,0.2415227184442424,bxaic
ig,P01_checkpoint_rerun,78,0.08964771964784148,0.7965879912936326,0.2607416192146526,0.24160582553194485,bxaic
ig,P01_checkpoint_rerun,79,0.0854406396584055,0.8069670581872417,0.2596004392076646,0.24154414542285738,bxaic
ig,P01_checkpoint_rerun,80,0.08278706985245933,0.8137170201040654,0.25895345102856554,0.24152766485478075,bxaic
ig,P01_checkpoint_rerun,81,0.07717488368536739,0.8272113170447862,0.25759485810842886,0.24169613116302435,bxaic
ig,P01_checkpoint_rerun,82,0.07346483796331225,0.8368431286974715,0.2566425880115513,0.2416582592178941,bxaic
ig,P01_checkpoint_rerun,83,0.06919848561944139,0.8475751034736765,0.2555632967727311,0.24158806878191422,bxaic
ig,P01_checkpoint_rerun,84,0.06558862631919006,0.8563970689913275,0.25474845030231424,0.24160388276295328,bxaic
ig,P01_checkpoint_rerun,85,0.061552502311767,0.8656431884773319,0.2539241051594567,0.2417120022153576,bxaic
ig,P01_checkpoint_rerun,86,0.05703396007136586,0.8766991195527282,0.25294637435825906,0.24179459986552596,bxaic
ig,P01_checkpoint_rerun,87,0.05223499506013694,0.8874611933453332,0.2521223753515506,0.24200788334965173,bxaic
ig,P01_checkpoint_rerun,88,0.04825834085512282,0.8963608199140521,0.2514343974547299,0.2421103182758985,bxaic
ig,P01_checkpoint_rerun,89,0.04311799903136956,0.9079453326775443,0.2505955080670287,0.2424012311490594,bxaic
ig,P01_checkpoint_rerun,90,0.0400216280821521,0.9146147683110302,0.2501087554800568,0.24251852170016888,bxaic
ig,P01_checkpoint_rerun,91,0.0340875222842495,0.9276383662920313,0.24922411332168418,0.24289784963324376,bxaic
ig,P01_checkpoint_rerun,92,0.029903446447742343,0.936754139213422,0.24864177965765308,0.2430981637912218,bxaic
ig,P01_checkpoint_rerun,93,0.02536641157676613,0.946915001772244,0.2479679520980988,0.24337086643812858,bxaic
ig,P01_checkpoint_rerun,94,0.020995075138282488,0.9566348903208706,0.24727390621066103,0.2434803510179116,bxaic
ig,P01_checkpoint_rerun,95,0.017160233161411548,0.9650046187905396,0.24674589709956485,0.24365372946013905,bxaic
ig,P01_checkpoint_rerun,96,0.011371137710470486,0.9768111377171607,0.24621525378561773,0.24432864259037743,bxaic
ig,P01_checkpoint_rerun,97,0.004571711215548839,0.9903645573957738,0.24542454775006278,0.24490098795319426,bxaic
ig,P01_checkpoint_rerun,98,0.0013911601232776095,0.9978011542798668,0.2448745407837263,0.24477004525883558,bxaic
ig,P01_checkpoint_rerun,99,0.00028730729538819236,0.999634913692745,0.2448325924845236,0.24481638419771876,bxaic
ig,P01_checkpoint_rerun,100,0.0,1.0,0.24482124365543423,0.24482124365543423,bxaic
saliency,P20_frozen_cache,0,1.0,0.0,0.0,0.0,bxaic
saliency,P20_frozen_cache,1,0.7357387814395876,0.03433237078756863,0.5571495996615494,0.26175519796587865,bxaic
saliency,P20_frozen_cache,2,0.7277616398450801,0.035991117963422324,0.5505709106001467,0.2593577013518252,bxaic
saliency,P20_frozen_cache,3,0.7003685339763494,0.0436027270845386,0.5251568523325459,0.24528351428116893,bxaic
saliency,P20_frozen_cache,4,0.6607854505982205,0.05568394961121313,0.5106486429295981,0.24344003417759413,bxaic
saliency,P20_frozen_cache,5,0.631303961676502,0.067093059860275,0.4898329086283413,0.23289819258760266,bxaic
saliency,P20_frozen_cache,6,0.6092192083698954,0.07715738192242241,0.47406325337667127,0.2258045970782447,bxaic
saliency,P20_frozen_cache,7,0.5901211512078396,0.08705934596720556,0.46264469199292685,0.2234397724722068,bxaic
saliency,P20_frozen_cache,8,0.5738757776934938,0.09574094811495193,0.45265241074376883,0.22033785900850908,bxaic
saliency,P20_frozen_cache,9,0.5537212196746469,0.10632891818828769,0.443625676946139,0.2196758875579002,bxaic
saliency,P20_frozen_cache,10,0.5366423068580796,0.11572071807117386,0.4367995044815846,0.2197952443364599,bxaic
saliency,P20_frozen_cache,11,0.5192879070184466,0.12602195180277817,0.42959856900567245,0.21969341395281475,bxaic
saliency,P20_frozen_cache,12,0.5043206509468583,0.13613426741432394,0.4224238455553641,0.21899243438723157,bxaic
saliency,P20_frozen_cache,13,0.4881379924785518,0.14650609113498622,0.4172515516971343,0.22072376958069911,bxaic
saliency,P20_frozen_cache,14,0.4743447213320975,0.15727522818672138,0.4110516268153533,0.22138021656188958,bxaic
saliency,P20_frozen_cache,15,0.46424749046571867,0.16642565311569987,0.405229574792462,0.221289987682365,bxaic
saliency,P20_frozen_cache,16,0.45297498908238815,0.1760980183370382,0.4005959959786013,0.22233814113641476,bxaic
saliency,P20_frozen_cache,17,0.4419525348628458,0.18639386682998693,0.39553144921809985,0.22318956987542338,bxaic
saliency,P20_frozen_cache,18,0.43105123908738113,0.19695413335579753,0.3906606171583148,0.2241975876460101,bxaic
saliency,P20_frozen_cache,19,0.4215651692676851,0.20675681034720322,0.3863493241660637,0.2247182458487009,bxaic
saliency,P20_frozen_cache,20,0.415044526942172,0.21357708252542282,0.3835581076234842,0.22573781487498115,bxaic
saliency,P20_frozen_cache,21,0.4025355587288471,0.2270002262930737,0.3780913695181573,0.227004292879121,bxaic
saliency,P20_frozen_cache,22,0.3933705157852336,0.23720428094965676,0.3743117305854242,0.22817906965531237,bxaic
saliency,P20_frozen_cache,23,0.38520167130316435,0.24656273984215749,0.37149577100794773,0.22947859895053632,bxaic
saliency,P20_frozen_cache,24,0.3770422026535544,0.2563557141151657,0.36830032504599197,0.2306164818104222,bxaic
saliency,P20_frozen_cache,25,0.37141327620533665,0.2624980676499237,0.3667270487511384,0.23174079728270827,bxaic
saliency,P20_frozen_cache,26,0.35958178887009634,0.2768222721501397,0.36212374720066764,0.23311172065357297,bxaic
saliency,P20_frozen_cache,27,0.3519248945412132,0.2870064946418707,0.3590331709393477,0.2342927722871319,bxaic
saliency,P20_frozen_cache,28,0.34333390951169485,0.29745926263133055,0.3564724855432595,0.23578233363574927,bxaic
saliency,P20_frozen_cache,29,0.3368041977054279,0.30583894207432266,0.35431359927594525,0.236652196398889,bxaic
saliency,P20_frozen_cache,30,0.3298020467673193,0.3154485925327049,0.351634303391042,0.2374662645714541,bxaic
saliency,P20_frozen_cache,31,0.3214140450299054,0.3267947818547488,0.3488331240226162,0.23878923428321625,bxaic
saliency,P20_frozen_cache,32,0.3142986597337391,0.3364582895844176,0.3465786436128451,0.23969205524628495,bxaic
saliency,P20_frozen_cache,33,0.3081609014035826,0.3443873710022086,0.34492594058459075,0.24074119264221028,bxaic
saliency,P20_frozen_cache,34,0.2997544839874407,0.3563329823686507,0.341992294393512,0.24189025559404648,bxaic
saliency,P20_frozen_cache,35,0.29112361522344404,0.36815636298921056,0.33959990109648824,0.24324481058852054,bxaic
saliency,P20_frozen_cache,36,0.28519218878505126,0.3764648289258709,0.33794688372400306,0.24394594200154882,bxaic
saliency,P20_frozen_cache,37,0.2783061296563762,0.3862623943391586,0.3358621983097226,0.24494491124558704,bxaic
saliency,P20_frozen_cache,38,0.2715760769984194,0.39696607053119226,0.33360401347556784,0.24553990794358865,bxaic
saliency,P20_frozen_cache,39,0.26484218510777635,0.4067525383265836,0.3316958472351491,0.2464663360258502,bxaic
saliency,P20_frozen_cache,40,0.26030843164149553,0.41331435785553,0.3304630555481896,0.24709008549993391,bxaic
saliency,P20_frozen_cache,41,0.2516214399454665,0.42707930395372096,0.32795195499269875,0.24835271676105877,bxaic
saliency,P20_frozen_cache,42,0.24545750760327759,0.43716468239718925,0.3259885980471351,0.24895746187525078,bxaic
saliency,P20_frozen_cache,43,0.23867387407248244,0.44799512453610707,0.3240698007675697,0.24984497695187327,bxaic
saliency,P20_frozen_cache,44,0.23357765181366502,0.45648556872389473,0.3225841287844891,0.25032254981936214,bxaic
saliency,P20_frozen_cache,45,0.22771154966331855,0.46570239739370717,0.3211520230498655,0.2511714910547187,bxaic
saliency,P20_frozen_cache,46,0.2208245724321036,0.47751333183580114,0.31908676511589545,0.2518960812099061,bxaic
saliency,P20_frozen_cache,47,0.21539081533811313,0.4863123630740542,0.3177699779665352,0.25261580148191376,bxaic
saliency,P20_frozen_cache,48,0.20946076183035858,0.49653188974403284,0.3160020047514644,0.25324143513472647,bxaic
saliency,P20_frozen_cache,49,0.20325091996466374,0.5070554234035907,0.31434939812116963,0.2539168639442234,bxaic
saliency,P20_frozen_cache,50,0.2024738190176004,0.5081629909559577,0.3142526871107,0.2539923505220804,bxaic
saliency,P20_frozen_cache,51,0.1924142356859564,0.5269118610767188,0.311009081069387,0.25466184728872504,bxaic
saliency,P20_frozen_cache,52,0.18739562657636075,0.535963197584335,0.30963454333532514,0.25504781940532706,bxaic
saliency,P20_frozen_cache,53,0.18091863059682808,0.547654921406256,0.30776519230173033,0.25571476453488284,bxaic
saliency,P20_frozen_cache,54,0.17592139653497604,0.5562789404074867,0.30655895783474557,0.2562055430653009,bxaic
saliency,P20_frozen_cache,55,0.1705612843501055,0.5663726645467838,0.30507392315061593,0.2565929020552481,bxaic
saliency,P20_frozen_cache,56,0.16441462248121752,0.5774879285756489,0.3035402804019211,0.2572529229675954,bxaic
saliency,P20_frozen_cache,57,0.15994772246389322,0.5859792232033397,0.3023522639702866,0.2574754218633767,bxaic
saliency,P20_frozen_cache,58,0.15448780884495053,0.5966275898460986,0.3006943653119268,0.25778753443469227,bxaic
saliency,P20_frozen_cache,59,0.1492503238076907,0.6068888234382659,0.2992642457877066,0.25810999541813406,bxaic
saliency,P20_frozen_cache,60,0.14554260083035336,0.613979744773952,0.29830717248646055,0.25834268383717734,bxaic
saliency,P20_frozen_cache,61,0.13856660324911413,0.6272147461537302,0.2964915488112104,0.2588425127489411,bxaic
saliency,P20_frozen_cache,62,0.13377820033531007,0.6368262017120989,0.2951637822519993,0.25913131219516433,bxaic
saliency,P20_frozen_cache,63,0.12838831760148675,0.6477048901411572,0.29379095327558996,0.25940353749610623,bxaic
saliency,P20_frozen_cache,64,0.12409845426686775,0.6560302584024983,0.29278134740412615,0.2597073496483568,bxaic
saliency,P20_frozen_cache,65,0.1194478467395103,0.6658117644027778,0.29143746127582354,0.2598678990108319,bxaic
saliency,P20_frozen_cache,66,0.11373423403163462,0.6774642796846161,0.2899346603144789,0.26012676360578946,bxaic
saliency,P20_frozen_cache,67,0.10823102675453813,0.6895799134781032,0.28825286028448976,0.2602677975010292,bxaic
saliency,P20_frozen_cache,68,0.10497245002432465,0.6960578392148469,0.28746265513323715,0.2603478674546118,bxaic
saliency,P20_frozen_cache,69,0.09997493195154601,0.7071733455372391,0.28596340912443086,0.26042260709403897,bxaic
saliency,P20_frozen_cache,70,0.09497302633308306,0.7183465198269955,0.2844590054098313,0.26042500776778993,bxaic
saliency,P20_frozen_cache,71,0.09090519466508486,0.7281283424059882,0.2831150799102436,0.2603195818996734,bxaic
saliency,P20_frozen_cache,72,0.08720029546581642,0.7365142346682078,0.2820323050273598,0.26029091342424837,bxaic
saliency,P20_frozen_cache,73,0.0826116826083114,0.7469607898384413,0.2806621215955561,0.2602592918949039,bxaic
saliency,P20_frozen_cache,74,0.07843938452517463,0.7569700000931487,0.27933764936941613,0.26016470565261984,bxaic
saliency,P20_frozen_cache,75,0.07609785985521474,0.76261657853447,0.27865792858313315,0.2601208107945585,bxaic
saliency,P20_frozen_cache,76,0.07064627119109934,0.7761393732132051,0.2768034947793793,0.25979333667521753,bxaic
saliency,P20_frozen_cache,77,0.06628042931706135,0.7874045446381585,0.2752382712105515,0.25954626588526925,bxaic
saliency,P20_frozen_cache,78,0.06274697879503836,0.7965879912936326,0.2740028248912813,0.25931955148608293,bxaic
saliency,P20_frozen_cache,79,0.0586807622109023,0.8069670581872417,0.272606053931755,0.2589964410675676,bxaic
saliency,P20_frozen_cache,80,0.056223651400996645,0.8137170201040654,0.2717356183252256,0.25874300589760935,bxaic
saliency,P20_frozen_cache,81,0.050946368065215186,0.8272113170447862,0.26990881121416876,0.25837549068226007,bxaic
saliency,P20_frozen_cache,82,0.047722673902645306,0.8368431286974715,0.26858012794786373,0.25790605065515865,bxaic
saliency,P20_frozen_cache,83,0.04407482035587017,0.8475751034736765,0.26705143606165654,0.25729738476015884,bxaic
saliency,P20_frozen_cache,84,0.041111925401394016,0.8563970689913275,0.26582888680421585,0.2568221007063151,bxaic
saliency,P20_frozen_cache,85,0.03766449575998405,0.8656431884773319,0.26459558910344655,0.25642974596076334,bxaic
saliency,P20_frozen_cache,86,0.03429840206350054,0.8766991195527282,0.26296338036313976,0.2556827798318941,bxaic
saliency,P20_frozen_cache,87,0.030537797749119362,0.8874611933453332,0.26153598003417533,0.25510761320715086,bxaic
saliency,P20_frozen_cache,88,0.027766982042080803,0.8963608199140521,0.26027441488524655,0.25447674787572816,bxaic
saliency,P20_frozen_cache,89,0.02429097441577831,0.9079453326775443,0.2585983333427729,0.25364841730810517,bxaic
saliency,P20_frozen_cache,90,0.022275381437972756,0.9146147683110302,0.2576344362082583,0.25313482324395586,bxaic
saliency,P20_frozen_cache,91,0.01855442780128108,0.9276383662920313,0.2556956444278686,0.25206957023924564,bxaic
saliency,P20_frozen_cache,92,0.01609142506020123,0.936754139213422,0.25435389872125175,0.25124206287522594,bxaic
saliency,P20_frozen_cache,93,0.013436853623858,0.946915001772244,0.2528338812723515,0.2503261126024624,bxaic
saliency,P20_frozen_cache,94,0.010798194494664444,0.9566348903208706,0.2514232552269856,0.24944145094401926,bxaic
saliency,P20_frozen_cache,95,0.008766779044865886,0.9650046187905396,0.25015205113912276,0.2485774623718237,bxaic
saliency,P20_frozen_cache,96,0.005857297913919883,0.9768111377171607,0.24831421111261595,0.24733240871890919,bxaic
saliency,P20_frozen_cache,97,0.002525280485284693,0.9903645573957738,0.2460280804317192,0.24571138468710027,bxaic
saliency,P20_frozen_cache,98,0.0006402592678561964,0.9978011542798668,0.24505871947869862,0.24500622309765338,bxaic
saliency,P20_frozen_cache,99,8.55222269279189e-05,0.999634913692745,0.24486781633004645,0.2448600036110287,bxaic
saliency,P20_frozen_cache,100,0.0,1.0,0.24482124365543423,0.24482124365543423,bxaic
atom_occlusion,P20_frozen_cache,0,1.0,0.0,0.0,0.0,google
atom_occlusion,P20_frozen_cache,1,0.8643274786349985,0.046991001642611496,0.8364722199568406,0.13567252136500288,google
atom_occlusion,P20_frozen_cache,2,0.8643274786349985,0.046991001642611496,0.8364722199568406,0.13567252136500288,google
atom_occlusion,P20_frozen_cache,3,0.8643274786349985,0.046991001642611496,0.8364722199568406,0.13567252136500288,google
atom_occlusion,P20_frozen_cache,4,0.8643274786349985,0.046991001642611496,0.8364722199568406,0.13567252136500288,google
atom_occlusion,P20_frozen_cache,5,0.7835882605231248,0.07825325999510997,0.797538740601202,0.2096903145660861,google
atom_occlusion,P20_frozen_cache,6,0.7586589567962984,0.08957713678375805,0.7887660095781435,0.23267959364036928,google
atom_occlusion,P20_frozen_cache,7,0.7541372089058203,0.09202720349765989,0.7894796001138027,0.23690130190439787,google
atom_occlusion,P20_frozen_cache,8,0.7513434180452637,0.09359079150361271,0.7882723021218435,0.23949347658541453,google
atom_occlusion,P20_frozen_cache,9,0.7045314800691943,0.11268602090946656,0.7790729035144086,0.2795388181631098,google
atom_occlusion,P20_frozen_cache,10,0.6744515060519768,0.12509329545414688,0.7673465145118832,0.30283556393222855,google
atom_occlusion,P20_frozen_cache,11,0.6579374432051879,0.13290859340813685,0.7623387463913369,0.3160908048068188,google
atom_occlusion,P20_frozen_cache,12,0.6516361704993114,0.1365681384263699,0.7603910300069974,0.3216489692312696,google
atom_occlusion,P20_frozen_cache,13,0.6201107252430301,0.15134626444834054,0.7548990103713336,0.34621804551645147,google
atom_occlusion,P20_frozen_cache,14,0.591737405427263,0.16539109924698955,0.7429413500620956,0.3624219146278479,google
atom_occlusion,P20_frozen_cache,15,0.5803945690074178,0.17128062973964883,0.7394918227073141,0.36990597836313144,google
atom_occlusion,P20_frozen_cache,16,0.566187917356736,0.17965934945271253,0.7353504099004423,0.3791730160267477,google
atom_occlusion,P20_frozen_cache,17,0.5352898299655036,0.19475802249908877,0.7301086087872849,0.4017390504810329,google
atom_occlusion,P20_frozen_cache,18,0.5208642612168013,0.20226315769322434,0.726308184303931,0.41072505572471646,google
atom_occlusion,P20_frozen_cache,19,0.5065356182372145,0.21149461920501783,0.71939603797877,0.41696117933985155,google
atom_occlusion,P20_frozen_cache,20,0.49744551163933476,0.216383983450798,0.7168858537796596,0.42228969582301845,google
atom_occlusion,P20_frozen_cache,21,0.4634665817752037,0.23480588152765025,0.7088359403584822,0.44386997842664844,google
atom_occlusion,P20_frozen_cache,22,0.44531583786244194,0.24481369698324384,0.7054967265778692,0.45486365343309293,google
atom_occlusion,P20_frozen_cache,23,0.43001168647186616,0.25427642610498236,0.7007565098930958,0.4622785464322271,google
atom_occlusion,P20_frozen_cache,24,0.41909854099866667,0.26142118828248134,0.697413890409662,0.46809644427645936,google
atom_occlusion,P20_frozen_cache,25,0.4089572566535683,0.26801439333833654,0.6928772456486625,0.4712305864031298,google
atom_occlusion,P20_frozen_cache,26,0.3878133192032956,0.2810376176465038,0.6877406838361203,0.482130492716236,google
atom_occlusion,P20_frozen_cache,27,0.3732589986045459,0.2907817823562262,0.6824299816352757,0.48831540278186264,google
atom_occlusion,P20_frozen_cache,28,0.3529065472979987,0.3067095003729947,0.671598856140226,0.4920334228706892,google
atom_occlusion,P20_frozen_cache,29,0.3440889196507926,0.31259903086565405,0.6690272373497801,0.49469391356057363,google
atom_occlusion,P20_frozen_cache,30,0.33358256209267206,0.32076237679152086,0.6640262632257096,0.49778498340667043,google
atom_occlusion,P20_frozen_cache,31,0.32015923167075006,0.33175976533885176,0.6569344504862186,0.5002675339896755,google
atom_occlusion,P20_frozen_cache,32,0.307360604927851,0.3441629670151192,0.648705833259059,0.5010943602063058,google
atom_occlusion,P20_frozen_cache,33,0.29936071206087267,0.35075617207097515,0.6444680665941855,0.5020890565269871,google
atom_occlusion,P20_frozen_cache,34,0.28264392384721926,0.3650384859918594,0.6368042552631148,0.5058708172533324,google
atom_occlusion,P20_frozen_cache,35,0.2720965408267131,0.3754724527801163,0.6300777114472138,0.5062155350267067,google
atom_occlusion,P20_frozen_cache,36,0.2692327632551916,0.37816459519964013,0.6287179418697375,0.5071181428429501,google
atom_occlusion,P20_frozen_cache,37,0.2542868405109205,0.39547020074161854,0.6171145352318803,0.5054893385695478,google
atom_occlusion,P20_frozen_cache,38,0.2458092064689132,0.4036551217077343,0.6127288104481926,0.5068054687890428,google
atom_occlusion,P20_frozen_cache,39,0.23865969300556028,0.41092451037460176,0.6089275333418178,0.5080163821901454,google
atom_occlusion,P20_frozen_cache,40,0.23391229711217043,0.41673766939609225,0.6050006919215614,0.5073709997629374,google
atom_occlusion,P20_frozen_cache,41,0.2180682211001525,0.4361833579958722,0.5935505094165748,0.5054657163559496,google
atom_occlusion,P20_frozen_cache,42,0.210466005203643,0.444564199497024,0.5889232158786333,0.5057104875987382,google
atom_occlusion,P20_frozen_cache,43,0.2035900751947552,0.4536482201769066,0.5835722365544928,0.5053361676749244,google
atom_occlusion,P20_frozen_cache,44,0.1983223663236923,0.4611749304112907,0.5786280448585297,0.5035634650668716,google
atom_occlusion,P20_frozen_cache,45,0.19133251767123216,0.4697357043127346,0.5739408078820755,0.5030607056314834,google
atom_occlusion,P20_frozen_cache,46,0.17790105634207293,0.48834579213162366,0.5639156095093116,0.5005156317477959,google
atom_occlusion,P20_frozen_cache,47,0.17655734941639137,0.4896457293917059,0.5634555488851831,0.5009310933467065,google
atom_occlusion,P20_frozen_cache,48,0.1657038859814865,0.5052347190188464,0.5545716785985682,0.4984904260408719,google
atom_occlusion,P20_frozen_cache,49,0.16192965236540066,0.5118279240747012,0.5503226903026098,0.49619956129151566,google
atom_occlusion,P20_frozen_cache,50,0.16192965236540066,0.5118279240747012,0.5503226903026098,0.49619956129151566,google
atom_occlusion,P20_frozen_cache,51,0.14658047254117215,0.5351630775679113,0.538325296192566,0.49237804480810815,google
atom_occlusion,P20_frozen_cache,52,0.14658047254117215,0.5351630775679113,0.538325296192566,0.49237804480810815,google
atom_occlusion,P20_frozen_cache,53,0.13462943619737322,0.557345272250906,0.5253115664475768,0.48545206314650236,google
atom_occlusion,P20_frozen_cache,54,0.13372928735036443,0.5586452095109882,0.524671748581529,0.48544193911954564,google
atom_occlusion,P20_frozen_cache,55,0.12587983209218176,0.5726344895631098,0.5179524696100528,0.48192983377440335,google
atom_occlusion,P20_frozen_cache,56,0.11954255864323937,0.5858160712313205,0.5105902168473873,0.4777822660201563,google
atom_occlusion,P20_frozen_cache,57,0.11597442289023749,0.5933427814657043,0.5064773029763913,0.4752100887310561,google
atom_occlusion,P20_frozen_cache,58,0.11133969651031794,0.6024268021455872,0.5017838861221062,0.4728358033997714,google
atom_occlusion,P20_frozen_cache,59,0.107820840744455,0.6108076436467395,0.49688028495646636,0.4695310113537614,google
atom_occlusion,P20_frozen_cache,60,0.10545964774308222,0.6183028039228893,0.4932529642346002,0.46693170499002645,google
atom_occlusion,P20_frozen_cache,61,0.09810130692588398,0.636066491268009,0.4838724795552334,0.46012253061247493,google
atom_occlusion,P20_frozen_cache,62,0.09454321407289956,0.643335879934877,0.4802767348106843,0.4583173586158748,google
atom_occlusion,P20_frozen_cache,63,0.09106773650550767,0.6515208009009923,0.47611608229067504,0.4553425290597038,google
atom_occlusion,P20_frozen_cache,64,0.08767966770861678,0.662233201387116,0.47124986054213197,0.45201170001644286,google
atom_occlusion,P20_frozen_cache,65,0.08365423121503844,0.6715185488624957,0.46697807882129616,0.4490181228816952,google
atom_occlusion,P20_frozen_cache,66,0.08023327065016535,0.6819525156507527,0.46187568201186724,0.4452059674654338,google
atom_occlusion,P20_frozen_cache,67,0.07412704647675533,0.6962348295716367,0.455312041641982,0.44069988968502316,google
atom_occlusion,P20_frozen_cache,68,0.07412704647675533,0.6962348295716367,0.455312041641982,0.44069988968502316,google
atom_occlusion,P20_frozen_cache,69,0.06752174031894317,0.7152312363037607,0.44723195583088116,0.43447632679161974,google
atom_occlusion,P20_frozen_cache,70,0.06326856367748152,0.726228624851092,0.44231942609706665,0.4307246030426265,google
atom_occlusion,P20_frozen_cache,71,0.061005894344086806,0.7343919707769588,0.438341784893715,0.42741821737991526,google
atom_occlusion,P20_frozen_cache,72,0.05879853404678599,0.7402815012696183,0.4358861735793297,0.4255878383571876,google
atom_occlusion,P20_frozen_cache,73,0.054478954809494884,0.7562092192863854,0.4293730369148463,0.4202844107614798,google
atom_occlusion,P20_frozen_cache,74,0.0514834692094893,0.7659533839961068,0.4252510403764623,0.4168556608560481,google
atom_occlusion,P20_frozen_cache,75,0.0514834692094893,0.7659533839961068,0.4252510403764623,0.4168556608560481,google
atom_occlusion,P20_frozen_cache,76,0.04734945913787751,0.7789766083042737,0.4198881926244589,0.4125744866023683,google
atom_occlusion,P20_frozen_cache,77,0.043654100993500436,0.7927145755376279,0.4142789953530222,0.4078572473738659,google
atom_occlusion,P20_frozen_cache,78,0.04055885393657521,0.802177304659367,0.41082386441981705,0.4050094357899828,google
atom_occlusion,P20_frozen_cache,79,0.03796782113749014,0.8121851201149612,0.4067699601549327,0.4015002331606974,google
atom_occlusion,P20_frozen_cache,80,0.03650117106092678,0.8186564898681841,0.4041617477377391,0.39918627537972995,google
atom_occlusion,P20_frozen_cache,81,0.03163859798764293,0.8354963824375957,0.3979484929984498,0.39375433767004275,google
atom_occlusion,P20_frozen_cache,82,0.029228748098918275,0.8447278439493892,0.3948370487663305,0.390972862663105,google
atom_occlusion,P20_frozen_cache,83,0.027827421842776517,0.8522329791435237,0.3918941056297553,0.38824712854733706,google
atom_occlusion,P20_frozen_cache,84,0.025565225805513132,0.860738447134044,0.3886090600845109,0.38536059226394237,google
atom_occlusion,P20_frozen_cache,85,0.02309194620766556,0.871089564136196,0.384924086785309,0.3821656962208747,google
atom_occlusion,P20_frozen_cache,86,0.021356295625380557,0.8815999023956214,0.38098558340013045,0.37858844139469283,google
atom_occlusion,P20_frozen_cache,87,0.017766809396575246,0.8956447371942707,0.37674822456995516,0.37477100006779407,google
atom_occlusion,P20_frozen_cache,88,0.01586257063752286,0.9038296581603856,0.3738726773280736,0.37217120711583085,google
atom_occlusion,P20_frozen_cache,89,0.014107543926648416,0.9140824082344738,0.3701537237869075,0.3687648174725423,google
atom_occlusion,P20_frozen_cache,90,0.013509617011380936,0.9172768984216972,0.36893079787575633,0.3676069608779513,google
atom_occlusion,P20_frozen_cache,91,0.01028141248545515,0.9343049807331453,0.3637128711534721,0.362782831347209,google
atom_occlusion,P20_frozen_cache,92,0.008100293628542064,0.9468070050831432,0.3596534869320101,0.35892501447357084,google
atom_occlusion,P20_frozen_cache,93,0.0069900031968740724,0.9549637981449527,0.35694363871358514,0.35638911937624806,google
atom_occlusion,P20_frozen_cache,94,0.006736815923004429,0.9574138648588546,0.3559639264886588,0.35549403263742296,google
atom_occlusion,P20_frozen_cache,95,0.006063690610150283,0.9641169338807363,0.35326533815249933,0.35288688706408666,google
atom_occlusion,P20_frozen_cache,96,0.0005497056599778748,0.9934067949441451,0.34459280752821153,0.34455043154885745,google
atom_occlusion,P20_frozen_cache,97,0.0,1.0,0.3426282560346505,0.3426282560346505,google
atom_occlusion,P20_frozen_cache,98,0.0,1.0,0.3426282560346505,0.3426282560346505,google
atom_occlusion,P20_frozen_cache,99,0.0,1.0,0.3426282560346505,0.3426282560346505,google
atom_occlusion,P20_frozen_cache,100,0.0,1.0,0.3426282560346505,0.3426282560346505,google
gradinput,P01_checkpoint_rerun,0,1.0,0.0,0.0,0.0,google
gradinput,P01_checkpoint_rerun,1,0.9165180661877543,0.046991001642611496,0.5061253619181272,0.0834819338122464,google
gradinput,P01_checkpoint_rerun,2,0.9165180661877543,0.046991001642611496,0.5061253619181272,0.0834819338122464,google
gradinput,P01_checkpoint_rerun,3,0.9165180661877543,0.046991001642611496,0.5061253619181272,0.0834819338122464,google
gradinput,P01_checkpoint_rerun,4,0.9165180661877543,0.046991001642611496,0.5061253619181272,0.0834819338122464,google
gradinput,P01_checkpoint_rerun,5,0.8685700633340272,0.07825325999510997,0.48496768888646585,0.12461356981368103,google
gradinput,P01_checkpoint_rerun,6,0.8541306712432513,0.08957713678375805,0.47415104423589044,0.1368924718522814,google
gradinput,P01_checkpoint_rerun,7,0.8507964521671135,0.09202720349765989,0.47471778923294683,0.13986283439410072,google
gradinput,P01_checkpoint_rerun,8,0.8490166335919858,0.09359079150361271,0.4744813929138821,0.1412775380942558,google
gradinput,P01_checkpoint_rerun,9,0.8200397846762916,0.11268602090946656,0.47417605437884686,0.1637647570699848,google
gradinput,P01_checkpoint_rerun,10,0.7999420564718069,0.12509329545414688,0.4712755223410384,0.1769298816640567,google
gradinput,P01_checkpoint_rerun,11,0.7896465501598404,0.13290859340813685,0.46871658177539754,0.184040114425163,google
gradinput,P01_checkpoint_rerun,12,0.7850038964660253,0.1365681384263699,0.468605579113227,0.18791010320366697,google
gradinput,P01_checkpoint_rerun,13,0.7631817138756711,0.15134626444834054,0.4688602161861875,0.20311823926495132,google
gradinput,P01_checkpoint_rerun,14,0.7443020808598991,0.16539109924698955,0.4656368545034598,0.21261767771335505,google
gradinput,P01_checkpoint_rerun,15,0.736254475166322,0.17128062973964883,0.46435649451178895,0.21733452332588568,google
gradinput,P01_checkpoint_rerun,16,0.7248593108373548,0.17965934945271253,0.46429090107702375,0.22436323909787287,google
gradinput,P01_checkpoint_rerun,17,0.7035708101357397,0.19475802249908877,0.4636244473690832,0.2382765683284461,google
gradinput,P01_checkpoint_rerun,18,0.6948151030163294,0.20226315769322434,0.4623358465927235,0.2432772260208087,google
gradinput,P01_checkpoint_rerun,19,0.6818732288727029,0.21149461920501783,0.4613158080787477,0.2498739592004189,google
gradinput,P01_checkpoint_rerun,20,0.6764592557752898,0.216383983450798,0.4600718159009173,0.25218270031736484,google
gradinput,P01_checkpoint_rerun,21,0.6500432843089614,0.23480588152765025,0.4597393752358533,0.26695222446255507,google
gradinput,P01_checkpoint_rerun,22,0.6372606411236562,0.24481369698324384,0.4597664054186597,0.27384633556689747,google
gradinput,P01_checkpoint_rerun,23,0.6263647348990979,0.25427642610498236,0.45740164862103794,0.2779328386150577,google
gradinput,P01_checkpoint_rerun,24,0.6178282280284386,0.26142118828248134,0.45692332593370255,0.2823391009625123,google
gradinput,P01_checkpoint_rerun,25,0.611013152440678,0.26801439333833654,0.45436246266615915,0.2844485994302822,google
gradinput,P01_checkpoint_rerun,26,0.5946626598337299,0.2810376176465038,0.453390777178895,0.29256244091058836,google
gradinput,P01_checkpoint_rerun,27,0.5852817456108564,0.2907817823562262,0.4506481080512097,0.29593025415797053,google
gradinput,P01_checkpoint_rerun,28,0.569191555013507,0.3067095003729947,0.446168495295851,0.30030408976577144,google
gradinput,P01_checkpoint_rerun,29,0.5630209569024955,0.31259903086565405,0.44501366759955074,0.3020680480382176,google
gradinput,P01_checkpoint_rerun,30,0.5537342263202282,0.32076237679152086,0.443611899933497,0.30551447722755165,google
gradinput,P01_checkpoint_rerun,31,0.5426089727094368,0.33175976533885176,0.4413423440506469,0.3085128430088333,google
gradinput,P01_checkpoint_rerun,32,0.5314960443522597,0.3441629670151192,0.43786204028449394,0.3106081492615453,google
gradinput,P01_checkpoint_rerun,33,0.5257973392291131,0.35075617207097515,0.4354471881322534,0.3113580572185416,google
gradinput,P01_checkpoint_rerun,34,0.5119478909783228,0.3650384859918594,0.4322057081589612,0.31516587541861085,google
gradinput,P01_checkpoint_rerun,35,0.5021476472930366,0.3754724527801163,0.4296773660012684,0.31682328016854433,google
gradinput,P01_checkpoint_rerun,36,0.4995034357243949,0.37816459519964013,0.42914678645177634,0.3176184883835617,google
gradinput,P01_checkpoint_rerun,37,0.48455207521960797,0.39547020074161854,0.4243485523525432,0.319350197088176,google
gradinput,P01_checkpoint_rerun,38,0.47853877750520113,0.4036551217077343,0.42107733391628993,0.3196427900744623,google
gradinput,P01_checkpoint_rerun,39,0.4724394576320639,0.41092451037460176,0.41962458439519346,0.3212324031581494,google
gradinput,P01_checkpoint_rerun,40,0.4667274380709849,0.41673766939609225,0.41894643159385136,0.32229655568872106,google
gradinput,P01_checkpoint_rerun,41,0.4527430204497807,0.4361833579958722,0.4130453846708825,0.3227788913975379,google
gradinput,P01_checkpoint_rerun,42,0.44592325875056577,0.444564199497024,0.41084393172122335,0.3237412968079135,google
gradinput,P01_checkpoint_rerun,43,0.43895445458411153,0.4536482201769066,0.40884260935118255,0.32464991753999284,google
gradinput,P01_checkpoint_rerun,44,0.4334024160425892,0.4611749304112907,0.4071410578042909,0.32512034768587755,google
gradinput,P01_checkpoint_rerun,45,0.42687519715568323,0.4697357043127346,0.404968525674574,0.32560193920552327,google
gradinput,P01_checkpoint_rerun,46,0.41303876369216413,0.48834579213162366,0.399796179075407,0.3254673869331096,google
gradinput,P01_checkpoint_rerun,47,0.41188650732402615,0.4896457293917059,0.3995930205612905,0.325846101920948,google
gradinput,P01_checkpoint_rerun,48,0.3983637472711997,0.5052347190188464,0.39720683141258717,0.32747874810279376,google
gradinput,P01_checkpoint_rerun,49,0.3936727196139194,0.5118279240747012,0.395468233771316,0.32720935720913424,google
gradinput,P01_checkpoint_rerun,50,0.3936727196139194,0.5118279240747012,0.395468233771316,0.32720935720913424,google
gradinput,P01_checkpoint_rerun,51,0.3777571795348703,0.5351630775679113,0.38950420373224903,0.32690982918616784,google
gradinput,P01_checkpoint_rerun,52,0.3777571795348703,0.5351630775679113,0.38950420373224903,0.32690982918616784,google
gradinput,P01_checkpoint_rerun,53,0.3620354027618068,0.557345272250906,0.38524984160824893,0.3274561862324045,google
gradinput,P01_checkpoint_rerun,54,0.36075937681035813,0.5586452095109882,0.38516822181763444,0.32789416593014675,google
gradinput,P01_checkpoint_rerun,55,0.35132235677690005,0.5726344895631098,0.38214163976756854,0.3273528725305294,google
gradinput,P01_checkpoint_rerun,56,0.3419663293491632,0.5858160712313205,0.3796128780663032,0.32759383460863967,google
gradinput,P01_checkpoint_rerun,57,0.3361496752617946,0.5933427814657043,0.37838179881177847,0.3277509067505106,google
gradinput,P01_checkpoint_rerun,58,0.32751337825639815,0.6024268021455872,0.37757966654510144,0.3287846437153996,google
gradinput,P01_checkpoint_rerun,59,0.32281608364499303,0.6108076436467395,0.3751828720472451,0.3277835871414446,google
gradinput,P01_checkpoint_rerun,60,0.3185348667619787,0.6183028039228893,0.373750617236147,0.3273134321467956,google
gradinput,P01_checkpoint_rerun,61,0.3054462345644672,0.636066491268009,0.3706918967318351,0.3268928331343954,google
gradinput,P01_checkpoint_rerun,62,0.29939656870416753,0.643335879934877,0.3698850608106531,0.32769594755564047,google
gradinput,P01_checkpoint_rerun,63,0.2943951156307687,0.6515208009009923,0.36821268513229555,0.3272758667400056,google
gradinput,P01_checkpoint_rerun,64,0.28682527175797284,0.662233201387116,0.36671780408856575,0.3271647567752801,google
gradinput,P01_checkpoint_rerun,65,0.28046544239734794,0.6715185488624957,0.3652260294153592,0.32690827382737364,google
gradinput,P01_checkpoint_rerun,66,0.272363283457407,0.6819525156507527,0.3638891241546641,0.3270447573024184,google
gradinput,P01_checkpoint_rerun,67,0.26205511251006497,0.6962348295716367,0.36168092921254824,0.32702352255839395,google
gradinput,P01_checkpoint_rerun,68,0.26205511251006497,0.6962348295716367,0.36168092921254824,0.32702352255839395,google
gradinput,P01_checkpoint_rerun,69,0.2489538302468587,0.7152312363037607,0.3592967057567149,0.3267949430015396,google
gradinput,P01_checkpoint_rerun,70,0.240919022849241,0.726228624851092,0.3580446187063494,0.32707413459097456,google
gradinput,P01_checkpoint_rerun,71,0.23525261293130284,0.7343919707769588,0.3568828797742646,0.32687254648599706,google
gradinput,P01_checkpoint_rerun,72,0.23074977265686472,0.7402815012696183,0.3562548038344796,0.3270868486660885,google
gradinput,P01_checkpoint_rerun,73,0.22050628822136534,0.7562092192863854,0.3540573990702525,0.32646658145896335,google
gradinput,P01_checkpoint_rerun,74,0.21258361044555035,0.7659533839961068,0.3532894263667493,0.3268197513820472,google
gradinput,P01_checkpoint_rerun,75,0.21258361044555035,0.7659533839961068,0.3532894263667493,0.3268197513820472,google
gradinput,P01_checkpoint_rerun,76,0.20126810271808254,0.7789766083042737,0.3524235888273364,0.32763788854855846,google
gradinput,P01_checkpoint_rerun,77,0.1915676450949892,0.7927145755376279,0.3509410674251741,0.32773525473177734,google
gradinput,P01_checkpoint_rerun,78,0.18448717692814987,0.802177304659367,0.35011182504522803,0.32801358252812,google
gradinput,P01_checkpoint_rerun,79,0.17655797922791486,0.8121851201149612,0.34923141226062054,0.3282930586378776,google
gradinput,P01_checkpoint_rerun,80,0.17194655182376897,0.8186564898681841,0.3484959117799643,0.32814945215932,google
gradinput,P01_checkpoint_rerun,81,0.1593385144951128,0.8354963824375957,0.34704009811882397,0.32848114871951656,google
gradinput,P01_checkpoint_rerun,82,0.1505970616554913,0.8447278439493892,0.3468281744196332,0.3293106377896657,google
gradinput,P01_checkpoint_rerun,83,0.1437867203172164,0.8522329791435237,0.34654421824391296,0.3298301686416836,google
gradinput,P01_checkpoint_rerun,84,0.13753923674853744,0.860738447134044,0.345597234580594,0.3298374523577223,google
gradinput,P01_checkpoint_rerun,85,0.12868596338544644,0.871089564136196,0.34491056661292174,0.3302556958131856,google
gradinput,P01_checkpoint_rerun,86,0.1199672484699712,0.8815999023956214,0.3443367057535759,0.33098857961031514,google
gradinput,P01_checkpoint_rerun,87,0.10956741006034199,0.8956447371942707,0.343428164310713,0.3313732144711516,google
gradinput,P01_checkpoint_rerun,88,0.10232854832152027,0.9038296581603856,0.34307180523049313,0.3319572298148348,google
gradinput,P01_checkpoint_rerun,89,0.09121547343349046,0.9140824082344738,0.3431330369341473,0.33332243802340017,google
gradinput,P01_checkpoint_rerun,90,0.08853642731171674,0.9172768984216972,0.34290683862369686,0.33350603792851513,google
gradinput,P01_checkpoint_rerun,91,0.07059666367392578,0.9343049807331453,0.34283845294812604,0.3352583245547167,google
gradinput,P01_checkpoint_rerun,92,0.05722913542699719,0.9468070050831432,0.3430020389360796,0.3368190732295839,google
gradinput,P01_checkpoint_rerun,93,0.047697558015469495,0.9549637981449527,0.3431134430215624,0.3378785378861957,google
gradinput,P01_checkpoint_rerun,94,0.04558416280556513,0.9574138648588546,0.3429556085796288,0.3381275530194929,google
gradinput,P01_checkpoint_rerun,95,0.039345492505880424,0.9641169338807363,0.3426642283483702,0.3389071142063789,google
gradinput,P01_checkpoint_rerun,96,0.007664090934601953,0.9934067949441451,0.34253961857396886,0.34193743154658474,google
gradinput,P01_checkpoint_rerun,97,0.0,1.0,0.3426282560346505,0.3426282560346505,google
gradinput,P01_checkpoint_rerun,98,0.0,1.0,0.3426282560346505,0.3426282560346505,google
gradinput,P01_checkpoint_rerun,99,0.0,1.0,0.3426282560346505,0.3426282560346505,google
gradinput,P01_checkpoint_rerun,100,0.0,1.0,0.3426282560346505,0.3426282560346505,google
ig,P01_checkpoint_rerun,0,1.0,0.0,0.0,0.0,google
ig,P01_checkpoint_rerun,1,0.8923033896224308,0.046991001642611496,0.6238896075274429,0.10769661037756977,google
ig,P01_checkpoint_rerun,2,0.8923033896224308,0.046991001642611496,0.6238896075274429,0.10769661037756977,google
ig,P01_checkpoint_rerun,3,0.8923033896224308,0.046991001642611496,0.6238896075274429,0.10769661037756977,google
ig,P01_checkpoint_rerun,4,0.8923033896224308,0.046991001642611496,0.6238896075274429,0.10769661037756977,google
ig,P01_checkpoint_rerun,5,0.8320656404407712,0.07825325999510997,0.5952797248966402,0.1595833837425961,google
ig,P01_checkpoint_rerun,6,0.8137748846818145,0.08957713678375805,0.585779878052417,0.17525325840643874,google
ig,P01_checkpoint_rerun,7,0.8095077877922262,0.09202720349765989,0.586442622726301,0.17918027299443628,google
ig,P01_checkpoint_rerun,8,0.8071998498595613,0.09359079150361271,0.5861683310455185,0.18095529478219385,google
ig,P01_checkpoint_rerun,9,0.7735726936231779,0.11268602090946656,0.5821024861903774,0.2059826010873888,google
ig,P01_checkpoint_rerun,10,0.7502511857826843,0.12509329545414688,0.572453590664288,0.2205187236961128,google
ig,P01_checkpoint_rerun,11,0.73708902310534,0.13290859340813685,0.5705188177179132,0.2295208519816137,google
ig,P01_checkpoint_rerun,12,0.7325399365701728,0.1365681384263699,0.569057625378451,0.23316865281843224,google
ig,P01_checkpoint_rerun,13,0.7077688188474727,0.15134626444834054,0.564759453290199,0.24993292827115116,google
ig,P01_checkpoint_rerun,14,0.6844150191781464,0.16539109924698955,0.5575572975519735,0.26170687070876664,google
ig,P01_checkpoint_rerun,15,0.6752601461200909,0.17128062973964883,0.5549061126777795,0.2662340460406402,google
ig,P01_checkpoint_rerun,16,0.6646178156697926,0.17965934945271253,0.5502608710290801,0.2718217444956677,google
ig,P01_checkpoint_rerun,17,0.642713076796786,0.19475802249908877,0.5449568776137137,0.28441771951857636,google
ig,P01_checkpoint_rerun,18,0.6324819324596104,0.20226315769322434,0.5421111575835853,0.28936921941471416,google
ig,P01_checkpoint_rerun,19,0.6164660771810171,0.21149461920501783,0.5391768360962425,0.29686022283284375,google
ig,P01_checkpoint_rerun,20,0.60996158512166,0.216383983450798,0.5369449277005776,0.2996840817514279,google
ig,P01_checkpoint_rerun,21,0.582438007545415,0.23480588152765025,0.5329716174174832,0.313594858335532,google
ig,P01_checkpoint_rerun,22,0.5694041210533107,0.24481369698324384,0.5304114263676608,0.31966228105690403,google
ig,P01_checkpoint_rerun,23,0.5561868774017191,0.25427642610498236,0.5271649562774199,0.3241629756151465,google
ig,P01_checkpoint_rerun,24,0.5473486838355217,0.26142118828248134,0.5254388848554811,0.3279699035222299,google
ig,P01_checkpoint_rerun,25,0.5384815583270377,0.26801439333833654,0.5234919447928031,0.33084742001765366,google
ig,P01_checkpoint_rerun,26,0.520502617975518,0.2810376176465038,0.521297698341518,0.3385697438672082,google
ig,P01_checkpoint_rerun,27,0.5068042698028775,0.2907817823562262,0.5207408490850541,0.34444769507439515,google
ig,P01_checkpoint_rerun,28,0.4867160426070913,0.3067095003729947,0.5158165018681845,0.3490660469261941,google
ig,P01_checkpoint_rerun,29,0.4797427744057131,0.31259903086565405,0.514243555361461,0.3511227956610248,google
ig,P01_checkpoint_rerun,30,0.4698820870771235,0.32076237679152086,0.5123471961093922,0.35423947468184347,google
ig,P01_checkpoint_rerun,31,0.4560609616356973,0.33175976533885176,0.510831104720932,0.3589813268463435,google
ig,P01_checkpoint_rerun,32,0.441901640527941,0.3441629670151192,0.506926162529047,0.3615376235724546,google
ig,P01_checkpoint_rerun,33,0.43442654173810885,0.35075617207097515,0.5050471409960485,0.3630529546496607,google
ig,P01_checkpoint_rerun,34,0.4179755479716645,0.3650384859918594,0.5021980426782635,0.36836691014623957,google
ig,P01_checkpoint_rerun,35,0.406259580500593,0.3754724527801163,0.5000605150092587,0.3713266665520132,google
ig,P01_checkpoint_rerun,36,0.40365991091140596,0.37816459519964013,0.4993662453454572,0.37221049392285244,google
ig,P01_checkpoint_rerun,37,0.38376616118395646,0.39547020074161854,0.49570365552105466,0.37584252588156897,google
ig,P01_checkpoint_rerun,38,0.37463490786109366,0.4036551217077343,0.49387504443832375,0.378035945458383,google
ig,P01_checkpoint_rerun,39,0.36649906918327024,0.41092451037460176,0.4928242466748462,0.3808515334140616,google
ig,P01_checkpoint_rerun,40,0.3603091760667274,0.41673766939609225,0.49185402306237186,0.38210908326221205,google
ig,P01_checkpoint_rerun,41,0.3426480101713726,0.4361833579958722,0.4857382318376481,0.3834879614737338,google
ig,P01_checkpoint_rerun,42,0.3327719276049321,0.444564199497024,0.48479267767050016,0.3862221560305144,google
ig,P01_checkpoint_rerun,43,0.32430011686413174,0.4536482201769066,0.482425165711829,0.3876521975430546,google
ig,P01_checkpoint_rerun,44,0.3169366181961247,0.4611749304112907,0.48078830546224743,0.3889653076502152,google
ig,P01_checkpoint_rerun,45,0.3075039169598567,0.4697357043127346,0.47949685849419493,0.3911976991445022,google
ig,P01_checkpoint_rerun,46,0.29168992782739256,0.48834579213162366,0.47445237571484195,0.3926097153372912,google
ig,P01_checkpoint_rerun,47,0.29041681539787917,0.4896457293917059,0.47422652204210675,0.39306249149897937,google
ig,P01_checkpoint_rerun,48,0.2754243619450238,0.5052347190188464,0.4711933399078707,0.395632879264177,google
ig,P01_checkpoint_rerun,49,0.2694311766952613,0.5118279240747012,0.469504470577599,0.3959806543767716,google
ig,P01_checkpoint_rerun,50,0.2694311766952613,0.5118279240747012,0.469504470577599,0.3959806543767716,google
ig,P01_checkpoint_rerun,51,0.2506384873847983,0.5351630775679113,0.4632476302677079,0.39747857813405213,google
ig,P01_checkpoint_rerun,52,0.2506384873847983,0.5351630775679113,0.4632476302677079,0.39747857813405213,google
ig,P01_checkpoint_rerun,53,0.23177752042145489,0.557345272250906,0.45804399110484717,0.3989061432766612,google
ig,P01_checkpoint_rerun,54,0.23051925992783812,0.5586452095109882,0.4578114025606356,0.3993326154013771,google
ig,P01_checkpoint_rerun,55,0.22171799280869756,0.5726344895631098,0.45322449419425004,0.39789678639205306,google
ig,P01_checkpoint_rerun,56,0.2118577118700443,0.5858160712313205,0.4497666276250447,0.39827186426446737,google
ig,P01_checkpoint_rerun,57,0.20568837222218683,0.5933427814657043,0.4479922311132921,0.39846428110875015,google
ig,P01_checkpoint_rerun,58,0.19997287856684354,0.6024268021455872,0.44542914465737393,0.3983907162282224,google
ig,P01_checkpoint_rerun,59,0.1944131353400337,0.6108076436467395,0.4429347944939883,0.3980224203986339,google
ig,P01_checkpoint_rerun,60,0.19135807717033645,0.6183028039228893,0.44037945058787126,0.39666660436847906,google
ig,P01_checkpoint_rerun,61,0.17991756698489325,0.636066491268009,0.43493257256049056,0.3946831405271306,google
ig,P01_checkpoint_rerun,62,0.17446765111622287,0.643335879934877,0.43315918322882174,0.39504638849395046,google
ig,P01_checkpoint_rerun,63,0.1694331772528364,0.6515208009009923,0.4307257990326746,0.3944043165539821,google
ig,P01_checkpoint_rerun,64,0.16409429325423844,0.662233201387116,0.42753551054188643,0.39303236880323345,google
ig,P01_checkpoint_rerun,65,0.15949985831732708,0.6715185488624957,0.4243959956655038,0.391442938069149,google
ig,P01_checkpoint_rerun,66,0.15455791498657034,0.6819525156507527,0.4210128217142055,0.3897580294475011,google
ig,P01_checkpoint_rerun,67,0.146459241401172,0.6962348295716367,0.41671385170872655,0.38822260010295695,google
ig,P01_checkpoint_rerun,68,0.146459241401172,0.6962348295716367,0.41671385170872655,0.38822260010295695,google
ig,P01_checkpoint_rerun,69,0.13754914830203485,0.7152312363037607,0.4110313737975223,0.3852670021145198,google
ig,P01_checkpoint_rerun,70,0.13189850990855775,0.726228624851092,0.4078356725423654,0.3838220720288009,google
ig,P01_checkpoint_rerun,71,0.12754765825734082,0.7343919707769588,0.4054055085274446,0.3825847855689293,google
ig,P01_checkpoint_rerun,72,0.12389617655802854,0.7402815012696183,0.4039752241317066,0.3821199072904663,google
ig,P01_checkpoint_rerun,73,0.11767754366870464,0.7562092192863854,0.3991458602643302,0.3790480127230669,google
ig,P01_checkpoint_rerun,74,0.11304706341705476,0.7659533839961068,0.39621182603766447,0.3772718166347455,google
ig,P01_checkpoint_rerun,75,0.11304706341705476,0.7659533839961068,0.39621182603766447,0.3772718166347455,google
ig,P01_checkpoint_rerun,76,0.10591416601606256,0.7789766083042737,0.39268663868487913,0.37541433830327053,google
ig,P01_checkpoint_rerun,77,0.09855273151832272,0.7927145755376279,0.3891258323338544,0.3735117129185902,google
ig,P01_checkpoint_rerun,78,0.09432661658822071,0.802177304659367,0.38666200728554034,0.37204632022811035,google
ig,P01_checkpoint_rerun,79,0.08962753097250536,0.8121851201149612,0.3837285108468619,0.37000842893866537,google
ig,P01_checkpoint_rerun,80,0.08617217370097592,0.8186564898681841,0.3820900003482003,0.3689813527032059,google
ig,P01_checkpoint_rerun,81,0.07757177528604373,0.8354963824375957,0.37800890155971667,0.3664475253800702,google
ig,P01_checkpoint_rerun,82,0.07468824099996306,0.8447278439493892,0.37537630548150897,0.3643968983881036,google
ig,P01_checkpoint_rerun,83,0.07107466161625539,0.8522329791435237,0.3735411682232285,0.3631951650998395,google
ig,P01_checkpoint_rerun,84,0.06675245902233119,0.860738447134044,0.3713745868021177,0.361894525809773,google
ig,P01_checkpoint_rerun,85,0.0614033918120865,0.871089564136196,0.3688371454834625,0.36017497430514556,google
ig,P01_checkpoint_rerun,86,0.056384498294166224,0.8815999023956214,0.366160227040743,0.3582972723692362,google
ig,P01_checkpoint_rerun,87,0.050154170420699355,0.8956447371942707,0.3632972881158343,0.3564030790346498,google
ig,P01_checkpoint_rerun,88,0.04653978373560095,0.9038296581603856,0.36134781814848155,0.3550951650957508,google
ig,P01_checkpoint_rerun,89,0.04172340418006634,0.9140824082344738,0.35898953264208566,0.35349974404457213,google
ig,P01_checkpoint_rerun,90,0.040405490230056976,0.9172768984216972,0.3582475162207242,0.3530509504568343,google
ig,P01_checkpoint_rerun,91,0.03322267794643032,0.9343049807331453,0.35471356548591765,0.3505041315928573,google
ig,P01_checkpoint_rerun,92,0.02779879811643781,0.9468070050831432,0.3519685973398497,0.3484100559643991,google
ig,P01_checkpoint_rerun,93,0.02387388491020931,0.9549637981449527,0.3503251168752388,0.3473048477598142,google
ig,P01_checkpoint_rerun,94,0.0226979050393321,0.9574138648588546,0.3497597305099886,0.3469858651023392,google
ig,P01_checkpoint_rerun,95,0.01905217028468648,0.9641169338807363,0.34837185725565867,0.34624716252400123,google
ig,P01_checkpoint_rerun,96,0.003743206003991492,0.9934067949441451,0.3435956458511359,0.34326598403630004,google
ig,P01_checkpoint_rerun,97,0.0,1.0,0.3426282560346505,0.3426282560346505,google
ig,P01_checkpoint_rerun,98,0.0,1.0,0.3426282560346505,0.3426282560346505,google
ig,P01_checkpoint_rerun,99,0.0,1.0,0.3426282560346505,0.3426282560346505,google
ig,P01_checkpoint_rerun,100,0.0,1.0,0.3426282560346505,0.3426282560346505,google
saliency,P20_frozen_cache,0,1.0,0.0,0.0,0.0,google
saliency,P20_frozen_cache,1,0.9341869857925733,0.046991001642611496,0.4900852851800084,0.06581301420742788,google
saliency,P20_frozen_cache,2,0.9341869857925733,0.046991001642611496,0.4900852851800084,0.06581301420742788,google
saliency,P20_frozen_cache,3,0.9341869857925733,0.046991001642611496,0.4900852851800084,0.06581301420742788,google
saliency,P20_frozen_cache,4,0.9341869857925733,0.046991001642611496,0.4900852851800084,0.06581301420742788,google
saliency,P20_frozen_cache,5,0.8851264806153553,0.07825325999510997,0.5062692634253014,0.1110905767773126,google
saliency,P20_frozen_cache,6,0.8680872848700196,0.08957713678375805,0.5110540778915451,0.126953342291252,google
saliency,P20_frozen_cache,7,0.8651028115299244,0.09202720349765989,0.5105177625907371,0.12976924108434365,google
saliency,P20_frozen_cache,8,0.8636816099841758,0.09359079150361271,0.511263081214226,0.1310805490004221,google
saliency,P20_frozen_cache,9,0.8306597192051062,0.11268602090946656,0.515745991332029,0.15989803121727128,google
saliency,P20_frozen_cache,10,0.8142600610410236,0.12509329545414688,0.5177539681515391,0.17348717610050748,google
saliency,P20_frozen_cache,11,0.8028646876725463,0.13290859340813685,0.5189323120801335,0.18308818049528125,google
saliency,P20_frozen_cache,12,0.796939314578544,0.1365681384263699,0.5201711015511089,0.18859229265538463,google
saliency,P20_frozen_cache,13,0.7730503041980994,0.15134626444834054,0.5199682491389307,0.20777173783375633,google
saliency,P20_frozen_cache,14,0.7546646508781816,0.16539109924698955,0.5177475446040672,0.22153114590530465,google
saliency,P20_frozen_cache,15,0.7472180437824905,0.17128062973964883,0.5188028925136573,0.2273166319045845,google
saliency,P20_frozen_cache,16,0.735270092449911,0.17965934945271253,0.5194103225425898,0.23690161166259963,google
saliency,P20_frozen_cache,17,0.7115104075407679,0.19475802249908877,0.517629147609305,0.25464442108075536,google
saliency,P20_frozen_cache,18,0.70093128168009,0.20226315769322434,0.5163603195384786,0.26248397203452895,google
saliency,P20_frozen_cache,19,0.6900348265973115,0.21149461920501783,0.5157009275557877,0.26968002959757376,google
saliency,P20_frozen_cache,20,0.6835524957487977,0.216383983450798,0.515633002332841,0.2738919627078537,google
saliency,P20_frozen_cache,21,0.6568151259524797,0.23480588152765025,0.5127249699047367,0.29189038652048027,google
saliency,P20_frozen_cache,22,0.6429412748254342,0.24481369698324384,0.5126182862347373,0.30115786355318264,google
saliency,P20_frozen_cache,23,0.6325472939771644,0.25427642610498236,0.5111474719374989,0.30774501561000706,google
saliency,P20_frozen_cache,24,0.6238557580060391,0.26142118828248134,0.5102587620573876,0.3132915226340151,google
saliency,P20_frozen_cache,25,0.6158235629453724,0.26801439333833654,0.5074846881577645,0.3159959262528287,google
saliency,P20_frozen_cache,26,0.5998244341773251,0.2810376176465038,0.5048904328355527,0.3248214932447319,google
saliency,P20_frozen_cache,27,0.586901685260504,0.2907817823562262,0.5034597695816561,0.33107586640837905,google
saliency,P20_frozen_cache,28,0.5692680665038764,0.3067095003729947,0.4996459699872553,0.3373267776839773,google
saliency,P20_frozen_cache,29,0.563667820465732,0.31259903086565405,0.49866959231436064,0.3396827484984097,google
saliency,P20_frozen_cache,30,0.5537375958238896,0.32076237679152086,0.496503101393752,0.3436885218833067,google
saliency,P20_frozen_cache,31,0.5420644917934085,0.33175976533885176,0.49276212372030925,0.34702243891075785,google
saliency,P20_frozen_cache,32,0.5311527385066405,0.3441629670151192,0.48994689974016264,0.3503642908949921,google
saliency,P20_frozen_cache,33,0.525142413988143,0.35075617207097515,0.4868347882612657,0.3512784669196473,google
saliency,P20_frozen_cache,34,0.5110884145488946,0.3650384859918594,0.48221175176133424,0.3556783538019962,google
saliency,P20_frozen_cache,35,0.5006031014987625,0.3754724527801163,0.47872213750904896,0.35771457347398383,google
saliency,P20_frozen_cache,36,0.498057978365345,0.37816459519964013,0.4779130846340537,0.3586724875519777,google
saliency,P20_frozen_cache,37,0.480371217859057,0.39547020074161854,0.4740263017390765,0.362256827657774,google
saliency,P20_frozen_cache,38,0.47267573649835487,0.4036551217077343,0.47108639021520426,0.3632935822797129,google
saliency,P20_frozen_cache,39,0.4650040961877454,0.41092451037460176,0.4698425967812858,0.36587162974979026,google
saliency,P20_frozen_cache,40,0.45934206392169746,0.41673766939609225,0.4682196400390767,0.3667269603478051,google
saliency,P20_frozen_cache,41,0.44266819529194873,0.4361833579958722,0.46266694908354433,0.3688742909924809,google
saliency,P20_frozen_cache,42,0.43509843499294937,0.444564199497024,0.4599039783653484,0.36983515288807445,google
saliency,P20_frozen_cache,43,0.4278840718060668,0.4536482201769066,0.4575770846615864,0.3710710082190011,google
saliency,P20_frozen_cache,44,0.4216314713023871,0.4611749304112907,0.45522418340097576,0.3714993179085037,google
saliency,P20_frozen_cache,45,0.4155398983515853,0.4697357043127346,0.45150800301874705,0.3714853274576117,google
saliency,P20_frozen_cache,46,0.39984709544337826,0.48834579213162366,0.44691352138520474,0.3728868758059518,google
saliency,P20_frozen_cache,47,0.3989334958809261,0.4896457293917059,0.44620733192680473,0.37289654499272945,google
saliency,P20_frozen_cache,48,0.38820833369279717,0.5052347190188464,0.4406268176827455,0.37251099769555834,google
saliency,P20_frozen_cache,49,0.38280889906233445,0.5118279240747012,0.4384202182205986,0.3721074772912197,google
saliency,P20_frozen_cache,50,0.38280889906233445,0.5118279240747012,0.4384202182205986,0.3721074772912197,google
saliency,P20_frozen_cache,51,0.36614752088175656,0.5351630775679113,0.4312760696015375,0.3717543919589229,google
saliency,P20_frozen_cache,52,0.36614752088175656,0.5351630775679113,0.4312760696015375,0.3717543919589229,google
saliency,P20_frozen_cache,53,0.35114224704821323,0.557345272250906,0.42414902339486993,0.3702889893924234,google
saliency,P20_frozen_cache,54,0.35000194636458526,0.5586452095109882,0.42379715202832613,0.370550769833602,google
saliency,P20_frozen_cache,55,0.3398228634051397,0.5726344895631098,0.42024113146136516,0.3698444622538848,google
saliency,P20_frozen_cache,56,0.3303260054633137,0.5858160712313205,0.41614346812599345,0.36898124799971493,google
saliency,P20_frozen_cache,57,0.32507992326936624,0.5933427814657043,0.4139855880492315,0.3684069008704167,google
saliency,P20_frozen_cache,58,0.31645028804290226,0.6024268021455872,0.41260933500060637,0.36917530936412885,google
saliency,P20_frozen_cache,59,0.3106966282660974,0.6108076436467395,0.4098108687796629,0.36804247745287144,google
saliency,P20_frozen_cache,60,0.3064735561053289,0.6183028039228893,0.40811028915609826,0.36747368817588044,google
saliency,P20_frozen_cache,61,0.29510098860211564,0.636066491268009,0.4027003737424266,0.36498356411784605,google
saliency,P20_frozen_cache,62,0.2891775627077106,0.643335879934877,0.40106707434261235,0.36513789365793237,google
saliency,P20_frozen_cache,63,0.2829776609498449,0.6515208009009923,0.399129116650926,0.364620963612306,google
saliency,P20_frozen_cache,64,0.27547054742627153,0.662233201387116,0.397035348504617,0.3641531804162991,google
saliency,P20_frozen_cache,65,0.2687244358016904,0.6715185488624957,0.39460822504797766,0.3629725717292361,google
saliency,P20_frozen_cache,66,0.26254206224503635,0.6819525156507527,0.39194596160643497,0.3619092350934885,google
saliency,P20_frozen_cache,67,0.2535485369420875,0.6962348295716367,0.3877363264753881,0.35987381072707075,google
saliency,P20_frozen_cache,68,0.2535485369420875,0.6962348295716367,0.3877363264753881,0.35987381072707075,google
saliency,P20_frozen_cache,69,0.24176769367567025,0.7152312363037607,0.3834997246336071,0.3578622183125689,google
saliency,P20_frozen_cache,70,0.23425428786521116,0.726228624851092,0.38104948027288865,0.35694829949256135,google
saliency,P20_frozen_cache,71,0.22970858031682234,0.7343919707769588,0.3786711635432205,0.35558163317527314,google
saliency,P20_frozen_cache,72,0.22529346282024415,0.7402815012696183,0.37782562658046964,0.35559990049764856,google
saliency,P20_frozen_cache,73,0.21318235912783107,0.7562092192863854,0.37484215041947305,0.35414741983221243,google
saliency,P20_frozen_cache,74,0.20768269905373504,0.7659533839961068,0.37234302560285515,0.35275726177900946,google
saliency,P20_frozen_cache,75,0.20768269905373504,0.7659533839961068,0.37234302560285515,0.35275726177900946,google
saliency,P20_frozen_cache,76,0.19985233891341492,0.7789766083042737,0.369542858295806,0.35155216598336725,google
saliency,P20_frozen_cache,77,0.18966574693251495,0.7927145755376279,0.3670667749869803,0.3505382918833743,google
saliency,P20_frozen_cache,78,0.18110592261291228,0.802177304659367,0.36598971653118895,0.3504205819323079,google
saliency,P20_frozen_cache,79,0.1742096547429286,0.8121851201149612,0.3638832649432282,0.3492208101808363,google
saliency,P20_frozen_cache,80,0.17016787988067192,0.8186564898681841,0.36244795528806995,0.3482718799715794,google
saliency,P20_frozen_cache,81,0.15733490135071676,0.8354963824375957,0.35950493908205783,0.3466987316017258,google
saliency,P20_frozen_cache,82,0.1480430621675761,0.8447278439493892,0.35885788645458583,0.3467045697334076,google
saliency,P20_frozen_cache,83,0.14201247618618262,0.8522329791435237,0.35762041889054885,0.34608540930840737,google
saliency,P20_frozen_cache,84,0.137312349040499,0.860738447134044,0.3556013187554139,0.34476922725931036,google
saliency,P20_frozen_cache,85,0.12977800418463686,0.871089564136196,0.353856130291306,0.34386090032526934,google
saliency,P20_frozen_cache,86,0.11962582100087604,0.8815999023956214,0.3526379368444733,0.34351421034827345,google
saliency,P20_frozen_cache,87,0.10577022135171764,0.8956447371942707,0.35152311206941766,0.3433499848503041,google
saliency,P20_frozen_cache,88,0.09872158899058997,0.9038296581603856,0.3507479118380169,0.34328338986904644,google
saliency,P20_frozen_cache,89,0.0923732076364671,0.9140824082344738,0.3487644217858078,0.34204458963273243,google
saliency,P20_frozen_cache,90,0.09006761815392919,0.9172768984216972,0.34819672019998027,0.34175134609170693,google
saliency,P20_frozen_cache,91,0.07097732033018087,0.9343049807331453,0.34722823046114154,0.34194446615311724,google
saliency,P20_frozen_cache,92,0.061227774568588855,0.9468070050831432,0.34560314940896975,0.34113234354109334,google
saliency,P20_frozen_cache,93,0.054093664625624586,0.9549637981449527,0.3447909033089105,0.341014856267955,google
saliency,P20_frozen_cache,94,0.05155686025899766,0.9574138648588546,0.34470273061258816,0.34131334945193587,google
saliency,P20_frozen_cache,95,0.04583862802479996,0.9641169338807363,0.3437299300657603,0.34105721780013953,google
saliency,P20_frozen_cache,96,0.007326387959594691,0.9934067949441451,0.34297332831355937,0.34256390631019945,google
saliency,P20_frozen_cache,97,0.0,1.0,0.3426282560346505,0.3426282560346505,google
saliency,P20_frozen_cache,98,0.0,1.0,0.3426282560346505,0.3426282560346505,google
saliency,P20_frozen_cache,99,0.0,1.0,0.3426282560346505,0.3426282560346505,google
saliency,P20_frozen_cache,100,0.0,1.0,0.3426282560346505,0.3426282560346505,google
