method,score_origin,grid,split,q,nominal_fraction,risk,mean_atom_fraction,precision,iou
atom_occlusion,P20_frozen_cache,exact_integer,calibration,0,0.0,1.0,0.0,0.0,0.0
atom_occlusion,P20_frozen_cache,exact_integer,calibration,1,0.01,0.6876513784730234,0.038832759623658626,0.8124238924852977,0.31083819965714304
atom_occlusion,P20_frozen_cache,exact_integer,calibration,2,0.02,0.6821353870470868,0.03987237593695166,0.8037322146705527,0.308405597655636
atom_occlusion,P20_frozen_cache,exact_integer,calibration,3,0.03,0.6676745947783828,0.04451957798119884,0.7725144837363068,0.2929023657200316
atom_occlusion,P20_frozen_cache,exact_integer,calibration,4,0.04,0.6492246243642247,0.05230529483247348,0.7369726776925412,0.2772585756315728
atom_occlusion,P20_frozen_cache,exact_integer,calibration,5,0.05,0.6066853892244811,0.07146821027535162,0.6929656567129606,0.2892062539765203
atom_occlusion,P20_frozen_cache,exact_integer,calibration,6,0.06,0.5894482981607594,0.08128047488358635,0.6668459668505675,0.28480035674189075
atom_occlusion,P20_frozen_cache,exact_integer,calibration,7,0.07,0.5784343696171353,0.08825021120196502,0.652000779766396,0.28117784137231433
atom_occlusion,P20_frozen_cache,exact_integer,calibration,8,0.08,0.5703449117252583,0.09457320573093737,0.6376079929770946,0.2751910228448354
atom_occlusion,P20_frozen_cache,exact_integer,calibration,9,0.09,0.5412495400711393,0.10935276158597591,0.6224004226309869,0.28973572845807755
atom_occlusion,P20_frozen_cache,exact_integer,calibration,10,0.1,0.5259059356273285,0.11923673909718553,0.6103752723564354,0.29306756696752373
atom_occlusion,P20_frozen_cache,exact_integer,calibration,11,0.11,0.5137659802734426,0.1286813280269692,0.5989417133013525,0.29369425160786233
atom_occlusion,P20_frozen_cache,exact_integer,calibration,12,0.12,0.505444624444573,0.13572165263079028,0.5902594955654165,0.2937460897905892
atom_occlusion,P20_frozen_cache,exact_integer,calibration,13,0.13,0.4859561743835648,0.1483662494008562,0.579193437600946,0.3019666183334437
atom_occlusion,P20_frozen_cache,exact_integer,calibration,14,0.14,0.47106037784612065,0.15955501937259028,0.5691797940928356,0.3071580149672118
atom_occlusion,P20_frozen_cache,exact_integer,calibration,15,0.15,0.4613984512228454,0.16769647564508364,0.5621909846218633,0.308979434089764
atom_occlusion,P20_frozen_cache,exact_integer,calibration,16,0.16,0.450591496671333,0.1768345078689763,0.5560646420650118,0.31225114926891845
atom_occlusion,P20_frozen_cache,exact_integer,calibration,17,0.17,0.4313526851591251,0.19041663452660856,0.5471417533277213,0.3206579088752052
atom_occlusion,P20_frozen_cache,exact_integer,calibration,18,0.18,0.42031138565313897,0.19940267296563297,0.5413811633715025,0.3247320798633007
atom_occlusion,P20_frozen_cache,exact_integer,calibration,19,0.19,0.4115129880444242,0.20748360228991602,0.5365508136732168,0.3276741219472376
atom_occlusion,P20_frozen_cache,exact_integer,calibration,20,0.2,0.4037837001823235,0.21416555529307224,0.5327942442198655,0.3303791043645917
atom_occlusion,P20_frozen_cache,exact_integer,calibration,21,0.21,0.38314065769176686,0.22981569416637893,0.5252026789149111,0.3392031281510295
atom_occlusion,P20_frozen_cache,exact_integer,calibration,22,0.22,0.3710546983380105,0.2405142142743002,0.5198929413070288,0.34367896712394735
atom_occlusion,P20_frozen_cache,exact_integer,calibration,23,0.23,0.3621376054792986,0.2485661927088592,0.516334442819953,0.3471075251689175
atom_occlusion,P20_frozen_cache,exact_integer,calibration,24,0.24,0.3530871288748024,0.2577262229465603,0.5116764821744471,0.34967746394167665
atom_occlusion,P20_frozen_cache,exact_integer,calibration,25,0.25,0.34507053261063597,0.2650262658597386,0.5077399495933845,0.3515141148835654
atom_occlusion,P20_frozen_cache,exact_integer,calibration,26,0.26,0.332418012881288,0.2782136265990654,0.501151903122692,0.3547336517995019
atom_occlusion,P20_frozen_cache,exact_integer,calibration,27,0.27,0.32172071259357876,0.2884883970708847,0.4968561584921324,0.3577264532321518
atom_occlusion,P20_frozen_cache,exact_integer,calibration,28,0.28,0.3145090632732331,0.2966650996756083,0.493032906948444,0.35884563828733157
atom_occlusion,P20_frozen_cache,exact_integer,calibration,29,0.29,0.30308410895400406,0.3089066073942901,0.48671417907138503,0.3601517352472229
atom_occlusion,P20_frozen_cache,exact_integer,calibration,30,0.3,0.29545339420287914,0.31766176048705985,0.48252074505854897,0.3609869695153805
atom_occlusion,P20_frozen_cache,exact_integer,calibration,31,0.31,0.2857160746727749,0.3288750372983629,0.4776073334800263,0.3620932850861671
atom_occlusion,P20_frozen_cache,exact_integer,calibration,32,0.32,0.27841938073323663,0.33787372414821815,0.4735022203934412,0.36275339494424474
atom_occlusion,P20_frozen_cache,exact_integer,calibration,33,0.33,0.27195410379169704,0.34617712830030545,0.4693873205247009,0.36246825921846976
atom_occlusion,P20_frozen_cache,exact_integer,calibration,34,0.34,0.26086488173914785,0.35998090336882355,0.46315010233066384,0.3630760126298424
atom_occlusion,P20_frozen_cache,exact_integer,calibration,35,0.35,0.25476377046345483,0.36845174183254975,0.45955107625511776,0.3628630521915804
atom_occlusion,P20_frozen_cache,exact_integer,calibration,36,0.36,0.24936849167754016,0.3767888644136888,0.45621518576343445,0.36267831417977103
atom_occlusion,P20_frozen_cache,exact_integer,calibration,37,0.37,0.23939094412843376,0.38976237227286914,0.45052774883270746,0.3625686801846056
atom_occlusion,P20_frozen_cache,exact_integer,calibration,38,0.38,0.23295296367013113,0.39886921325506197,0.44684194546270906,0.36225720723630905
atom_occlusion,P20_frozen_cache,exact_integer,calibration,39,0.39,0.22701257551523968,0.4081185479988193,0.44308952609099345,0.36188676169208955
atom_occlusion,P20_frozen_cache,exact_integer,calibration,40,0.4,0.22244008737259777,0.4149344243684043,0.4403519994945056,0.3614205485058945
atom_occlusion,P20_frozen_cache,exact_integer,calibration,41,0.41,0.21251450983177259,0.4299158306952979,0.43412487520736365,0.36040893609942154
atom_occlusion,P20_frozen_cache,exact_integer,calibration,42,0.42,0.2069110868878915,0.43950496831546526,0.4303046363926377,0.3595363976097769
atom_occlusion,P20_frozen_cache,exact_integer,calibration,43,0.43,0.2007170965053216,0.45025309782681144,0.42620610275336834,0.35867596905058846
atom_occlusion,P20_frozen_cache,exact_integer,calibration,44,0.44,0.19587313119601096,0.45794042471702545,0.4233952522123193,0.3581464703551971
atom_occlusion,P20_frozen_cache,exact_integer,calibration,45,0.45,0.18985043160900275,0.46788287246406984,0.4197642633041365,0.3574287021047676
atom_occlusion,P20_frozen_cache,exact_integer,calibration,46,0.46,0.1825278059277371,0.48063729357735224,0.41469875622642666,0.35592298459501986
atom_occlusion,P20_frozen_cache,exact_integer,calibration,47,0.47,0.1791099002082479,0.4873328269578422,0.41296549699946855,0.35554851573327606
atom_occlusion,P20_frozen_cache,exact_integer,calibration,48,0.48,0.17231976554450107,0.49950562336572113,0.4079837738866582,0.353974708803488
atom_occlusion,P20_frozen_cache,exact_integer,calibration,49,0.49,0.16730323429822103,0.5096064675537498,0.40439730368499904,0.3523863476279673
atom_occlusion,P20_frozen_cache,exact_integer,calibration,50,0.5,0.16698670007020983,0.5102408002401034,0.40424811983554626,0.35234012603460263
atom_occlusion,P20_frozen_cache,exact_integer,calibration,51,0.51,0.1573364947340877,0.5290191230772232,0.3977706886486427,0.35026798267813564
atom_occlusion,P20_frozen_cache,exact_integer,calibration,52,0.52,0.15463201452267517,0.5349287586613278,0.3965423572985594,0.34991647737798787
atom_occlusion,P20_frozen_cache,exact_integer,calibration,53,0.53,0.14664468663079946,0.5512927636731318,0.3897032205975346,0.34656322116625227
atom_occlusion,P20_frozen_cache,exact_integer,calibration,54,0.54,0.1436880912846956,0.5579362243100375,0.3881349252701521,0.34612553943554897
atom_occlusion,P20_frozen_cache,exact_integer,calibration,55,0.55,0.13905992169699946,0.5683471822532905,0.38449727879720086,0.34431599571119115
atom_occlusion,P20_frozen_cache,exact_integer,calibration,56,0.56,0.13521230671608997,0.5764939573100245,0.3823458307129337,0.34368860797603085
atom_occlusion,P20_frozen_cache,exact_integer,calibration,57,0.57,0.12988104347501706,0.5883724928041647,0.3779893564168982,0.3413283074952942
atom_occlusion,P20_frozen_cache,exact_integer,calibration,58,0.58,0.12526531673182414,0.5990685495719237,0.37470555342787654,0.3397666662305381
atom_occlusion,P20_frozen_cache,exact_integer,calibration,59,0.59,0.12146360244803713,0.6087097599356763,0.37170941041094285,0.33817092839871105
atom_occlusion,P20_frozen_cache,exact_integer,calibration,60,0.6,0.11900584887225499,0.6146917253595876,0.3700184440989246,0.3373039434489785
atom_occlusion,P20_frozen_cache,exact_integer,calibration,61,0.61,0.11259964666568602,0.6305070426321562,0.3648685260923761,0.3343820428747282
atom_occlusion,P20_frozen_cache,exact_integer,calibration,62,0.62,0.10908256119384997,0.6397043046323294,0.36217944041980316,0.33299608557914573
atom_occlusion,P20_frozen_cache,exact_integer,calibration,63,0.63,0.10566852171960668,0.6488632183581075,0.35956447065481817,0.3315977137034638
atom_occlusion,P20_frozen_cache,exact_integer,calibration,64,0.64,0.10203781642382637,0.6576455176133603,0.35727627878039947,0.33046961437858213
atom_occlusion,P20_frozen_cache,exact_integer,calibration,65,0.65,0.09854476916365111,0.6677783128848084,0.3543023251312077,0.32864108812744913
atom_occlusion,P20_frozen_cache,exact_integer,calibration,66,0.66,0.09443848669624455,0.6785926145185649,0.3513467675378775,0.32699350762573476
atom_occlusion,P20_frozen_cache,exact_integer,calibration,67,0.67,0.08902872473777863,0.692448462330669,0.34744834144201536,0.32475958899254154
atom_occlusion,P20_frozen_cache,exact_integer,calibration,68,0.68,0.08759061543876703,0.6965606578788306,0.34679347219270984,0.3245450882976546
atom_occlusion,P20_frozen_cache,exact_integer,calibration,69,0.69,0.08250150620570917,0.7097505533326119,0.34297992884390993,0.32223050104603
atom_occlusion,P20_frozen_cache,exact_integer,calibration,70,0.7,0.07975422452486364,0.7174043468235767,0.3410377336078604,0.32109208428114555
atom_occlusion,P20_frozen_cache,exact_integer,calibration,71,0.71,0.0752359874303255,0.7297189832366843,0.3379376727971999,0.319268286233789
atom_occlusion,P20_frozen_cache,exact_integer,calibration,72,0.72,0.07250600846818492,0.737769282351439,0.3361329409094181,0.318240444944239
atom_occlusion,P20_frozen_cache,exact_integer,calibration,73,0.73,0.06840750457456023,0.7501371935600899,0.3328358077906428,0.31606880050381286
atom_occlusion,P20_frozen_cache,exact_integer,calibration,74,0.74,0.06489091132706648,0.760359891288324,0.3302653398537265,0.3144428870140076
atom_occlusion,P20_frozen_cache,exact_integer,calibration,75,0.75,0.06376768594224069,0.7638206658165753,0.3297520133733942,0.3142589771807237
atom_occlusion,P20_frozen_cache,exact_integer,calibration,76,0.76,0.05941901558200838,0.7767081590804902,0.32674760428333294,0.3125709166397515
atom_occlusion,P20_frozen_cache,exact_integer,calibration,77,0.77,0.055167385179385284,0.7900593979221184,0.3234135340762358,0.3103700502334922
atom_occlusion,P20_frozen_cache,exact_integer,calibration,78,0.78,0.05287340765772264,0.7980593036130904,0.3215895117511871,0.3092245538337924
atom_occlusion,P20_frozen_cache,exact_integer,calibration,79,0.79,0.049439608046054545,0.8088098964645983,0.31911789045956146,0.30758226860973226
atom_occlusion,P20_frozen_cache,exact_integer,calibration,80,0.8,0.04751638821456054,0.8154605944349242,0.31756205189221615,0.30646963021912393
atom_occlusion,P20_frozen_cache,exact_integer,calibration,81,0.81,0.04326662882003174,0.831141988341061,0.3137412880428497,0.3037892221732928
atom_occlusion,P20_frozen_cache,exact_integer,calibration,82,0.82,0.040872697541773605,0.8391708449217581,0.31215367473807687,0.3028352245305733
atom_occlusion,P20_frozen_cache,exact_integer,calibration,83,0.83,0.03779628240532846,0.8482089561043669,0.31033236648450147,0.3016733762354682
atom_occlusion,P20_frozen_cache,exact_integer,calibration,84,0.84,0.03525083929916749,0.8575998741580715,0.30824217513059576,0.300216197877759
atom_occlusion,P20_frozen_cache,exact_integer,calibration,85,0.85,0.032343389417308986,0.8685335790722758,0.3057133426927502,0.29839325828527236
atom_occlusion,P20_frozen_cache,exact_integer,calibration,86,0.86,0.02976952213602728,0.8790184985148021,0.30344844792754855,0.2968673413520806
atom_occlusion,P20_frozen_cache,exact_integer,calibration,87,0.87,0.026692250472062962,0.8902593412301233,0.30106083072649104,0.29512089004809633
atom_occlusion,P20_frozen_cache,exact_integer,calibration,88,0.88,0.02442507648772579,0.8987127293962631,0.2993402627737057,0.29389933336792823
atom_occlusion,P20_frozen_cache,exact_integer,calibration,89,0.89,0.02140056017380992,0.9099442626040116,0.29707412567924735,0.2923465507034116
atom_occlusion,P20_frozen_cache,exact_integer,calibration,90,0.9,0.019818290419448013,0.9158293682134557,0.2960706775209938,0.2917165834311164
atom_occlusion,P20_frozen_cache,exact_integer,calibration,91,0.91,0.016449750034033025,0.9292728290450031,0.2933389240807733,0.2897619688176727
atom_occlusion,P20_frozen_cache,exact_integer,calibration,92,0.92,0.014111357861279893,0.9398611762961147,0.29095005946351576,0.2878666687328088
atom_occlusion,P20_frozen_cache,exact_integer,calibration,93,0.93,0.011228853343610982,0.950375379429014,0.2890371055749477,0.2865840722759477
atom_occlusion,P20_frozen_cache,exact_integer,calibration,94,0.94,0.009403922506052579,0.9572930430038068,0.287989461864697,0.28596620089459035
atom_occlusion,P20_frozen_cache,exact_integer,calibration,95,0.95,0.007840645133288618,0.9647618444420105,0.28646480944119485,0.2847868946727276
atom_occlusion,P20_frozen_cache,exact_integer,calibration,96,0.96,0.004302933309009473,0.9821290871945787,0.28255044270143714,0.2816163146802147
atom_occlusion,P20_frozen_cache,exact_integer,calibration,97,0.97,0.001191300687376582,0.9941060126497764,0.2806188709912015,0.28044036952321516
atom_occlusion,P20_frozen_cache,exact_integer,calibration,98,0.98,0.00022414556725447758,0.9987011419504385,0.28000210705338335,0.2799799426604921
atom_occlusion,P20_frozen_cache,exact_integer,calibration,99,0.99,2.6666748692353084e-05,0.9997928310073173,0.2798547550339816,0.2798522003140978
atom_occlusion,P20_frozen_cache,exact_integer,calibration,100,1.0,0.0,1.0,0.27982386067947546,0.27982386067947546
atom_occlusion,P20_frozen_cache,exact_integer,test,0,0.0,1.0,0.0,0.0,0.0
atom_occlusion,P20_frozen_cache,exact_integer,test,1,0.01,0.6902014785176671,0.03893550928031149,0.8150119063849781,0.30812265304943703
atom_occlusion,P20_frozen_cache,exact_integer,test,2,0.02,0.6850468704707513,0.03999107566494566,0.80692111031866,0.3060610831028415
atom_occlusion,P20_frozen_cache,exact_integer,test,3,0.03,0.6689853443546497,0.044834826923837834,0.7752316000975575,0.2920532555219733
atom_occlusion,P20_frozen_cache,exact_integer,test,4,0.04,0.6503322661928738,0.05252287762263072,0.7414159312045118,0.2785443026786324
atom_occlusion,P20_frozen_cache,exact_integer,test,5,0.05,0.6075394467182131,0.07115131445476044,0.6981820476802021,0.2902464277303616
atom_occlusion,P20_frozen_cache,exact_integer,test,6,0.06,0.5880787873479351,0.08167365641745356,0.6735432542275275,0.28856764233859156
atom_occlusion,P20_frozen_cache,exact_integer,test,7,0.07,0.5764058149920833,0.08886134481337761,0.6581361518950603,0.2851702431935597
atom_occlusion,P20_frozen_cache,exact_integer,test,8,0.08,0.5680008376213836,0.09495907298355585,0.6451484912008725,0.28121953929029875
atom_occlusion,P20_frozen_cache,exact_integer,test,9,0.09,0.542950241111733,0.10864059190508,0.6285557684475602,0.2909226811603927
atom_occlusion,P20_frozen_cache,exact_integer,test,10,0.1,0.5250698216548277,0.11912892802861859,0.6143607138040849,0.29658428673975534
atom_occlusion,P20_frozen_cache,exact_integer,test,11,0.11,0.5119325717362153,0.1285261851138177,0.6029042653520521,0.29874593767107255
atom_occlusion,P20_frozen_cache,exact_integer,test,12,0.12,0.5032629817561026,0.13629203869143156,0.5938465809235152,0.2984304955179633
atom_occlusion,P20_frozen_cache,exact_integer,test,13,0.13,0.48492262794887503,0.14826615415802413,0.5841257544254811,0.30618226718384456
atom_occlusion,P20_frozen_cache,exact_integer,test,14,0.14,0.4679829483805389,0.16011058780199183,0.5730667674968204,0.3115048007068737
atom_occlusion,P20_frozen_cache,exact_integer,test,15,0.15,0.4582035636534343,0.16819109916077224,0.5661949655249396,0.31364781791084295
atom_occlusion,P20_frozen_cache,exact_integer,test,16,0.16,0.4474062481261349,0.17739304783364707,0.5593676911146783,0.3167800449065897
atom_occlusion,P20_frozen_cache,exact_integer,test,17,0.17,0.43029885478953994,0.18943484158404855,0.5522305012638362,0.32483589276467484
atom_occlusion,P20_frozen_cache,exact_integer,test,18,0.18,0.4187337228415172,0.19888468766031636,0.5463220737899563,0.3287333302488524
atom_occlusion,P20_frozen_cache,exact_integer,test,19,0.19,0.408178390683142,0.20847964993186308,0.5394288658803393,0.33099400142945157
atom_occlusion,P20_frozen_cache,exact_integer,test,20,0.2,0.40089310100582803,0.2145977737710138,0.5360104743806828,0.33359828194410757
atom_occlusion,P20_frozen_cache,exact_integer,test,21,0.21,0.38168820737084147,0.22983864637837428,0.528168071655783,0.341840961787746
atom_occlusion,P20_frozen_cache,exact_integer,test,22,0.22,0.3697716712495057,0.23997134132550663,0.5231658676792978,0.34621120826844765
atom_occlusion,P20_frozen_cache,exact_integer,test,23,0.23,0.35958674900761206,0.24936771666500288,0.5182511918360341,0.34922165903033814
atom_occlusion,P20_frozen_cache,exact_integer,test,24,0.24,0.35104387442148777,0.2581977047214623,0.5138431337001063,0.3514931066313672
atom_occlusion,P20_frozen_cache,exact_integer,test,25,0.25,0.34418777768998376,0.26450400426389203,0.5103794565130813,0.3530227677013791
atom_occlusion,P20_frozen_cache,exact_integer,test,26,0.26,0.3297201781382018,0.2783551250579085,0.5043397178188098,0.3571606962378036
atom_occlusion,P20_frozen_cache,exact_integer,test,27,0.27,0.3197404467634547,0.28837932653799997,0.4997322178611245,0.3598342434506243
atom_occlusion,P20_frozen_cache,exact_integer,test,28,0.28,0.3117307344423986,0.2974846499899692,0.4948407538100433,0.36042161176742077
atom_occlusion,P20_frozen_cache,exact_integer,test,29,0.29,0.3010585093132026,0.3082971561802614,0.48962356647275934,0.3619368453087483
atom_occlusion,P20_frozen_cache,exact_integer,test,30,0.3,0.29329039569479237,0.3173808777177288,0.4853691975739369,0.3629643052366921
atom_occlusion,P20_frozen_cache,exact_integer,test,31,0.31,0.283829250365204,0.32860023039442254,0.4799633087675448,0.36378984626206895
atom_occlusion,P20_frozen_cache,exact_integer,test,32,0.32,0.275399582064454,0.33925999046830907,0.4746892829986277,0.363820222723169
atom_occlusion,P20_frozen_cache,exact_integer,test,33,0.33,0.26917436874599876,0.3467032986635782,0.4712799489766404,0.36392107174353006
atom_occlusion,P20_frozen_cache,exact_integer,test,34,0.34,0.25857864332892083,0.35949544471619393,0.46588974741952316,0.3650853312722711
atom_occlusion,P20_frozen_cache,exact_integer,test,35,0.35,0.25250888849050174,0.36792782912592475,0.46248785343630444,0.3649177492978745
atom_occlusion,P20_frozen_cache,exact_integer,test,36,0.36,0.24618918969396045,0.3770829257526961,0.45872843722921397,0.3648968981546365
atom_occlusion,P20_frozen_cache,exact_integer,test,37,0.37,0.23711332791829748,0.38961068757641676,0.4525754882861709,0.3641346927352713
atom_occlusion,P20_frozen_cache,exact_integer,test,38,0.38,0.2305548850020408,0.39939845277720754,0.44879663980776735,0.3638736528322725
atom_occlusion,P20_frozen_cache,exact_integer,test,39,0.39,0.22451572781899895,0.4082696190713175,0.44556047901667634,0.3640630880506463
atom_occlusion,P20_frozen_cache,exact_integer,test,40,0.4,0.22035773142286527,0.41455919841573446,0.44282471393002587,0.36350283569596487
atom_occlusion,P20_frozen_cache,exact_integer,test,41,0.41,0.21010439625209706,0.4303893326616187,0.43619515585537,0.3622697818017783
atom_occlusion,P20_frozen_cache,exact_integer,test,42,0.42,0.20410091986438808,0.4398554158880383,0.4326894264407272,0.3618107224381261
atom_occlusion,P20_frozen_cache,exact_integer,test,43,0.43,0.19815827789363244,0.450050795678216,0.42883524779103344,0.36119508625988284
atom_occlusion,P20_frozen_cache,exact_integer,test,44,0.44,0.19362613542437238,0.45819079115567507,0.42556322850743245,0.36008621030043886
atom_occlusion,P20_frozen_cache,exact_integer,test,45,0.45,0.18819637999943983,0.4671690544551717,0.4223582757585117,0.35946252538278495
atom_occlusion,P20_frozen_cache,exact_integer,test,46,0.46,0.17974957970983144,0.48145240830700936,0.4168105216776885,0.35796466633098384
atom_occlusion,P20_frozen_cache,exact_integer,test,47,0.47,0.17658155802667652,0.48752449628047295,0.41523848705383914,0.35769019419893444
atom_occlusion,P20_frozen_cache,exact_integer,test,48,0.48,0.16941286119097354,0.49969655493487414,0.410470415416536,0.3564738416270088
atom_occlusion,P20_frozen_cache,exact_integer,test,49,0.49,0.1649803120689601,0.5087908781930854,0.40732307966625136,0.35508241052874556
atom_occlusion,P20_frozen_cache,exact_integer,test,50,0.5,0.16461403494489069,0.5094956939082281,0.40716432154090004,0.35504055883243296
atom_occlusion,P20_frozen_cache,exact_integer,test,51,0.51,0.15390259896041128,0.5299123034371523,0.40003637963067346,0.35269375115874596
atom_occlusion,P20_frozen_cache,exact_integer,test,52,0.52,0.15138076475480391,0.53567224485109,0.39877438864205744,0.3522715040755457
atom_occlusion,P20_frozen_cache,exact_integer,test,53,0.53,0.14374500942408136,0.5511786853497651,0.39237816668935516,0.34928466764711324
atom_occlusion,P20_frozen_cache,exact_integer,test,54,0.54,0.14096427111864332,0.557139401899669,0.3909965737507275,0.34894189864977065
atom_occlusion,P20_frozen_cache,exact_integer,test,55,0.55,0.13551157503610875,0.5686457334225209,0.3871928637762744,0.3471642025839134
atom_occlusion,P20_frozen_cache,exact_integer,test,56,0.56,0.1316912726699289,0.5771780086302899,0.3846851367501536,0.34636800400676016
atom_occlusion,P20_frozen_cache,exact_integer,test,57,0.57,0.1267908217962466,0.5886523859520247,0.38044546584911954,0.34387352099518476
atom_occlusion,P20_frozen_cache,exact_integer,test,58,0.58,0.12245529948189593,0.5987363943186399,0.3773351362873958,0.3425316025681511
atom_occlusion,P20_frozen_cache,exact_integer,test,59,0.59,0.11858890184301522,0.60831384896862,0.37428998954499654,0.34089579862638075
atom_occlusion,P20_frozen_cache,exact_integer,test,60,0.6,0.11601037490823017,0.6155517662826564,0.37210098385651313,0.3396502948601955
atom_occlusion,P20_frozen_cache,exact_integer,test,61,0.61,0.10989604451461926,0.6304335625589225,0.3671113393280359,0.3366935922252974
atom_occlusion,P20_frozen_cache,exact_integer,test,62,0.62,0.10625787938711316,0.6391933574294727,0.3646375792191243,0.3356649251482269
atom_occlusion,P20_frozen_cache,exact_integer,test,63,0.63,0.10248703687771267,0.6490924940538244,0.3619322782030851,0.33416331766869395
atom_occlusion,P20_frozen_cache,exact_integer,test,64,0.64,0.09927099218689721,0.6582858740332684,0.35920080611272576,0.3326668134535369
atom_occlusion,P20_frozen_cache,exact_integer,test,65,0.65,0.09538520831319246,0.6678869587517662,0.3565927533952001,0.3312954807532806
atom_occlusion,P20_frozen_cache,exact_integer,test,66,0.66,0.09133022352136987,0.6790963654904839,0.35345187102068976,0.3294854171743198
atom_occlusion,P20_frozen_cache,exact_integer,test,67,0.67,0.0862323259058258,0.6919998829666608,0.34979137636782287,0.3274683188939196
atom_occlusion,P20_frozen_cache,exact_integer,test,68,0.68,0.08460241808188199,0.6961088093176551,0.34913426642916734,0.32728692813202537
atom_occlusion,P20_frozen_cache,exact_integer,test,69,0.69,0.07954795115891909,0.7101029512358169,0.34510859374728564,0.3247574381072618
atom_occlusion,P20_frozen_cache,exact_integer,test,70,0.7,0.07703753215942678,0.7173308659348852,0.3432057737117273,0.3236153859806039
atom_occlusion,P20_frozen_cache,exact_integer,test,71,0.71,0.07255120934302081,0.7304060254499776,0.3396958899082918,0.32142635890694554
atom_occlusion,P20_frozen_cache,exact_integer,test,72,0.72,0.06992700680676472,0.7378841497959935,0.3379524603145206,0.320465260219588
atom_occlusion,P20_frozen_cache,exact_integer,test,73,0.73,0.06614381717150665,0.7503238550922391,0.3345022074504839,0.3181589421840402
atom_occlusion,P20_frozen_cache,exact_integer,test,74,0.74,0.0628815019938599,0.7602366851487699,0.3320131622440752,0.31659174336856244
atom_occlusion,P20_frozen_cache,exact_integer,test,75,0.75,0.06167112512841858,0.7638299623387016,0.33150106431677445,0.3164346535193181
atom_occlusion,P20_frozen_cache,exact_integer,test,76,0.76,0.057355403934349285,0.7771710950645028,0.32820902895628734,0.3143624589748311
atom_occlusion,P20_frozen_cache,exact_integer,test,77,0.77,0.05380439106799961,0.7893354649652383,0.32503662143536194,0.3122255693271918
atom_occlusion,P20_frozen_cache,exact_integer,test,78,0.78,0.05084665872111293,0.7986204688811724,0.32290603988855177,0.31088656374684004
atom_occlusion,P20_frozen_cache,exact_integer,test,79,0.79,0.047811919194974684,0.808864535251867,0.3204206307711485,0.30920581298797206
atom_occlusion,P20_frozen_cache,exact_integer,test,80,0.8,0.04612033211791751,0.8155131909273813,0.31883200815709073,0.30806514230024984
atom_occlusion,P20_frozen_cache,exact_integer,test,81,0.81,0.04174140832732311,0.8302235316983779,0.31526998633219,0.30562435763149415
atom_occlusion,P20_frozen_cache,exact_integer,test,82,0.82,0.03902040749058924,0.8397071225463635,0.31328156808561586,0.3042633850161802
atom_occlusion,P20_frozen_cache,exact_integer,test,83,0.83,0.036527579033216434,0.849268340046191,0.3112120429661635,0.3028276615598175
atom_occlusion,P20_frozen_cache,exact_integer,test,84,0.84,0.034096741755732254,0.8579757519523152,0.30920505752031585,0.30141163735498155
atom_occlusion,P20_frozen_cache,exact_integer,test,85,0.85,0.031459360286686666,0.8676236887169189,0.3070181304427059,0.2999071195464549
atom_occlusion,P20_frozen_cache,exact_integer,test,86,0.86,0.028788630506122993,0.8784812224046892,0.3046253365238099,0.29822006439003074
atom_occlusion,P20_frozen_cache,exact_integer,test,87,0.87,0.02561758770300598,0.8904370274722195,0.30209712903982944,0.2963721244309431
atom_occlusion,P20_frozen_cache,exact_integer,test,88,0.88,0.023312176373483335,0.899076761094537,0.3002905459874658,0.29507895183791527
atom_occlusion,P20_frozen_cache,exact_integer,test,89,0.89,0.020637913870070787,0.9101769965164278,0.2979470413608684,0.2934275965915764
atom_occlusion,P20_frozen_cache,exact_integer,test,90,0.9,0.01923546416178419,0.915582815624,0.2969189316900248,0.2927297205477103
atom_occlusion,P20_frozen_cache,exact_integer,test,91,0.91,0.01572026115240548,0.9300625897251636,0.29393473140930854,0.2905284488629788
atom_occlusion,P20_frozen_cache,exact_integer,test,92,0.92,0.013362046026068997,0.9404097268024115,0.2917138987309413,0.28876778299867895
atom_occlusion,P20_frozen_cache,exact_integer,test,93,0.93,0.011266653310478051,0.9498418368168653,0.2898961092399968,0.28748904102646605
atom_occlusion,P20_frozen_cache,exact_integer,test,94,0.94,0.009497207362195578,0.9569181537892284,0.2887411729399249,0.2867647222072442
atom_occlusion,P20_frozen_cache,exact_integer,test,95,0.95,0.007919594721431,0.964663473422934,0.28704011899993925,0.2854093218869559
atom_occlusion,P20_frozen_cache,exact_integer,test,96,0.96,0.0038063572265934695,0.9828459221633368,0.28302333666020907,0.2821281299266015
atom_occlusion,P20_frozen_cache,exact_integer,test,97,0.97,0.0011092482654992298,0.9938683547064016,0.2812447824151546,0.28106315815647903
atom_occlusion,P20_frozen_cache,exact_integer,test,98,0.98,0.00024591703337652226,0.9986007345417334,0.2805677639982169,0.28054167482587694
atom_occlusion,P20_frozen_cache,exact_integer,test,99,0.99,3.481132870929275e-05,0.9997676723499286,0.28042209660860834,0.2804183501879779
atom_occlusion,P20_frozen_cache,exact_integer,test,100,1.0,0.0,1.0,0.2803874299751492,0.2803874299751492
atom_occlusion,P20_frozen_cache,machine,calibration,0,0.0,1.0,0.0,0.0,0.0
atom_occlusion,P20_frozen_cache,machine,calibration,1,0.01,0.6876513784730234,0.038832759623658626,0.8124238924852977,0.31083819965714304
atom_occlusion,P20_frozen_cache,machine,calibration,2,0.02,0.6821353870470868,0.03987237593695166,0.8037322146705527,0.308405597655636
atom_occlusion,P20_frozen_cache,machine,calibration,3,0.03,0.6676745947783828,0.04451957798119884,0.7725144837363068,0.2929023657200316
atom_occlusion,P20_frozen_cache,machine,calibration,4,0.04,0.6492246243642247,0.05230529483247348,0.7369726776925412,0.2772585756315728
atom_occlusion,P20_frozen_cache,machine,calibration,5,0.05,0.6066853892244811,0.07146821027535162,0.6929656567129606,0.2892062539765203
atom_occlusion,P20_frozen_cache,machine,calibration,6,0.06,0.5894482981607594,0.08128047488358635,0.6668459668505675,0.28480035674189075
atom_occlusion,P20_frozen_cache,machine,calibration,7,0.07,0.5784165842467628,0.08825888185748629,0.6519840859670234,0.2811880390921787
atom_occlusion,P20_frozen_cache,machine,calibration,8,0.08,0.5703449117252583,0.09457320573093737,0.6376079929770946,0.2751910228448354
atom_occlusion,P20_frozen_cache,machine,calibration,9,0.09,0.5412495400711393,0.10935276158597591,0.6224004226309869,0.28973572845807755
atom_occlusion,P20_frozen_cache,machine,calibration,10,0.1,0.5259059356273285,0.11923673909718553,0.6103752723564354,0.29306756696752373
atom_occlusion,P20_frozen_cache,machine,calibration,11,0.11,0.5137659802734426,0.1286813280269692,0.5989417133013525,0.29369425160786233
atom_occlusion,P20_frozen_cache,machine,calibration,12,0.12,0.505444624444573,0.13572165263079028,0.5902594955654165,0.2937460897905892
atom_occlusion,P20_frozen_cache,machine,calibration,13,0.13,0.4859561743835648,0.1483662494008562,0.579193437600946,0.3019666183334437
atom_occlusion,P20_frozen_cache,machine,calibration,14,0.14,0.4709672153195493,0.15961576277169742,0.569120582070178,0.30718384996362846
atom_occlusion,P20_frozen_cache,machine,calibration,15,0.15,0.4613984512228454,0.16769647564508364,0.5621909846218633,0.308979434089764
atom_occlusion,P20_frozen_cache,machine,calibration,16,0.16,0.450591496671333,0.1768345078689763,0.5560646420650118,0.31225114926891845
atom_occlusion,P20_frozen_cache,machine,calibration,17,0.17,0.43135262611651287,0.1904168565193212,0.5471415779870468,0.3206577876757409
atom_occlusion,P20_frozen_cache,machine,calibration,18,0.18,0.42031138565313897,0.19940267296563297,0.5413811633715025,0.3247320798633007
atom_occlusion,P20_frozen_cache,machine,calibration,19,0.19,0.4115129880444242,0.20748360228991602,0.5365508136732168,0.3276741219472376
atom_occlusion,P20_frozen_cache,machine,calibration,20,0.2,0.4037837001823235,0.21416555529307224,0.5327942442198655,0.3303791043645917
atom_occlusion,P20_frozen_cache,machine,calibration,21,0.21,0.38314065769176686,0.22981569416637893,0.5252026789149111,0.3392031281510295
atom_occlusion,P20_frozen_cache,machine,calibration,22,0.22,0.3710546983380105,0.2405142142743002,0.5198929413070288,0.34367896712394735
atom_occlusion,P20_frozen_cache,machine,calibration,23,0.23,0.3621376054792986,0.2485661927088592,0.516334442819953,0.3471075251689175
atom_occlusion,P20_frozen_cache,machine,calibration,24,0.24,0.3530871288748024,0.2577262229465603,0.5116764821744471,0.34967746394167665
atom_occlusion,P20_frozen_cache,machine,calibration,25,0.25,0.34507053261063597,0.2650262658597386,0.5077399495933845,0.3515141148835654
atom_occlusion,P20_frozen_cache,machine,calibration,26,0.26,0.332418012881288,0.2782136265990654,0.501151903122692,0.3547336517995019
atom_occlusion,P20_frozen_cache,machine,calibration,27,0.27,0.32172071259357876,0.2884883970708847,0.4968561584921324,0.3577264532321518
atom_occlusion,P20_frozen_cache,machine,calibration,28,0.28,0.309624419370978,0.30086054445393606,0.4905721723226184,0.3596460872254681
atom_occlusion,P20_frozen_cache,machine,calibration,29,0.29,0.30308410895400406,0.3089066073942901,0.48671417907138503,0.3601517352472229
atom_occlusion,P20_frozen_cache,machine,calibration,30,0.3,0.29545339420287914,0.31766176048705985,0.48252074505854897,0.3609869695153805
atom_occlusion,P20_frozen_cache,machine,calibration,31,0.31,0.2857160746727749,0.3288750372983629,0.4776073334800263,0.3620932850861671
atom_occlusion,P20_frozen_cache,machine,calibration,32,0.32,0.27841938073323663,0.33787372414821815,0.4735022203934412,0.36275339494424474
atom_occlusion,P20_frozen_cache,machine,calibration,33,0.33,0.27195410379169704,0.34617712830030545,0.4693873205247009,0.36246825921846976
atom_occlusion,P20_frozen_cache,machine,calibration,34,0.34,0.2608635001944771,0.35998360995506257,0.4631472827449474,0.36307496745911094
atom_occlusion,P20_frozen_cache,machine,calibration,35,0.35,0.2528895503193172,0.37084749973887937,0.4584228280881333,0.3630452078569006
atom_occlusion,P20_frozen_cache,machine,calibration,36,0.36,0.24936849167754016,0.3767888644136888,0.45621518576343445,0.36267831417977103
atom_occlusion,P20_frozen_cache,machine,calibration,37,0.37,0.23939094412843376,0.38976237227286914,0.45052774883270746,0.3625686801846056
atom_occlusion,P20_frozen_cache,machine,calibration,38,0.38,0.23295296367013113,0.39886921325506197,0.44684194546270906,0.36225720723630905
atom_occlusion,P20_frozen_cache,machine,calibration,39,0.39,0.22701257551523968,0.4081185479988193,0.44308952609099345,0.36188676169208955
atom_occlusion,P20_frozen_cache,machine,calibration,40,0.4,0.22244008737259777,0.4149344243684043,0.4403519994945056,0.3614205485058945
atom_occlusion,P20_frozen_cache,machine,calibration,41,0.41,0.21251439174654815,0.4299160526880105,0.43412485616266444,0.3604089283298974
atom_occlusion,P20_frozen_cache,machine,calibration,42,0.42,0.2069110868878915,0.43950496831546526,0.4303046363926377,0.3595363976097769
atom_occlusion,P20_frozen_cache,machine,calibration,43,0.43,0.2007170965053216,0.45025309782681144,0.42620610275336834,0.35867596905058846
atom_occlusion,P20_frozen_cache,machine,calibration,44,0.44,0.19587313119601096,0.45794042471702545,0.4233952522123193,0.3581464703551971
atom_occlusion,P20_frozen_cache,machine,calibration,45,0.45,0.18985043160900275,0.46788287246406984,0.4197642633041365,0.3574287021047676
atom_occlusion,P20_frozen_cache,machine,calibration,46,0.46,0.1825278059277371,0.48063729357735224,0.41469875622642666,0.35592298459501986
atom_occlusion,P20_frozen_cache,machine,calibration,47,0.47,0.1791099002082479,0.4873328269578422,0.41296549699946855,0.35554851573327606
atom_occlusion,P20_frozen_cache,machine,calibration,48,0.48,0.17231976554450107,0.49950562336572113,0.4079837738866582,0.353974708803488
atom_occlusion,P20_frozen_cache,machine,calibration,49,0.49,0.16730323429822103,0.5096064675537498,0.40439730368499904,0.3523863476279673
atom_occlusion,P20_frozen_cache,machine,calibration,50,0.5,0.16698670007020983,0.5102408002401034,0.40424811983554626,0.35234012603460263
atom_occlusion,P20_frozen_cache,machine,calibration,51,0.51,0.1573364947340877,0.5290191230772232,0.3977706886486427,0.35026798267813564
atom_occlusion,P20_frozen_cache,machine,calibration,52,0.52,0.15463201452267517,0.5349287586613278,0.3965423572985594,0.34991647737798787
atom_occlusion,P20_frozen_cache,machine,calibration,53,0.53,0.14664468663079946,0.5512927636731318,0.3897032205975346,0.34656322116625227
atom_occlusion,P20_frozen_cache,machine,calibration,54,0.54,0.1436880912846956,0.5579362243100375,0.3881349252701521,0.34612553943554897
atom_occlusion,P20_frozen_cache,machine,calibration,55,0.55,0.13905641806463614,0.5683559336334346,0.3844917802015244,0.3443127735906502
atom_occlusion,P20_frozen_cache,machine,calibration,56,0.56,0.13349688163379345,0.5806894020883524,0.38033902483712134,0.3423471226570109
atom_occlusion,P20_frozen_cache,machine,calibration,57,0.57,0.12987761762545325,0.588381163459686,0.37798415630301335,0.34132522293773837
atom_occlusion,P20_frozen_cache,machine,calibration,58,0.58,0.12526531673182414,0.5990685495719237,0.37470555342787654,0.3397666662305381
atom_occlusion,P20_frozen_cache,machine,calibration,59,0.59,0.12146360244803713,0.6087097599356763,0.37170941041094285,0.33817092839871105
atom_occlusion,P20_frozen_cache,machine,calibration,60,0.6,0.11900584887225499,0.6146917253595876,0.3700184440989246,0.3373039434489785
atom_occlusion,P20_frozen_cache,machine,calibration,61,0.61,0.11259964666568602,0.6305070426321562,0.3648685260923761,0.3343820428747282
atom_occlusion,P20_frozen_cache,machine,calibration,62,0.62,0.10908256119384997,0.6397043046323294,0.36217944041980316,0.33299608557914573
atom_occlusion,P20_frozen_cache,machine,calibration,63,0.63,0.10566852171960668,0.6488632183581075,0.35956447065481817,0.3315977137034638
atom_occlusion,P20_frozen_cache,machine,calibration,64,0.64,0.10203781642382637,0.6576455176133603,0.35727627878039947,0.33046961437858213
atom_occlusion,P20_frozen_cache,machine,calibration,65,0.65,0.09854476916365111,0.6677783128848084,0.3543023251312077,0.32864108812744913
atom_occlusion,P20_frozen_cache,machine,calibration,66,0.66,0.09443848669624455,0.6785926145185649,0.3513467675378775,0.32699350762573476
atom_occlusion,P20_frozen_cache,machine,calibration,67,0.67,0.08902872473777863,0.692448462330669,0.34744834144201536,0.32475958899254154
atom_occlusion,P20_frozen_cache,machine,calibration,68,0.68,0.08758736581992468,0.6965757105148772,0.346790307195869,0.3245427630788566
atom_occlusion,P20_frozen_cache,machine,calibration,69,0.69,0.08250150620570917,0.7097507753253246,0.3429798965256265,0.32223046872774663
atom_occlusion,P20_frozen_cache,machine,calibration,70,0.7,0.07835482520003627,0.7209137963393126,0.3401370145145306,0.32059900042537615
atom_occlusion,P20_frozen_cache,machine,calibration,71,0.71,0.0752359874303255,0.7297189832366843,0.3379376727971999,0.319268286233789
atom_occlusion,P20_frozen_cache,machine,calibration,72,0.72,0.07250600846818492,0.737769282351439,0.3361329409094181,0.318240444944239
atom_occlusion,P20_frozen_cache,machine,calibration,73,0.73,0.06840750457456023,0.7501371935600899,0.3328358077906428,0.31606880050381286
atom_occlusion,P20_frozen_cache,machine,calibration,74,0.74,0.06489091132706648,0.760359891288324,0.3302653398537265,0.3144428870140076
atom_occlusion,P20_frozen_cache,machine,calibration,75,0.75,0.06376768594224069,0.7638206658165753,0.3297520133733942,0.3142589771807237
atom_occlusion,P20_frozen_cache,machine,calibration,76,0.76,0.05941901558200838,0.7767081590804902,0.32674760428333294,0.3125709166397515
atom_occlusion,P20_frozen_cache,machine,calibration,77,0.77,0.055167385179385284,0.7900593979221184,0.3234135340762358,0.3103700502334922
atom_occlusion,P20_frozen_cache,machine,calibration,78,0.78,0.05287340765772264,0.7980593036130904,0.3215895117511871,0.3092245538337924
atom_occlusion,P20_frozen_cache,machine,calibration,79,0.79,0.049439608046054545,0.8088098964645983,0.31911789045956146,0.30758226860973226
atom_occlusion,P20_frozen_cache,machine,calibration,80,0.8,0.04751638821456054,0.8154605944349242,0.31756205189221615,0.30646963021912393
atom_occlusion,P20_frozen_cache,machine,calibration,81,0.81,0.04326662882003174,0.8311422103337736,0.3137412645743209,0.303789198704764
atom_occlusion,P20_frozen_cache,machine,calibration,82,0.82,0.040872697541773605,0.839173551507997,0.31215260452787147,0.30283421666210253
atom_occlusion,P20_frozen_cache,machine,calibration,83,0.83,0.03779628240532846,0.8482091780970795,0.3103323441311519,0.30167335388211863
atom_occlusion,P20_frozen_cache,machine,calibration,84,0.84,0.03525083929916749,0.8575998741580715,0.30824217513059576,0.300216197877759
atom_occlusion,P20_frozen_cache,machine,calibration,85,0.85,0.032343389417308986,0.8685335790722758,0.3057133426927502,0.29839325828527236
atom_occlusion,P20_frozen_cache,machine,calibration,86,0.86,0.02976952213602728,0.8790184985148021,0.30344844792754855,0.2968673413520806
atom_occlusion,P20_frozen_cache,machine,calibration,87,0.87,0.026692250472062962,0.8902593412301233,0.30106083072649104,0.29512089004809633
atom_occlusion,P20_frozen_cache,machine,calibration,88,0.88,0.02442507648772579,0.8987127293962631,0.2993402627737057,0.29389933336792823
atom_occlusion,P20_frozen_cache,machine,calibration,89,0.89,0.02140056017380992,0.9099442626040116,0.29707412567924735,0.2923465507034116
atom_occlusion,P20_frozen_cache,machine,calibration,90,0.9,0.019818290419448013,0.9158293682134557,0.2960706775209938,0.2917165834311164
atom_occlusion,P20_frozen_cache,machine,calibration,91,0.91,0.016449750034033025,0.9292728290450031,0.2933389240807733,0.2897619688176727
atom_occlusion,P20_frozen_cache,machine,calibration,92,0.92,0.014111357861279893,0.9398611762961147,0.29095005946351576,0.2878666687328088
atom_occlusion,P20_frozen_cache,machine,calibration,93,0.93,0.011228853343610982,0.950375379429014,0.2890371055749477,0.2865840722759477
atom_occlusion,P20_frozen_cache,machine,calibration,94,0.94,0.009403922506052579,0.9572930430038068,0.287989461864697,0.28596620089459035
atom_occlusion,P20_frozen_cache,machine,calibration,95,0.95,0.007840576906270037,0.964788460114753,0.2864600683437054,0.28478220054608006
atom_occlusion,P20_frozen_cache,machine,calibration,96,0.96,0.004302933309009473,0.9821290871945787,0.28255044270143714,0.2816163146802147
atom_occlusion,P20_frozen_cache,machine,calibration,97,0.97,0.001191300687376582,0.9941060126497764,0.2806188709912015,0.28044036952321516
atom_occlusion,P20_frozen_cache,machine,calibration,98,0.98,0.00022414556725447758,0.9987011419504385,0.28000210705338335,0.2799799426604921
atom_occlusion,P20_frozen_cache,machine,calibration,99,0.99,2.6666748692353084e-05,0.9997928310073173,0.2798547550339816,0.2798522003140978
atom_occlusion,P20_frozen_cache,machine,calibration,100,1.0,0.0,1.0,0.27982386067947546,0.27982386067947546
atom_occlusion,P20_frozen_cache,machine,test,0,0.0,1.0,0.0,0.0,0.0
atom_occlusion,P20_frozen_cache,machine,test,1,0.01,0.6902014785176671,0.03893550928031149,0.8150119063849781,0.30812265304943703
atom_occlusion,P20_frozen_cache,machine,test,2,0.02,0.6850468704707513,0.03999107566494566,0.80692111031866,0.3060610831028415
atom_occlusion,P20_frozen_cache,machine,test,3,0.03,0.6689853443546497,0.044834826923837834,0.7752316000975575,0.2920532555219733
atom_occlusion,P20_frozen_cache,machine,test,4,0.04,0.6503322661928738,0.05252287762263072,0.7414159312045118,0.2785443026786324
atom_occlusion,P20_frozen_cache,machine,test,5,0.05,0.6075394467182131,0.07115131445476044,0.6981820476802021,0.2902464277303616
atom_occlusion,P20_frozen_cache,machine,test,6,0.06,0.5880787873479351,0.08167365641745356,0.6735432542275275,0.28856764233859156
atom_occlusion,P20_frozen_cache,machine,test,7,0.07,0.5763973479653339,0.0888658396146435,0.6581189352957781,0.2851715836403411
atom_occlusion,P20_frozen_cache,machine,test,8,0.08,0.5680008376213836,0.09495907298355585,0.6451484912008725,0.28121953929029875
atom_occlusion,P20_frozen_cache,machine,test,9,0.09,0.542950241111733,0.10864059190508,0.6285557684475602,0.2909226811603927
atom_occlusion,P20_frozen_cache,machine,test,10,0.1,0.5250698216548277,0.11912892802861859,0.6143607138040849,0.29658428673975534
atom_occlusion,P20_frozen_cache,machine,test,11,0.11,0.5119325717362153,0.1285261851138177,0.6029042653520521,0.29874593767107255
atom_occlusion,P20_frozen_cache,machine,test,12,0.12,0.5032629817561026,0.13629203869143156,0.5938465809235152,0.2984304955179633
atom_occlusion,P20_frozen_cache,machine,test,13,0.13,0.48492262794887503,0.14826615415802413,0.5841257544254811,0.30618226718384456
atom_occlusion,P20_frozen_cache,machine,test,14,0.14,0.467893584783597,0.1602264540268189,0.5729417795105669,0.3114860814071748
atom_occlusion,P20_frozen_cache,machine,test,15,0.15,0.4582035636534343,0.16819109916077224,0.5661949655249396,0.31364781791084295
atom_occlusion,P20_frozen_cache,machine,test,16,0.16,0.4474062481261349,0.17739304783364707,0.5593676911146783,0.3167800449065897
atom_occlusion,P20_frozen_cache,machine,test,17,0.17,0.4302987644524634,0.1894353779823876,0.5522297015654131,0.3248352249983901
atom_occlusion,P20_frozen_cache,machine,test,18,0.18,0.4187337228415172,0.19888468766031636,0.5463220737899563,0.3287333302488524
atom_occlusion,P20_frozen_cache,machine,test,19,0.19,0.408178390683142,0.20847964993186308,0.5394288658803393,0.33099400142945157
atom_occlusion,P20_frozen_cache,machine,test,20,0.2,0.40089310100582803,0.2145977737710138,0.5360104743806828,0.33359828194410757
atom_occlusion,P20_frozen_cache,machine,test,21,0.21,0.38168820737084147,0.22983864637837428,0.528168071655783,0.341840961787746
atom_occlusion,P20_frozen_cache,machine,test,22,0.22,0.3697716712495057,0.23997134132550663,0.5231658676792978,0.34621120826844765
atom_occlusion,P20_frozen_cache,machine,test,23,0.23,0.35958674900761206,0.24936771666500288,0.5182511918360341,0.34922165903033814
atom_occlusion,P20_frozen_cache,machine,test,24,0.24,0.35104387442148777,0.2581977047214623,0.5138431337001063,0.3514931066313672
atom_occlusion,P20_frozen_cache,machine,test,25,0.25,0.34418777768998376,0.26450400426389203,0.5103794565130813,0.3530227677013791
atom_occlusion,P20_frozen_cache,machine,test,26,0.26,0.3297201781382018,0.2783551250579085,0.5043397178188098,0.3571606962378036
atom_occlusion,P20_frozen_cache,machine,test,27,0.27,0.3197404467634547,0.28837932653799997,0.4997322178611245,0.3598342434506243
atom_occlusion,P20_frozen_cache,machine,test,28,0.28,0.3076914801659316,0.3008229854464811,0.4929599663429816,0.36126914841070723
atom_occlusion,P20_frozen_cache,machine,test,29,0.29,0.3010585093132026,0.3082971561802614,0.48962356647275934,0.3619368453087483
atom_occlusion,P20_frozen_cache,machine,test,30,0.3,0.29329039569479237,0.3173808777177288,0.4853691975739369,0.3629643052366921
atom_occlusion,P20_frozen_cache,machine,test,31,0.31,0.283829250365204,0.32860023039442254,0.4799633087675448,0.36378984626206895
atom_occlusion,P20_frozen_cache,machine,test,32,0.32,0.275399582064454,0.33925999046830907,0.4746892829986277,0.363820222723169
atom_occlusion,P20_frozen_cache,machine,test,33,0.33,0.26917436874599876,0.3467032986635782,0.4712799489766404,0.36392107174353006
atom_occlusion,P20_frozen_cache,machine,test,34,0.34,0.25857617049083087,0.35949862004981753,0.4658876189137035,0.3650850126680799
atom_occlusion,P20_frozen_cache,machine,test,35,0.35,0.2501601275467807,0.37081675927681257,0.46106487654744815,0.36503227954750056
atom_occlusion,P20_frozen_cache,machine,test,36,0.36,0.24618918969396045,0.3770829257526961,0.45872843722921397,0.3648968981546365
atom_occlusion,P20_frozen_cache,machine,test,37,0.37,0.23711332791829748,0.38961068757641676,0.4525754882861709,0.3641346927352713
atom_occlusion,P20_frozen_cache,machine,test,38,0.38,0.2305548850020408,0.39939845277720754,0.44879663980776735,0.3638736528322725
atom_occlusion,P20_frozen_cache,machine,test,39,0.39,0.22451572781899895,0.4082696190713175,0.44556047901667634,0.3640630880506463
atom_occlusion,P20_frozen_cache,machine,test,40,0.4,0.22035773142286527,0.41455919841573446,0.44282471393002587,0.36350283569596487
atom_occlusion,P20_frozen_cache,machine,test,41,0.41,0.21010432398243584,0.43038986905995774,0.4361949984790827,0.36226969488692007
atom_occlusion,P20_frozen_cache,machine,test,42,0.42,0.20410091986438808,0.4398554158880383,0.4326894264407272,0.3618107224381261
atom_occlusion,P20_frozen_cache,machine,test,43,0.43,0.19815827789363244,0.450050795678216,0.42883524779103344,0.36119508625988284
atom_occlusion,P20_frozen_cache,machine,test,44,0.44,0.19362613542437238,0.45819079115567507,0.42556322850743245,0.36008621030043886
atom_occlusion,P20_frozen_cache,machine,test,45,0.45,0.18819637999943983,0.4671690544551717,0.4223582757585117,0.35946252538278495
atom_occlusion,P20_frozen_cache,machine,test,46,0.46,0.17974957970983144,0.48145240830700936,0.4168105216776885,0.35796466633098384
atom_occlusion,P20_frozen_cache,machine,test,47,0.47,0.17658155802667652,0.48752449628047295,0.41523848705383914,0.35769019419893444
atom_occlusion,P20_frozen_cache,machine,test,48,0.48,0.16941286119097354,0.49969655493487414,0.410470415416536,0.3564738416270088
atom_occlusion,P20_frozen_cache,machine,test,49,0.49,0.1649803120689601,0.5087908781930854,0.40732307966625136,0.35508241052874556
atom_occlusion,P20_frozen_cache,machine,test,50,0.5,0.16461403494489069,0.5094956939082281,0.40716432154090004,0.35504055883243296
atom_occlusion,P20_frozen_cache,machine,test,51,0.51,0.15390259896041128,0.5299123034371523,0.40003637963067346,0.35269375115874596
atom_occlusion,P20_frozen_cache,machine,test,52,0.52,0.15138076475480391,0.53567224485109,0.39877438864205744,0.3522715040755457
atom_occlusion,P20_frozen_cache,machine,test,53,0.53,0.14374500942408136,0.5511786853497651,0.39237816668935516,0.34928466764711324
atom_occlusion,P20_frozen_cache,machine,test,54,0.54,0.14096427111864332,0.557139401899669,0.3909965737507275,0.34894189864977065
atom_occlusion,P20_frozen_cache,machine,test,55,0.55,0.13550671594706673,0.5686496918254478,0.38719239800526445,0.3471654235328387
atom_occlusion,P20_frozen_cache,machine,test,56,0.56,0.1302245494275001,0.5805163440868022,0.38309031995949067,0.3452526590293843
atom_occlusion,P20_frozen_cache,machine,test,57,0.57,0.1267865029645219,0.5886568807532906,0.3804441982320904,0.34387369552662217
atom_occlusion,P20_frozen_cache,machine,test,58,0.58,0.12245529948189593,0.5987363943186399,0.3773351362873958,0.3425316025681511
atom_occlusion,P20_frozen_cache,machine,test,59,0.59,0.11858890184301522,0.60831384896862,0.37428998954499654,0.34089579862638075
atom_occlusion,P20_frozen_cache,machine,test,60,0.6,0.11601037490823017,0.6155517662826564,0.37210098385651313,0.3396502948601955
atom_occlusion,P20_frozen_cache,machine,test,61,0.61,0.10989604451461926,0.6304335625589225,0.3671113393280359,0.3366935922252974
atom_occlusion,P20_frozen_cache,machine,test,62,0.62,0.10625787938711316,0.6391933574294727,0.3646375792191243,0.3356649251482269
atom_occlusion,P20_frozen_cache,machine,test,63,0.63,0.10248703687771267,0.6490924940538244,0.3619322782030851,0.33416331766869395
atom_occlusion,P20_frozen_cache,machine,test,64,0.64,0.09927099218689721,0.6582858740332684,0.35920080611272576,0.3326668134535369
atom_occlusion,P20_frozen_cache,machine,test,65,0.65,0.09538520831319246,0.6678869587517662,0.3565927533952001,0.3312954807532806
atom_occlusion,P20_frozen_cache,machine,test,66,0.66,0.09133022352136987,0.6790963654904839,0.35345187102068976,0.3294854171743198
atom_occlusion,P20_frozen_cache,machine,test,67,0.67,0.0862323259058258,0.6919998829666608,0.34979137636782287,0.3274683188939196
atom_occlusion,P20_frozen_cache,machine,test,68,0.68,0.08459601738223169,0.6961221993445886,0.34913121570602335,0.3272850724518538
atom_occlusion,P20_frozen_cache,machine,test,69,0.69,0.07954791502408848,0.710103487634156,0.34510851089104816,0.324757381014576
atom_occlusion,P20_frozen_cache,machine,test,70,0.7,0.07550090407632112,0.721212739835758,0.34212131135176616,0.32296102078837935
atom_occlusion,P20_frozen_cache,machine,test,71,0.71,0.07255120934302081,0.7304060254499776,0.3396958899082918,0.32142635890694554
atom_occlusion,P20_frozen_cache,machine,test,72,0.72,0.06992700680676472,0.7378841497959935,0.3379524603145206,0.320465260219588
atom_occlusion,P20_frozen_cache,machine,test,73,0.73,0.06614381717150665,0.7503238550922391,0.3345022074504839,0.3181589421840402
atom_occlusion,P20_frozen_cache,machine,test,74,0.74,0.0628815019938599,0.7602366851487699,0.3320131622440752,0.31659174336856244
atom_occlusion,P20_frozen_cache,machine,test,75,0.75,0.06167112512841858,0.7638299623387016,0.33150106431677445,0.3164346535193181
atom_occlusion,P20_frozen_cache,machine,test,76,0.76,0.057355403934349285,0.7771710950645028,0.32820902895628734,0.3143624589748311
atom_occlusion,P20_frozen_cache,machine,test,77,0.77,0.05380439106799961,0.7893354649652383,0.32503662143536194,0.3122255693271918
atom_occlusion,P20_frozen_cache,machine,test,78,0.78,0.05084665872111293,0.7986204688811724,0.32290603988855177,0.31088656374684004
atom_occlusion,P20_frozen_cache,machine,test,79,0.79,0.047811919194974684,0.808864535251867,0.3204206307711485,0.30920581298797206
atom_occlusion,P20_frozen_cache,machine,test,80,0.8,0.04612033211791751,0.8155131909273813,0.31883200815709073,0.30806514230024984
atom_occlusion,P20_frozen_cache,machine,test,81,0.81,0.04174140832732311,0.830224068096717,0.315269900885065,0.30562427346640736
atom_occlusion,P20_frozen_cache,machine,test,82,0.82,0.03902040749058924,0.8397102978799871,0.31328036912628227,0.3042622539896962
atom_occlusion,P20_frozen_cache,machine,test,83,0.83,0.03652754289838582,0.84926887644453,0.3112119860029838,0.3028276198181042
atom_occlusion,P20_frozen_cache,machine,test,84,0.84,0.034096741755732254,0.8579757519523152,0.30920505752031585,0.30141163735498155
atom_occlusion,P20_frozen_cache,machine,test,85,0.85,0.031459360286686666,0.8676236887169189,0.3070181304427059,0.2999071195464549
atom_occlusion,P20_frozen_cache,machine,test,86,0.86,0.028788630506122993,0.8784812224046892,0.3046253365238099,0.29822006439003074
atom_occlusion,P20_frozen_cache,machine,test,87,0.87,0.02561758770300598,0.8904370274722195,0.30209712903982944,0.2963721244309431
atom_occlusion,P20_frozen_cache,machine,test,88,0.88,0.023312176373483335,0.899076761094537,0.3002905459874658,0.29507895183791527
atom_occlusion,P20_frozen_cache,machine,test,89,0.89,0.020637913870070787,0.9101769965164278,0.2979470413608684,0.2934275965915764
atom_occlusion,P20_frozen_cache,machine,test,90,0.9,0.01923546416178419,0.915582815624,0.2969189316900248,0.2927297205477103
atom_occlusion,P20_frozen_cache,machine,test,91,0.91,0.01572026115240548,0.9300625897251636,0.29393473140930854,0.2905284488629788
atom_occlusion,P20_frozen_cache,machine,test,92,0.92,0.013362046026068997,0.9404097268024115,0.2917138987309413,0.28876778299867895
atom_occlusion,P20_frozen_cache,machine,test,93,0.93,0.011266653310478051,0.9498418368168653,0.2898961092399968,0.28748904102646605
atom_occlusion,P20_frozen_cache,machine,test,94,0.94,0.009497207362195578,0.9569181537892284,0.2887411729399249,0.2867647222072442
atom_occlusion,P20_frozen_cache,machine,test,95,0.95,0.007904730444907856,0.9646818242778838,0.287040336951518,0.28541094181182275
atom_occlusion,P20_frozen_cache,machine,test,96,0.96,0.0038063572265934695,0.9828459221633368,0.28302333666020907,0.2821281299266015
atom_occlusion,P20_frozen_cache,machine,test,97,0.97,0.0011092482654992298,0.9938683547064016,0.2812447824151546,0.28106315815647903
atom_occlusion,P20_frozen_cache,machine,test,98,0.98,0.00024591703337652226,0.9986007345417334,0.2805677639982169,0.28054167482587694
atom_occlusion,P20_frozen_cache,machine,test,99,0.99,3.481132870929275e-05,0.9997676723499286,0.28042209660860834,0.2804183501879779
atom_occlusion,P20_frozen_cache,machine,test,100,1.0,0.0,1.0,0.2803874299751492,0.2803874299751492
gradinput,P01_checkpoint_rerun,exact_integer,calibration,0,0.0,1.0,0.0,0.0,0.0
gradinput,P01_checkpoint_rerun,exact_integer,calibration,1,0.01,0.7155596749266265,0.038832759623658626,0.627278299072973,0.2829113358751075
gradinput,P01_checkpoint_rerun,exact_integer,calibration,2,0.02,0.7112337848620822,0.03987237593695166,0.6183930784887607,0.2792338786008517
gradinput,P01_checkpoint_rerun,exact_integer,calibration,3,0.03,0.6996131818148061,0.04451957798119884,0.5891355491416363,0.2609069684813658
gradinput,P01_checkpoint_rerun,exact_integer,calibration,4,0.04,0.6843680705110173,0.05230529483247348,0.5556880171529281,0.24202241827952967
gradinput,P01_checkpoint_rerun,exact_integer,calibration,5,0.05,0.6563176340872116,0.07146821027535162,0.5197824737140662,0.24002269039788102
gradinput,P01_checkpoint_rerun,exact_integer,calibration,6,0.06,0.6437792836928793,0.08128047488358635,0.49595541303905016,0.23092387953213403
gradinput,P01_checkpoint_rerun,exact_integer,calibration,7,0.07,0.6358436525437423,0.08825021120196502,0.4811147247437434,0.22431443199808873
gradinput,P01_checkpoint_rerun,exact_integer,calibration,8,0.08,0.6301129217471567,0.09457320573093737,0.46725333376574124,0.21611117676369204
gradinput,P01_checkpoint_rerun,exact_integer,calibration,9,0.09,0.6113010705672264,0.10935276158597591,0.4549739406314097,0.2205862350874827
gradinput,P01_checkpoint_rerun,exact_integer,calibration,10,0.1,0.6012401561973275,0.11923673909718553,0.4442418022182446,0.21878843192165603
gradinput,P01_checkpoint_rerun,exact_integer,calibration,11,0.11,0.5925834310202058,0.1286813280269692,0.434025907514918,0.21608352492042399
gradinput,P01_checkpoint_rerun,exact_integer,calibration,12,0.12,0.5870806071714898,0.13572165263079028,0.4258876094405126,0.21348252703938053
gradinput,P01_checkpoint_rerun,exact_integer,calibration,13,0.13,0.5736693544783118,0.1483662494008562,0.4183903041245776,0.21617344900442426
gradinput,P01_checkpoint_rerun,exact_integer,calibration,14,0.14,0.5626973772164916,0.15955501937259028,0.4116853700858085,0.21788726000566408
gradinput,P01_checkpoint_rerun,exact_integer,calibration,15,0.15,0.5559380111086253,0.16769647564508364,0.4060824040904286,0.21732598218805294
gradinput,P01_checkpoint_rerun,exact_integer,calibration,16,0.16,0.5484127566161449,0.1768345078689763,0.40062652142960276,0.217540550549952
gradinput,P01_checkpoint_rerun,exact_integer,calibration,17,0.17,0.5356841488877694,0.19041663452660856,0.39459400984353776,0.2208046756041632
gradinput,P01_checkpoint_rerun,exact_integer,calibration,18,0.18,0.5274165688689875,0.19940267296563297,0.39085596247433196,0.2226022397596169
gradinput,P01_checkpoint_rerun,exact_integer,calibration,19,0.19,0.5210840730674093,0.20748360228991602,0.3869966266121484,0.22344537595723454
gradinput,P01_checkpoint_rerun,exact_integer,calibration,20,0.2,0.5155622609789192,0.21416555529307224,0.384492559562348,0.2244923516789633
gradinput,P01_checkpoint_rerun,exact_integer,calibration,21,0.21,0.5019853774498053,0.22981569416637893,0.37901114194501045,0.22772747644612307
gradinput,P01_checkpoint_rerun,exact_integer,calibration,22,0.22,0.493231212381968,0.2405142142743002,0.37523138959143776,0.2294178925928463
gradinput,P01_checkpoint_rerun,exact_integer,calibration,23,0.23,0.48688020066838894,0.2485661927088592,0.37253402656647605,0.23087956262806456
gradinput,P01_checkpoint_rerun,exact_integer,calibration,24,0.24,0.47973573911681494,0.2577262229465603,0.36977999553527263,0.2323351285442869
gradinput,P01_checkpoint_rerun,exact_integer,calibration,25,0.25,0.47389521872262375,0.2650262658597386,0.3675120427762285,0.2332866714432807
gradinput,P01_checkpoint_rerun,exact_integer,calibration,26,0.26,0.46395181406997527,0.2782136265990654,0.36382415772452875,0.23517794699890127
gradinput,P01_checkpoint_rerun,exact_integer,calibration,27,0.27,0.45619867172167816,0.2884883970708847,0.360834487137828,0.2366006538370544
gradinput,P01_checkpoint_rerun,exact_integer,calibration,28,0.28,0.45081388373477704,0.2966650996756083,0.35810445368717286,0.23700988068729467
gradinput,P01_checkpoint_rerun,exact_integer,calibration,29,0.29,0.44155468863201536,0.3089066073942901,0.3548317494088474,0.2383471024142553
gradinput,P01_checkpoint_rerun,exact_integer,calibration,30,0.3,0.43580545593024417,0.31766176048705985,0.35230737469315343,0.23894025128467825
gradinput,P01_checkpoint_rerun,exact_integer,calibration,31,0.31,0.42814749257061263,0.3288750372983629,0.34929586824872105,0.2399757357912004
gradinput,P01_checkpoint_rerun,exact_integer,calibration,32,0.32,0.4222312878164236,0.33787372414821815,0.34679251000924183,0.24064639943644792
gradinput,P01_checkpoint_rerun,exact_integer,calibration,33,0.33,0.41651423090199075,0.34617712830030545,0.34494807599637406,0.24142673361161665
gradinput,P01_checkpoint_rerun,exact_integer,calibration,34,0.34,0.4070629840387068,0.35998090336882355,0.34185934449099215,0.24271966417120278
gradinput,P01_checkpoint_rerun,exact_integer,calibration,35,0.35,0.4016307655702388,0.36845174183254975,0.3398832293393591,0.2431614349004725
gradinput,P01_checkpoint_rerun,exact_integer,calibration,36,0.36,0.3968411096283323,0.3767888644136888,0.33793520924967185,0.24351970910497805
gradinput,P01_checkpoint_rerun,exact_integer,calibration,37,0.37,0.38796584726300987,0.38976237227286914,0.3350355652359018,0.24447694151153718
gradinput,P01_checkpoint_rerun,exact_integer,calibration,38,0.38,0.3825955373121349,0.39886921325506197,0.332944166918882,0.24486163428818625
gradinput,P01_checkpoint_rerun,exact_integer,calibration,39,0.39,0.37724858679541784,0.4081185479988193,0.33089536925597074,0.24524412649517366
gradinput,P01_checkpoint_rerun,exact_integer,calibration,40,0.4,0.37313043709925936,0.4149344243684043,0.32937668878202697,0.24547399336510978
gradinput,P01_checkpoint_rerun,exact_integer,calibration,41,0.41,0.3635138318463228,0.4299158306952979,0.32654783735357873,0.24646728767219558
gradinput,P01_checkpoint_rerun,exact_integer,calibration,42,0.42,0.35833709724759777,0.43950496831546526,0.32437465222240364,0.24656332616608756
gradinput,P01_checkpoint_rerun,exact_integer,calibration,43,0.43,0.3523662776900779,0.45025309782681144,0.32215411296903357,0.24675530328011144
gradinput,P01_checkpoint_rerun,exact_integer,calibration,44,0.44,0.34753479321921316,0.45794042471702545,0.3209327581276418,0.24730013813665055
gradinput,P01_checkpoint_rerun,exact_integer,calibration,45,0.45,0.34181852041891403,0.46788287246406984,0.31899269156916377,0.2475978524509134
gradinput,P01_checkpoint_rerun,exact_integer,calibration,46,0.46,0.3342428355039047,0.48063729357735224,0.31683519775160085,0.24817271736686303
gradinput,P01_checkpoint_rerun,exact_integer,calibration,47,0.47,0.33080237147468594,0.4873328269578422,0.31590139802492123,0.24849655351831462
gradinput,P01_checkpoint_rerun,exact_integer,calibration,48,0.48,0.32321608245598027,0.49950562336572113,0.31382006142456015,0.24894285938641064
gradinput,P01_checkpoint_rerun,exact_integer,calibration,49,0.49,0.3176986982567306,0.5096064675537498,0.3121186490593444,0.249074474703944
gradinput,P01_checkpoint_rerun,exact_integer,calibration,50,0.5,0.3174139585811652,0.5102408002401034,0.3120104375385054,0.2490553343799082
gradinput,P01_checkpoint_rerun,exact_integer,calibration,51,0.51,0.30720102803050126,0.5290191230772232,0.3088465345838315,0.24952527588255494
gradinput,P01_checkpoint_rerun,exact_integer,calibration,52,0.52,0.3044504289390251,0.5349287586613278,0.30815756305821523,0.2497423054760068
gradinput,P01_checkpoint_rerun,exact_integer,calibration,53,0.53,0.2943833843350981,0.5512927636731318,0.30545207859484946,0.24998588006209688
gradinput,P01_checkpoint_rerun,exact_integer,calibration,54,0.54,0.2912308279191667,0.5579362243100375,0.30463213767219305,0.25026116624657574
gradinput,P01_checkpoint_rerun,exact_integer,calibration,55,0.55,0.28614769888173996,0.5683471822532905,0.3028362953504403,0.25006177300943705
gradinput,P01_checkpoint_rerun,exact_integer,calibration,56,0.56,0.2820550087381501,0.5764939573100245,0.3017986497367951,0.25039774637861234
gradinput,P01_checkpoint_rerun,exact_integer,calibration,57,0.57,0.2752038997458275,0.5883724928041647,0.2999371021190763,0.25044861040138866
gradinput,P01_checkpoint_rerun,exact_integer,calibration,58,0.58,0.2697114511034306,0.5990685495719237,0.2985474739801087,0.25064064168213895
gradinput,P01_checkpoint_rerun,exact_integer,calibration,59,0.59,0.26454672794372797,0.6087097599356763,0.2974646073076043,0.25101400851316524
gradinput,P01_checkpoint_rerun,exact_integer,calibration,60,0.6,0.2613023621378449,0.6146917253595876,0.29683560494921074,0.2512290658969756
gradinput,P01_checkpoint_rerun,exact_integer,calibration,61,0.61,0.25263462802666203,0.6305070426321562,0.2947551032218772,0.25140949578879795
gradinput,P01_checkpoint_rerun,exact_integer,calibration,62,0.62,0.24791978494147368,0.6397043046323294,0.29376993150941827,0.25174134423117817
gradinput,P01_checkpoint_rerun,exact_integer,calibration,63,0.63,0.24275220823733692,0.6488632183581075,0.29284196628345854,0.2520740385268487
gradinput,P01_checkpoint_rerun,exact_integer,calibration,64,0.64,0.23813581749435728,0.6576455176133603,0.2918931781377137,0.2522868189815237
gradinput,P01_checkpoint_rerun,exact_integer,calibration,65,0.65,0.2324050447586044,0.6677783128848084,0.2908956971487639,0.25259335365095004
gradinput,P01_checkpoint_rerun,exact_integer,calibration,66,0.66,0.226343589832781,0.6785926145185649,0.2899277748289058,0.25307903162962886
gradinput,P01_checkpoint_rerun,exact_integer,calibration,67,0.67,0.21786491465987307,0.692448462330669,0.2888649722085896,0.25386029317979547
gradinput,P01_checkpoint_rerun,exact_integer,calibration,68,0.68,0.21599125583317302,0.6965606578788306,0.28856212856976865,0.2540235392997655
gradinput,P01_checkpoint_rerun,exact_integer,calibration,69,0.69,0.20796205153776112,0.7097505533326119,0.28737223974175186,0.25450039760584947
gradinput,P01_checkpoint_rerun,exact_integer,calibration,70,0.7,0.20358087198028163,0.7174043468235767,0.2867554816109887,0.25480603676019253
gradinput,P01_checkpoint_rerun,exact_integer,calibration,71,0.71,0.19628431577905742,0.7297189832366843,0.2858667505903419,0.2554265396206673
gradinput,P01_checkpoint_rerun,exact_integer,calibration,72,0.72,0.19168830979245843,0.737769282351439,0.28537971450971433,0.25584766877329473
gradinput,P01_checkpoint_rerun,exact_integer,calibration,73,0.73,0.18428709776500696,0.7501371935600899,0.28441930308447205,0.2562496565988034
gradinput,P01_checkpoint_rerun,exact_integer,calibration,74,0.74,0.1781086366087563,0.760359891288324,0.28368933910178434,0.2567293216862295
gradinput,P01_checkpoint_rerun,exact_integer,calibration,75,0.75,0.17636169938395527,0.7638206658165753,0.28352612146000755,0.2569329784809588
gradinput,P01_checkpoint_rerun,exact_integer,calibration,76,0.76,0.1685394125584164,0.7767081590804902,0.28279178093809126,0.25783875962187675
gradinput,P01_checkpoint_rerun,exact_integer,calibration,77,0.77,0.1602511856953067,0.7900593979221184,0.28206915890026374,0.2586445212417856
gradinput,P01_checkpoint_rerun,exact_integer,calibration,78,0.78,0.15552700716581858,0.7980593036130904,0.28164731696608525,0.259112889046996
gradinput,P01_checkpoint_rerun,exact_integer,calibration,79,0.79,0.1484828649314614,0.8088098964645983,0.2811500598354048,0.2597956682895082
gradinput,P01_checkpoint_rerun,exact_integer,calibration,80,0.8,0.1441567997751695,0.8154605944349242,0.2808621057816913,0.260196004034385
gradinput,P01_checkpoint_rerun,exact_integer,calibration,81,0.81,0.13342013205056716,0.831141988341061,0.28024479558263593,0.26134014750108464
gradinput,P01_checkpoint_rerun,exact_integer,calibration,82,0.82,0.12854678807057004,0.8391708449217581,0.2798911492533446,0.2618568067850828
gradinput,P01_checkpoint_rerun,exact_integer,calibration,83,0.83,0.12231637239585384,0.8482089561043669,0.2795932349602293,0.26251972693586845
gradinput,P01_checkpoint_rerun,exact_integer,calibration,84,0.84,0.1158975609815162,0.8575998741580715,0.2793161030415005,0.26328282063925684
gradinput,P01_checkpoint_rerun,exact_integer,calibration,85,0.85,0.10803128243044051,0.8685335790722758,0.2790671414561616,0.26425489714161676
gradinput,P01_checkpoint_rerun,exact_integer,calibration,86,0.86,0.10073620787621848,0.8790184985148021,0.2788641020921149,0.26526113277422614
gradinput,P01_checkpoint_rerun,exact_integer,calibration,87,0.87,0.09243464666802814,0.8902593412301233,0.27868477800401237,0.2662490180251244
gradinput,P01_checkpoint_rerun,exact_integer,calibration,88,0.88,0.086314511444091,0.8987127293962631,0.2785273943528892,0.26697769309710045
gradinput,P01_checkpoint_rerun,exact_integer,calibration,89,0.89,0.07725402852125944,0.9099442626040116,0.27862744371711035,0.268388784026752
gradinput,P01_checkpoint_rerun,exact_integer,calibration,90,0.9,0.07303716130206105,0.9158293682134557,0.27863794043299794,0.2690497004384787
gradinput,P01_checkpoint_rerun,exact_integer,calibration,91,0.91,0.06245601717407801,0.9292728290450031,0.27865489643222124,0.2706035038523796
gradinput,P01_checkpoint_rerun,exact_integer,calibration,92,0.92,0.05301796343382239,0.9398611762961147,0.2786806152475098,0.2717791923618799
gradinput,P01_checkpoint_rerun,exact_integer,calibration,93,0.93,0.04417513522221294,0.950375379429014,0.27880937589774757,0.2731251343825942
gradinput,P01_checkpoint_rerun,exact_integer,calibration,94,0.94,0.039053697107514725,0.9572930430038068,0.2788759766124914,0.27397970398072535
gradinput,P01_checkpoint_rerun,exact_integer,calibration,95,0.95,0.03327415196296727,0.9647618444420105,0.2788724019029618,0.2748606965721326
gradinput,P01_checkpoint_rerun,exact_integer,calibration,96,0.96,0.016249698598621756,0.9821290871945787,0.27925786057425983,0.277344845226899
gradinput,P01_checkpoint_rerun,exact_integer,calibration,97,0.97,0.005028257674019925,0.9941060126497764,0.2797187871305668,0.279270018514404
gradinput,P01_checkpoint_rerun,exact_integer,calibration,98,0.98,0.0013723147384309862,0.9987011419504385,0.2798048444826118,0.27973417428776554
gradinput,P01_checkpoint_rerun,exact_integer,calibration,99,0.99,0.0002877345989016547,0.9997928310073173,0.2798232153345316,0.2798140870367304
gradinput,P01_checkpoint_rerun,exact_integer,calibration,100,1.0,0.0,1.0,0.27982386067947546,0.27982386067947546
gradinput,P01_checkpoint_rerun,exact_integer,test,0,0.0,1.0,0.0,0.0,0.0
gradinput,P01_checkpoint_rerun,exact_integer,test,1,0.01,0.7184320037711636,0.03893550928031149,0.6267777942628557,0.27987251702915833
gradinput,P01_checkpoint_rerun,exact_integer,test,2,0.02,0.7146337134932418,0.03999107566494566,0.6183315228446697,0.2764036216414846
gradinput,P01_checkpoint_rerun,exact_integer,test,3,0.03,0.701309864637193,0.044834826923837834,0.5892131888776734,0.2596456742665386
gradinput,P01_checkpoint_rerun,exact_integer,test,4,0.04,0.6861113525017004,0.05252287762263072,0.5576266214166286,0.2426685099787946
gradinput,P01_checkpoint_rerun,exact_integer,test,5,0.05,0.6578928564645192,0.07115131445476044,0.5215236072121091,0.23986513287837935
gradinput,P01_checkpoint_rerun,exact_integer,test,6,0.06,0.6443785995517158,0.08167365641745356,0.4978406850751595,0.23222732608883542
gradinput,P01_checkpoint_rerun,exact_integer,test,7,0.07,0.6354564366109636,0.08886134481337761,0.4833573535282658,0.22617264554637026
gradinput,P01_checkpoint_rerun,exact_integer,test,8,0.08,0.6293385034877357,0.09495907298355585,0.4717198839174038,0.22006465340679057
gradinput,P01_checkpoint_rerun,exact_integer,test,9,0.09,0.6128058175788635,0.10864059190508,0.45921450782422746,0.22149793225771078
gradinput,P01_checkpoint_rerun,exact_integer,test,10,0.1,0.6005287395640702,0.11912892802861859,0.4488058038768375,0.22170360766135783
gradinput,P01_checkpoint_rerun,exact_integer,test,11,0.11,0.5917850146708311,0.1285261851138177,0.4387303592491334,0.2196808498238135
gradinput,P01_checkpoint_rerun,exact_integer,test,12,0.12,0.5855619494376263,0.13629203869143156,0.430610282371175,0.21702075292776818
gradinput,P01_checkpoint_rerun,exact_integer,test,13,0.13,0.5726632773990317,0.14826615415802413,0.4236943248021137,0.21957151930660754
gradinput,P01_checkpoint_rerun,exact_integer,test,14,0.14,0.5611942602102916,0.16011058780199183,0.4161197314207756,0.22061856631268376
gradinput,P01_checkpoint_rerun,exact_integer,test,15,0.15,0.5541990091610685,0.16819109916077224,0.4104118602813381,0.22028424310508532
gradinput,P01_checkpoint_rerun,exact_integer,test,16,0.16,0.545808051998423,0.17739304783364707,0.4059459448325625,0.2214363196386355
gradinput,P01_checkpoint_rerun,exact_integer,test,17,0.17,0.533874318175879,0.18943484158404855,0.40070894956763303,0.22475760689125296
gradinput,P01_checkpoint_rerun,exact_integer,test,18,0.18,0.526171287368653,0.19888468766031636,0.39611696687949727,0.22560482500437679
gradinput,P01_checkpoint_rerun,exact_integer,test,19,0.19,0.5176782311078576,0.20847964993186308,0.3916974021744624,0.22675326605624607
gradinput,P01_checkpoint_rerun,exact_integer,test,20,0.2,0.5128051024947853,0.2145977737710138,0.38892692450419464,0.22736366311391815
gradinput,P01_checkpoint_rerun,exact_integer,test,21,0.21,0.49795315499913484,0.22983864637837428,0.3845922144818397,0.23184161740252296
gradinput,P01_checkpoint_rerun,exact_integer,test,22,0.22,0.4892175752026217,0.23997134132550663,0.381593780325007,0.23394274431793532
gradinput,P01_checkpoint_rerun,exact_integer,test,23,0.23,0.48164554067431214,0.24936771666500288,0.37809282949021233,0.23506841374622447
gradinput,P01_checkpoint_rerun,exact_integer,test,24,0.24,0.4747484983592594,0.2581977047214623,0.3755319171300162,0.23647603539343814
gradinput,P01_checkpoint_rerun,exact_integer,test,25,0.25,0.46977037822447554,0.26450400426389203,0.37321954593742845,0.23728338495529028
gradinput,P01_checkpoint_rerun,exact_integer,test,26,0.26,0.4585804742869736,0.2783551250579085,0.3694170993687244,0.23969178530195626
gradinput,P01_checkpoint_rerun,exact_integer,test,27,0.27,0.45142754012125574,0.28837932653799997,0.3663897795711758,0.24090878127252607
gradinput,P01_checkpoint_rerun,exact_integer,test,28,0.28,0.44479138464891205,0.2974846499899692,0.36362201473888894,0.24177900827786136
gradinput,P01_checkpoint_rerun,exact_integer,test,29,0.29,0.4364641513709157,0.3082971561802614,0.36061996013562714,0.24301517389177432
gradinput,P01_checkpoint_rerun,exact_integer,test,30,0.3,0.42965595490439695,0.3173808777177288,0.3582942165025991,0.2441917742236584
gradinput,P01_checkpoint_rerun,exact_integer,test,31,0.31,0.4216376468418303,0.32860023039442254,0.35553711261785925,0.2453170550790295
gradinput,P01_checkpoint_rerun,exact_integer,test,32,0.32,0.41437863240505524,0.33925999046830907,0.3526740081237679,0.24595892753641346
gradinput,P01_checkpoint_rerun,exact_integer,test,33,0.33,0.40938240078233995,0.3467032986635782,0.3506190704832901,0.24638468779392284
gradinput,P01_checkpoint_rerun,exact_integer,test,34,0.34,0.40056445037955424,0.35949544471619393,0.3473826801301998,0.24761259612302494
gradinput,P01_checkpoint_rerun,exact_integer,test,35,0.35,0.3951695966777741,0.36792782912592475,0.34566759685695614,0.2481047382790416
gradinput,P01_checkpoint_rerun,exact_integer,test,36,0.36,0.38940846647228594,0.3770829257526961,0.3433603398258845,0.2485601878577215
gradinput,P01_checkpoint_rerun,exact_integer,test,37,0.37,0.38077464876448436,0.38961068757641676,0.34030234348537436,0.24929205459885206
gradinput,P01_checkpoint_rerun,exact_integer,test,38,0.38,0.3753225141412668,0.39939845277720754,0.33770801703281345,0.24931603576496258
gradinput,P01_checkpoint_rerun,exact_integer,test,39,0.39,0.37014046360264946,0.4082696190713175,0.33582491799844183,0.24988271247310434
gradinput,P01_checkpoint_rerun,exact_integer,test,40,0.4,0.3658677958007745,0.41455919841573446,0.3347621990372429,0.25033951642513086
gradinput,P01_checkpoint_rerun,exact_integer,test,41,0.41,0.3564858982294341,0.4303893326616187,0.331095052648163,0.25074613308091565
gradinput,P01_checkpoint_rerun,exact_integer,test,42,0.42,0.3511781585036847,0.4398554158880383,0.32895243395714024,0.25094527536729855
gradinput,P01_checkpoint_rerun,exact_integer,test,43,0.43,0.3454752583628893,0.450050795678216,0.3269625140217789,0.25131731832290666
gradinput,P01_checkpoint_rerun,exact_integer,test,44,0.44,0.3408847709370964,0.45819079115567507,0.3254325087631973,0.25153062648717744
gradinput,P01_checkpoint_rerun,exact_integer,test,45,0.45,0.3358070075919522,0.4671690544551717,0.3236885103903221,0.2518121499607296
gradinput,P01_checkpoint_rerun,exact_integer,test,46,0.46,0.32734130685479873,0.48145240830700936,0.3206029499522986,0.25186057835402287
gradinput,P01_checkpoint_rerun,exact_integer,test,47,0.47,0.32419391402603626,0.48752449628047295,0.31974535447311386,0.252182417243594
gradinput,P01_checkpoint_rerun,exact_integer,test,48,0.48,0.31631633448858654,0.49969655493487414,0.31786386236487074,0.2529013997460878
gradinput,P01_checkpoint_rerun,exact_integer,test,49,0.49,0.3114737742122238,0.5087908781930854,0.31632051979347275,0.25301017227967987
gradinput,P01_checkpoint_rerun,exact_integer,test,50,0.5,0.3112197628513926,0.5094956939082281,0.3161567992560106,0.252947657265705
gradinput,P01_checkpoint_rerun,exact_integer,test,51,0.51,0.30020336800690395,0.5299123034371523,0.31233278777363155,0.25302585636166114
gradinput,P01_checkpoint_rerun,exact_integer,test,52,0.52,0.29759474644945283,0.53567224485109,0.3116143372813481,0.2531950335565333
gradinput,P01_checkpoint_rerun,exact_integer,test,53,0.53,0.2883526538717579,0.5511786853497651,0.3092034471088274,0.25372523538854014
gradinput,P01_checkpoint_rerun,exact_integer,test,54,0.54,0.28529185249639655,0.557139401899669,0.30855847362299804,0.2541143266392359
gradinput,P01_checkpoint_rerun,exact_integer,test,55,0.55,0.2791011025261983,0.5686457334225209,0.3066568747455001,0.2540269342116857
gradinput,P01_checkpoint_rerun,exact_integer,test,56,0.56,0.2744635611792879,0.5771780086302899,0.30559251716489955,0.2544911599824415
gradinput,P01_checkpoint_rerun,exact_integer,test,57,0.57,0.26777327330646794,0.5886523859520247,0.30402041832423626,0.2547037841031869
gradinput,P01_checkpoint_rerun,exact_integer,test,58,0.58,0.26150365637015033,0.5987363943186399,0.30303465938894736,0.2553708273889944
gradinput,P01_checkpoint_rerun,exact_integer,test,59,0.59,0.25704202321307995,0.60831384896862,0.30142856853591415,0.255140977289469
gradinput,P01_checkpoint_rerun,exact_integer,test,60,0.6,0.2534352088913123,0.6155517662826564,0.3005047157874938,0.25517296123296923
gradinput,P01_checkpoint_rerun,exact_integer,test,61,0.61,0.24466404177367143,0.6304335625589225,0.2986333727558135,0.25544263212850044
gradinput,P01_checkpoint_rerun,exact_integer,test,62,0.62,0.23977287055695484,0.6391933574294727,0.29773756006134555,0.25596978202634774
gradinput,P01_checkpoint_rerun,exact_integer,test,63,0.63,0.2348271468435938,0.6490924940538244,0.296585399089295,0.25611209452954314
gradinput,P01_checkpoint_rerun,exact_integer,test,64,0.64,0.22953928789454014,0.6582858740332684,0.29564191696486386,0.25638030399686457
gradinput,P01_checkpoint_rerun,exact_integer,test,65,0.65,0.2244696894307558,0.6678869587517662,0.2945562522903088,0.25655088926939495
gradinput,P01_checkpoint_rerun,exact_integer,test,66,0.66,0.21798460780834333,0.6790963654904839,0.29353960700514325,0.257036164806185
gradinput,P01_checkpoint_rerun,exact_integer,test,67,0.67,0.21063202016191437,0.6919998829666608,0.29218876657770804,0.2574553176278584
gradinput,P01_checkpoint_rerun,exact_integer,test,68,0.68,0.20872319515561646,0.6961088093176551,0.291854712679044,0.2576138953036769
gradinput,P01_checkpoint_rerun,exact_integer,test,69,0.69,0.2005444217086726,0.7101029512358169,0.2905710621876564,0.25800286357576957
gradinput,P01_checkpoint_rerun,exact_integer,test,70,0.7,0.19648891771273663,0.7173308659348852,0.2900223201147048,0.25835992225881027
gradinput,P01_checkpoint_rerun,exact_integer,test,71,0.71,0.18925545663207413,0.7304060254499776,0.2888545772468681,0.25877781298237235
gradinput,P01_checkpoint_rerun,exact_integer,test,72,0.72,0.18517913176739154,0.7378841497959935,0.2882479407054206,0.25908917733785236
gradinput,P01_checkpoint_rerun,exact_integer,test,73,0.73,0.17819812462022738,0.7503238550922391,0.2870823479527465,0.2592861748479221
gradinput,P01_checkpoint_rerun,exact_integer,test,74,0.74,0.17216620972276273,0.7602366851487699,0.28649516519642515,0.25987577112099847
gradinput,P01_checkpoint_rerun,exact_integer,test,75,0.75,0.17051364386348217,0.7638299623387016,0.2862811504220969,0.2600492828294449
gradinput,P01_checkpoint_rerun,exact_integer,test,76,0.76,0.16210425532080042,0.7771710950645028,0.28550819469732514,0.26084631380175616
gradinput,P01_checkpoint_rerun,exact_integer,test,77,0.77,0.15508927533222658,0.7893354649652383,0.2846021792002033,0.2613599271450634
gradinput,P01_checkpoint_rerun,exact_integer,test,78,0.78,0.14968001215402849,0.7986204688811724,0.28399879826576124,0.2618208510786414
gradinput,P01_checkpoint_rerun,exact_integer,test,79,0.79,0.14328311595903734,0.808864535251867,0.28341225078259047,0.2623855808279565
gradinput,P01_checkpoint_rerun,exact_integer,test,80,0.8,0.1393653659048202,0.8155131909273813,0.2830013720679562,0.2626166612310834
gradinput,P01_checkpoint_rerun,exact_integer,test,81,0.81,0.13022475015188953,0.8302235316983779,0.28214673885847374,0.2634355365219536
gradinput,P01_checkpoint_rerun,exact_integer,test,82,0.82,0.1238855224135362,0.8397071225463635,0.2818354230276311,0.264128590396059
gradinput,P01_checkpoint_rerun,exact_integer,test,83,0.83,0.11763764622140357,0.849268340046191,0.28152875777149605,0.2648168292949865
gradinput,P01_checkpoint_rerun,exact_integer,test,84,0.84,0.1122320843606828,0.8579757519523152,0.2810479408868218,0.26527461235156446
gradinput,P01_checkpoint_rerun,exact_integer,test,85,0.85,0.10557676659500777,0.8676236887169189,0.28066138214333874,0.2659499233934665
gradinput,P01_checkpoint_rerun,exact_integer,test,86,0.86,0.09838318012980234,0.8784812224046892,0.28030515072566653,0.26682193747994054
gradinput,P01_checkpoint_rerun,exact_integer,test,87,0.87,0.09037810374492086,0.8904370274722195,0.2799107631261815,0.2676412406743857
gradinput,P01_checkpoint_rerun,exact_integer,test,88,0.88,0.0843397962515632,0.899076761094537,0.27970361328430265,0.2683500675557737
gradinput,P01_checkpoint_rerun,exact_integer,test,89,0.89,0.0756912693310386,0.9101769965164278,0.27971214063164623,0.2696682030627336
gradinput,P01_checkpoint_rerun,exact_integer,test,90,0.9,0.07191393122878267,0.915582815624,0.27960682164847506,0.2701553667659246
gradinput,P01_checkpoint_rerun,exact_integer,test,91,0.91,0.060065361633763824,0.9300625897251636,0.27956846528501506,0.27171302309665385
gradinput,P01_checkpoint_rerun,exact_integer,test,92,0.92,0.051286152663336894,0.9404097268024115,0.27966704976517137,0.2729156976745888
gradinput,P01_checkpoint_rerun,exact_integer,test,93,0.93,0.04342952501312855,0.9498418368168653,0.27975073732452654,0.27406703887482564
gradinput,P01_checkpoint_rerun,exact_integer,test,94,0.94,0.038286083998314915,0.9569181537892284,0.27974507291382317,0.27486272346770974
gradinput,P01_checkpoint_rerun,exact_integer,test,95,0.95,0.03238447044520805,0.964663473422934,0.2796477182820331,0.27570477176409164
gradinput,P01_checkpoint_rerun,exact_integer,test,96,0.96,0.01525935547638598,0.9828459221633368,0.279900948886801,0.2780879397436537
gradinput,P01_checkpoint_rerun,exact_integer,test,97,0.97,0.005169955554262171,0.9938683547064016,0.2803119516714827,0.27985916985455533
gradinput,P01_checkpoint_rerun,exact_integer,test,98,0.98,0.0015580093374728016,0.9986007345417334,0.280348395224129,0.2802712374385434
gradinput,P01_checkpoint_rerun,exact_integer,test,99,0.99,0.00029295907973525743,0.9997676723499286,0.28039196953259965,0.28038194525159843
gradinput,P01_checkpoint_rerun,exact_integer,test,100,1.0,0.0,1.0,0.2803874299751492,0.2803874299751492
gradinput,P01_checkpoint_rerun,machine,calibration,0,0.0,1.0,0.0,0.0,0.0
gradinput,P01_checkpoint_rerun,machine,calibration,1,0.01,0.7155596749266265,0.038832759623658626,0.627278299072973,0.2829113358751075
gradinput,P01_checkpoint_rerun,machine,calibration,2,0.02,0.7112337848620822,0.03987237593695166,0.6183930784887607,0.2792338786008517
gradinput,P01_checkpoint_rerun,machine,calibration,3,0.03,0.6996131818148061,0.04451957798119884,0.5891355491416363,0.2609069684813658
gradinput,P01_checkpoint_rerun,machine,calibration,4,0.04,0.6843680705110173,0.05230529483247348,0.5556880171529281,0.24202241827952967
gradinput,P01_checkpoint_rerun,machine,calibration,5,0.05,0.6563176340872116,0.07146821027535162,0.5197824737140662,0.24002269039788102
gradinput,P01_checkpoint_rerun,machine,calibration,6,0.06,0.6437792836928793,0.08128047488358635,0.49595541303905016,0.23092387953213403
gradinput,P01_checkpoint_rerun,machine,calibration,7,0.07,0.6358275133909297,0.08825888185748629,0.481128260691942,0.22432562348049404
gradinput,P01_checkpoint_rerun,machine,calibration,8,0.08,0.6301129217471567,0.09457320573093737,0.46725333376574124,0.21611117676369204
gradinput,P01_checkpoint_rerun,machine,calibration,9,0.09,0.6113010705672264,0.10935276158597591,0.4549739406314097,0.2205862350874827
gradinput,P01_checkpoint_rerun,machine,calibration,10,0.1,0.6012401561973275,0.11923673909718553,0.4442418022182446,0.21878843192165603
gradinput,P01_checkpoint_rerun,machine,calibration,11,0.11,0.5925834310202058,0.1286813280269692,0.434025907514918,0.21608352492042399
gradinput,P01_checkpoint_rerun,machine,calibration,12,0.12,0.5870806071714898,0.13572165263079028,0.4258876094405126,0.21348252703938053
gradinput,P01_checkpoint_rerun,machine,calibration,13,0.13,0.5736693544783118,0.1483662494008562,0.4183903041245776,0.21617344900442426
gradinput,P01_checkpoint_rerun,machine,calibration,14,0.14,0.5626319537962721,0.15961576277169742,0.4116451022233788,0.21789141759924494
gradinput,P01_checkpoint_rerun,machine,calibration,15,0.15,0.5559380111086253,0.16769647564508364,0.4060824040904286,0.21732598218805294
gradinput,P01_checkpoint_rerun,machine,calibration,16,0.16,0.5484127566161449,0.1768345078689763,0.40062652142960276,0.217540550549952
gradinput,P01_checkpoint_rerun,machine,calibration,17,0.17,0.5356831976874022,0.1904168565193212,0.39459403504234086,0.22080477208088062
gradinput,P01_checkpoint_rerun,machine,calibration,18,0.18,0.5274165688689875,0.19940267296563297,0.39085596247433196,0.2226022397596169
gradinput,P01_checkpoint_rerun,machine,calibration,19,0.19,0.5210840730674093,0.20748360228991602,0.3869966266121484,0.22344537595723454
gradinput,P01_checkpoint_rerun,machine,calibration,20,0.2,0.5155622609789192,0.21416555529307224,0.384492559562348,0.2244923516789633
gradinput,P01_checkpoint_rerun,machine,calibration,21,0.21,0.5019853774498053,0.22981569416637893,0.37901114194501045,0.22772747644612307
gradinput,P01_checkpoint_rerun,machine,calibration,22,0.22,0.493231212381968,0.2405142142743002,0.37523138959143776,0.2294178925928463
gradinput,P01_checkpoint_rerun,machine,calibration,23,0.23,0.48688020066838894,0.2485661927088592,0.37253402656647605,0.23087956262806456
gradinput,P01_checkpoint_rerun,machine,calibration,24,0.24,0.47973573911681494,0.2577262229465603,0.36977999553527263,0.2323351285442869
gradinput,P01_checkpoint_rerun,machine,calibration,25,0.25,0.47389521872262375,0.2650262658597386,0.3675120427762285,0.2332866714432807
gradinput,P01_checkpoint_rerun,machine,calibration,26,0.26,0.46395181406997527,0.2782136265990654,0.36382415772452875,0.23517794699890127
gradinput,P01_checkpoint_rerun,machine,calibration,27,0.27,0.45619867172167816,0.2884883970708847,0.360834487137828,0.2366006538370544
gradinput,P01_checkpoint_rerun,machine,calibration,28,0.28,0.44667672892316307,0.30086054445393606,0.35734513977522325,0.23806114323657634
gradinput,P01_checkpoint_rerun,machine,calibration,29,0.29,0.44155468863201536,0.3089066073942901,0.3548317494088474,0.2383471024142553
gradinput,P01_checkpoint_rerun,machine,calibration,30,0.3,0.43580545593024417,0.31766176048705985,0.35230737469315343,0.23894025128467825
gradinput,P01_checkpoint_rerun,machine,calibration,31,0.31,0.42814749257061263,0.3288750372983629,0.34929586824872105,0.2399757357912004
gradinput,P01_checkpoint_rerun,machine,calibration,32,0.32,0.4222312878164236,0.33787372414821815,0.34679251000924183,0.24064639943644792
gradinput,P01_checkpoint_rerun,machine,calibration,33,0.33,0.41651423090199075,0.34617712830030545,0.34494807599637406,0.24142673361161665
gradinput,P01_checkpoint_rerun,machine,calibration,34,0.34,0.40706185215993923,0.35998360995506257,0.3418573344555875,0.24271929419387325
gradinput,P01_checkpoint_rerun,machine,calibration,35,0.35,0.40000035026334135,0.37084749973887937,0.33933822190757634,0.2434482650003277
gradinput,P01_checkpoint_rerun,machine,calibration,36,0.36,0.3968411096283323,0.3767888644136888,0.33793520924967185,0.24351970910497805
gradinput,P01_checkpoint_rerun,machine,calibration,37,0.37,0.38796584726300987,0.38976237227286914,0.3350355652359018,0.24447694151153718
gradinput,P01_checkpoint_rerun,machine,calibration,38,0.38,0.3825955373121349,0.39886921325506197,0.332944166918882,0.24486163428818625
gradinput,P01_checkpoint_rerun,machine,calibration,39,0.39,0.37724858679541784,0.4081185479988193,0.33089536925597074,0.24524412649517366
gradinput,P01_checkpoint_rerun,machine,calibration,40,0.4,0.37313043709925936,0.4149344243684043,0.32937668878202697,0.24547399336510978
gradinput,P01_checkpoint_rerun,machine,calibration,41,0.41,0.3635138318463228,0.4299160526880105,0.3265477847069498,0.24646724383296806
gradinput,P01_checkpoint_rerun,machine,calibration,42,0.42,0.35833709724759777,0.43950496831546526,0.32437465222240364,0.24656332616608756
gradinput,P01_checkpoint_rerun,machine,calibration,43,0.43,0.3523662776900779,0.45025309782681144,0.32215411296903357,0.24675530328011144
gradinput,P01_checkpoint_rerun,machine,calibration,44,0.44,0.34753479321921316,0.45794042471702545,0.3209327581276418,0.24730013813665055
gradinput,P01_checkpoint_rerun,machine,calibration,45,0.45,0.34181852041891403,0.46788287246406984,0.31899269156916377,0.2475978524509134
gradinput,P01_checkpoint_rerun,machine,calibration,46,0.46,0.3342428355039047,0.48063729357735224,0.31683519775160085,0.24817271736686303
gradinput,P01_checkpoint_rerun,machine,calibration,47,0.47,0.33080237147468594,0.4873328269578422,0.31590139802492123,0.24849655351831462
gradinput,P01_checkpoint_rerun,machine,calibration,48,0.48,0.32321608245598027,0.49950562336572113,0.31382006142456015,0.24894285938641064
gradinput,P01_checkpoint_rerun,machine,calibration,49,0.49,0.3176986982567306,0.5096064675537498,0.3121186490593444,0.249074474703944
gradinput,P01_checkpoint_rerun,machine,calibration,50,0.5,0.3174139585811652,0.5102408002401034,0.3120104375385054,0.2490553343799082
gradinput,P01_checkpoint_rerun,machine,calibration,51,0.51,0.30720102803050126,0.5290191230772232,0.3088465345838315,0.24952527588255494
gradinput,P01_checkpoint_rerun,machine,calibration,52,0.52,0.3044504289390251,0.5349287586613278,0.30815756305821523,0.2497423054760068
gradinput,P01_checkpoint_rerun,machine,calibration,53,0.53,0.2943833843350981,0.5512927636731318,0.30545207859484946,0.24998588006209688
gradinput,P01_checkpoint_rerun,machine,calibration,54,0.54,0.2912308279191667,0.5579362243100375,0.30463213767219305,0.25026116624657574
gradinput,P01_checkpoint_rerun,machine,calibration,55,0.55,0.2861409901827084,0.5683559336334346,0.30283456539749865,0.2500625818945662
gradinput,P01_checkpoint_rerun,machine,calibration,56,0.56,0.2795052986851807,0.5806894020883524,0.3010082796697194,0.25026704760667523
gradinput,P01_checkpoint_rerun,machine,calibration,57,0.57,0.27520077250884734,0.588381163459686,0.2999329215441198,0.2504465794903938
gradinput,P01_checkpoint_rerun,machine,calibration,58,0.58,0.2697114511034306,0.5990685495719237,0.2985474739801087,0.25064064168213895
gradinput,P01_checkpoint_rerun,machine,calibration,59,0.59,0.26454672794372797,0.6087097599356763,0.2974646073076043,0.25101400851316524
gradinput,P01_checkpoint_rerun,machine,calibration,60,0.6,0.2613023621378449,0.6146917253595876,0.29683560494921074,0.2512290658969756
gradinput,P01_checkpoint_rerun,machine,calibration,61,0.61,0.25263462802666203,0.6305070426321562,0.2947551032218772,0.25140949578879795
gradinput,P01_checkpoint_rerun,machine,calibration,62,0.62,0.24791978494147368,0.6397043046323294,0.29376993150941827,0.25174134423117817
gradinput,P01_checkpoint_rerun,machine,calibration,63,0.63,0.24275220823733692,0.6488632183581075,0.29284196628345854,0.2520740385268487
gradinput,P01_checkpoint_rerun,machine,calibration,64,0.64,0.23813581749435728,0.6576455176133603,0.2918931781377137,0.2522868189815237
gradinput,P01_checkpoint_rerun,machine,calibration,65,0.65,0.2324050447586044,0.6677783128848084,0.2908956971487639,0.25259335365095004
gradinput,P01_checkpoint_rerun,machine,calibration,66,0.66,0.226343589832781,0.6785926145185649,0.2899277748289058,0.25307903162962886
gradinput,P01_checkpoint_rerun,machine,calibration,67,0.67,0.21786491465987307,0.692448462330669,0.2888649722085896,0.25386029317979547
gradinput,P01_checkpoint_rerun,machine,calibration,68,0.68,0.21598724786697387,0.6965757105148772,0.28856013761891114,0.2540223644897118
gradinput,P01_checkpoint_rerun,machine,calibration,69,0.69,0.20796115938000623,0.7097507753253246,0.2873722514895779,0.25450041094865705
gradinput,P01_checkpoint_rerun,machine,calibration,70,0.7,0.2015158824788705,0.7209137963393126,0.2865125820824339,0.255051803111205
gradinput,P01_checkpoint_rerun,machine,calibration,71,0.71,0.19628431577905742,0.7297189832366843,0.2858667505903419,0.2554265396206673
gradinput,P01_checkpoint_rerun,machine,calibration,72,0.72,0.19168830979245843,0.737769282351439,0.28537971450971433,0.25584766877329473
gradinput,P01_checkpoint_rerun,machine,calibration,73,0.73,0.18428709776500696,0.7501371935600899,0.28441930308447205,0.2562496565988034
gradinput,P01_checkpoint_rerun,machine,calibration,74,0.74,0.1781086366087563,0.760359891288324,0.28368933910178434,0.2567293216862295
gradinput,P01_checkpoint_rerun,machine,calibration,75,0.75,0.17636169938395527,0.7638206658165753,0.28352612146000755,0.2569329784809588
gradinput,P01_checkpoint_rerun,machine,calibration,76,0.76,0.1685394125584164,0.7767081590804902,0.28279178093809126,0.25783875962187675
gradinput,P01_checkpoint_rerun,machine,calibration,77,0.77,0.1602511856953067,0.7900593979221184,0.28206915890026374,0.2586445212417856
gradinput,P01_checkpoint_rerun,machine,calibration,78,0.78,0.15552700716581858,0.7980593036130904,0.28164731696608525,0.259112889046996
gradinput,P01_checkpoint_rerun,machine,calibration,79,0.79,0.1484828649314614,0.8088098964645983,0.2811500598354048,0.2597956682895082
gradinput,P01_checkpoint_rerun,machine,calibration,80,0.8,0.1441567997751695,0.8154605944349242,0.2808621057816913,0.260196004034385
gradinput,P01_checkpoint_rerun,machine,calibration,81,0.81,0.13342007300795491,0.8311422103337736,0.2802447876046138,0.2613401426484533
gradinput,P01_checkpoint_rerun,machine,calibration,82,0.82,0.12854574391225496,0.839173551507997,0.2798906751464043,0.2618565528441076
gradinput,P01_checkpoint_rerun,machine,calibration,83,0.83,0.12231625431062938,0.8482091780970795,0.2795932398394537,0.26251973598607836
gradinput,P01_checkpoint_rerun,machine,calibration,84,0.84,0.1158975609815162,0.8575998741580715,0.2793161030415005,0.26328282063925684
gradinput,P01_checkpoint_rerun,machine,calibration,85,0.85,0.10803128243044051,0.8685335790722758,0.2790671414561616,0.26425489714161676
gradinput,P01_checkpoint_rerun,machine,calibration,86,0.86,0.10073620787621848,0.8790184985148021,0.2788641020921149,0.26526113277422614
gradinput,P01_checkpoint_rerun,machine,calibration,87,0.87,0.09243464666802814,0.8902593412301233,0.27868477800401237,0.2662490180251244
gradinput,P01_checkpoint_rerun,machine,calibration,88,0.88,0.086314511444091,0.8987127293962631,0.2785273943528892,0.26697769309710045
gradinput,P01_checkpoint_rerun,machine,calibration,89,0.89,0.07725402852125944,0.9099442626040116,0.27862744371711035,0.268388784026752
gradinput,P01_checkpoint_rerun,machine,calibration,90,0.9,0.07303716130206105,0.9158293682134557,0.27863794043299794,0.2690497004384787
gradinput,P01_checkpoint_rerun,machine,calibration,91,0.91,0.06245601717407801,0.9292728290450031,0.27865489643222124,0.2706035038523796
gradinput,P01_checkpoint_rerun,machine,calibration,92,0.92,0.05301796343382239,0.9398611762961147,0.2786806152475098,0.2717791923618799
gradinput,P01_checkpoint_rerun,machine,calibration,93,0.93,0.04417513522221294,0.950375379429014,0.27880937589774757,0.2731251343825942
gradinput,P01_checkpoint_rerun,machine,calibration,94,0.94,0.039053697107514725,0.9572930430038068,0.2788759766124914,0.27397970398072535
gradinput,P01_checkpoint_rerun,machine,calibration,95,0.95,0.033264898717665914,0.964788460114753,0.2788702525974314,0.27485964168955923
gradinput,P01_checkpoint_rerun,machine,calibration,96,0.96,0.016249698598621756,0.9821290871945787,0.27925786057425983,0.277344845226899
gradinput,P01_checkpoint_rerun,machine,calibration,97,0.97,0.005028257674019925,0.9941060126497764,0.2797187871305668,0.279270018514404
gradinput,P01_checkpoint_rerun,machine,calibration,98,0.98,0.0013723147384309862,0.9987011419504385,0.2798048444826118,0.27973417428776554
gradinput,P01_checkpoint_rerun,machine,calibration,99,0.99,0.0002877345989016547,0.9997928310073173,0.2798232153345316,0.2798140870367304
gradinput,P01_checkpoint_rerun,machine,calibration,100,1.0,0.0,1.0,0.27982386067947546,0.27982386067947546
gradinput,P01_checkpoint_rerun,machine,test,0,0.0,1.0,0.0,0.0,0.0
gradinput,P01_checkpoint_rerun,machine,test,1,0.01,0.7184320037711636,0.03893550928031149,0.6267777942628557,0.27987251702915833
gradinput,P01_checkpoint_rerun,machine,test,2,0.02,0.7146337134932418,0.03999107566494566,0.6183315228446697,0.2764036216414846
gradinput,P01_checkpoint_rerun,machine,test,3,0.03,0.701309864637193,0.044834826923837834,0.5892131888776734,0.2596456742665386
gradinput,P01_checkpoint_rerun,machine,test,4,0.04,0.6861113525017004,0.05252287762263072,0.5576266214166286,0.2426685099787946
gradinput,P01_checkpoint_rerun,machine,test,5,0.05,0.6578928564645192,0.07115131445476044,0.5215236072121091,0.23986513287837935
gradinput,P01_checkpoint_rerun,machine,test,6,0.06,0.6443785995517158,0.08167365641745356,0.4978406850751595,0.23222732608883542
gradinput,P01_checkpoint_rerun,machine,test,7,0.07,0.635452063576993,0.0888658396146435,0.48334236582496704,0.22617115814371153
gradinput,P01_checkpoint_rerun,machine,test,8,0.08,0.6293385034877357,0.09495907298355585,0.4717198839174038,0.22006465340679057
gradinput,P01_checkpoint_rerun,machine,test,9,0.09,0.6128058175788635,0.10864059190508,0.45921450782422746,0.22149793225771078
gradinput,P01_checkpoint_rerun,machine,test,10,0.1,0.6005287395640702,0.11912892802861859,0.4488058038768375,0.22170360766135783
gradinput,P01_checkpoint_rerun,machine,test,11,0.11,0.5917850146708311,0.1285261851138177,0.4387303592491334,0.2196808498238135
gradinput,P01_checkpoint_rerun,machine,test,12,0.12,0.5855619494376263,0.13629203869143156,0.430610282371175,0.21702075292776818
gradinput,P01_checkpoint_rerun,machine,test,13,0.13,0.5726632773990317,0.14826615415802413,0.4236943248021137,0.21957151930660754
gradinput,P01_checkpoint_rerun,machine,test,14,0.14,0.5611213180595274,0.1602264540268189,0.4160369945264168,0.22058635638870358
gradinput,P01_checkpoint_rerun,machine,test,15,0.15,0.5541990091610685,0.16819109916077224,0.4104118602813381,0.22028424310508532
gradinput,P01_checkpoint_rerun,machine,test,16,0.16,0.545808051998423,0.17739304783364707,0.4059459448325625,0.2214363196386355
gradinput,P01_checkpoint_rerun,machine,test,17,0.17,0.5338742278388026,0.1894353779823876,0.40070816724172464,0.2247569396691767
gradinput,P01_checkpoint_rerun,machine,test,18,0.18,0.526171287368653,0.19888468766031636,0.39611696687949727,0.22560482500437679
gradinput,P01_checkpoint_rerun,machine,test,19,0.19,0.5176782311078576,0.20847964993186308,0.3916974021744624,0.22675326605624607
gradinput,P01_checkpoint_rerun,machine,test,20,0.2,0.5128051024947853,0.2145977737710138,0.38892692450419464,0.22736366311391815
gradinput,P01_checkpoint_rerun,machine,test,21,0.21,0.49795315499913484,0.22983864637837428,0.3845922144818397,0.23184161740252296
gradinput,P01_checkpoint_rerun,machine,test,22,0.22,0.4892175752026217,0.23997134132550663,0.381593780325007,0.23394274431793532
gradinput,P01_checkpoint_rerun,machine,test,23,0.23,0.48164554067431214,0.24936771666500288,0.37809282949021233,0.23506841374622447
gradinput,P01_checkpoint_rerun,machine,test,24,0.24,0.4747484983592594,0.2581977047214623,0.3755319171300162,0.23647603539343814
gradinput,P01_checkpoint_rerun,machine,test,25,0.25,0.46977037822447554,0.26450400426389203,0.37321954593742845,0.23728338495529028
gradinput,P01_checkpoint_rerun,machine,test,26,0.26,0.4585804742869736,0.2783551250579085,0.3694170993687244,0.23969178530195626
gradinput,P01_checkpoint_rerun,machine,test,27,0.27,0.45142754012125574,0.28837932653799997,0.3663897795711758,0.24090878127252607
gradinput,P01_checkpoint_rerun,machine,test,28,0.28,0.4417192852821168,0.3008229854464811,0.3627163398474418,0.2424672623293125
gradinput,P01_checkpoint_rerun,machine,test,29,0.29,0.4364641513709157,0.3082971561802614,0.36061996013562714,0.24301517389177432
gradinput,P01_checkpoint_rerun,machine,test,30,0.3,0.42965595490439695,0.3173808777177288,0.3582942165025991,0.2441917742236584
gradinput,P01_checkpoint_rerun,machine,test,31,0.31,0.4216376468418303,0.32860023039442254,0.35553711261785925,0.2453170550790295
gradinput,P01_checkpoint_rerun,machine,test,32,0.32,0.41437863240505524,0.33925999046830907,0.3526740081237679,0.24595892753641346
gradinput,P01_checkpoint_rerun,machine,test,33,0.33,0.40938240078233995,0.3467032986635782,0.3506190704832901,0.24638468779392284
gradinput,P01_checkpoint_rerun,machine,test,34,0.34,0.40056315588667435,0.35949862004981753,0.3473805318937075,0.247612214141143
gradinput,P01_checkpoint_rerun,machine,test,35,0.35,0.3929173382357314,0.37081675927681257,0.3449601868670924,0.2484562813801585
gradinput,P01_checkpoint_rerun,machine,test,36,0.36,0.38940846647228594,0.3770829257526961,0.3433603398258845,0.2485601878577215
gradinput,P01_checkpoint_rerun,machine,test,37,0.37,0.38077464876448436,0.38961068757641676,0.34030234348537436,0.24929205459885206
gradinput,P01_checkpoint_rerun,machine,test,38,0.38,0.3753225141412668,0.39939845277720754,0.33770801703281345,0.24931603576496258
gradinput,P01_checkpoint_rerun,machine,test,39,0.39,0.37014046360264946,0.4082696190713175,0.33582491799844183,0.24988271247310434
gradinput,P01_checkpoint_rerun,machine,test,40,0.4,0.3658677958007745,0.41455919841573446,0.3347621990372429,0.25033951642513086
gradinput,P01_checkpoint_rerun,machine,test,41,0.41,0.3564858078923576,0.43038986905995774,0.3310949206458619,0.2507460721861276
gradinput,P01_checkpoint_rerun,machine,test,42,0.42,0.3511781585036847,0.4398554158880383,0.32895243395714024,0.25094527536729855
gradinput,P01_checkpoint_rerun,machine,test,43,0.43,0.3454752583628893,0.450050795678216,0.3269625140217789,0.25131731832290666
gradinput,P01_checkpoint_rerun,machine,test,44,0.44,0.3408847709370964,0.45819079115567507,0.3254325087631973,0.25153062648717744
gradinput,P01_checkpoint_rerun,machine,test,45,0.45,0.3358070075919522,0.4671690544551717,0.3236885103903221,0.2518121499607296
gradinput,P01_checkpoint_rerun,machine,test,46,0.46,0.32734130685479873,0.48145240830700936,0.3206029499522986,0.25186057835402287
gradinput,P01_checkpoint_rerun,machine,test,47,0.47,0.32419391402603626,0.48752449628047295,0.31974535447311386,0.252182417243594
gradinput,P01_checkpoint_rerun,machine,test,48,0.48,0.31631633448858654,0.49969655493487414,0.31786386236487074,0.2529013997460878
gradinput,P01_checkpoint_rerun,machine,test,49,0.49,0.3114737742122238,0.5087908781930854,0.31632051979347275,0.25301017227967987
gradinput,P01_checkpoint_rerun,machine,test,50,0.5,0.3112197628513926,0.5094956939082281,0.3161567992560106,0.252947657265705
gradinput,P01_checkpoint_rerun,machine,test,51,0.51,0.30020336800690395,0.5299123034371523,0.31233278777363155,0.25302585636166114
gradinput,P01_checkpoint_rerun,machine,test,52,0.52,0.29759474644945283,0.53567224485109,0.3116143372813481,0.2531950335565333
gradinput,P01_checkpoint_rerun,machine,test,53,0.53,0.2883526538717579,0.5511786853497651,0.3092034471088274,0.25372523538854014
gradinput,P01_checkpoint_rerun,machine,test,54,0.54,0.28529185249639655,0.557139401899669,0.30855847362299804,0.2541143266392359
gradinput,P01_checkpoint_rerun,machine,test,55,0.55,0.2790993121931508,0.5686496918254478,0.30665548110903895,0.25402659476733863
gradinput,P01_checkpoint_rerun,machine,test,56,0.56,0.2723488402778962,0.5805163440868022,0.3050280506907605,0.2544729534395531
gradinput,P01_checkpoint_rerun,machine,test,57,0.57,0.26777150371748987,0.5886568807532906,0.3040189465799,0.25470317717092184
gradinput,P01_checkpoint_rerun,machine,test,58,0.58,0.26150365637015033,0.5987363943186399,0.30303465938894736,0.2553708273889944
gradinput,P01_checkpoint_rerun,machine,test,59,0.59,0.25704202321307995,0.60831384896862,0.30142856853591415,0.255140977289469
gradinput,P01_checkpoint_rerun,machine,test,60,0.6,0.2534352088913123,0.6155517662826564,0.3005047157874938,0.25517296123296923
gradinput,P01_checkpoint_rerun,machine,test,61,0.61,0.24466404177367143,0.6304335625589225,0.2986333727558135,0.25544263212850044
gradinput,P01_checkpoint_rerun,machine,test,62,0.62,0.23977287055695484,0.6391933574294727,0.29773756006134555,0.25596978202634774
gradinput,P01_checkpoint_rerun,machine,test,63,0.63,0.2348271468435938,0.6490924940538244,0.296585399089295,0.25611209452954314
gradinput,P01_checkpoint_rerun,machine,test,64,0.64,0.22953928789454014,0.6582858740332684,0.29564191696486386,0.25638030399686457
gradinput,P01_checkpoint_rerun,machine,test,65,0.65,0.2244696894307558,0.6678869587517662,0.2945562522903088,0.25655088926939495
gradinput,P01_checkpoint_rerun,machine,test,66,0.66,0.21798460780834333,0.6790963654904839,0.29353960700514325,0.257036164806185
gradinput,P01_checkpoint_rerun,machine,test,67,0.67,0.21063202016191437,0.6919998829666608,0.29218876657770804,0.2574553176278584
gradinput,P01_checkpoint_rerun,machine,test,68,0.68,0.20871077799980955,0.6961221993445886,0.2918554517828477,0.25761634709708836
gradinput,P01_checkpoint_rerun,machine,test,69,0.69,0.20054440364125728,0.710103487634156,0.29057096898763896,0.2580027870848195
gradinput,P01_checkpoint_rerun,machine,test,70,0.7,0.1942079646215211,0.721212739835758,0.28966263995463526,0.25851394286571316
gradinput,P01_checkpoint_rerun,machine,test,71,0.71,0.18925545663207413,0.7304060254499776,0.2888545772468681,0.25877781298237235
gradinput,P01_checkpoint_rerun,machine,test,72,0.72,0.18517913176739154,0.7378841497959935,0.2882479407054206,0.25908917733785236
gradinput,P01_checkpoint_rerun,machine,test,73,0.73,0.17819812462022738,0.7503238550922391,0.2870823479527465,0.2592861748479221
gradinput,P01_checkpoint_rerun,machine,test,74,0.74,0.17216620972276273,0.7602366851487699,0.28649516519642515,0.25987577112099847
gradinput,P01_checkpoint_rerun,machine,test,75,0.75,0.17051364386348217,0.7638299623387016,0.2862811504220969,0.2600492828294449
gradinput,P01_checkpoint_rerun,machine,test,76,0.76,0.16210425532080042,0.7771710950645028,0.28550819469732514,0.26084631380175616
gradinput,P01_checkpoint_rerun,machine,test,77,0.77,0.15508927533222658,0.7893354649652383,0.2846021792002033,0.2613599271450634
gradinput,P01_checkpoint_rerun,machine,test,78,0.78,0.14968001215402849,0.7986204688811724,0.28399879826576124,0.2618208510786414
gradinput,P01_checkpoint_rerun,machine,test,79,0.79,0.14328311595903734,0.808864535251867,0.28341225078259047,0.2623855808279565
gradinput,P01_checkpoint_rerun,machine,test,80,0.8,0.1393653659048202,0.8155131909273813,0.2830013720679562,0.2626166612310834
gradinput,P01_checkpoint_rerun,machine,test,81,0.81,0.1302247140170589,0.830224068096717,0.28214668309405344,0.2634354934151044
gradinput,P01_checkpoint_rerun,machine,test,82,0.82,0.1238843518115041,0.8397102978799871,0.2818349248448016,0.2641283532281526
gradinput,P01_checkpoint_rerun,machine,test,83,0.83,0.11763759201915766,0.84926887644453,0.2815287167947137,0.2648168091547045
gradinput,P01_checkpoint_rerun,machine,test,84,0.84,0.1122320843606828,0.8579757519523152,0.2810479408868218,0.26527461235156446
gradinput,P01_checkpoint_rerun,machine,test,85,0.85,0.10557676659500777,0.8676236887169189,0.28066138214333874,0.2659499233934665
gradinput,P01_checkpoint_rerun,machine,test,86,0.86,0.09838318012980234,0.8784812224046892,0.28030515072566653,0.26682193747994054
gradinput,P01_checkpoint_rerun,machine,test,87,0.87,0.09037810374492086,0.8904370274722195,0.2799107631261815,0.2676412406743857
gradinput,P01_checkpoint_rerun,machine,test,88,0.88,0.0843397962515632,0.899076761094537,0.27970361328430265,0.2683500675557737
gradinput,P01_checkpoint_rerun,machine,test,89,0.89,0.0756912693310386,0.9101769965164278,0.27971214063164623,0.2696682030627336
gradinput,P01_checkpoint_rerun,machine,test,90,0.9,0.07191393122878267,0.915582815624,0.27960682164847506,0.2701553667659246
gradinput,P01_checkpoint_rerun,machine,test,91,0.91,0.060065361633763824,0.9300625897251636,0.27956846528501506,0.27171302309665385
gradinput,P01_checkpoint_rerun,machine,test,92,0.92,0.051286152663336894,0.9404097268024115,0.27966704976517137,0.2729156976745888
gradinput,P01_checkpoint_rerun,machine,test,93,0.93,0.04342952501312855,0.9498418368168653,0.27975073732452654,0.27406703887482564
gradinput,P01_checkpoint_rerun,machine,test,94,0.94,0.038286083998314915,0.9569181537892284,0.27974507291382317,0.27486272346770974
gradinput,P01_checkpoint_rerun,machine,test,95,0.95,0.03236268273757165,0.9646818242778838,0.27964971676878053,0.2757087177042105
gradinput,P01_checkpoint_rerun,machine,test,96,0.96,0.01525935547638598,0.9828459221633368,0.279900948886801,0.2780879397436537
gradinput,P01_checkpoint_rerun,machine,test,97,0.97,0.005169955554262171,0.9938683547064016,0.2803119516714827,0.27985916985455533
gradinput,P01_checkpoint_rerun,machine,test,98,0.98,0.0015580093374728016,0.9986007345417334,0.280348395224129,0.2802712374385434
gradinput,P01_checkpoint_rerun,machine,test,99,0.99,0.00029295907973525743,0.9997676723499286,0.28039196953259965,0.28038194525159843
gradinput,P01_checkpoint_rerun,machine,test,100,1.0,0.0,1.0,0.2803874299751492,0.2803874299751492
ig,P01_checkpoint_rerun,exact_integer,calibration,0,0.0,1.0,0.0,0.0,0.0
ig,P01_checkpoint_rerun,exact_integer,calibration,1,0.01,0.7053702099576623,0.038832759623658626,0.6688458343679766,0.2931126501665469
ig,P01_checkpoint_rerun,exact_integer,calibration,2,0.02,0.7008301121690591,0.03987237593695166,0.6610021692702382,0.28968364652209755
ig,P01_checkpoint_rerun,exact_integer,calibration,3,0.03,0.6886702250964344,0.04451957798119884,0.630706650611296,0.27185753530541373
ig,P01_checkpoint_rerun,exact_integer,calibration,4,0.04,0.6727770535699645,0.05230529483247348,0.5974266062309139,0.25353469508072723
ig,P01_checkpoint_rerun,exact_integer,calibration,5,0.05,0.6403634869532906,0.07146821027535162,0.5583283757215108,0.2548116719842673
ig,P01_checkpoint_rerun,exact_integer,calibration,6,0.06,0.626985254471546,0.08128047488358635,0.5351932334448186,0.24619343377052516
ig,P01_checkpoint_rerun,exact_integer,calibration,7,0.07,0.6181333800766206,0.08825021120196502,0.5208927196426708,0.2403160160729995
ig,P01_checkpoint_rerun,exact_integer,calibration,8,0.08,0.6115767822360977,0.09457320573093737,0.5071036952467038,0.2327665900645462
ig,P01_checkpoint_rerun,exact_integer,calibration,9,0.09,0.5905430807074308,0.10935276158597591,0.49325473888661736,0.238429119941156
ig,P01_checkpoint_rerun,exact_integer,calibration,10,0.1,0.5790929993802879,0.11923673909718553,0.48238195170862114,0.23749218846232711
ig,P01_checkpoint_rerun,exact_integer,calibration,11,0.11,0.5692546098863914,0.1286813280269692,0.4730380646310128,0.23557017230137056
ig,P01_checkpoint_rerun,exact_integer,calibration,12,0.12,0.5629961681565958,0.13572165263079028,0.4651693129870681,0.23344727376872515
ig,P01_checkpoint_rerun,exact_integer,calibration,13,0.13,0.547601904053436,0.1483662494008562,0.4571700341316899,0.23723684774644455
ig,P01_checkpoint_rerun,exact_integer,calibration,14,0.14,0.5355192799371329,0.15955501937259028,0.4493707134385437,0.2393796769986851
ig,P01_checkpoint_rerun,exact_integer,calibration,15,0.15,0.5280018746778533,0.16769647564508364,0.4429561059845026,0.23911916671018674
ig,P01_checkpoint_rerun,exact_integer,calibration,16,0.16,0.5196184153073403,0.1768345078689763,0.43771993389459796,0.23985118388171275
ig,P01_checkpoint_rerun,exact_integer,calibration,17,0.17,0.5041549105761078,0.19041663452660856,0.43165276764257765,0.2441371461046871
ig,P01_checkpoint_rerun,exact_integer,calibration,18,0.18,0.49442915815966354,0.19940267296563297,0.42803448163762675,0.24659635307149516
ig,P01_checkpoint_rerun,exact_integer,calibration,19,0.19,0.4869555311452348,0.20748360228991602,0.42445919638379886,0.24799051910708483
ig,P01_checkpoint_rerun,exact_integer,calibration,20,0.2,0.4807720822085742,0.21416555529307224,0.4215669201885,0.24909472080060663
ig,P01_checkpoint_rerun,exact_integer,calibration,21,0.21,0.4644650587205748,0.22981569416637893,0.4160923583148565,0.2533438118251733
ig,P01_checkpoint_rerun,exact_integer,calibration,22,0.22,0.4539103434363375,0.2405142142743002,0.41243672983750435,0.25584235089185275
ig,P01_checkpoint_rerun,exact_integer,calibration,23,0.23,0.44648567107409015,0.2485661927088592,0.4100973191763059,0.2577986997305716
ig,P01_checkpoint_rerun,exact_integer,calibration,24,0.24,0.43840352745134864,0.2577262229465603,0.40739395799408956,0.2595713591639606
ig,P01_checkpoint_rerun,exact_integer,calibration,25,0.25,0.43137152040982013,0.2650262658597386,0.4052425474320597,0.2609079706766232
ig,P01_checkpoint_rerun,exact_integer,calibration,26,0.26,0.4192222374771498,0.2782136265990654,0.4022996065236484,0.2640372878707667
ig,P01_checkpoint_rerun,exact_integer,calibration,27,0.27,0.4093912757650757,0.2884883970708847,0.4000518168734661,0.26656194658321847
ig,P01_checkpoint_rerun,exact_integer,calibration,28,0.28,0.40237246122180703,0.2966650996756083,0.398054408281839,0.26799950034380443
ig,P01_checkpoint_rerun,exact_integer,calibration,29,0.29,0.3916799566639336,0.3089066073942901,0.394899734517466,0.26978046784020177
ig,P01_checkpoint_rerun,exact_integer,calibration,30,0.3,0.384192806274397,0.31766176048705985,0.3927170917554357,0.2710606417054294
ig,P01_checkpoint_rerun,exact_integer,calibration,31,0.31,0.37494085450534376,0.3288750372983629,0.3901112187008457,0.2726908787941744
ig,P01_checkpoint_rerun,exact_integer,calibration,32,0.32,0.36731296913358646,0.33787372414821815,0.38835475606729447,0.2743360312446591
ig,P01_checkpoint_rerun,exact_integer,calibration,33,0.33,0.360132827953124,0.34617712830030545,0.38680979138039684,0.27562905686179867
ig,P01_checkpoint_rerun,exact_integer,calibration,34,0.34,0.3486802104639155,0.35998090336882355,0.3838903086656491,0.2776770302552728
ig,P01_checkpoint_rerun,exact_integer,calibration,35,0.35,0.3419826938660519,0.36845174183254975,0.38217467576484543,0.2786392590577612
ig,P01_checkpoint_rerun,exact_integer,calibration,36,0.36,0.3359623586151653,0.3767888644136888,0.38059743583343264,0.27954155656836394
ig,P01_checkpoint_rerun,exact_integer,calibration,37,0.37,0.3260283452398616,0.38976237227286914,0.37749637388640367,0.2807578537524148
ig,P01_checkpoint_rerun,exact_integer,calibration,38,0.38,0.3190978550625618,0.39886921325506197,0.37581132327820366,0.28182593978163245
ig,P01_checkpoint_rerun,exact_integer,calibration,39,0.39,0.31225460885774353,0.4081185479988193,0.37425089342334494,0.28302489162121164
ig,P01_checkpoint_rerun,exact_integer,calibration,40,0.4,0.30700164257895923,0.4149344243684043,0.37288347867761007,0.2836263521391355
ig,P01_checkpoint_rerun,exact_integer,calibration,41,0.41,0.2952804819484325,0.4299158306952979,0.37034155529705326,0.2855353684983302
ig,P01_checkpoint_rerun,exact_integer,calibration,42,0.42,0.2887054084103794,0.43950496831546526,0.36850518980609986,0.28628691705066683
ig,P01_checkpoint_rerun,exact_integer,calibration,43,0.43,0.28120587051172397,0.45025309782681144,0.36664449116931075,0.28724742567897776
ig,P01_checkpoint_rerun,exact_integer,calibration,44,0.44,0.27569632798742605,0.45794042471702545,0.3653038292569446,0.2879861349426485
ig,P01_checkpoint_rerun,exact_integer,calibration,45,0.45,0.26891780251408903,0.46788287246406984,0.36350336334065764,0.2887841496117125
ig,P01_checkpoint_rerun,exact_integer,calibration,46,0.46,0.2595223210148146,0.48063729357735224,0.36131760377602945,0.2899898701417277
ig,P01_checkpoint_rerun,exact_integer,calibration,47,0.47,0.2557784261149709,0.4873328269578422,0.36029454451700293,0.29038816451834853
ig,P01_checkpoint_rerun,exact_integer,calibration,48,0.48,0.247633070987429,0.49950562336572113,0.3577252446331748,0.2910014239149582
ig,P01_checkpoint_rerun,exact_integer,calibration,49,0.49,0.24107845039677256,0.5096064675537498,0.35608224204401,0.29149756855380765
ig,P01_checkpoint_rerun,exact_integer,calibration,50,0.5,0.24077826147591258,0.5102408002401034,0.355989483288228,0.2914923828065969
ig,P01_checkpoint_rerun,exact_integer,calibration,51,0.51,0.2284906470887495,0.5290191230772232,0.35273783209541415,0.2927537576278347
ig,P01_checkpoint_rerun,exact_integer,calibration,52,0.52,0.22556031235939286,0.5349287586613278,0.3519425501786442,0.29291290599888686
ig,P01_checkpoint_rerun,exact_integer,calibration,53,0.53,0.21443335624233353,0.5512927636731318,0.3486987409235827,0.29350630240351006
ig,P01_checkpoint_rerun,exact_integer,calibration,54,0.54,0.21074923494862316,0.5579362243100375,0.34787748078326447,0.2939384297305725
ig,P01_checkpoint_rerun,exact_integer,calibration,55,0.55,0.2049217653185673,0.5683471822532905,0.3457718702332126,0.2938183416727232
ig,P01_checkpoint_rerun,exact_integer,calibration,56,0.56,0.2003614185961369,0.5764939573100245,0.3445701473612469,0.29425598322546803
ig,P01_checkpoint_rerun,exact_integer,calibration,57,0.57,0.19315414076424403,0.5883724928041647,0.3422222986054986,0.29426874183610074
ig,P01_checkpoint_rerun,exact_integer,calibration,58,0.58,0.18716011690082596,0.5990685495719237,0.3405565996907569,0.2946501442748537
ig,P01_checkpoint_rerun,exact_integer,calibration,59,0.59,0.18192830978500757,0.6087097599356763,0.3389294241235712,0.29476089622327245
ig,P01_checkpoint_rerun,exact_integer,calibration,60,0.6,0.17870288928380063,0.6146917253595876,0.3379230510664823,0.29477549460484564
ig,P01_checkpoint_rerun,exact_integer,calibration,61,0.61,0.1697681473430101,0.6305070426321562,0.334955008561935,0.2945817325174569
ig,P01_checkpoint_rerun,exact_integer,calibration,62,0.62,0.1648184053762768,0.6397043046323294,0.3335306302918247,0.29479687062187687
ig,P01_checkpoint_rerun,exact_integer,calibration,63,0.63,0.15997356873022717,0.6488632183581075,0.3319986367786693,0.2947668573014296
ig,P01_checkpoint_rerun,exact_integer,calibration,64,0.64,0.15561652206247337,0.6576455176133603,0.3305290638772298,0.29471215058799866
ig,P01_checkpoint_rerun,exact_integer,calibration,65,0.65,0.1506575341813009,0.6677783128848084,0.3287551121117471,0.2944247458229115
ig,P01_checkpoint_rerun,exact_integer,calibration,66,0.66,0.14554510277602753,0.6785926145185649,0.3267192013276464,0.29402316253601174
ig,P01_checkpoint_rerun,exact_integer,calibration,67,0.67,0.13879517361437907,0.692448462330669,0.32412573962654173,0.2935459449991651
ig,P01_checkpoint_rerun,exact_integer,calibration,68,0.68,0.13704206278473907,0.6965606578788306,0.3236874317610515,0.2936063274666271
ig,P01_checkpoint_rerun,exact_integer,calibration,69,0.69,0.1305033609617949,0.7097505533326119,0.321118988173524,0.292977298064187
ig,P01_checkpoint_rerun,exact_integer,calibration,70,0.7,0.12720480332001924,0.7174043468235767,0.319718971068864,0.2925770498898682
ig,P01_checkpoint_rerun,exact_integer,calibration,71,0.71,0.12170441578779029,0.7297189832366843,0.31754725547804624,0.292063434663756
ig,P01_checkpoint_rerun,exact_integer,calibration,72,0.72,0.11814282804692224,0.737769282351439,0.3162503528145165,0.29171377874313287
ig,P01_checkpoint_rerun,exact_integer,calibration,73,0.73,0.1124384438854013,0.7501371935600899,0.3140409524194544,0.29100015094811454
ig,P01_checkpoint_rerun,exact_integer,calibration,74,0.74,0.1075718374627875,0.760359891288324,0.3122556252083746,0.2904556253940398
ig,P01_checkpoint_rerun,exact_integer,calibration,75,0.75,0.10619789391008537,0.7638206658165753,0.31186683784410296,0.290433738599261
ig,P01_checkpoint_rerun,exact_integer,calibration,76,0.76,0.10059381444980348,0.7767081590804902,0.30967057420170974,0.2898547338340222
ig,P01_checkpoint_rerun,exact_integer,calibration,77,0.77,0.09447691049268248,0.7900593979221184,0.3073968837207497,0.28906816424427795
ig,P01_checkpoint_rerun,exact_integer,calibration,78,0.78,0.0911352473393886,0.7980593036130904,0.3061149143456248,0.2886344872529617
ig,P01_checkpoint_rerun,exact_integer,calibration,79,0.79,0.08636920754602143,0.8088098964645983,0.30437684225653155,0.28797137920825194
ig,P01_checkpoint_rerun,exact_integer,calibration,80,0.8,0.08325446198931108,0.8154605944349242,0.3033708059715436,0.28758428456908175
ig,P01_checkpoint_rerun,exact_integer,calibration,81,0.81,0.07663461284882438,0.831141988341061,0.3007049412132658,0.28644819230826873
ig,P01_checkpoint_rerun,exact_integer,calibration,82,0.82,0.07329869792512367,0.8391708449217581,0.2995528912377234,0.28606786988559757
ig,P01_checkpoint_rerun,exact_integer,calibration,83,0.83,0.0692063985662418,0.8482089561043669,0.29826878405460266,0.2856193236157559
ig,P01_checkpoint_rerun,exact_integer,calibration,84,0.84,0.0653209991847425,0.8575998741580715,0.2968071810385912,0.2850001985280386
ig,P01_checkpoint_rerun,exact_integer,calibration,85,0.85,0.0604116262200367,0.8685335790722758,0.2950856054486372,0.28422345424743656
ig,P01_checkpoint_rerun,exact_integer,calibration,86,0.86,0.056169060971988045,0.8790184985148021,0.29357781601558663,0.2837139445293597
ig,P01_checkpoint_rerun,exact_integer,calibration,87,0.87,0.051019511679551315,0.8902593412301233,0.2920308652579305,0.2830861629405164
ig,P01_checkpoint_rerun,exact_integer,calibration,88,0.88,0.047388861116684625,0.8987127293962631,0.2908741979671697,0.2826098680509954
ig,P01_checkpoint_rerun,exact_integer,calibration,89,0.89,0.04234288486944737,0.9099442626040116,0.28943466822797403,0.2821501559509557
ig,P01_checkpoint_rerun,exact_integer,calibration,90,0.9,0.03963349291993889,0.9158293682134557,0.28886824468618005,0.2820913563781863
ig,P01_checkpoint_rerun,exact_integer,calibration,91,0.91,0.03370099604938039,0.9292728290450031,0.28718155224810293,0.2815325797768818
ig,P01_checkpoint_rerun,exact_integer,calibration,92,0.92,0.02901147503132302,0.9398611762961147,0.28570504153753484,0.28084752346190023
ig,P01_checkpoint_rerun,exact_integer,calibration,93,0.93,0.023955399398382725,0.950375379429014,0.28464018185555817,0.2807055564339623
ig,P01_checkpoint_rerun,exact_integer,calibration,94,0.94,0.020577487061294506,0.9572930430038068,0.2841371220611202,0.28081840700016786
ig,P01_checkpoint_rerun,exact_integer,calibration,95,0.95,0.016948681756607666,0.9647618444420105,0.28341444672569865,0.28073658542701446
ig,P01_checkpoint_rerun,exact_integer,calibration,96,0.96,0.008784356794785253,0.9821290871945787,0.28119181968489304,0.2798292650532357
ig,P01_checkpoint_rerun,exact_integer,calibration,97,0.97,0.002753953079877017,0.9941060126497764,0.2801840250767441,0.2798590979122173
ig,P01_checkpoint_rerun,exact_integer,calibration,98,0.98,0.0007277172623665226,0.9987011419504385,0.279879488333003,0.279820007520966
ig,P01_checkpoint_rerun,exact_integer,calibration,99,0.99,0.0001671742511070175,0.9997928310073173,0.27983047870782146,0.27982225401701954
ig,P01_checkpoint_rerun,exact_integer,calibration,100,1.0,0.0,1.0,0.27982386067947546,0.27982386067947546
ig,P01_checkpoint_rerun,exact_integer,test,0,0.0,1.0,0.0,0.0,0.0
ig,P01_checkpoint_rerun,exact_integer,test,1,0.01,0.7077079620822371,0.03893550928031149,0.6773952517409096,0.290608544688062
ig,P01_checkpoint_rerun,exact_integer,test,2,0.02,0.7036119697151908,0.03999107566494566,0.6702438067641031,0.28746016060922774
ig,P01_checkpoint_rerun,exact_integer,test,3,0.03,0.6899504025085834,0.044834826923837834,0.6394848487592628,0.27102172352682163
ig,P01_checkpoint_rerun,exact_integer,test,4,0.04,0.6740564125878081,0.05252287762263072,0.6077259893525949,0.2546532823229203
ig,P01_checkpoint_rerun,exact_integer,test,5,0.05,0.640667129556316,0.07115131445476044,0.5696414503004988,0.25635071024773237
ig,P01_checkpoint_rerun,exact_integer,test,6,0.06,0.6253918029031722,0.08167365641745356,0.545952939703824,0.2502040468928222
ig,P01_checkpoint_rerun,exact_integer,test,7,0.07,0.6156207905862885,0.08886134481337761,0.5317464471626628,0.24492147782282997
ig,P01_checkpoint_rerun,exact_integer,test,8,0.08,0.6088620706936446,0.09495907298355585,0.5200433136608071,0.23920129012866756
ig,P01_checkpoint_rerun,exact_integer,test,9,0.09,0.5901424547276984,0.10864059190508,0.5061539609973114,0.24189501227858914
ig,P01_checkpoint_rerun,exact_integer,test,10,0.1,0.5759813698544338,0.11912892802861859,0.49387970665496644,0.24304984861902174
ig,P01_checkpoint_rerun,exact_integer,test,11,0.11,0.5655144102118077,0.1285261851138177,0.48426427856433885,0.2421588831816079
ig,P01_checkpoint_rerun,exact_integer,test,12,0.12,0.5588286282267845,0.13629203869143156,0.4758582427394996,0.23976880417658186
ig,P01_checkpoint_rerun,exact_integer,test,13,0.13,0.54454028735689,0.14826615415802413,0.4667996104589026,0.24298960852592386
ig,P01_checkpoint_rerun,exact_integer,test,14,0.14,0.5307049600640751,0.16011058780199183,0.4582172718489851,0.2453702715387582
ig,P01_checkpoint_rerun,exact_integer,test,15,0.15,0.5229068392727847,0.16819109916077224,0.45220246252008783,0.24519937814090007
ig,P01_checkpoint_rerun,exact_integer,test,16,0.16,0.5144160302212021,0.17739304783364707,0.4460598529995742,0.24600890480346904
ig,P01_checkpoint_rerun,exact_integer,test,17,0.17,0.5017038178574569,0.18943484158404855,0.4394128077666051,0.2492559833901018
ig,P01_checkpoint_rerun,exact_integer,test,18,0.18,0.49281610290695743,0.19888468766031636,0.4345486380770959,0.25049880570014127
ig,P01_checkpoint_rerun,exact_integer,test,19,0.19,0.4825270454879237,0.20847964993186308,0.429841223646388,0.2523503217482076
ig,P01_checkpoint_rerun,exact_integer,test,20,0.2,0.4766862154277536,0.2145977737710138,0.4271472002654366,0.25351568762636106
ig,P01_checkpoint_rerun,exact_integer,test,21,0.21,0.4605727634120736,0.22983864637837428,0.4219388127819914,0.25820366318990057
ig,P01_checkpoint_rerun,exact_integer,test,22,0.22,0.4510199977623026,0.23997134132550663,0.4183093214615661,0.26036084849788205
ig,P01_checkpoint_rerun,exact_integer,test,23,0.23,0.44190813879699475,0.24936771666500288,0.4149243656738513,0.2620824034986131
ig,P01_checkpoint_rerun,exact_integer,test,24,0.24,0.4345176411387656,0.2581977047214623,0.41198436981550246,0.2634239164917816
ig,P01_checkpoint_rerun,exact_integer,test,25,0.25,0.42834614671425914,0.26450400426389203,0.4101134428605902,0.2647243171950218
ig,P01_checkpoint_rerun,exact_integer,test,26,0.26,0.4156321209742732,0.2783551250579085,0.4062911747881315,0.2674720924749855
ig,P01_checkpoint_rerun,exact_integer,test,27,0.27,0.4062649625328746,0.28837932653799997,0.4043398031146298,0.2699352433649656
ig,P01_checkpoint_rerun,exact_integer,test,28,0.28,0.3979528994834892,0.2974846499899692,0.4016724778522293,0.2711701595534715
ig,P01_checkpoint_rerun,exact_integer,test,29,0.29,0.388378136209216,0.3082971561802614,0.3987352302342115,0.27277309341007455
ig,P01_checkpoint_rerun,exact_integer,test,30,0.3,0.3808324525955613,0.3173808777177288,0.3965216501671659,0.2741179168318468
ig,P01_checkpoint_rerun,exact_integer,test,31,0.31,0.371109866469165,0.32860023039442254,0.3943135381954261,0.27623399188200276
ig,P01_checkpoint_rerun,exact_integer,test,32,0.32,0.36228220484823037,0.33925999046830907,0.3913664889269217,0.27724294296446855
ig,P01_checkpoint_rerun,exact_integer,test,33,0.33,0.35607917798962074,0.3467032986635782,0.3896978444858974,0.27819654259690574
ig,P01_checkpoint_rerun,exact_integer,test,34,0.34,0.3455916155026448,0.35949544471619393,0.3869559208235945,0.28032613909644477
ig,P01_checkpoint_rerun,exact_integer,test,35,0.35,0.33901045630930293,0.36792782912592475,0.38562506313585176,0.2815108896706745
ig,P01_checkpoint_rerun,exact_integer,test,36,0.36,0.3324157377994381,0.3770829257526961,0.38350167077492453,0.2823698873607025
ig,P01_checkpoint_rerun,exact_integer,test,37,0.37,0.32146425378860316,0.38961068757641676,0.3809317390402023,0.28396105493462054
ig,P01_checkpoint_rerun,exact_integer,test,38,0.38,0.3141961882990839,0.39939845277720754,0.3790300749467274,0.28490396434266557
ig,P01_checkpoint_rerun,exact_integer,test,39,0.39,0.3076138745123056,0.4082696190713175,0.3775067303554185,0.28622278641019966
ig,P01_checkpoint_rerun,exact_integer,test,40,0.4,0.30283012129625186,0.41455919841573446,0.37637345501341085,0.2868438686964249
ig,P01_checkpoint_rerun,exact_integer,test,41,0.41,0.2916246157940084,0.4303893326616187,0.37262604235483227,0.28768304057121513
ig,P01_checkpoint_rerun,exact_integer,test,42,0.42,0.28455388546659294,0.4398554158880383,0.371154817289018,0.28880013994070813
ig,P01_checkpoint_rerun,exact_integer,test,43,0.43,0.27767225081166197,0.450050795678216,0.36917759631993274,0.2896189144591723
ig,P01_checkpoint_rerun,exact_integer,test,44,0.44,0.27216700432187146,0.45819079115567507,0.3676291944267722,0.2901905866300956
ig,P01_checkpoint_rerun,exact_integer,test,45,0.45,0.26554640727154805,0.4671690544551717,0.3662715403912236,0.2912456903016685
ig,P01_checkpoint_rerun,exact_integer,test,46,0.46,0.25583639112166073,0.48145240830700936,0.3632933514564636,0.2920426452787084
ig,P01_checkpoint_rerun,exact_integer,test,47,0.47,0.25231040202295196,0.48752449628047295,0.36243154892113716,0.2924518249855346
ig,P01_checkpoint_rerun,exact_integer,test,48,0.48,0.24354116126229614,0.49969655493487414,0.3603195005929988,0.2936297508074049
ig,P01_checkpoint_rerun,exact_integer,test,49,0.49,0.23784537737483477,0.5087908781930854,0.35875639190232306,0.2940040275770308
ig,P01_checkpoint_rerun,exact_integer,test,50,0.5,0.23745965912740302,0.5094956939082281,0.35867145034850983,0.29401522242868555
ig,P01_checkpoint_rerun,exact_integer,test,51,0.51,0.22471694399815734,0.5299123034371523,0.35470750860726985,0.29489023514215634
ig,P01_checkpoint_rerun,exact_integer,test,52,0.52,0.22182482808507278,0.53567224485109,0.35393097701923465,0.2950474673970972
ig,P01_checkpoint_rerun,exact_integer,test,53,0.53,0.21120732288104274,0.5511786853497651,0.3510329031237526,0.29589171966446387
ig,P01_checkpoint_rerun,exact_integer,test,54,0.54,0.2078543953949337,0.557139401899669,0.35030215953538213,0.29632145592865466
ig,P01_checkpoint_rerun,exact_integer,test,55,0.55,0.20166380488811703,0.5686457334225209,0.3477586425530012,0.29590817487647636
ig,P01_checkpoint_rerun,exact_integer,test,56,0.56,0.19652023960890508,0.5771780086302899,0.346604403685842,0.29665546979990237
ig,P01_checkpoint_rerun,exact_integer,test,57,0.57,0.18967040739866653,0.5886523859520247,0.34438234095455444,0.29660150780274114
ig,P01_checkpoint_rerun,exact_integer,test,58,0.58,0.1842858585676103,0.5987363943186399,0.3426292070096296,0.29683657699165916
ig,P01_checkpoint_rerun,exact_integer,test,59,0.59,0.17929362136860183,0.60831384896862,0.34089211860285035,0.29682339986598183
ig,P01_checkpoint_rerun,exact_integer,test,60,0.6,0.17616160499603073,0.6155517662826564,0.33939404376353666,0.2964184816916694
ig,P01_checkpoint_rerun,exact_integer,test,61,0.61,0.16795694944833123,0.6304335625589225,0.33640763259915357,0.2959808251065069
ig,P01_checkpoint_rerun,exact_integer,test,62,0.62,0.1631791018439081,0.6391933574294727,0.3350243016187647,0.2962843972425287
ig,P01_checkpoint_rerun,exact_integer,test,63,0.63,0.15832211132234597,0.6490924940538244,0.3333367453047991,0.29615518067754226
ig,P01_checkpoint_rerun,exact_integer,test,64,0.64,0.15400255414119693,0.6582858740332684,0.3315602119601406,0.2958043178754158
ig,P01_checkpoint_rerun,exact_integer,test,65,0.65,0.1495481250374333,0.6678869587517662,0.32970015815522663,0.29537774312039683
ig,P01_checkpoint_rerun,exact_integer,test,66,0.66,0.1443472042924691,0.6790963654904839,0.3276388096581996,0.29495897664299975
ig,P01_checkpoint_rerun,exact_integer,test,67,0.67,0.13815666098843854,0.6919998829666608,0.32516028495437116,0.2945302206058698
ig,P01_checkpoint_rerun,exact_integer,test,68,0.68,0.13631586616900782,0.6961088093176551,0.32468540278347335,0.29457883902365745
ig,P01_checkpoint_rerun,exact_integer,test,69,0.69,0.12998558365468654,0.7101029512358169,0.3218408732600545,0.29365771990032147
ig,P01_checkpoint_rerun,exact_integer,test,70,0.7,0.1265938037091415,0.7173308659348852,0.32067357010519115,0.29350116454096786
ig,P01_checkpoint_rerun,exact_integer,test,71,0.71,0.12087529830374769,0.7304060254499776,0.3182475437456976,0.2927736210614057
ig,P01_checkpoint_rerun,exact_integer,test,72,0.72,0.11746550988942395,0.7378841497959935,0.3170686943768741,0.29256977027036773
ig,P01_checkpoint_rerun,exact_integer,test,73,0.73,0.11255856832437683,0.7503238550922391,0.31451614813854745,0.29145332152223996
ig,P01_checkpoint_rerun,exact_integer,test,74,0.74,0.1082707454605171,0.7602366851487699,0.31273482135864,0.290861779710314
ig,P01_checkpoint_rerun,exact_integer,test,75,0.75,0.10690784321763237,0.7638299623387016,0.3123368982300847,0.2908485579960462
ig,P01_checkpoint_rerun,exact_integer,test,76,0.76,0.10078383924902369,0.7771710950645028,0.3101196514692428,0.2901985963564
ig,P01_checkpoint_rerun,exact_integer,test,77,0.77,0.09531505005909714,0.7893354649652383,0.30801517529166206,0.28951871643491434
ig,P01_checkpoint_rerun,exact_integer,test,78,0.78,0.09134913671707029,0.7986204688811724,0.30653085124043,0.28903873269418684
ig,P01_checkpoint_rerun,exact_integer,test,79,0.79,0.08696314559080544,0.808864535251867,0.3047379198037364,0.28825843033769666
ig,P01_checkpoint_rerun,exact_integer,test,80,0.8,0.08401801670646536,0.8155131909273813,0.3037303780538873,0.28787446043602627
ig,P01_checkpoint_rerun,exact_integer,test,81,0.81,0.07731922597121046,0.8302235316983779,0.3013818516111913,0.28706033551747595
ig,P01_checkpoint_rerun,exact_integer,test,82,0.82,0.07391299130557821,0.8397071225463635,0.2998181140799412,0.2862897400811424
ig,P01_checkpoint_rerun,exact_integer,test,83,0.83,0.06988074950387997,0.849268340046191,0.2984644062876526,0.28580888872410865
ig,P01_checkpoint_rerun,exact_integer,test,84,0.84,0.06601183821124139,0.8579757519523152,0.297157954484061,0.28534593477997866
ig,P01_checkpoint_rerun,exact_integer,test,85,0.85,0.06149828031188318,0.8676236887169189,0.295710665277277,0.2847894466116442
ig,P01_checkpoint_rerun,exact_integer,test,86,0.86,0.056797792152384174,0.8784812224046892,0.2941150480609805,0.28415920804869327
ig,P01_checkpoint_rerun,exact_integer,test,87,0.87,0.0514783315548869,0.8904370274722195,0.29254961635674465,0.28360613632601467
ig,P01_checkpoint_rerun,exact_integer,test,88,0.88,0.04763341099347851,0.899076761094537,0.2914029140706396,0.2831957171194811
ig,P01_checkpoint_rerun,exact_integer,test,89,0.89,0.04261087363089566,0.9101769965164278,0.2900115170034131,0.2828006903837913
ig,P01_checkpoint_rerun,exact_integer,test,90,0.9,0.04016121431775388,0.915582815624,0.28943194120393584,0.28271213215713814
ig,P01_checkpoint_rerun,exact_integer,test,91,0.91,0.03377303343413343,0.9300625897251636,0.2875839141086781,0.28202740670946685
ig,P01_checkpoint_rerun,exact_integer,test,92,0.92,0.029138119781813424,0.9404097268024115,0.28621516790572454,0.28139339730874086
ig,P01_checkpoint_rerun,exact_integer,test,93,0.93,0.024823674607109103,0.9498418368168653,0.28518873928978605,0.2811650414641961
ig,P01_checkpoint_rerun,exact_integer,test,94,0.94,0.021614286011391436,0.9569181537892284,0.2845414786831438,0.2811187197758853
ig,P01_checkpoint_rerun,exact_integer,test,95,0.95,0.017873138401693512,0.964663473422934,0.28369669063372205,0.28095378360384965
ig,P01_checkpoint_rerun,exact_integer,test,96,0.96,0.008597344362659942,0.9828459221633368,0.28162630544580614,0.280305857661622
ig,P01_checkpoint_rerun,exact_integer,test,97,0.97,0.002909270773531079,0.9938683547064016,0.28077135076264015,0.28043817634645113
ig,P01_checkpoint_rerun,exact_integer,test,98,0.98,0.0008852837148130241,0.9986007345417334,0.28042134632951693,0.28035484917731374
ig,P01_checkpoint_rerun,exact_integer,test,99,0.99,0.00018283191524703148,0.9997676723499286,0.28039465195729707,0.28038433759296666
ig,P01_checkpoint_rerun,exact_integer,test,100,1.0,0.0,1.0,0.2803874299751492,0.2803874299751492
ig,P01_checkpoint_rerun,machine,calibration,0,0.0,1.0,0.0,0.0,0.0
ig,P01_checkpoint_rerun,machine,calibration,1,0.01,0.7053702099576623,0.038832759623658626,0.6688458343679766,0.2931126501665469
ig,P01_checkpoint_rerun,machine,calibration,2,0.02,0.7008301121690591,0.03987237593695166,0.6610021692702382,0.28968364652209755
ig,P01_checkpoint_rerun,machine,calibration,3,0.03,0.6886702250964344,0.04451957798119884,0.630706650611296,0.27185753530541373
ig,P01_checkpoint_rerun,machine,calibration,4,0.04,0.6727770535699645,0.05230529483247348,0.5974266062309139,0.25353469508072723
ig,P01_checkpoint_rerun,machine,calibration,5,0.05,0.6403634869532906,0.07146821027535162,0.5583283757215108,0.2548116719842673
ig,P01_checkpoint_rerun,machine,calibration,6,0.06,0.626985254471546,0.08128047488358635,0.5351932334448186,0.24619343377052516
ig,P01_checkpoint_rerun,machine,calibration,7,0.07,0.6181205958235928,0.08825888185748629,0.5208761166746634,0.2403240808579041
ig,P01_checkpoint_rerun,machine,calibration,8,0.08,0.6115767822360977,0.09457320573093737,0.5071036952467038,0.2327665900645462
ig,P01_checkpoint_rerun,machine,calibration,9,0.09,0.5905430807074308,0.10935276158597591,0.49325473888661736,0.238429119941156
ig,P01_checkpoint_rerun,machine,calibration,10,0.1,0.5790929993802879,0.11923673909718553,0.48238195170862114,0.23749218846232711
ig,P01_checkpoint_rerun,machine,calibration,11,0.11,0.5692546098863914,0.1286813280269692,0.4730380646310128,0.23557017230137056
ig,P01_checkpoint_rerun,machine,calibration,12,0.12,0.5629961681565958,0.13572165263079028,0.4651693129870681,0.23344727376872515
ig,P01_checkpoint_rerun,machine,calibration,13,0.13,0.547601904053436,0.1483662494008562,0.4571700341316899,0.23723684774644455
ig,P01_checkpoint_rerun,machine,calibration,14,0.14,0.5354417159086878,0.15961576277169742,0.4493272305094994,0.23938752427251683
ig,P01_checkpoint_rerun,machine,calibration,15,0.15,0.5280018746778533,0.16769647564508364,0.4429561059845026,0.23911916671018674
ig,P01_checkpoint_rerun,machine,calibration,16,0.16,0.5196184153073403,0.1768345078689763,0.43771993389459796,0.23985118388171275
ig,P01_checkpoint_rerun,machine,calibration,17,0.17,0.504153126260598,0.1904168565193212,0.4316529410193983,0.24413738913463343
ig,P01_checkpoint_rerun,machine,calibration,18,0.18,0.49442915815966354,0.19940267296563297,0.42803448163762675,0.24659635307149516
ig,P01_checkpoint_rerun,machine,calibration,19,0.19,0.4869555311452348,0.20748360228991602,0.42445919638379886,0.24799051910708483
ig,P01_checkpoint_rerun,machine,calibration,20,0.2,0.4807720822085742,0.21416555529307224,0.4215669201885,0.24909472080060663
ig,P01_checkpoint_rerun,machine,calibration,21,0.21,0.4644650587205748,0.22981569416637893,0.4160923583148565,0.2533438118251733
ig,P01_checkpoint_rerun,machine,calibration,22,0.22,0.4539103434363375,0.2405142142743002,0.41243672983750435,0.25584235089185275
ig,P01_checkpoint_rerun,machine,calibration,23,0.23,0.44648567107409015,0.2485661927088592,0.4100973191763059,0.2577986997305716
ig,P01_checkpoint_rerun,machine,calibration,24,0.24,0.43840352745134864,0.2577262229465603,0.40739395799408956,0.2595713591639606
ig,P01_checkpoint_rerun,machine,calibration,25,0.25,0.43137152040982013,0.2650262658597386,0.4052425474320597,0.2609079706766232
ig,P01_checkpoint_rerun,machine,calibration,26,0.26,0.4192222374771498,0.2782136265990654,0.4022996065236484,0.2640372878707667
ig,P01_checkpoint_rerun,machine,calibration,27,0.27,0.4093912757650757,0.2884883970708847,0.4000518168734661,0.26656194658321847
ig,P01_checkpoint_rerun,machine,calibration,28,0.28,0.397905237770548,0.30086054445393606,0.3970783817987753,0.2690367118057558
ig,P01_checkpoint_rerun,machine,calibration,29,0.29,0.3916799566639336,0.3089066073942901,0.394899734517466,0.26978046784020177
ig,P01_checkpoint_rerun,machine,calibration,30,0.3,0.384192806274397,0.31766176048705985,0.3927170917554357,0.2710606417054294
ig,P01_checkpoint_rerun,machine,calibration,31,0.31,0.37494085450534376,0.3288750372983629,0.3901112187008457,0.2726908787941744
ig,P01_checkpoint_rerun,machine,calibration,32,0.32,0.36731296913358646,0.33787372414821815,0.38835475606729447,0.2743360312446591
ig,P01_checkpoint_rerun,machine,calibration,33,0.33,0.360132827953124,0.34617712830030545,0.38680979138039684,0.27562905686179867
ig,P01_checkpoint_rerun,machine,calibration,34,0.34,0.3486760677459909,0.35998360995506257,0.38389078156462464,0.2776783225294912
ig,P01_checkpoint_rerun,machine,calibration,35,0.35,0.33982815371966285,0.37084749973887937,0.3818159428009161,0.279238511191081
ig,P01_checkpoint_rerun,machine,calibration,36,0.36,0.3359623586151653,0.3767888644136888,0.38059743583343264,0.27954155656836394
ig,P01_checkpoint_rerun,machine,calibration,37,0.37,0.3260283452398616,0.38976237227286914,0.37749637388640367,0.2807578537524148
ig,P01_checkpoint_rerun,machine,calibration,38,0.38,0.3190978550625618,0.39886921325506197,0.37581132327820366,0.28182593978163245
ig,P01_checkpoint_rerun,machine,calibration,39,0.39,0.31225460885774353,0.4081185479988193,0.37425089342334494,0.28302489162121164
ig,P01_checkpoint_rerun,machine,calibration,40,0.4,0.30700164257895923,0.4149344243684043,0.37288347867761007,0.2836263521391355
ig,P01_checkpoint_rerun,machine,calibration,41,0.41,0.29528036386320805,0.4299160526880105,0.3703415503586615,0.2855353702938454
ig,P01_checkpoint_rerun,machine,calibration,42,0.42,0.2887054084103794,0.43950496831546526,0.36850518980609986,0.28628691705066683
ig,P01_checkpoint_rerun,machine,calibration,43,0.43,0.28120587051172397,0.45025309782681144,0.36664449116931075,0.28724742567897776
ig,P01_checkpoint_rerun,machine,calibration,44,0.44,0.27569632798742605,0.45794042471702545,0.3653038292569446,0.2879861349426485
ig,P01_checkpoint_rerun,machine,calibration,45,0.45,0.26891780251408903,0.46788287246406984,0.36350336334065764,0.2887841496117125
ig,P01_checkpoint_rerun,machine,calibration,46,0.46,0.2595223210148146,0.48063729357735224,0.36131760377602945,0.2899898701417277
ig,P01_checkpoint_rerun,machine,calibration,47,0.47,0.2557784261149709,0.4873328269578422,0.36029454451700293,0.29038816451834853
ig,P01_checkpoint_rerun,machine,calibration,48,0.48,0.247633070987429,0.49950562336572113,0.3577252446331748,0.2910014239149582
ig,P01_checkpoint_rerun,machine,calibration,49,0.49,0.24107845039677256,0.5096064675537498,0.35608224204401,0.29149756855380765
ig,P01_checkpoint_rerun,machine,calibration,50,0.5,0.24077826147591258,0.5102408002401034,0.355989483288228,0.2914923828065969
ig,P01_checkpoint_rerun,machine,calibration,51,0.51,0.2284906470887495,0.5290191230772232,0.35273783209541415,0.2927537576278347
ig,P01_checkpoint_rerun,machine,calibration,52,0.52,0.22556031235939286,0.5349287586613278,0.3519425501786442,0.29291290599888686
ig,P01_checkpoint_rerun,machine,calibration,53,0.53,0.21443335624233353,0.5512927636731318,0.3486987409235827,0.29350630240351006
ig,P01_checkpoint_rerun,machine,calibration,54,0.54,0.21074923494862316,0.5579362243100375,0.34787748078326447,0.2939384297305725
ig,P01_checkpoint_rerun,machine,calibration,55,0.55,0.20491994418815287,0.5683559336334346,0.3457671221030319,0.2938157443307637
ig,P01_checkpoint_rerun,machine,calibration,56,0.56,0.19767938045528788,0.5806894020883524,0.3435382599995819,0.294072709489775
ig,P01_checkpoint_rerun,machine,calibration,57,0.57,0.19314920847432165,0.588381163459686,0.3422196786436081,0.2942679991795582
ig,P01_checkpoint_rerun,machine,calibration,58,0.58,0.18716011690082596,0.5990685495719237,0.3405565996907569,0.2946501442748537
ig,P01_checkpoint_rerun,machine,calibration,59,0.59,0.18192830978500757,0.6087097599356763,0.3389294241235712,0.29476089622327245
ig,P01_checkpoint_rerun,machine,calibration,60,0.6,0.17870288928380063,0.6146917253595876,0.3379230510664823,0.29477549460484564
ig,P01_checkpoint_rerun,machine,calibration,61,0.61,0.1697681473430101,0.6305070426321562,0.334955008561935,0.2945817325174569
ig,P01_checkpoint_rerun,machine,calibration,62,0.62,0.1648184053762768,0.6397043046323294,0.3335306302918247,0.29479687062187687
ig,P01_checkpoint_rerun,machine,calibration,63,0.63,0.15997356873022717,0.6488632183581075,0.3319986367786693,0.2947668573014296
ig,P01_checkpoint_rerun,machine,calibration,64,0.64,0.15561652206247337,0.6576455176133603,0.3305290638772298,0.29471215058799866
ig,P01_checkpoint_rerun,machine,calibration,65,0.65,0.1506575341813009,0.6677783128848084,0.3287551121117471,0.2944247458229115
ig,P01_checkpoint_rerun,machine,calibration,66,0.66,0.14554510277602753,0.6785926145185649,0.3267192013276464,0.29402316253601174
ig,P01_checkpoint_rerun,machine,calibration,67,0.67,0.13879517361437907,0.692448462330669,0.32412573962654173,0.2935459449991651
ig,P01_checkpoint_rerun,machine,calibration,68,0.68,0.13703795847017453,0.6965757105148772,0.32368533130240107,0.29360488469467255
ig,P01_checkpoint_rerun,machine,calibration,69,0.69,0.1305033609617949,0.7097507753253246,0.32111895776954663,0.29297726827093695
ig,P01_checkpoint_rerun,machine,calibration,70,0.7,0.1256420517792437,0.7209137963393126,0.3190657960658934,0.29245343819266495
ig,P01_checkpoint_rerun,machine,calibration,71,0.71,0.12170441578779029,0.7297189832366843,0.31754725547804624,0.292063434663756
ig,P01_checkpoint_rerun,machine,calibration,72,0.72,0.11814282804692224,0.737769282351439,0.3162503528145165,0.29171377874313287
ig,P01_checkpoint_rerun,machine,calibration,73,0.73,0.1124384438854013,0.7501371935600899,0.3140409524194544,0.29100015094811454
ig,P01_checkpoint_rerun,machine,calibration,74,0.74,0.1075718374627875,0.760359891288324,0.3122556252083746,0.2904556253940398
ig,P01_checkpoint_rerun,machine,calibration,75,0.75,0.10619789391008537,0.7638206658165753,0.31186683784410296,0.290433738599261
ig,P01_checkpoint_rerun,machine,calibration,76,0.76,0.10059381444980348,0.7767081590804902,0.30967057420170974,0.2898547338340222
ig,P01_checkpoint_rerun,machine,calibration,77,0.77,0.09447691049268248,0.7900593979221184,0.3073968837207497,0.28906816424427795
ig,P01_checkpoint_rerun,machine,calibration,78,0.78,0.0911352473393886,0.7980593036130904,0.3061149143456248,0.2886344872529617
ig,P01_checkpoint_rerun,machine,calibration,79,0.79,0.08636920754602143,0.8088098964645983,0.30437684225653155,0.28797137920825194
ig,P01_checkpoint_rerun,machine,calibration,80,0.8,0.08325446198931108,0.8154605944349242,0.3033708059715436,0.28758428456908175
ig,P01_checkpoint_rerun,machine,calibration,81,0.81,0.07663461284882438,0.8311422103337736,0.30070491881222167,0.28644817025257774
ig,P01_checkpoint_rerun,machine,calibration,82,0.82,0.07329559412801873,0.839173551507997,0.2995532855109314,0.2860686150925178
ig,P01_checkpoint_rerun,machine,calibration,83,0.83,0.06920633952362958,0.8482091780970795,0.2982687747522727,0.285619316469087
ig,P01_checkpoint_rerun,machine,calibration,84,0.84,0.0653209991847425,0.8575998741580715,0.2968071810385912,0.2850001985280386
ig,P01_checkpoint_rerun,machine,calibration,85,0.85,0.0604116262200367,0.8685335790722758,0.2950856054486372,0.28422345424743656
ig,P01_checkpoint_rerun,machine,calibration,86,0.86,0.056169060971988045,0.8790184985148021,0.29357781601558663,0.2837139445293597
ig,P01_checkpoint_rerun,machine,calibration,87,0.87,0.051019511679551315,0.8902593412301233,0.2920308652579305,0.2830861629405164
ig,P01_checkpoint_rerun,machine,calibration,88,0.88,0.047388861116684625,0.8987127293962631,0.2908741979671697,0.2826098680509954
ig,P01_checkpoint_rerun,machine,calibration,89,0.89,0.04234288486944737,0.9099442626040116,0.28943466822797403,0.2821501559509557
ig,P01_checkpoint_rerun,machine,calibration,90,0.9,0.03963349291993889,0.9158293682134557,0.28886824468618005,0.2820913563781863
ig,P01_checkpoint_rerun,machine,calibration,91,0.91,0.03370099604938039,0.9292728290450031,0.28718155224810293,0.2815325797768818
ig,P01_checkpoint_rerun,machine,calibration,92,0.92,0.02901147503132302,0.9398611762961147,0.28570504153753484,0.28084752346190023
ig,P01_checkpoint_rerun,machine,calibration,93,0.93,0.023955399398382725,0.950375379429014,0.28464018185555817,0.2807055564339623
ig,P01_checkpoint_rerun,machine,calibration,94,0.94,0.020577487061294506,0.9572930430038068,0.2841371220611202,0.28081840700016786
ig,P01_checkpoint_rerun,machine,calibration,95,0.95,0.01693440427759201,0.964788460114753,0.2834127297325697,0.2807358108158054
ig,P01_checkpoint_rerun,machine,calibration,96,0.96,0.008784356794785253,0.9821290871945787,0.28119181968489304,0.2798292650532357
ig,P01_checkpoint_rerun,machine,calibration,97,0.97,0.002753953079877017,0.9941060126497764,0.2801840250767441,0.2798590979122173
ig,P01_checkpoint_rerun,machine,calibration,98,0.98,0.0007277172623665226,0.9987011419504385,0.279879488333003,0.279820007520966
ig,P01_checkpoint_rerun,machine,calibration,99,0.99,0.0001671742511070175,0.9997928310073173,0.27983047870782146,0.27982225401701954
ig,P01_checkpoint_rerun,machine,calibration,100,1.0,0.0,1.0,0.27982386067947546,0.27982386067947546
ig,P01_checkpoint_rerun,machine,test,0,0.0,1.0,0.0,0.0,0.0
ig,P01_checkpoint_rerun,machine,test,1,0.01,0.7077079620822371,0.03893550928031149,0.6773952517409096,0.290608544688062
ig,P01_checkpoint_rerun,machine,test,2,0.02,0.7036119697151908,0.03999107566494566,0.6702438067641031,0.28746016060922774
ig,P01_checkpoint_rerun,machine,test,3,0.03,0.6899504025085834,0.044834826923837834,0.6394848487592628,0.27102172352682163
ig,P01_checkpoint_rerun,machine,test,4,0.04,0.6740564125878081,0.05252287762263072,0.6077259893525949,0.2546532823229203
ig,P01_checkpoint_rerun,machine,test,5,0.05,0.640667129556316,0.07115131445476044,0.5696414503004988,0.25635071024773237
ig,P01_checkpoint_rerun,machine,test,6,0.06,0.6253918029031722,0.08167365641745356,0.545952939703824,0.2502040468928222
ig,P01_checkpoint_rerun,machine,test,7,0.07,0.615617866611965,0.0888658396146435,0.5317258676883173,0.24491825135209191
ig,P01_checkpoint_rerun,machine,test,8,0.08,0.6088620706936446,0.09495907298355585,0.5200433136608071,0.23920129012866756
ig,P01_checkpoint_rerun,machine,test,9,0.09,0.5901424547276984,0.10864059190508,0.5061539609973114,0.24189501227858914
ig,P01_checkpoint_rerun,machine,test,10,0.1,0.5759813698544338,0.11912892802861859,0.49387970665496644,0.24304984861902174
ig,P01_checkpoint_rerun,machine,test,11,0.11,0.5655144102118077,0.1285261851138177,0.48426427856433885,0.2421588831816079
ig,P01_checkpoint_rerun,machine,test,12,0.12,0.5588286282267845,0.13629203869143156,0.4758582427394996,0.23976880417658186
ig,P01_checkpoint_rerun,machine,test,13,0.13,0.54454028735689,0.14826615415802413,0.4667996104589026,0.24298960852592386
ig,P01_checkpoint_rerun,machine,test,14,0.14,0.5306210690009224,0.1602264540268189,0.4581483069085571,0.2453449284962703
ig,P01_checkpoint_rerun,machine,test,15,0.15,0.5229068392727847,0.16819109916077224,0.45220246252008783,0.24519937814090007
ig,P01_checkpoint_rerun,machine,test,16,0.16,0.5144160302212021,0.17739304783364707,0.4460598529995742,0.24600890480346904
ig,P01_checkpoint_rerun,machine,test,17,0.17,0.5017037275203804,0.1894353779823876,0.43941203702237314,0.24925531326477693
ig,P01_checkpoint_rerun,machine,test,18,0.18,0.49281610290695743,0.19888468766031636,0.4345486380770959,0.25049880570014127
ig,P01_checkpoint_rerun,machine,test,19,0.19,0.4825270454879237,0.20847964993186308,0.429841223646388,0.2523503217482076
ig,P01_checkpoint_rerun,machine,test,20,0.2,0.4766862154277536,0.2145977737710138,0.4271472002654366,0.25351568762636106
ig,P01_checkpoint_rerun,machine,test,21,0.21,0.4605727634120736,0.22983864637837428,0.4219388127819914,0.25820366318990057
ig,P01_checkpoint_rerun,machine,test,22,0.22,0.4510199977623026,0.23997134132550663,0.4183093214615661,0.26036084849788205
ig,P01_checkpoint_rerun,machine,test,23,0.23,0.44190813879699475,0.24936771666500288,0.4149243656738513,0.2620824034986131
ig,P01_checkpoint_rerun,machine,test,24,0.24,0.4345176411387656,0.2581977047214623,0.41198436981550246,0.2634239164917816
ig,P01_checkpoint_rerun,machine,test,25,0.25,0.42834614671425914,0.26450400426389203,0.4101134428605902,0.2647243171950218
ig,P01_checkpoint_rerun,machine,test,26,0.26,0.4156321209742732,0.2783551250579085,0.4062911747881315,0.2674720924749855
ig,P01_checkpoint_rerun,machine,test,27,0.27,0.4062649625328746,0.28837932653799997,0.4043398031146298,0.2699352433649656
ig,P01_checkpoint_rerun,machine,test,28,0.28,0.39440410845618123,0.3008229854464811,0.40075553759681504,0.27190309993804196
ig,P01_checkpoint_rerun,machine,test,29,0.29,0.388378136209216,0.3082971561802614,0.3987352302342115,0.27277309341007455
ig,P01_checkpoint_rerun,machine,test,30,0.3,0.3808324525955613,0.3173808777177288,0.3965216501671659,0.2741179168318468
ig,P01_checkpoint_rerun,machine,test,31,0.31,0.371109866469165,0.32860023039442254,0.3943135381954261,0.27623399188200276
ig,P01_checkpoint_rerun,machine,test,32,0.32,0.36228220484823037,0.33925999046830907,0.3913664889269217,0.27724294296446855
ig,P01_checkpoint_rerun,machine,test,33,0.33,0.35607917798962074,0.3467032986635782,0.3896978444858974,0.27819654259690574
ig,P01_checkpoint_rerun,machine,test,34,0.34,0.34558722060921715,0.35949862004981753,0.38695632451032863,0.28032747822533616
ig,P01_checkpoint_rerun,machine,test,35,0.35,0.3364933021869148,0.37081675927681257,0.3848958095196112,0.28198188747355807
ig,P01_checkpoint_rerun,machine,test,36,0.36,0.3324157377994381,0.3770829257526961,0.38350167077492453,0.2823698873607025
ig,P01_checkpoint_rerun,machine,test,37,0.37,0.32146425378860316,0.38961068757641676,0.3809317390402023,0.28396105493462054
ig,P01_checkpoint_rerun,machine,test,38,0.38,0.3141961882990839,0.39939845277720754,0.3790300749467274,0.28490396434266557
ig,P01_checkpoint_rerun,machine,test,39,0.39,0.3076138745123056,0.4082696190713175,0.3775067303554185,0.28622278641019966
ig,P01_checkpoint_rerun,machine,test,40,0.4,0.30283012129625186,0.41455919841573446,0.37637345501341085,0.2868438686964249
ig,P01_checkpoint_rerun,machine,test,41,0.41,0.29162452545693185,0.43038986905995774,0.37262591438014797,0.28768298078366206
ig,P01_checkpoint_rerun,machine,test,42,0.42,0.28455388546659294,0.4398554158880383,0.371154817289018,0.28880013994070813
ig,P01_checkpoint_rerun,machine,test,43,0.43,0.27767225081166197,0.450050795678216,0.36917759631993274,0.2896189144591723
ig,P01_checkpoint_rerun,machine,test,44,0.44,0.27216700432187146,0.45819079115567507,0.3676291944267722,0.2901905866300956
ig,P01_checkpoint_rerun,machine,test,45,0.45,0.26554640727154805,0.4671690544551717,0.3662715403912236,0.2912456903016685
ig,P01_checkpoint_rerun,machine,test,46,0.46,0.25583639112166073,0.48145240830700936,0.3632933514564636,0.2920426452787084
ig,P01_checkpoint_rerun,machine,test,47,0.47,0.25231040202295196,0.48752449628047295,0.36243154892113716,0.2924518249855346
ig,P01_checkpoint_rerun,machine,test,48,0.48,0.24354116126229614,0.49969655493487414,0.3603195005929988,0.2936297508074049
ig,P01_checkpoint_rerun,machine,test,49,0.49,0.23784537737483477,0.5087908781930854,0.35875639190232306,0.2940040275770308
ig,P01_checkpoint_rerun,machine,test,50,0.5,0.23745965912740302,0.5094956939082281,0.35867145034850983,0.29401522242868555
ig,P01_checkpoint_rerun,machine,test,51,0.51,0.22471694399815734,0.5299123034371523,0.35470750860726985,0.29489023514215634
ig,P01_checkpoint_rerun,machine,test,52,0.52,0.22182482808507278,0.53567224485109,0.35393097701923465,0.2950474673970972
ig,P01_checkpoint_rerun,machine,test,53,0.53,0.21120732288104274,0.5511786853497651,0.3510329031237526,0.29589171966446387
ig,P01_checkpoint_rerun,machine,test,54,0.54,0.2078543953949337,0.557139401899669,0.35030215953538213,0.29632145592865466
ig,P01_checkpoint_rerun,machine,test,55,0.55,0.20166045173762226,0.5686496918254478,0.3477584401488634,0.2959086255248322
ig,P01_checkpoint_rerun,machine,test,56,0.56,0.1945061688011906,0.5805163440868022,0.34570642211277636,0.29641840725280033
ig,P01_checkpoint_rerun,machine,test,57,0.57,0.18966703885741057,0.5886568807532906,0.34438205083203655,0.2966019197177461
ig,P01_checkpoint_rerun,machine,test,58,0.58,0.1842858585676103,0.5987363943186399,0.3426292070096296,0.29683657699165916
ig,P01_checkpoint_rerun,machine,test,59,0.59,0.17929362136860183,0.60831384896862,0.34089211860285035,0.29682339986598183
ig,P01_checkpoint_rerun,machine,test,60,0.6,0.17616160499603073,0.6155517662826564,0.33939404376353666,0.2964184816916694
ig,P01_checkpoint_rerun,machine,test,61,0.61,0.16795694944833123,0.6304335625589225,0.33640763259915357,0.2959808251065069
ig,P01_checkpoint_rerun,machine,test,62,0.62,0.1631791018439081,0.6391933574294727,0.3350243016187647,0.2962843972425287
ig,P01_checkpoint_rerun,machine,test,63,0.63,0.15832211132234597,0.6490924940538244,0.3333367453047991,0.29615518067754226
ig,P01_checkpoint_rerun,machine,test,64,0.64,0.15400255414119693,0.6582858740332684,0.3315602119601406,0.2958043178754158
ig,P01_checkpoint_rerun,machine,test,65,0.65,0.1495481250374333,0.6678869587517662,0.32970015815522663,0.29537774312039683
ig,P01_checkpoint_rerun,machine,test,66,0.66,0.1443472042924691,0.6790963654904839,0.3276388096581996,0.29495897664299975
ig,P01_checkpoint_rerun,machine,test,67,0.67,0.13815666098843854,0.6919998829666608,0.32516028495437116,0.2945302206058698
ig,P01_checkpoint_rerun,machine,test,68,0.68,0.13631109701414476,0.6961221993445886,0.32468322332340366,0.2945777097622104
ig,P01_checkpoint_rerun,machine,test,69,0.69,0.12998554751985594,0.710103487634156,0.32184079504068386,0.2936576694113061
ig,P01_checkpoint_rerun,machine,test,70,0.7,0.12501501692598685,0.721212739835758,0.31982472807523216,0.2931790021687848
ig,P01_checkpoint_rerun,machine,test,71,0.71,0.12087529830374769,0.7304060254499776,0.3182475437456976,0.2927736210614057
ig,P01_checkpoint_rerun,machine,test,72,0.72,0.11746550988942395,0.7378841497959935,0.3170686943768741,0.29256977027036773
ig,P01_checkpoint_rerun,machine,test,73,0.73,0.11255856832437683,0.7503238550922391,0.31451614813854745,0.29145332152223996
ig,P01_checkpoint_rerun,machine,test,74,0.74,0.1082707454605171,0.7602366851487699,0.31273482135864,0.290861779710314
ig,P01_checkpoint_rerun,machine,test,75,0.75,0.10690784321763237,0.7638299623387016,0.3123368982300847,0.2908485579960462
ig,P01_checkpoint_rerun,machine,test,76,0.76,0.10078383924902369,0.7771710950645028,0.3101196514692428,0.2901985963564
ig,P01_checkpoint_rerun,machine,test,77,0.77,0.09531505005909714,0.7893354649652383,0.30801517529166206,0.28951871643491434
ig,P01_checkpoint_rerun,machine,test,78,0.78,0.09134913671707029,0.7986204688811724,0.30653085124043,0.28903873269418684
ig,P01_checkpoint_rerun,machine,test,79,0.79,0.08696314559080544,0.808864535251867,0.3047379198037364,0.28825843033769666
ig,P01_checkpoint_rerun,machine,test,80,0.8,0.08401801670646536,0.8155131909273813,0.3037303780538873,0.28787446043602627
ig,P01_checkpoint_rerun,machine,test,81,0.81,0.07731920790379515,0.830224068096717,0.3013817829998063,0.28706027451467736
ig,P01_checkpoint_rerun,machine,test,82,0.82,0.07390971179482163,0.8397102978799871,0.29981848527335414,0.2862904916434248
ig,P01_checkpoint_rerun,machine,test,83,0.83,0.06988073143646466,0.84926887644453,0.2984643409365484,0.2858088310793416
ig,P01_checkpoint_rerun,machine,test,84,0.84,0.06601183821124139,0.8579757519523152,0.297157954484061,0.28534593477997866
ig,P01_checkpoint_rerun,machine,test,85,0.85,0.06149828031188318,0.8676236887169189,0.295710665277277,0.2847894466116442
ig,P01_checkpoint_rerun,machine,test,86,0.86,0.056797792152384174,0.8784812224046892,0.2941150480609805,0.28415920804869327
ig,P01_checkpoint_rerun,machine,test,87,0.87,0.0514783315548869,0.8904370274722195,0.29254961635674465,0.28360613632601467
ig,P01_checkpoint_rerun,machine,test,88,0.88,0.04763341099347851,0.899076761094537,0.2914029140706396,0.2831957171194811
ig,P01_checkpoint_rerun,machine,test,89,0.89,0.04261087363089566,0.9101769965164278,0.2900115170034131,0.2828006903837913
ig,P01_checkpoint_rerun,machine,test,90,0.9,0.04016121431775388,0.915582815624,0.28943194120393584,0.28271213215713814
ig,P01_checkpoint_rerun,machine,test,91,0.91,0.03377303343413343,0.9300625897251636,0.2875839141086781,0.28202740670946685
ig,P01_checkpoint_rerun,machine,test,92,0.92,0.029138119781813424,0.9404097268024115,0.28621516790572454,0.28139339730874086
ig,P01_checkpoint_rerun,machine,test,93,0.93,0.024823674607109103,0.9498418368168653,0.28518873928978605,0.2811650414641961
ig,P01_checkpoint_rerun,machine,test,94,0.94,0.021614286011391436,0.9569181537892284,0.2845414786831438,0.2811187197758853
ig,P01_checkpoint_rerun,machine,test,95,0.95,0.017848210297147886,0.9646818242778838,0.28370079170178075,0.28096043239245255
ig,P01_checkpoint_rerun,machine,test,96,0.96,0.008597344362659942,0.9828459221633368,0.28162630544580614,0.280305857661622
ig,P01_checkpoint_rerun,machine,test,97,0.97,0.002909270773531079,0.9938683547064016,0.28077135076264015,0.28043817634645113
ig,P01_checkpoint_rerun,machine,test,98,0.98,0.0008852837148130241,0.9986007345417334,0.28042134632951693,0.28035484917731374
ig,P01_checkpoint_rerun,machine,test,99,0.99,0.00018283191524703148,0.9997676723499286,0.28039465195729707,0.28038433759296666
ig,P01_checkpoint_rerun,machine,test,100,1.0,0.0,1.0,0.2803874299751492,0.2803874299751492
saliency,P20_frozen_cache,exact_integer,calibration,0,0.0,1.0,0.0,0.0,0.0
saliency,P20_frozen_cache,exact_integer,calibration,1,0.01,0.8061653398296891,0.038832759623658626,0.5405143282348421,0.19236490902279824
saliency,P20_frozen_cache,exact_integer,calibration,2,0.02,0.8012697823996665,0.03987237593695166,0.5358338511763859,0.19040910702324298
saliency,P20_frozen_cache,exact_integer,calibration,3,0.03,0.7849427564865639,0.04451957798119884,0.5191363430924414,0.18067657496539774
saliency,P20_frozen_cache,exact_integer,calibration,4,0.04,0.7599311318748844,0.05230529483247348,0.5077693623130599,0.17765091948646264
saliency,P20_frozen_cache,exact_integer,calibration,5,0.05,0.7215531437215192,0.07146821027535162,0.4983086643138954,0.18992464708515802
saliency,P20_frozen_cache,exact_integer,calibration,6,0.06,0.7021300522220726,0.08128047488358635,0.488704811767117,0.18969183617196414
saliency,P20_frozen_cache,exact_integer,calibration,7,0.07,0.6892066387136355,0.08825021120196502,0.48105489189135764,0.18856137505431497
saliency,P20_frozen_cache,exact_integer,calibration,8,0.08,0.6779515539120654,0.09457320573093737,0.4736659899992904,0.18638214174339351
saliency,P20_frozen_cache,exact_integer,calibration,9,0.09,0.6544877361234621,0.10935276158597591,0.46946519185673086,0.19726530981476312
saliency,P20_frozen_cache,exact_integer,calibration,10,0.1,0.6392031102992654,0.11923673909718553,0.46305579114137535,0.20064528408851456
saliency,P20_frozen_cache,exact_integer,calibration,11,0.11,0.6237163108796996,0.1286813280269692,0.45878426607889367,0.2035359726490306
saliency,P20_frozen_cache,exact_integer,calibration,12,0.12,0.6127367033478277,0.13572165263079028,0.45483927875012914,0.2054815377855537
saliency,P20_frozen_cache,exact_integer,calibration,13,0.13,0.5932814671897656,0.1483662494008562,0.45237688482060245,0.2140835588324573
saliency,P20_frozen_cache,exact_integer,calibration,14,0.14,0.5775209909161028,0.15955501937259028,0.44861535264258184,0.21999655180675734
saliency,P20_frozen_cache,exact_integer,calibration,15,0.15,0.5678741779364087,0.16769647564508364,0.4448641277887168,0.222285618600718
saliency,P20_frozen_cache,exact_integer,calibration,16,0.16,0.5563356533855403,0.1768345078689763,0.44160020556162555,0.22601299768235328
saliency,P20_frozen_cache,exact_integer,calibration,17,0.17,0.539578381628496,0.19041663452660856,0.43802600686392046,0.23360372932426737
saliency,P20_frozen_cache,exact_integer,calibration,18,0.18,0.5289196091887262,0.19940267296563297,0.4355046972068457,0.23763090981525561
saliency,P20_frozen_cache,exact_integer,calibration,19,0.19,0.5201812243002836,0.20748360228991602,0.43244000576756936,0.24038917516425515
saliency,P20_frozen_cache,exact_integer,calibration,20,0.2,0.5128882577866686,0.21416555529307224,0.43088251817861856,0.2431216818265835
saliency,P20_frozen_cache,exact_integer,calibration,21,0.21,0.49511012019482853,0.22981569416637893,0.426951518230988,0.2507302636096032
saliency,P20_frozen_cache,exact_integer,calibration,22,0.22,0.4839779526386382,0.2405142142743002,0.4241135472728161,0.2547235722145865
saliency,P20_frozen_cache,exact_integer,calibration,23,0.23,0.4754695415503219,0.2485661927088592,0.42163085565418945,0.25785084681457965
saliency,P20_frozen_cache,exact_integer,calibration,24,0.24,0.46613952486428245,0.2577262229465603,0.4193466132576922,0.261054444789947
saliency,P20_frozen_cache,exact_integer,calibration,25,0.25,0.458736223091576,0.2650262658597386,0.41734236004520076,0.26306284812572595
saliency,P20_frozen_cache,exact_integer,calibration,26,0.26,0.4459305020771863,0.2782136265990654,0.4140354385603501,0.26713343512863447
saliency,P20_frozen_cache,exact_integer,calibration,27,0.27,0.43599395801173785,0.2884883970708847,0.4115726050366151,0.270121162556174
saliency,P20_frozen_cache,exact_integer,calibration,28,0.28,0.4288804456854095,0.2966650996756083,0.40891254483168443,0.2716440501574351
saliency,P20_frozen_cache,exact_integer,calibration,29,0.29,0.4182613587226475,0.3089066073942901,0.40523277825671233,0.27390236507612437
saliency,P20_frozen_cache,exact_integer,calibration,30,0.3,0.41063388078317165,0.31766176048705985,0.4029227887108534,0.2756492679458166
saliency,P20_frozen_cache,exact_integer,calibration,31,0.31,0.4009691337330762,0.3288750372983629,0.3997317590601748,0.2775081161734652
saliency,P20_frozen_cache,exact_integer,calibration,32,0.32,0.3930513387004502,0.33787372414821815,0.39736298691317967,0.2792376621769771
saliency,P20_frozen_cache,exact_integer,calibration,33,0.33,0.3855038467758255,0.34617712830030545,0.395735159988505,0.2809137620937648
saliency,P20_frozen_cache,exact_integer,calibration,34,0.34,0.3744083761712872,0.35998090336882355,0.3920946076607596,0.28306072626930323
saliency,P20_frozen_cache,exact_integer,calibration,35,0.35,0.3675470396444084,0.36845174183254975,0.3903002230508885,0.2843440580137765
saliency,P20_frozen_cache,exact_integer,calibration,36,0.36,0.3613664121649266,0.3767888644136888,0.3882313031162411,0.28533292064784455
saliency,P20_frozen_cache,exact_integer,calibration,37,0.37,0.3508709971818284,0.38976237227286914,0.3848990557241845,0.2870431497515821
saliency,P20_frozen_cache,exact_integer,calibration,38,0.38,0.34393672674500747,0.39886921325506197,0.382816318745137,0.28815558617382536
saliency,P20_frozen_cache,exact_integer,calibration,39,0.39,0.33700318520762196,0.4081185479988193,0.3807771100119601,0.28933091551047374
saliency,P20_frozen_cache,exact_integer,calibration,40,0.4,0.3322078652922498,0.4149344243684043,0.37919518798654905,0.28991580784265375
saliency,P20_frozen_cache,exact_integer,calibration,41,0.41,0.3207017999258497,0.4299158306952979,0.37569107742528063,0.29144745300744124
saliency,P20_frozen_cache,exact_integer,calibration,42,0.42,0.31378033481033074,0.43950496831546526,0.373674533040801,0.2923263144377354
saliency,P20_frozen_cache,exact_integer,calibration,43,0.43,0.30609269327704897,0.45025309782681144,0.37146469247047265,0.2932458413158348
saliency,P20_frozen_cache,exact_integer,calibration,44,0.44,0.30070565277550804,0.45794042471702545,0.3697695136042775,0.29378458806758373
saliency,P20_frozen_cache,exact_integer,calibration,45,0.45,0.29384868002612563,0.46788287246406984,0.3675284240854064,0.2944484621183052
saliency,P20_frozen_cache,exact_integer,calibration,46,0.46,0.2849314549343014,0.48063729357735224,0.3647234360379871,0.2951466815133317
saliency,P20_frozen_cache,exact_integer,calibration,47,0.47,0.2805176914038886,0.4873328269578422,0.36360460903256164,0.2957243334931496
saliency,P20_frozen_cache,exact_integer,calibration,48,0.48,0.2725615997227588,0.49950562336572113,0.3605846697855929,0.2959231043582492
saliency,P20_frozen_cache,exact_integer,calibration,49,0.49,0.2652488803468695,0.5096064675537498,0.3587947896351016,0.2964662064589103
saliency,P20_frozen_cache,exact_integer,calibration,50,0.5,0.26484724610571136,0.5102408002401034,0.35872901353762543,0.29649857590816125
saliency,P20_frozen_cache,exact_integer,calibration,51,0.51,0.25322661361262894,0.5290191230772232,0.3544348473912736,0.2969498816578566
saliency,P20_frozen_cache,exact_integer,calibration,52,0.52,0.24989237431090935,0.5349287586613278,0.3535810006717647,0.29724167596588297
saliency,P20_frozen_cache,exact_integer,calibration,53,0.53,0.2399878673070857,0.5512927636731318,0.3494691568151581,0.2968694530750286
saliency,P20_frozen_cache,exact_integer,calibration,54,0.54,0.23611872492646108,0.5579362243100375,0.34845239975853415,0.29726410277921655
saliency,P20_frozen_cache,exact_integer,calibration,55,0.55,0.22985586402307112,0.5683471822532905,0.3462242594013214,0.2970247619813837
saliency,P20_frozen_cache,exact_integer,calibration,56,0.56,0.22502021501588879,0.5764939573100245,0.34472873162500745,0.2972691782523126
saliency,P20_frozen_cache,exact_integer,calibration,57,0.57,0.217835427386956,0.5883724928041647,0.34229219576453224,0.29716103651299847
saliency,P20_frozen_cache,exact_integer,calibration,58,0.58,0.2118141699915059,0.5990685495719237,0.34027794455498744,0.2971994756126211
saliency,P20_frozen_cache,exact_integer,calibration,59,0.59,0.2060945068745656,0.6087097599356763,0.3386631609571595,0.29732227966422875
saliency,P20_frozen_cache,exact_integer,calibration,60,0.6,0.20282941957776043,0.6146917253595876,0.337496055574002,0.29716376251082044
saliency,P20_frozen_cache,exact_integer,calibration,61,0.61,0.19374221725421642,0.6305070426321562,0.33440000736161185,0.29673300800918545
saliency,P20_frozen_cache,exact_integer,calibration,62,0.62,0.18884421138251503,0.6397043046323294,0.3326490682507814,0.2965828128609873
saliency,P20_frozen_cache,exact_integer,calibration,63,0.63,0.18361767987663932,0.6488632183581075,0.3311199593464965,0.2965913634933803
saliency,P20_frozen_cache,exact_integer,calibration,64,0.64,0.1790098706258122,0.6576455176133603,0.3294543008619778,0.29625017463946923
saliency,P20_frozen_cache,exact_integer,calibration,65,0.65,0.17385814878979972,0.6677783128848084,0.32751138884548686,0.2957478139243044
saliency,P20_frozen_cache,exact_integer,calibration,66,0.66,0.16810246361472217,0.6785926145185649,0.3255964257617032,0.29543376860047427
saliency,P20_frozen_cache,exact_integer,calibration,67,0.67,0.15999904423813452,0.692448462330669,0.323297679288577,0.2952412623789902
saliency,P20_frozen_cache,exact_integer,calibration,68,0.68,0.1580341411517022,0.6965606578788306,0.3228403937074015,0.2953178330928606
saliency,P20_frozen_cache,exact_integer,calibration,69,0.69,0.15026628491020902,0.7097505533326119,0.32052231954980476,0.2948246958976575
saliency,P20_frozen_cache,exact_integer,calibration,70,0.7,0.14629549309938308,0.7174043468235767,0.3193216681747634,0.29462695093426927
saliency,P20_frozen_cache,exact_integer,calibration,71,0.71,0.14043773481167976,0.7297189832366843,0.3171064869025943,0.2940003442956807
saliency,P20_frozen_cache,exact_integer,calibration,72,0.72,0.13597913095373862,0.737769282351439,0.3160368117308748,0.2939012008321782
saliency,P20_frozen_cache,exact_integer,calibration,73,0.73,0.12997210520859115,0.7501371935600899,0.31371561386168806,0.2929536264174042
saliency,P20_frozen_cache,exact_integer,calibration,74,0.74,0.12425225833633531,0.760359891288324,0.31225742087744446,0.2927276212861076
saliency,P20_frozen_cache,exact_integer,calibration,75,0.75,0.12285055386859667,0.7638206658165753,0.31180190732730045,0.2926507164927342
saliency,P20_frozen_cache,exact_integer,calibration,76,0.76,0.11613364625044616,0.7767081590804902,0.30983147178656384,0.2922490946445121
saliency,P20_frozen_cache,exact_integer,calibration,77,0.77,0.10960784681072039,0.7900593979221184,0.3075269350699993,0.291345328554926
saliency,P20_frozen_cache,exact_integer,calibration,78,0.78,0.10587391948357038,0.7980593036130904,0.3062029094463261,0.2908322961287377
saliency,P20_frozen_cache,exact_integer,calibration,79,0.79,0.09968512707219523,0.8088098964645983,0.30487560390422974,0.29058541394926135
saliency,P20_frozen_cache,exact_integer,calibration,80,0.8,0.09596895294305793,0.8154605944349242,0.3039783622282123,0.2902813165709593
saliency,P20_frozen_cache,exact_integer,calibration,81,0.81,0.0879550199889502,0.831141988341061,0.3016345382018764,0.28943275829832055
saliency,P20_frozen_cache,exact_integer,calibration,82,0.82,0.08482041696237884,0.8391708449217581,0.30035623127005584,0.2889013316124038
saliency,P20_frozen_cache,exact_integer,calibration,83,0.83,0.08032841064019818,0.8482089561043669,0.29912816080029975,0.28847203502300023
saliency,P20_frozen_cache,exact_integer,calibration,84,0.84,0.0755014221902061,0.8575998741580715,0.29784331663873304,0.2879897051733696
saliency,P20_frozen_cache,exact_integer,calibration,85,0.85,0.06963589474773321,0.8685335790722758,0.2963109141819035,0.2873711537847139
saliency,P20_frozen_cache,exact_integer,calibration,86,0.86,0.06421842684275103,0.8790184985148021,0.2949043961295476,0.2868696309741102
saliency,P20_frozen_cache,exact_integer,calibration,87,0.87,0.058501616859488126,0.8902593412301233,0.293349079423862,0.2861126805116955
saliency,P20_frozen_cache,exact_integer,calibration,88,0.88,0.05409722128293842,0.8987127293962631,0.2922758053541161,0.2856857260506945
saliency,P20_frozen_cache,exact_integer,calibration,89,0.89,0.04860317237817959,0.9099442626040116,0.2906564298533696,0.28488022573421196
saliency,P20_frozen_cache,exact_integer,calibration,90,0.9,0.045931916525467124,0.9158293682134557,0.28996389644629844,0.284628261211763
saliency,P20_frozen_cache,exact_integer,calibration,91,0.91,0.03982578864330898,0.9292728290450031,0.2879971910882344,0.28357483082765583
saliency,P20_frozen_cache,exact_integer,calibration,92,0.92,0.03358195402488511,0.9398611762961147,0.28679009935696254,0.28310886410998315
saliency,P20_frozen_cache,exact_integer,calibration,93,0.93,0.02800679812148299,0.950375379429014,0.2855012887408249,0.28252095221557283
saliency,P20_frozen_cache,exact_integer,calibration,94,0.94,0.025794389005300764,0.9572930430038068,0.28449784630080405,0.2819284154955237
saliency,P20_frozen_cache,exact_integer,calibration,95,0.95,0.022138693678616192,0.9647618444420105,0.2835934333281969,0.28154603423655433
saliency,P20_frozen_cache,exact_integer,calibration,96,0.96,0.007853557444774614,0.9821290871945787,0.2820779236752807,0.2812274482795467
saliency,P20_frozen_cache,exact_integer,calibration,97,0.97,0.0014633027365723863,0.9941060126497764,0.2805691908684926,0.28037506499441656
saliency,P20_frozen_cache,exact_integer,calibration,98,0.98,0.0003338678959380888,0.9987011419504385,0.27997422424365553,0.2799421520765687
saliency,P20_frozen_cache,exact_integer,calibration,99,0.99,6.58268227532448e-05,0.9997928310073173,0.2798469126647637,0.27984240404231076
saliency,P20_frozen_cache,exact_integer,calibration,100,1.0,0.0,1.0,0.27982386067947546,0.27982386067947546
saliency,P20_frozen_cache,exact_integer,test,0,0.0,1.0,0.0,0.0,0.0
saliency,P20_frozen_cache,exact_integer,test,1,0.01,0.8079017648406733,0.03893550928031149,0.5327625762137163,0.19050349478098746
saliency,P20_frozen_cache,exact_integer,test,2,0.02,0.8028254020078048,0.03999107566494566,0.5285761377200964,0.18897781511749887
saliency,P20_frozen_cache,exact_integer,test,3,0.03,0.7853934255458853,0.044834826923837834,0.5124035551861686,0.18002151425435403
saliency,P20_frozen_cache,exact_integer,test,4,0.04,0.7602041906688942,0.05252287762263072,0.5031710582933837,0.17884839055207913
saliency,P20_frozen_cache,exact_integer,test,5,0.05,0.7236030594724486,0.07115131445476044,0.49580976491814494,0.18860451411113355
saliency,P20_frozen_cache,exact_integer,test,6,0.06,0.7033530543699406,0.08167365641745356,0.48751446229117085,0.18985868624661098
saliency,P20_frozen_cache,exact_integer,test,7,0.07,0.6901226149417591,0.08886134481337761,0.480057063017209,0.18937644958590844
saliency,P20_frozen_cache,exact_integer,test,8,0.08,0.6792597167082872,0.09495907298355585,0.47396538182393505,0.18788065536920473
saliency,P20_frozen_cache,exact_integer,test,9,0.09,0.654426128594814,0.10864059190508,0.4698512458137354,0.19793848525221697
saliency,P20_frozen_cache,exact_integer,test,10,0.1,0.6375942174700592,0.11912892802861859,0.46623749127065894,0.20295594679611356
saliency,P20_frozen_cache,exact_integer,test,11,0.11,0.6224067363472102,0.1285261851138177,0.46208356648729465,0.2063824199682571
saliency,P20_frozen_cache,exact_integer,test,12,0.12,0.6107274377220168,0.13629203869143156,0.4579683022810895,0.20793783739383268
saliency,P20_frozen_cache,exact_integer,test,13,0.13,0.5917424694674782,0.14826615415802413,0.4546030780396057,0.2160139398545381
saliency,P20_frozen_cache,exact_integer,test,14,0.14,0.5763553195156851,0.16011058780199183,0.4499340018892416,0.22147236033386464
saliency,P20_frozen_cache,exact_integer,test,15,0.15,0.5671458734899993,0.16819109916077224,0.4465289630547149,0.22348149467226297
saliency,P20_frozen_cache,exact_integer,test,16,0.16,0.5556277539433055,0.17739304783364707,0.44380120563823344,0.227633948600482
saliency,P20_frozen_cache,exact_integer,test,17,0.17,0.5399736336752452,0.18943484158404855,0.4399314976722763,0.23462840907679236
saliency,P20_frozen_cache,exact_integer,test,18,0.18,0.5291894363938208,0.19888468766031636,0.43636959984201074,0.23811990924183515
saliency,P20_frozen_cache,exact_integer,test,19,0.19,0.5191904992057311,0.20847964993186308,0.4333862708532361,0.24106798539374558
saliency,P20_frozen_cache,exact_integer,test,20,0.2,0.5126837883263996,0.2145977737710138,0.4315853420632503,0.24324841408693482
saliency,P20_frozen_cache,exact_integer,test,21,0.21,0.4950008559010772,0.22983864637837428,0.42704904238600433,0.25059923602143347
saliency,P20_frozen_cache,exact_integer,test,22,0.22,0.4841235190725793,0.23997134132550663,0.4246050235488108,0.2547168128909016
saliency,P20_frozen_cache,exact_integer,test,23,0.23,0.47514553409370985,0.24936771666500288,0.42227820770960267,0.25793911409943476
saliency,P20_frozen_cache,exact_integer,test,24,0.24,0.4667925864180943,0.2581977047214623,0.4199215748683177,0.26068013301900145
saliency,P20_frozen_cache,exact_integer,test,25,0.25,0.4602897441108042,0.26450400426389203,0.41791164489900245,0.2623790259991157
saliency,P20_frozen_cache,exact_integer,test,26,0.26,0.4469427507999977,0.2783551250579085,0.41403890561335316,0.2664607288685399
saliency,P20_frozen_cache,exact_integer,test,27,0.27,0.43737100025731895,0.28837932653799997,0.4115519340820053,0.2694866246948581
saliency,P20_frozen_cache,exact_integer,test,28,0.28,0.4292518861352224,0.2974846499899692,0.40957239875732193,0.2716375768321409
saliency,P20_frozen_cache,exact_integer,test,29,0.29,0.41930006052735663,0.3082971561802614,0.4068066876535509,0.2741178517078056
saliency,P20_frozen_cache,exact_integer,test,30,0.3,0.41123315551516304,0.3173808777177288,0.4043138663011184,0.2760925399575823
saliency,P20_frozen_cache,exact_integer,test,31,0.31,0.40165057112572466,0.32860023039442254,0.4011709420945046,0.2781467632386859
saliency,P20_frozen_cache,exact_integer,test,32,0.32,0.39315468837843054,0.33925999046830907,0.3987125549318697,0.27993650457308755
saliency,P20_frozen_cache,exact_integer,test,33,0.33,0.38706326961615,0.3467032986635782,0.39652915792156346,0.2809365651067328
saliency,P20_frozen_cache,exact_integer,test,34,0.34,0.3766055607676231,0.35949544471619393,0.3929819733860626,0.2832671035988044
saliency,P20_frozen_cache,exact_integer,test,35,0.35,0.3698155603952491,0.36792782912592475,0.3910181611548951,0.28432972378880755
saliency,P20_frozen_cache,exact_integer,test,36,0.36,0.3625979304506126,0.3770829257526961,0.3888436840549305,0.2856646858380684
saliency,P20_frozen_cache,exact_integer,test,37,0.37,0.3517843435482601,0.38961068757641676,0.3861036904658513,0.2876037899409278
saliency,P20_frozen_cache,exact_integer,test,38,0.38,0.34470322590748687,0.39939845277720754,0.3835976050172538,0.28835942588399743
saliency,P20_frozen_cache,exact_integer,test,39,0.39,0.3376283345914014,0.4082696190713175,0.3819310288882898,0.28988644283455567
saliency,P20_frozen_cache,exact_integer,test,40,0.4,0.3326842979252053,0.41455919841573446,0.3805563589994213,0.2905944036264326
saliency,P20_frozen_cache,exact_integer,test,41,0.41,0.32109309574867917,0.4303893326616187,0.37693932354012694,0.29217878077541076
saliency,P20_frozen_cache,exact_integer,test,42,0.42,0.3144178448358855,0.4398554158880383,0.37468509998103083,0.29291298587991393
saliency,P20_frozen_cache,exact_integer,test,43,0.43,0.3074775823392404,0.450050795678216,0.3726179040017576,0.2939271701399197
saliency,P20_frozen_cache,exact_integer,test,44,0.44,0.30196085890047303,0.45819079115567507,0.3708168759177569,0.29438682912450453
saliency,P20_frozen_cache,exact_integer,test,45,0.45,0.2960127673681428,0.4671690544551717,0.36855419758400426,0.2949219770194071
saliency,P20_frozen_cache,exact_integer,test,46,0.46,0.28592367170893074,0.48145240830700936,0.3655692219410988,0.29589273379028636
saliency,P20_frozen_cache,exact_integer,test,47,0.47,0.2821336082627724,0.48752449628047295,0.36447447031572416,0.2963542536676649
saliency,P20_frozen_cache,exact_integer,test,48,0.48,0.27445987887124534,0.49969655493487414,0.3613201185446575,0.2966121851568471
saliency,P20_frozen_cache,exact_integer,test,49,0.49,0.26854473054563494,0.5087908781930854,0.35946605997550746,0.2968952687976766
saliency,P20_frozen_cache,exact_integer,test,50,0.5,0.26805021176114,0.5094956939082281,0.3594045166052086,0.2969433057108583
saliency,P20_frozen_cache,exact_integer,test,51,0.51,0.2555899757571565,0.5299123034371523,0.3547425314447145,0.29724095444152426
saliency,P20_frozen_cache,exact_integer,test,52,0.52,0.2523963154146865,0.53567224485109,0.3538678256139478,0.2974865730611801
saliency,P20_frozen_cache,exact_integer,test,53,0.53,0.24281812748824086,0.5511786853497651,0.35008658542650833,0.2973781190285339
saliency,P20_frozen_cache,exact_integer,test,54,0.54,0.23922341465483393,0.557139401899669,0.349191028450593,0.29778562552650134
saliency,P20_frozen_cache,exact_integer,test,55,0.55,0.2321158654289691,0.5686457334225209,0.34695257316170675,0.2977735349905384
saliency,P20_frozen_cache,exact_integer,test,56,0.56,0.2268492048505033,0.5771780086302899,0.3454123490991455,0.298148605174982
saliency,P20_frozen_cache,exact_integer,test,57,0.57,0.21999918476939062,0.5886523859520247,0.34294692848212477,0.29781376602935505
saliency,P20_frozen_cache,exact_integer,test,58,0.58,0.21338325582602388,0.5987363943186399,0.34139071792599207,0.2982921798635783
saliency,P20_frozen_cache,exact_integer,test,59,0.59,0.20795807088347498,0.60831384896862,0.33946301778478155,0.2980854434307658
saliency,P20_frozen_cache,exact_integer,test,60,0.6,0.20406294820307172,0.6155517662826564,0.33823557854814695,0.2980266854148876
saliency,P20_frozen_cache,exact_integer,test,61,0.61,0.19548819792293284,0.6304335625589225,0.33511293969528905,0.29743925870127014
saliency,P20_frozen_cache,exact_integer,test,62,0.62,0.19028705937981938,0.6391933574294727,0.3336740702849495,0.2976791599998072
saliency,P20_frozen_cache,exact_integer,test,63,0.63,0.18460262427361698,0.6490924940538244,0.33209573995753033,0.2976644197201789
saliency,P20_frozen_cache,exact_integer,test,64,0.64,0.17914285177937822,0.6582858740332684,0.33069189325885007,0.29768765174579037
saliency,P20_frozen_cache,exact_integer,test,65,0.65,0.17373024276212123,0.6678869587517662,0.3289541026475159,0.2973605072720698
saliency,P20_frozen_cache,exact_integer,test,66,0.66,0.16784617156378068,0.6790963654904839,0.3270296789660993,0.2971385714194982
saliency,P20_frozen_cache,exact_integer,test,67,0.67,0.16107375773182883,0.6919998829666608,0.32442866617208915,0.2964881659468625
saliency,P20_frozen_cache,exact_integer,test,68,0.68,0.1590178153377472,0.6961088093176551,0.3239239497715601,0.29653498821877
saliency,P20_frozen_cache,exact_integer,test,69,0.69,0.15153597234969451,0.7101029512358169,0.32143124036413057,0.2958552462188843
saliency,P20_frozen_cache,exact_integer,test,70,0.7,0.14782055123859209,0.7173308659348852,0.32019470598556415,0.2955708134018488
saliency,P20_frozen_cache,exact_integer,test,71,0.71,0.1413791530838985,0.7304060254499776,0.3178627466858715,0.29496032781807335
saliency,P20_frozen_cache,exact_integer,test,72,0.72,0.13741599268560833,0.7378841497959935,0.3168662401375815,0.2949487269054848
saliency,P20_frozen_cache,exact_integer,test,73,0.73,0.13009192861540944,0.7503238550922391,0.31490940480425317,0.29440042932665245
saliency,P20_frozen_cache,exact_integer,test,74,0.74,0.12543695344465114,0.7602366851487699,0.3131577861815758,0.29383472606221606
saliency,P20_frozen_cache,exact_integer,test,75,0.75,0.12394689229104028,0.7638299623387016,0.31272523659030477,0.2938067929707225
saliency,P20_frozen_cache,exact_integer,test,76,0.76,0.11763029581739591,0.7771710950645028,0.3105268996944436,0.2931601836963629
saliency,P20_frozen_cache,exact_integer,test,77,0.77,0.11114781754086267,0.7893354649652383,0.30863045440198017,0.2926342753391256
saliency,P20_frozen_cache,exact_integer,test,78,0.78,0.10578659472881069,0.7986204688811724,0.3074526036694296,0.2924471989210738
saliency,P20_frozen_cache,exact_integer,test,79,0.79,0.10069126858618459,0.808864535251867,0.3057977670268362,0.2918053025633016
saliency,P20_frozen_cache,exact_integer,test,80,0.8,0.09765791630269675,0.8155131909273813,0.30472192267535075,0.2912989601063257
saliency,P20_frozen_cache,exact_integer,test,81,0.81,0.08963316164400714,0.8302235316983779,0.3024892678397594,0.29049305322384505
saliency,P20_frozen_cache,exact_integer,test,82,0.82,0.08420300092616462,0.8397071225463635,0.30140946822201076,0.29019735713715716
saliency,P20_frozen_cache,exact_integer,test,83,0.83,0.07968853145249001,0.849268340046191,0.29998568029273254,0.28958399864440637
saliency,P20_frozen_cache,exact_integer,test,84,0.84,0.07609389763379583,0.8579757519523152,0.2984734075137424,0.2888028739983134
saliency,P20_frozen_cache,exact_integer,test,85,0.85,0.07116031700531233,0.8676236887169189,0.29705396771721365,0.2882228930024019
saliency,P20_frozen_cache,exact_integer,test,86,0.86,0.06532655440436436,0.8784812224046892,0.2955723099927156,0.2876214818378502
saliency,P20_frozen_cache,exact_integer,test,87,0.87,0.057895042695518734,0.8904370274722195,0.29425857350153617,0.2871957483501157
saliency,P20_frozen_cache,exact_integer,test,88,0.88,0.05356865729608414,0.899076761094537,0.2931738683226176,0.2867700722369348
saliency,P20_frozen_cache,exact_integer,test,89,0.89,0.049048150132392415,0.9101769965164278,0.29138600186751284,0.285792479971606
saliency,P20_frozen_cache,exact_integer,test,90,0.9,0.04692710388013874,0.915582815624,0.29056617584161176,0.2853590133704108
saliency,P20_frozen_cache,exact_integer,test,91,0.91,0.037617297811790094,0.9300625897251636,0.28898022116724054,0.2847513505715626
saliency,P20_frozen_cache,exact_integer,test,92,0.92,0.03250464306325128,0.9404097268024115,0.2875354444258765,0.2839294376628141
saliency,P20_frozen_cache,exact_integer,test,93,0.93,0.028221148533591305,0.9498418368168653,0.2862727983765548,0.28330383757173244
saliency,P20_frozen_cache,exact_integer,test,94,0.94,0.02561952749987652,0.9569181537892284,0.28534306445811375,0.2828494140378071
saliency,P20_frozen_cache,exact_integer,test,95,0.95,0.02225225871076722,0.964663473422934,0.28418379414489847,0.282209416863462
saliency,P20_frozen_cache,exact_integer,test,96,0.96,0.00639151247598345,0.9828459221633368,0.2827357082765954,0.2819620442066511
saliency,P20_frozen_cache,exact_integer,test,97,0.97,0.0016069966724538954,0.9938683547064016,0.28115541701460334,0.28095388335893673
saliency,P20_frozen_cache,exact_integer,test,98,0.98,0.0004074377159084887,0.9986007345417334,0.2805385509535902,0.28050514416565236
saliency,P20_frozen_cache,exact_integer,test,99,0.99,5.4423235317766565e-05,0.9997676723499286,0.2804170671317207,0.2804120954014367
saliency,P20_frozen_cache,exact_integer,test,100,1.0,0.0,1.0,0.2803874299751492,0.2803874299751492
saliency,P20_frozen_cache,machine,calibration,0,0.0,1.0,0.0,0.0,0.0
saliency,P20_frozen_cache,machine,calibration,1,0.01,0.8061653398296891,0.038832759623658626,0.5405143282348421,0.19236490902279824
saliency,P20_frozen_cache,machine,calibration,2,0.02,0.8012697823996665,0.03987237593695166,0.5358338511763859,0.19040910702324298
saliency,P20_frozen_cache,machine,calibration,3,0.03,0.7849427564865639,0.04451957798119884,0.5191363430924414,0.18067657496539774
saliency,P20_frozen_cache,machine,calibration,4,0.04,0.7599311318748844,0.05230529483247348,0.5077693623130599,0.17765091948646264
saliency,P20_frozen_cache,machine,calibration,5,0.05,0.7215531437215192,0.07146821027535162,0.4983086643138954,0.18992464708515802
saliency,P20_frozen_cache,machine,calibration,6,0.06,0.7021300522220726,0.08128047488358635,0.488704811767117,0.18969183617196414
saliency,P20_frozen_cache,machine,calibration,7,0.07,0.6891887413078275,0.08825888185748629,0.4810445731582997,0.18856801969663395
saliency,P20_frozen_cache,machine,calibration,8,0.08,0.6779515539120654,0.09457320573093737,0.4736659899992904,0.18638214174339351
saliency,P20_frozen_cache,machine,calibration,9,0.09,0.6544877361234621,0.10935276158597591,0.46946519185673086,0.19726530981476312
saliency,P20_frozen_cache,machine,calibration,10,0.1,0.6392031102992654,0.11923673909718553,0.46305579114137535,0.20064528408851456
saliency,P20_frozen_cache,machine,calibration,11,0.11,0.6237163108796996,0.1286813280269692,0.45878426607889367,0.2035359726490306
saliency,P20_frozen_cache,machine,calibration,12,0.12,0.6127367033478277,0.13572165263079028,0.45483927875012914,0.2054815377855537
saliency,P20_frozen_cache,machine,calibration,13,0.13,0.5932814671897656,0.1483662494008562,0.45237688482060245,0.2140835588324573
saliency,P20_frozen_cache,machine,calibration,14,0.14,0.5774304929102569,0.15961576277169742,0.44860768865251827,0.22002298379487362
saliency,P20_frozen_cache,machine,calibration,15,0.15,0.5678741779364087,0.16769647564508364,0.4448641277887168,0.222285618600718
saliency,P20_frozen_cache,machine,calibration,16,0.16,0.5563356533855403,0.1768345078689763,0.44160020556162555,0.22601299768235328
saliency,P20_frozen_cache,machine,calibration,17,0.17,0.539578381628496,0.1904168565193212,0.43802582404145973,0.23360360468425784
saliency,P20_frozen_cache,machine,calibration,18,0.18,0.5289196091887262,0.19940267296563297,0.4355046972068457,0.23763090981525561
saliency,P20_frozen_cache,machine,calibration,19,0.19,0.5201812243002836,0.20748360228991602,0.43244000576756936,0.24038917516425515
saliency,P20_frozen_cache,machine,calibration,20,0.2,0.5128882577866686,0.21416555529307224,0.43088251817861856,0.2431216818265835
saliency,P20_frozen_cache,machine,calibration,21,0.21,0.49511012019482853,0.22981569416637893,0.426951518230988,0.2507302636096032
saliency,P20_frozen_cache,machine,calibration,22,0.22,0.4839779526386382,0.2405142142743002,0.4241135472728161,0.2547235722145865
saliency,P20_frozen_cache,machine,calibration,23,0.23,0.4754695415503219,0.2485661927088592,0.42163085565418945,0.25785084681457965
saliency,P20_frozen_cache,machine,calibration,24,0.24,0.46613952486428245,0.2577262229465603,0.4193466132576922,0.261054444789947
saliency,P20_frozen_cache,machine,calibration,25,0.25,0.458736223091576,0.2650262658597386,0.41734236004520076,0.26306284812572595
saliency,P20_frozen_cache,machine,calibration,26,0.26,0.4459305020771863,0.2782136265990654,0.4140354385603501,0.26713343512863447
saliency,P20_frozen_cache,machine,calibration,27,0.27,0.43599395801173785,0.2884883970708847,0.4115726050366151,0.270121162556174
saliency,P20_frozen_cache,machine,calibration,28,0.28,0.4246909704440538,0.30086054445393606,0.4075906397334446,0.27280327342439387
saliency,P20_frozen_cache,machine,calibration,29,0.29,0.4182613587226475,0.3089066073942901,0.40523277825671233,0.27390236507612437
saliency,P20_frozen_cache,machine,calibration,30,0.3,0.41063388078317165,0.31766176048705985,0.4029227887108534,0.2756492679458166
saliency,P20_frozen_cache,machine,calibration,31,0.31,0.4009691337330762,0.3288750372983629,0.3997317590601748,0.2775081161734652
saliency,P20_frozen_cache,machine,calibration,32,0.32,0.3930513387004502,0.33787372414821815,0.39736298691317967,0.2792376621769771
saliency,P20_frozen_cache,machine,calibration,33,0.33,0.3855038467758255,0.34617712830030545,0.395735159988505,0.2809137620937648
saliency,P20_frozen_cache,machine,calibration,34,0.34,0.37440330738027205,0.35998360995506257,0.39209608954934383,0.28306338789848084
saliency,P20_frozen_cache,machine,calibration,35,0.35,0.36546023448980325,0.37084749973887937,0.3895860700008621,0.2847713945349755
saliency,P20_frozen_cache,machine,calibration,36,0.36,0.3613664121649266,0.3767888644136888,0.3882313031162411,0.28533292064784455
saliency,P20_frozen_cache,machine,calibration,37,0.37,0.3508709971818284,0.38976237227286914,0.3848990557241845,0.2870431497515821
saliency,P20_frozen_cache,machine,calibration,38,0.38,0.34393672674500747,0.39886921325506197,0.382816318745137,0.28815558617382536
saliency,P20_frozen_cache,machine,calibration,39,0.39,0.33700318520762196,0.4081185479988193,0.3807771100119601,0.28933091551047374
saliency,P20_frozen_cache,machine,calibration,40,0.4,0.3322078652922498,0.4149344243684043,0.37919518798654905,0.28991580784265375
saliency,P20_frozen_cache,machine,calibration,41,0.41,0.3207017999258497,0.4299160526880105,0.375691027473309,0.2914474112318467
saliency,P20_frozen_cache,machine,calibration,42,0.42,0.31378033481033074,0.43950496831546526,0.373674533040801,0.2923263144377354
saliency,P20_frozen_cache,machine,calibration,43,0.43,0.30609269327704897,0.45025309782681144,0.37146469247047265,0.2932458413158348
saliency,P20_frozen_cache,machine,calibration,44,0.44,0.30070565277550804,0.45794042471702545,0.3697695136042775,0.29378458806758373
saliency,P20_frozen_cache,machine,calibration,45,0.45,0.29384868002612563,0.46788287246406984,0.3675284240854064,0.2944484621183052
saliency,P20_frozen_cache,machine,calibration,46,0.46,0.2849314549343014,0.48063729357735224,0.3647234360379871,0.2951466815133317
saliency,P20_frozen_cache,machine,calibration,47,0.47,0.2805176914038886,0.4873328269578422,0.36360460903256164,0.2957243334931496
saliency,P20_frozen_cache,machine,calibration,48,0.48,0.2725615997227588,0.49950562336572113,0.3605846697855929,0.2959231043582492
saliency,P20_frozen_cache,machine,calibration,49,0.49,0.2652488803468695,0.5096064675537498,0.3587947896351016,0.2964662064589103
saliency,P20_frozen_cache,machine,calibration,50,0.5,0.26484724610571136,0.5102408002401034,0.35872901353762543,0.29649857590816125
saliency,P20_frozen_cache,machine,calibration,51,0.51,0.25322661361262894,0.5290191230772232,0.3544348473912736,0.2969498816578566
saliency,P20_frozen_cache,machine,calibration,52,0.52,0.24989237431090935,0.5349287586613278,0.3535810006717647,0.29724167596588297
saliency,P20_frozen_cache,machine,calibration,53,0.53,0.2399878673070857,0.5512927636731318,0.3494691568151581,0.2968694530750286
saliency,P20_frozen_cache,machine,calibration,54,0.54,0.23611872492646108,0.5579362243100375,0.34845239975853415,0.29726410277921655
saliency,P20_frozen_cache,machine,calibration,55,0.55,0.2298479540680005,0.5683559336334346,0.34622220392273456,0.2970254246740476
saliency,P20_frozen_cache,machine,calibration,56,0.56,0.22271814538935758,0.5806894020883524,0.34354154304840817,0.29689339867616515
saliency,P20_frozen_cache,machine,calibration,57,0.57,0.2178278262662662,0.588381163459686,0.3422909506769176,0.2971625047675673
saliency,P20_frozen_cache,machine,calibration,58,0.58,0.2118141699915059,0.5990685495719237,0.34027794455498744,0.2971994756126211
saliency,P20_frozen_cache,machine,calibration,59,0.59,0.2060945068745656,0.6087097599356763,0.3386631609571595,0.29732227966422875
saliency,P20_frozen_cache,machine,calibration,60,0.6,0.20282941957776043,0.6146917253595876,0.337496055574002,0.29716376251082044
saliency,P20_frozen_cache,machine,calibration,61,0.61,0.19374221725421642,0.6305070426321562,0.33440000736161185,0.29673300800918545
saliency,P20_frozen_cache,machine,calibration,62,0.62,0.18884421138251503,0.6397043046323294,0.3326490682507814,0.2965828128609873
saliency,P20_frozen_cache,machine,calibration,63,0.63,0.18361767987663932,0.6488632183581075,0.3311199593464965,0.2965913634933803
saliency,P20_frozen_cache,machine,calibration,64,0.64,0.1790098706258122,0.6576455176133603,0.3294543008619778,0.29625017463946923
saliency,P20_frozen_cache,machine,calibration,65,0.65,0.17385814878979972,0.6677783128848084,0.32751138884548686,0.2957478139243044
saliency,P20_frozen_cache,machine,calibration,66,0.66,0.16810246361472217,0.6785926145185649,0.3255964257617032,0.29543376860047427
saliency,P20_frozen_cache,machine,calibration,67,0.67,0.15999904423813452,0.692448462330669,0.323297679288577,0.2952412623789902
saliency,P20_frozen_cache,machine,calibration,68,0.68,0.15802265569401608,0.6965757105148772,0.3228395860296496,0.2953180808992129
saliency,P20_frozen_cache,machine,calibration,69,0.69,0.1502662258675968,0.7097507753253246,0.32052230938071996,0.29482468719964505
saliency,P20_frozen_cache,machine,calibration,70,0.7,0.14468124050875655,0.7209137963393126,0.3186430041735449,0.2944640721518676
saliency,P20_frozen_cache,machine,calibration,71,0.71,0.14043773481167976,0.7297189832366843,0.3171064869025943,0.2940003442956807
saliency,P20_frozen_cache,machine,calibration,72,0.72,0.13597913095373862,0.737769282351439,0.3160368117308748,0.2939012008321782
saliency,P20_frozen_cache,machine,calibration,73,0.73,0.12997210520859115,0.7501371935600899,0.31371561386168806,0.2929536264174042
saliency,P20_frozen_cache,machine,calibration,74,0.74,0.12425225833633531,0.760359891288324,0.31225742087744446,0.2927276212861076
saliency,P20_frozen_cache,machine,calibration,75,0.75,0.12285055386859667,0.7638206658165753,0.31180190732730045,0.2926507164927342
saliency,P20_frozen_cache,machine,calibration,76,0.76,0.11613364625044616,0.7767081590804902,0.30983147178656384,0.2922490946445121
saliency,P20_frozen_cache,machine,calibration,77,0.77,0.10960784681072039,0.7900593979221184,0.3075269350699993,0.291345328554926
saliency,P20_frozen_cache,machine,calibration,78,0.78,0.10587391948357038,0.7980593036130904,0.3062029094463261,0.2908322961287377
saliency,P20_frozen_cache,machine,calibration,79,0.79,0.09968512707219523,0.8088098964645983,0.30487560390422974,0.29058541394926135
saliency,P20_frozen_cache,machine,calibration,80,0.8,0.09596895294305793,0.8154605944349242,0.3039783622282123,0.2902813165709593
saliency,P20_frozen_cache,machine,calibration,81,0.81,0.08795496094633797,0.8311422103337736,0.301634530196029,0.28943275151956915
saliency,P20_frozen_cache,machine,calibration,82,0.82,0.08482027019931415,0.839173551507997,0.3003552434757414,0.2889004254995249
saliency,P20_frozen_cache,machine,calibration,83,0.83,0.08032841064019818,0.8482091780970795,0.2991281408636662,0.288472015650577
saliency,P20_frozen_cache,machine,calibration,84,0.84,0.0755014221902061,0.8575998741580715,0.29784331663873304,0.2879897051733696
saliency,P20_frozen_cache,machine,calibration,85,0.85,0.06963589474773321,0.8685335790722758,0.2963109141819035,0.2873711537847139
saliency,P20_frozen_cache,machine,calibration,86,0.86,0.06421842684275103,0.8790184985148021,0.2949043961295476,0.2868696309741102
saliency,P20_frozen_cache,machine,calibration,87,0.87,0.058501616859488126,0.8902593412301233,0.293349079423862,0.2861126805116955
saliency,P20_frozen_cache,machine,calibration,88,0.88,0.05409722128293842,0.8987127293962631,0.2922758053541161,0.2856857260506945
saliency,P20_frozen_cache,machine,calibration,89,0.89,0.04860317237817959,0.9099442626040116,0.2906564298533696,0.28488022573421196
saliency,P20_frozen_cache,machine,calibration,90,0.9,0.045931916525467124,0.9158293682134557,0.28996389644629844,0.284628261211763
saliency,P20_frozen_cache,machine,calibration,91,0.91,0.03982578864330898,0.9292728290450031,0.2879971910882344,0.28357483082765583
saliency,P20_frozen_cache,machine,calibration,92,0.92,0.03358195402488511,0.9398611762961147,0.28679009935696254,0.28310886410998315
saliency,P20_frozen_cache,machine,calibration,93,0.93,0.02800679812148299,0.950375379429014,0.2855012887408249,0.28252095221557283
saliency,P20_frozen_cache,machine,calibration,94,0.94,0.025794389005300764,0.9572930430038068,0.28449784630080405,0.2819284154955237
saliency,P20_frozen_cache,machine,calibration,95,0.95,0.02212775143556851,0.964788460114753,0.28359133128048386,0.2815448787352808
saliency,P20_frozen_cache,machine,calibration,96,0.96,0.007853557444774614,0.9821290871945787,0.2820779236752807,0.2812274482795467
saliency,P20_frozen_cache,machine,calibration,97,0.97,0.0014633027365723863,0.9941060126497764,0.2805691908684926,0.28037506499441656
saliency,P20_frozen_cache,machine,calibration,98,0.98,0.0003338678959380888,0.9987011419504385,0.27997422424365553,0.2799421520765687
saliency,P20_frozen_cache,machine,calibration,99,0.99,6.58268227532448e-05,0.9997928310073173,0.2798469126647637,0.27984240404231076
saliency,P20_frozen_cache,machine,calibration,100,1.0,0.0,1.0,0.27982386067947546,0.27982386067947546
saliency,P20_frozen_cache,machine,test,0,0.0,1.0,0.0,0.0,0.0
saliency,P20_frozen_cache,machine,test,1,0.01,0.8079017648406733,0.03893550928031149,0.5327625762137163,0.19050349478098746
saliency,P20_frozen_cache,machine,test,2,0.02,0.8028254020078048,0.03999107566494566,0.5285761377200964,0.18897781511749887
saliency,P20_frozen_cache,machine,test,3,0.03,0.7853934255458853,0.044834826923837834,0.5124035551861686,0.18002151425435403
saliency,P20_frozen_cache,machine,test,4,0.04,0.7602041906688942,0.05252287762263072,0.5031710582933837,0.17884839055207913
saliency,P20_frozen_cache,machine,test,5,0.05,0.7236030594724486,0.07115131445476044,0.49580976491814494,0.18860451411113355
saliency,P20_frozen_cache,machine,test,6,0.06,0.7033530543699406,0.08167365641745356,0.48751446229117085,0.18985868624661098
saliency,P20_frozen_cache,machine,test,7,0.07,0.6901144822340523,0.0888658396146435,0.48005308130122143,0.1893777610584384
saliency,P20_frozen_cache,machine,test,8,0.08,0.6792597167082872,0.09495907298355585,0.47396538182393505,0.18788065536920473
saliency,P20_frozen_cache,machine,test,9,0.09,0.654426128594814,0.10864059190508,0.4698512458137354,0.19793848525221697
saliency,P20_frozen_cache,machine,test,10,0.1,0.6375942174700592,0.11912892802861859,0.46623749127065894,0.20295594679611356
saliency,P20_frozen_cache,machine,test,11,0.11,0.6224067363472102,0.1285261851138177,0.46208356648729465,0.2063824199682571
saliency,P20_frozen_cache,machine,test,12,0.12,0.6107274377220168,0.13629203869143156,0.4579683022810895,0.20793783739383268
saliency,P20_frozen_cache,machine,test,13,0.13,0.5917424694674782,0.14826615415802413,0.4546030780396057,0.2160139398545381
saliency,P20_frozen_cache,machine,test,14,0.14,0.5762792411670371,0.1602264540268189,0.44985014237488563,0.22143509995949506
saliency,P20_frozen_cache,machine,test,15,0.15,0.5671458734899993,0.16819109916077224,0.4465289630547149,0.22348149467226297
saliency,P20_frozen_cache,machine,test,16,0.16,0.5556277539433055,0.17739304783364707,0.44380120563823344,0.227633948600482
saliency,P20_frozen_cache,machine,test,17,0.17,0.5399735794729993,0.1894353779823876,0.4399306122694472,0.2346276975864532
saliency,P20_frozen_cache,machine,test,18,0.18,0.5291894363938208,0.19888468766031636,0.43636959984201074,0.23811990924183515
saliency,P20_frozen_cache,machine,test,19,0.19,0.5191904992057311,0.20847964993186308,0.4333862708532361,0.24106798539374558
saliency,P20_frozen_cache,machine,test,20,0.2,0.5126837883263996,0.2145977737710138,0.4315853420632503,0.24324841408693482
saliency,P20_frozen_cache,machine,test,21,0.21,0.4950008559010772,0.22983864637837428,0.42704904238600433,0.25059923602143347
saliency,P20_frozen_cache,machine,test,22,0.22,0.4841235190725793,0.23997134132550663,0.4246050235488108,0.2547168128909016
saliency,P20_frozen_cache,machine,test,23,0.23,0.47514553409370985,0.24936771666500288,0.42227820770960267,0.25793911409943476
saliency,P20_frozen_cache,machine,test,24,0.24,0.4667925864180943,0.2581977047214623,0.4199215748683177,0.26068013301900145
saliency,P20_frozen_cache,machine,test,25,0.25,0.4602897441108042,0.26450400426389203,0.41791164489900245,0.2623790259991157
saliency,P20_frozen_cache,machine,test,26,0.26,0.4469427507999977,0.2783551250579085,0.41403890561335316,0.2664607288685399
saliency,P20_frozen_cache,machine,test,27,0.27,0.43737100025731895,0.28837932653799997,0.4115519340820053,0.2694866246948581
saliency,P20_frozen_cache,machine,test,28,0.28,0.42549178478157906,0.3008229854464811,0.40853557079562164,0.27270758601692313
saliency,P20_frozen_cache,machine,test,29,0.29,0.41930006052735663,0.3082971561802614,0.4068066876535509,0.2741178517078056
saliency,P20_frozen_cache,machine,test,30,0.3,0.41123315551516304,0.3173808777177288,0.4043138663011184,0.2760925399575823
saliency,P20_frozen_cache,machine,test,31,0.31,0.40165057112572466,0.32860023039442254,0.4011709420945046,0.2781467632386859
saliency,P20_frozen_cache,machine,test,32,0.32,0.39315468837843054,0.33925999046830907,0.3987125549318697,0.27993650457308755
saliency,P20_frozen_cache,machine,test,33,0.33,0.38706326961615,0.3467032986635782,0.39652915792156346,0.2809365651067328
saliency,P20_frozen_cache,machine,test,34,0.34,0.37660318600978754,0.35949862004981753,0.392981187981811,0.28326774585148273
saliency,P20_frozen_cache,machine,test,35,0.35,0.36729797386901436,0.37081675927681257,0.3901898052465103,0.2848701789105072
saliency,P20_frozen_cache,machine,test,36,0.36,0.3625979304506126,0.3770829257526961,0.3888436840549305,0.2856646858380684
saliency,P20_frozen_cache,machine,test,37,0.37,0.3517843435482601,0.38961068757641676,0.3861036904658513,0.2876037899409278
saliency,P20_frozen_cache,machine,test,38,0.38,0.34470322590748687,0.39939845277720754,0.3835976050172538,0.28835942588399743
saliency,P20_frozen_cache,machine,test,39,0.39,0.3376283345914014,0.4082696190713175,0.3819310288882898,0.28988644283455567
saliency,P20_frozen_cache,machine,test,40,0.4,0.3326842979252053,0.41455919841573446,0.3805563589994213,0.2905944036264326
saliency,P20_frozen_cache,machine,test,41,0.41,0.32109298734418734,0.43038986905995774,0.37693922557118803,0.29217874375430325
saliency,P20_frozen_cache,machine,test,42,0.42,0.3144178448358855,0.4398554158880383,0.37468509998103083,0.29291298587991393
saliency,P20_frozen_cache,machine,test,43,0.43,0.3074775823392404,0.450050795678216,0.3726179040017576,0.2939271701399197
saliency,P20_frozen_cache,machine,test,44,0.44,0.30196085890047303,0.45819079115567507,0.3708168759177569,0.29438682912450453
saliency,P20_frozen_cache,machine,test,45,0.45,0.2960127673681428,0.4671690544551717,0.36855419758400426,0.2949219770194071
saliency,P20_frozen_cache,machine,test,46,0.46,0.28592367170893074,0.48145240830700936,0.3655692219410988,0.29589273379028636
saliency,P20_frozen_cache,machine,test,47,0.47,0.2821336082627724,0.48752449628047295,0.36447447031572416,0.2963542536676649
saliency,P20_frozen_cache,machine,test,48,0.48,0.27445987887124534,0.49969655493487414,0.3613201185446575,0.2966121851568471
saliency,P20_frozen_cache,machine,test,49,0.49,0.26854473054563494,0.5087908781930854,0.35946605997550746,0.2968952687976766
saliency,P20_frozen_cache,machine,test,50,0.5,0.26805021176114,0.5094956939082281,0.3594045166052086,0.2969433057108583
saliency,P20_frozen_cache,machine,test,51,0.51,0.2555899757571565,0.5299123034371523,0.3547425314447145,0.29724095444152426
saliency,P20_frozen_cache,machine,test,52,0.52,0.2523963154146865,0.53567224485109,0.3538678256139478,0.2974865730611801
saliency,P20_frozen_cache,machine,test,53,0.53,0.24281812748824086,0.5511786853497651,0.35008658542650833,0.2973781190285339
saliency,P20_frozen_cache,machine,test,54,0.54,0.23922341465483393,0.557139401899669,0.349191028450593,0.29778562552650134
saliency,P20_frozen_cache,machine,test,55,0.55,0.23211094946102703,0.5686496918254478,0.34695290799088835,0.2977752875820251
saliency,P20_frozen_cache,machine,test,56,0.56,0.22474603447470703,0.5805163440868022,0.34448689411976563,0.29788140479745706
saliency,P20_frozen_cache,machine,test,57,0.57,0.21999579548406523,0.5886568807532906,0.34294619999899384,0.29781414150230034
saliency,P20_frozen_cache,machine,test,58,0.58,0.21338325582602388,0.5987363943186399,0.34139071792599207,0.2982921798635783
saliency,P20_frozen_cache,machine,test,59,0.59,0.20795807088347498,0.60831384896862,0.33946301778478155,0.2980854434307658
saliency,P20_frozen_cache,machine,test,60,0.6,0.20406294820307172,0.6155517662826564,0.33823557854814695,0.2980266854148876
saliency,P20_frozen_cache,machine,test,61,0.61,0.19548819792293284,0.6304335625589225,0.33511293969528905,0.29743925870127014
saliency,P20_frozen_cache,machine,test,62,0.62,0.19028705937981938,0.6391933574294727,0.3336740702849495,0.2976791599998072
saliency,P20_frozen_cache,machine,test,63,0.63,0.18460262427361698,0.6490924940538244,0.33209573995753033,0.2976644197201789
saliency,P20_frozen_cache,machine,test,64,0.64,0.17914285177937822,0.6582858740332684,0.33069189325885007,0.29768765174579037
saliency,P20_frozen_cache,machine,test,65,0.65,0.17373024276212123,0.6678869587517662,0.3289541026475159,0.2973605072720698
saliency,P20_frozen_cache,machine,test,66,0.66,0.16784617156378068,0.6790963654904839,0.3270296789660993,0.2971385714194982
saliency,P20_frozen_cache,machine,test,67,0.67,0.16107375773182883,0.6919998829666608,0.32442866617208915,0.2964881659468625
saliency,P20_frozen_cache,machine,test,68,0.68,0.1590001179944202,0.6961221993445886,0.32392580834856477,0.29653911955368784
saliency,P20_frozen_cache,machine,test,69,0.69,0.15153593621486391,0.710103487634156,0.3214311602186768,0.2958551929916862
saliency,P20_frozen_cache,machine,test,70,0.7,0.14562075779931147,0.721212739835758,0.3195828144509431,0.29552438657679775
saliency,P20_frozen_cache,machine,test,71,0.71,0.1413791530838985,0.7304060254499776,0.3178627466858715,0.29496032781807335
saliency,P20_frozen_cache,machine,test,72,0.72,0.13741599268560833,0.7378841497959935,0.3168662401375815,0.2949487269054848
saliency,P20_frozen_cache,machine,test,73,0.73,0.13009192861540944,0.7503238550922391,0.31490940480425317,0.29440042932665245
saliency,P20_frozen_cache,machine,test,74,0.74,0.12543695344465114,0.7602366851487699,0.3131577861815758,0.29383472606221606
saliency,P20_frozen_cache,machine,test,75,0.75,0.12394689229104028,0.7638299623387016,0.31272523659030477,0.2938067929707225
saliency,P20_frozen_cache,machine,test,76,0.76,0.11763029581739591,0.7771710950645028,0.3105268996944436,0.2931601836963629
saliency,P20_frozen_cache,machine,test,77,0.77,0.11114781754086267,0.7893354649652383,0.30863045440198017,0.2926342753391256
saliency,P20_frozen_cache,machine,test,78,0.78,0.10578659472881069,0.7986204688811724,0.3074526036694296,0.2924471989210738
saliency,P20_frozen_cache,machine,test,79,0.79,0.10069126858618459,0.808864535251867,0.3057977670268362,0.2918053025633016
saliency,P20_frozen_cache,machine,test,80,0.8,0.09765791630269675,0.8155131909273813,0.30472192267535075,0.2912989601063257
saliency,P20_frozen_cache,machine,test,81,0.81,0.08963310744176121,0.830224068096717,0.3024892213479466,0.2904930328347931
saliency,P20_frozen_cache,machine,test,82,0.82,0.08420281508989287,0.8397102978799871,0.30140840376849,0.29019642122906736
saliency,P20_frozen_cache,machine,test,83,0.83,0.0796885133850747,0.84926887644453,0.2999856116357992,0.2895839391413402
saliency,P20_frozen_cache,machine,test,84,0.84,0.07609389763379583,0.8579757519523152,0.2984734075137424,0.2888028739983134
saliency,P20_frozen_cache,machine,test,85,0.85,0.07116031700531233,0.8676236887169189,0.29705396771721365,0.2882228930024019
saliency,P20_frozen_cache,machine,test,86,0.86,0.06532655440436436,0.8784812224046892,0.2955723099927156,0.2876214818378502
saliency,P20_frozen_cache,machine,test,87,0.87,0.057895042695518734,0.8904370274722195,0.29425857350153617,0.2871957483501157
saliency,P20_frozen_cache,machine,test,88,0.88,0.05356865729608414,0.899076761094537,0.2931738683226176,0.2867700722369348
saliency,P20_frozen_cache,machine,test,89,0.89,0.049048150132392415,0.9101769965164278,0.29138600186751284,0.285792479971606
saliency,P20_frozen_cache,machine,test,90,0.9,0.04692710388013874,0.915582815624,0.29056617584161176,0.2853590133704108
saliency,P20_frozen_cache,machine,test,91,0.91,0.037617297811790094,0.9300625897251636,0.28898022116724054,0.2847513505715626
saliency,P20_frozen_cache,machine,test,92,0.92,0.03250464306325128,0.9404097268024115,0.2875354444258765,0.2839294376628141
saliency,P20_frozen_cache,machine,test,93,0.93,0.028221148533591305,0.9498418368168653,0.2862727983765548,0.28330383757173244
saliency,P20_frozen_cache,machine,test,94,0.94,0.02561952749987652,0.9569181537892284,0.28534306445811375,0.2828494140378071
saliency,P20_frozen_cache,machine,test,95,0.95,0.02224745140120555,0.9646818242778838,0.28418037074880914,0.28220646434575675
saliency,P20_frozen_cache,machine,test,96,0.96,0.00639151247598345,0.9828459221633368,0.2827357082765954,0.2819620442066511
saliency,P20_frozen_cache,machine,test,97,0.97,0.0016069966724538954,0.9938683547064016,0.28115541701460334,0.28095388335893673
saliency,P20_frozen_cache,machine,test,98,0.98,0.0004074377159084887,0.9986007345417334,0.2805385509535902,0.28050514416565236
saliency,P20_frozen_cache,machine,test,99,0.99,5.4423235317766565e-05,0.9997676723499286,0.2804170671317207,0.2804120954014367
saliency,P20_frozen_cache,machine,test,100,1.0,0.0,1.0,0.2803874299751492,0.2803874299751492
