cell_id,family,task,model,seed,method,score_origin,alpha,comparison,machine_q,exact_q,q_change,calibration_occurrences,calibration_changed_sets,test_occurrences,test_changed_sets,machine_risk,exact_risk,delta_risk,machine_mean_atom_fraction,exact_mean_atom_fraction,delta_mean_atom_fraction,machine_precision,exact_precision,delta_precision,machine_iou,exact_iou,delta_iou
bxaic__B__gcn__seed123,bxaic,B,gcn,123,ig,P01_checkpoint_rerun,0.05,fixed_historical_q,1,1,0,119,0,109,0,0.0290519877675841,0.0290519877675841,0.0,0.0386003571497199,0.0386003571497199,0.0,0.9908256880733946,0.9908256880733946,0.0,0.9617737003058104,0.9617737003058104,0.0
bxaic__B__gcn__seed123,bxaic,B,gcn,123,ig,P01_checkpoint_rerun,0.05,fixed_current_machine_q,1,1,0,119,0,109,0,0.0290519877675841,0.0290519877675841,0.0,0.0386003571497199,0.0386003571497199,0.0,0.9908256880733946,0.9908256880733946,0.0,0.9617737003058104,0.9617737003058104,0.0
bxaic__B__gcn__seed123,bxaic,B,gcn,123,ig,P01_checkpoint_rerun,0.05,recalibrated,1,1,0,119,0,109,0,0.0290519877675841,0.0290519877675841,0.0,0.0386003571497199,0.0386003571497199,0.0,0.9908256880733946,0.9908256880733946,0.0,0.9617737003058104,0.9617737003058104,0.0
bxaic__B__gcn__seed123,bxaic,B,gcn,123,ig,P01_checkpoint_rerun,0.1,fixed_historical_q,1,1,0,119,0,109,0,0.0290519877675841,0.0290519877675841,0.0,0.0386003571497199,0.0386003571497199,0.0,0.9908256880733946,0.9908256880733946,0.0,0.9617737003058104,0.9617737003058104,0.0
bxaic__B__gcn__seed123,bxaic,B,gcn,123,ig,P01_checkpoint_rerun,0.1,fixed_current_machine_q,1,1,0,119,0,109,0,0.0290519877675841,0.0290519877675841,0.0,0.0386003571497199,0.0386003571497199,0.0,0.9908256880733946,0.9908256880733946,0.0,0.9617737003058104,0.9617737003058104,0.0
bxaic__B__gcn__seed123,bxaic,B,gcn,123,ig,P01_checkpoint_rerun,0.1,recalibrated,1,1,0,119,0,109,0,0.0290519877675841,0.0290519877675841,0.0,0.0386003571497199,0.0386003571497199,0.0,0.9908256880733946,0.9908256880733946,0.0,0.9617737003058104,0.9617737003058104,0.0
bxaic__B__gcn__seed123,bxaic,B,gcn,123,ig,P01_checkpoint_rerun,0.2,fixed_historical_q,1,1,0,119,0,109,0,0.0290519877675841,0.0290519877675841,0.0,0.0386003571497199,0.0386003571497199,0.0,0.9908256880733946,0.9908256880733946,0.0,0.9617737003058104,0.9617737003058104,0.0
bxaic__B__gcn__seed123,bxaic,B,gcn,123,ig,P01_checkpoint_rerun,0.2,fixed_current_machine_q,1,1,0,119,0,109,0,0.0290519877675841,0.0290519877675841,0.0,0.0386003571497199,0.0386003571497199,0.0,0.9908256880733946,0.9908256880733946,0.0,0.9617737003058104,0.9617737003058104,0.0
bxaic__B__gcn__seed123,bxaic,B,gcn,123,ig,P01_checkpoint_rerun,0.2,recalibrated,1,1,0,119,0,109,0,0.0290519877675841,0.0290519877675841,0.0,0.0386003571497199,0.0386003571497199,0.0,0.9908256880733946,0.9908256880733946,0.0,0.9617737003058104,0.9617737003058104,0.0
bxaic__B__gcn__seed123,bxaic,B,gcn,123,gradinput,P01_checkpoint_rerun,0.05,fixed_historical_q,1,1,0,119,0,109,0,0.0290519877675841,0.0290519877675841,0.0,0.0386003571497199,0.0386003571497199,0.0,0.9908256880733946,0.9908256880733946,0.0,0.9617737003058104,0.9617737003058104,0.0
bxaic__B__gcn__seed123,bxaic,B,gcn,123,gradinput,P01_checkpoint_rerun,0.05,fixed_current_machine_q,1,1,0,119,0,109,0,0.0290519877675841,0.0290519877675841,0.0,0.0386003571497199,0.0386003571497199,0.0,0.9908256880733946,0.9908256880733946,0.0,0.9617737003058104,0.9617737003058104,0.0
bxaic__B__gcn__seed123,bxaic,B,gcn,123,gradinput,P01_checkpoint_rerun,0.05,recalibrated,1,1,0,119,0,109,0,0.0290519877675841,0.0290519877675841,0.0,0.0386003571497199,0.0386003571497199,0.0,0.9908256880733946,0.9908256880733946,0.0,0.9617737003058104,0.9617737003058104,0.0
bxaic__B__gcn__seed123,bxaic,B,gcn,123,gradinput,P01_checkpoint_rerun,0.1,fixed_historical_q,1,1,0,119,0,109,0,0.0290519877675841,0.0290519877675841,0.0,0.0386003571497199,0.0386003571497199,0.0,0.9908256880733946,0.9908256880733946,0.0,0.9617737003058104,0.9617737003058104,0.0
bxaic__B__gcn__seed123,bxaic,B,gcn,123,gradinput,P01_checkpoint_rerun,0.1,fixed_current_machine_q,1,1,0,119,0,109,0,0.0290519877675841,0.0290519877675841,0.0,0.0386003571497199,0.0386003571497199,0.0,0.9908256880733946,0.9908256880733946,0.0,0.9617737003058104,0.9617737003058104,0.0
bxaic__B__gcn__seed123,bxaic,B,gcn,123,gradinput,P01_checkpoint_rerun,0.1,recalibrated,1,1,0,119,0,109,0,0.0290519877675841,0.0290519877675841,0.0,0.0386003571497199,0.0386003571497199,0.0,0.9908256880733946,0.9908256880733946,0.0,0.9617737003058104,0.9617737003058104,0.0
bxaic__B__gcn__seed123,bxaic,B,gcn,123,gradinput,P01_checkpoint_rerun,0.2,fixed_historical_q,1,1,0,119,0,109,0,0.0290519877675841,0.0290519877675841,0.0,0.0386003571497199,0.0386003571497199,0.0,0.9908256880733946,0.9908256880733946,0.0,0.9617737003058104,0.9617737003058104,0.0
bxaic__B__gcn__seed123,bxaic,B,gcn,123,gradinput,P01_checkpoint_rerun,0.2,fixed_current_machine_q,1,1,0,119,0,109,0,0.0290519877675841,0.0290519877675841,0.0,0.0386003571497199,0.0386003571497199,0.0,0.9908256880733946,0.9908256880733946,0.0,0.9617737003058104,0.9617737003058104,0.0
bxaic__B__gcn__seed123,bxaic,B,gcn,123,gradinput,P01_checkpoint_rerun,0.2,recalibrated,1,1,0,119,0,109,0,0.0290519877675841,0.0290519877675841,0.0,0.0386003571497199,0.0386003571497199,0.0,0.9908256880733946,0.9908256880733946,0.0,0.9617737003058104,0.9617737003058104,0.0
bxaic__B__gcn__seed123,bxaic,B,gcn,123,atom_occlusion,P20_frozen_cache,0.05,fixed_historical_q,1,1,0,119,0,109,0,0.0290519877675841,0.0290519877675841,0.0,0.0386003571497199,0.0386003571497199,0.0,0.9908256880733946,0.9908256880733946,0.0,0.9617737003058104,0.9617737003058104,0.0
bxaic__B__gcn__seed123,bxaic,B,gcn,123,atom_occlusion,P20_frozen_cache,0.05,fixed_current_machine_q,1,1,0,119,0,109,0,0.0290519877675841,0.0290519877675841,0.0,0.0386003571497199,0.0386003571497199,0.0,0.9908256880733946,0.9908256880733946,0.0,0.9617737003058104,0.9617737003058104,0.0
bxaic__B__gcn__seed123,bxaic,B,gcn,123,atom_occlusion,P20_frozen_cache,0.05,recalibrated,1,1,0,119,0,109,0,0.0290519877675841,0.0290519877675841,0.0,0.0386003571497199,0.0386003571497199,0.0,0.9908256880733946,0.9908256880733946,0.0,0.9617737003058104,0.9617737003058104,0.0
bxaic__B__gcn__seed123,bxaic,B,gcn,123,atom_occlusion,P20_frozen_cache,0.1,fixed_historical_q,1,1,0,119,0,109,0,0.0290519877675841,0.0290519877675841,0.0,0.0386003571497199,0.0386003571497199,0.0,0.9908256880733946,0.9908256880733946,0.0,0.9617737003058104,0.9617737003058104,0.0
bxaic__B__gcn__seed123,bxaic,B,gcn,123,atom_occlusion,P20_frozen_cache,0.1,fixed_current_machine_q,1,1,0,119,0,109,0,0.0290519877675841,0.0290519877675841,0.0,0.0386003571497199,0.0386003571497199,0.0,0.9908256880733946,0.9908256880733946,0.0,0.9617737003058104,0.9617737003058104,0.0
bxaic__B__gcn__seed123,bxaic,B,gcn,123,atom_occlusion,P20_frozen_cache,0.1,recalibrated,1,1,0,119,0,109,0,0.0290519877675841,0.0290519877675841,0.0,0.0386003571497199,0.0386003571497199,0.0,0.9908256880733946,0.9908256880733946,0.0,0.9617737003058104,0.9617737003058104,0.0
bxaic__B__gcn__seed123,bxaic,B,gcn,123,atom_occlusion,P20_frozen_cache,0.2,fixed_historical_q,1,1,0,119,0,109,0,0.0290519877675841,0.0290519877675841,0.0,0.0386003571497199,0.0386003571497199,0.0,0.9908256880733946,0.9908256880733946,0.0,0.9617737003058104,0.9617737003058104,0.0
bxaic__B__gcn__seed123,bxaic,B,gcn,123,atom_occlusion,P20_frozen_cache,0.2,fixed_current_machine_q,1,1,0,119,0,109,0,0.0290519877675841,0.0290519877675841,0.0,0.0386003571497199,0.0386003571497199,0.0,0.9908256880733946,0.9908256880733946,0.0,0.9617737003058104,0.9617737003058104,0.0
bxaic__B__gcn__seed123,bxaic,B,gcn,123,atom_occlusion,P20_frozen_cache,0.2,recalibrated,1,1,0,119,0,109,0,0.0290519877675841,0.0290519877675841,0.0,0.0386003571497199,0.0386003571497199,0.0,0.9908256880733946,0.9908256880733946,0.0,0.9617737003058104,0.9617737003058104,0.0
bxaic__B__gcn__seed123,bxaic,B,gcn,123,saliency,P20_frozen_cache,0.05,fixed_historical_q,20,20,0,119,0,109,0,0.0275229357798165,0.0275229357798165,0.0,0.2153567335816146,0.2153567335816146,0.0,0.1825219397342451,0.1825219397342451,0.0,0.1825219397342451,0.1825219397342451,0.0
bxaic__B__gcn__seed123,bxaic,B,gcn,123,saliency,P20_frozen_cache,0.05,fixed_current_machine_q,20,20,0,119,0,109,0,0.0275229357798165,0.0275229357798165,0.0,0.2153567335816146,0.2153567335816146,0.0,0.1825219397342451,0.1825219397342451,0.0,0.1825219397342451,0.1825219397342451,0.0
bxaic__B__gcn__seed123,bxaic,B,gcn,123,saliency,P20_frozen_cache,0.05,recalibrated,20,20,0,119,0,109,0,0.0275229357798165,0.0275229357798165,0.0,0.2153567335816146,0.2153567335816146,0.0,0.1825219397342451,0.1825219397342451,0.0,0.1825219397342451,0.1825219397342451,0.0
bxaic__B__gcn__seed123,bxaic,B,gcn,123,saliency,P20_frozen_cache,0.1,fixed_historical_q,5,5,0,119,0,109,0,0.091743119266055,0.091743119266055,0.0,0.0690404773475921,0.0690404773475921,0.0,0.5037461773700306,0.5037461773700306,0.0,0.5037461773700306,0.5037461773700306,0.0
bxaic__B__gcn__seed123,bxaic,B,gcn,123,saliency,P20_frozen_cache,0.1,fixed_current_machine_q,5,5,0,119,0,109,0,0.091743119266055,0.091743119266055,0.0,0.0690404773475921,0.0690404773475921,0.0,0.5037461773700306,0.5037461773700306,0.0,0.5037461773700306,0.5037461773700306,0.0
bxaic__B__gcn__seed123,bxaic,B,gcn,123,saliency,P20_frozen_cache,0.1,recalibrated,5,5,0,119,0,109,0,0.091743119266055,0.091743119266055,0.0,0.0690404773475921,0.0690404773475921,0.0,0.5037461773700306,0.5037461773700306,0.0,0.5037461773700306,0.5037461773700306,0.0
bxaic__B__gcn__seed123,bxaic,B,gcn,123,saliency,P20_frozen_cache,0.2,fixed_historical_q,1,1,0,119,0,109,0,0.1697247706422018,0.1697247706422018,0.0,0.0386003571497199,0.0386003571497199,0.0,0.8348623853211009,0.8348623853211009,0.0,0.8211009174311926,0.8211009174311926,0.0
bxaic__B__gcn__seed123,bxaic,B,gcn,123,saliency,P20_frozen_cache,0.2,fixed_current_machine_q,1,1,0,119,0,109,0,0.1697247706422018,0.1697247706422018,0.0,0.0386003571497199,0.0386003571497199,0.0,0.8348623853211009,0.8348623853211009,0.0,0.8211009174311926,0.8211009174311926,0.0
bxaic__B__gcn__seed123,bxaic,B,gcn,123,saliency,P20_frozen_cache,0.2,recalibrated,1,1,0,119,0,109,0,0.1697247706422018,0.1697247706422018,0.0,0.0386003571497199,0.0386003571497199,0.0,0.8348623853211009,0.8348623853211009,0.0,0.8211009174311926,0.8211009174311926,0.0
bxaic__B__gcn__seed2026,bxaic,B,gcn,2026,ig,P01_checkpoint_rerun,0.05,fixed_historical_q,1,1,0,119,0,109,0,0.0290519877675841,0.0290519877675841,0.0,0.0386003571497199,0.0386003571497199,0.0,0.9908256880733946,0.9908256880733946,0.0,0.9617737003058104,0.9617737003058104,0.0
bxaic__B__gcn__seed2026,bxaic,B,gcn,2026,ig,P01_checkpoint_rerun,0.05,fixed_current_machine_q,1,1,0,119,0,109,0,0.0290519877675841,0.0290519877675841,0.0,0.0386003571497199,0.0386003571497199,0.0,0.9908256880733946,0.9908256880733946,0.0,0.9617737003058104,0.9617737003058104,0.0
bxaic__B__gcn__seed2026,bxaic,B,gcn,2026,ig,P01_checkpoint_rerun,0.05,recalibrated,1,1,0,119,0,109,0,0.0290519877675841,0.0290519877675841,0.0,0.0386003571497199,0.0386003571497199,0.0,0.9908256880733946,0.9908256880733946,0.0,0.9617737003058104,0.9617737003058104,0.0
bxaic__B__gcn__seed2026,bxaic,B,gcn,2026,ig,P01_checkpoint_rerun,0.1,fixed_historical_q,1,1,0,119,0,109,0,0.0290519877675841,0.0290519877675841,0.0,0.0386003571497199,0.0386003571497199,0.0,0.9908256880733946,0.9908256880733946,0.0,0.9617737003058104,0.9617737003058104,0.0
bxaic__B__gcn__seed2026,bxaic,B,gcn,2026,ig,P01_checkpoint_rerun,0.1,fixed_current_machine_q,1,1,0,119,0,109,0,0.0290519877675841,0.0290519877675841,0.0,0.0386003571497199,0.0386003571497199,0.0,0.9908256880733946,0.9908256880733946,0.0,0.9617737003058104,0.9617737003058104,0.0
bxaic__B__gcn__seed2026,bxaic,B,gcn,2026,ig,P01_checkpoint_rerun,0.1,recalibrated,1,1,0,119,0,109,0,0.0290519877675841,0.0290519877675841,0.0,0.0386003571497199,0.0386003571497199,0.0,0.9908256880733946,0.9908256880733946,0.0,0.9617737003058104,0.9617737003058104,0.0
bxaic__B__gcn__seed2026,bxaic,B,gcn,2026,ig,P01_checkpoint_rerun,0.2,fixed_historical_q,1,1,0,119,0,109,0,0.0290519877675841,0.0290519877675841,0.0,0.0386003571497199,0.0386003571497199,0.0,0.9908256880733946,0.9908256880733946,0.0,0.9617737003058104,0.9617737003058104,0.0
bxaic__B__gcn__seed2026,bxaic,B,gcn,2026,ig,P01_checkpoint_rerun,0.2,fixed_current_machine_q,1,1,0,119,0,109,0,0.0290519877675841,0.0290519877675841,0.0,0.0386003571497199,0.0386003571497199,0.0,0.9908256880733946,0.9908256880733946,0.0,0.9617737003058104,0.9617737003058104,0.0
bxaic__B__gcn__seed2026,bxaic,B,gcn,2026,ig,P01_checkpoint_rerun,0.2,recalibrated,1,1,0,119,0,109,0,0.0290519877675841,0.0290519877675841,0.0,0.0386003571497199,0.0386003571497199,0.0,0.9908256880733946,0.9908256880733946,0.0,0.9617737003058104,0.9617737003058104,0.0
bxaic__B__gcn__seed2026,bxaic,B,gcn,2026,gradinput,P01_checkpoint_rerun,0.05,fixed_historical_q,1,1,0,119,0,109,0,0.0290519877675841,0.0290519877675841,0.0,0.0386003571497199,0.0386003571497199,0.0,0.9908256880733946,0.9908256880733946,0.0,0.9617737003058104,0.9617737003058104,0.0
bxaic__B__gcn__seed2026,bxaic,B,gcn,2026,gradinput,P01_checkpoint_rerun,0.05,fixed_current_machine_q,1,1,0,119,0,109,0,0.0290519877675841,0.0290519877675841,0.0,0.0386003571497199,0.0386003571497199,0.0,0.9908256880733946,0.9908256880733946,0.0,0.9617737003058104,0.9617737003058104,0.0
bxaic__B__gcn__seed2026,bxaic,B,gcn,2026,gradinput,P01_checkpoint_rerun,0.05,recalibrated,1,1,0,119,0,109,0,0.0290519877675841,0.0290519877675841,0.0,0.0386003571497199,0.0386003571497199,0.0,0.9908256880733946,0.9908256880733946,0.0,0.9617737003058104,0.9617737003058104,0.0
bxaic__B__gcn__seed2026,bxaic,B,gcn,2026,gradinput,P01_checkpoint_rerun,0.1,fixed_historical_q,1,1,0,119,0,109,0,0.0290519877675841,0.0290519877675841,0.0,0.0386003571497199,0.0386003571497199,0.0,0.9908256880733946,0.9908256880733946,0.0,0.9617737003058104,0.9617737003058104,0.0
bxaic__B__gcn__seed2026,bxaic,B,gcn,2026,gradinput,P01_checkpoint_rerun,0.1,fixed_current_machine_q,1,1,0,119,0,109,0,0.0290519877675841,0.0290519877675841,0.0,0.0386003571497199,0.0386003571497199,0.0,0.9908256880733946,0.9908256880733946,0.0,0.9617737003058104,0.9617737003058104,0.0
bxaic__B__gcn__seed2026,bxaic,B,gcn,2026,gradinput,P01_checkpoint_rerun,0.1,recalibrated,1,1,0,119,0,109,0,0.0290519877675841,0.0290519877675841,0.0,0.0386003571497199,0.0386003571497199,0.0,0.9908256880733946,0.9908256880733946,0.0,0.9617737003058104,0.9617737003058104,0.0
bxaic__B__gcn__seed2026,bxaic,B,gcn,2026,gradinput,P01_checkpoint_rerun,0.2,fixed_historical_q,1,1,0,119,0,109,0,0.0290519877675841,0.0290519877675841,0.0,0.0386003571497199,0.0386003571497199,0.0,0.9908256880733946,0.9908256880733946,0.0,0.9617737003058104,0.9617737003058104,0.0
bxaic__B__gcn__seed2026,bxaic,B,gcn,2026,gradinput,P01_checkpoint_rerun,0.2,fixed_current_machine_q,1,1,0,119,0,109,0,0.0290519877675841,0.0290519877675841,0.0,0.0386003571497199,0.0386003571497199,0.0,0.9908256880733946,0.9908256880733946,0.0,0.9617737003058104,0.9617737003058104,0.0
bxaic__B__gcn__seed2026,bxaic,B,gcn,2026,gradinput,P01_checkpoint_rerun,0.2,recalibrated,1,1,0,119,0,109,0,0.0290519877675841,0.0290519877675841,0.0,0.0386003571497199,0.0386003571497199,0.0,0.9908256880733946,0.9908256880733946,0.0,0.9617737003058104,0.9617737003058104,0.0
bxaic__B__gcn__seed2026,bxaic,B,gcn,2026,atom_occlusion,P20_frozen_cache,0.05,fixed_historical_q,1,1,0,119,0,109,0,0.0290519877675841,0.0290519877675841,0.0,0.0386003571497199,0.0386003571497199,0.0,0.9908256880733946,0.9908256880733946,0.0,0.9617737003058104,0.9617737003058104,0.0
bxaic__B__gcn__seed2026,bxaic,B,gcn,2026,atom_occlusion,P20_frozen_cache,0.05,fixed_current_machine_q,1,1,0,119,0,109,0,0.0290519877675841,0.0290519877675841,0.0,0.0386003571497199,0.0386003571497199,0.0,0.9908256880733946,0.9908256880733946,0.0,0.9617737003058104,0.9617737003058104,0.0
bxaic__B__gcn__seed2026,bxaic,B,gcn,2026,atom_occlusion,P20_frozen_cache,0.05,recalibrated,1,1,0,119,0,109,0,0.0290519877675841,0.0290519877675841,0.0,0.0386003571497199,0.0386003571497199,0.0,0.9908256880733946,0.9908256880733946,0.0,0.9617737003058104,0.9617737003058104,0.0
bxaic__B__gcn__seed2026,bxaic,B,gcn,2026,atom_occlusion,P20_frozen_cache,0.1,fixed_historical_q,1,1,0,119,0,109,0,0.0290519877675841,0.0290519877675841,0.0,0.0386003571497199,0.0386003571497199,0.0,0.9908256880733946,0.9908256880733946,0.0,0.9617737003058104,0.9617737003058104,0.0
bxaic__B__gcn__seed2026,bxaic,B,gcn,2026,atom_occlusion,P20_frozen_cache,0.1,fixed_current_machine_q,1,1,0,119,0,109,0,0.0290519877675841,0.0290519877675841,0.0,0.0386003571497199,0.0386003571497199,0.0,0.9908256880733946,0.9908256880733946,0.0,0.9617737003058104,0.9617737003058104,0.0
bxaic__B__gcn__seed2026,bxaic,B,gcn,2026,atom_occlusion,P20_frozen_cache,0.1,recalibrated,1,1,0,119,0,109,0,0.0290519877675841,0.0290519877675841,0.0,0.0386003571497199,0.0386003571497199,0.0,0.9908256880733946,0.9908256880733946,0.0,0.9617737003058104,0.9617737003058104,0.0
bxaic__B__gcn__seed2026,bxaic,B,gcn,2026,atom_occlusion,P20_frozen_cache,0.2,fixed_historical_q,1,1,0,119,0,109,0,0.0290519877675841,0.0290519877675841,0.0,0.0386003571497199,0.0386003571497199,0.0,0.9908256880733946,0.9908256880733946,0.0,0.9617737003058104,0.9617737003058104,0.0
bxaic__B__gcn__seed2026,bxaic,B,gcn,2026,atom_occlusion,P20_frozen_cache,0.2,fixed_current_machine_q,1,1,0,119,0,109,0,0.0290519877675841,0.0290519877675841,0.0,0.0386003571497199,0.0386003571497199,0.0,0.9908256880733946,0.9908256880733946,0.0,0.9617737003058104,0.9617737003058104,0.0
bxaic__B__gcn__seed2026,bxaic,B,gcn,2026,atom_occlusion,P20_frozen_cache,0.2,recalibrated,1,1,0,119,0,109,0,0.0290519877675841,0.0290519877675841,0.0,0.0386003571497199,0.0386003571497199,0.0,0.9908256880733946,0.9908256880733946,0.0,0.9617737003058104,0.9617737003058104,0.0
bxaic__B__gcn__seed2026,bxaic,B,gcn,2026,saliency,P20_frozen_cache,0.05,fixed_historical_q,26,26,0,119,0,109,0,0.0458715596330275,0.0458715596330275,0.0,0.2789442424776348,0.2789442424776348,0.0,0.1366082084515617,0.1366082084515617,0.0,0.1366082084515617,0.1366082084515617,0.0
bxaic__B__gcn__seed2026,bxaic,B,gcn,2026,saliency,P20_frozen_cache,0.05,fixed_current_machine_q,26,26,0,119,0,109,0,0.0458715596330275,0.0458715596330275,0.0,0.2789442424776348,0.2789442424776348,0.0,0.1366082084515617,0.1366082084515617,0.0,0.1366082084515617,0.1366082084515617,0.0
bxaic__B__gcn__seed2026,bxaic,B,gcn,2026,saliency,P20_frozen_cache,0.05,recalibrated,26,26,0,119,0,109,0,0.0458715596330275,0.0458715596330275,0.0,0.2789442424776348,0.2789442424776348,0.0,0.1366082084515617,0.1366082084515617,0.0,0.1366082084515617,0.1366082084515617,0.0
bxaic__B__gcn__seed2026,bxaic,B,gcn,2026,saliency,P20_frozen_cache,0.1,fixed_historical_q,18,18,0,119,0,109,0,0.073394495412844,0.073394495412844,0.0,0.1980496506979957,0.1980496506979957,0.0,0.1865046194095544,0.1865046194095544,0.0,0.1865046194095544,0.1865046194095544,0.0
bxaic__B__gcn__seed2026,bxaic,B,gcn,2026,saliency,P20_frozen_cache,0.1,fixed_current_machine_q,18,18,0,119,0,109,0,0.073394495412844,0.073394495412844,0.0,0.1980496506979957,0.1980496506979957,0.0,0.1865046194095544,0.1865046194095544,0.0,0.1865046194095544,0.1865046194095544,0.0
bxaic__B__gcn__seed2026,bxaic,B,gcn,2026,saliency,P20_frozen_cache,0.1,recalibrated,18,18,0,119,0,109,0,0.073394495412844,0.073394495412844,0.0,0.1980496506979957,0.1980496506979957,0.0,0.1865046194095544,0.1865046194095544,0.0,0.1865046194095544,0.1865046194095544,0.0
bxaic__B__gcn__seed2026,bxaic,B,gcn,2026,saliency,P20_frozen_cache,0.2,fixed_historical_q,6,6,0,119,0,109,0,0.2140672782874617,0.2140672782874617,0.0,0.0797090741330351,0.0797090741330351,0.0,0.3766928789864569,0.3766928789864569,0.0,0.3736347750109217,0.3736347750109217,0.0
bxaic__B__gcn__seed2026,bxaic,B,gcn,2026,saliency,P20_frozen_cache,0.2,fixed_current_machine_q,6,6,0,119,0,109,0,0.2140672782874617,0.2140672782874617,0.0,0.0797090741330351,0.0797090741330351,0.0,0.3766928789864569,0.3766928789864569,0.0,0.3736347750109217,0.3736347750109217,0.0
bxaic__B__gcn__seed2026,bxaic,B,gcn,2026,saliency,P20_frozen_cache,0.2,recalibrated,6,6,0,119,0,109,0,0.2140672782874617,0.2140672782874617,0.0,0.0797090741330351,0.0797090741330351,0.0,0.3766928789864569,0.3766928789864569,0.0,0.3736347750109217,0.3736347750109217,0.0
bxaic__B__gcn__seed42,bxaic,B,gcn,42,ig,P01_checkpoint_rerun,0.05,fixed_historical_q,1,1,0,119,0,109,0,0.0290519877675841,0.0290519877675841,0.0,0.0386003571497199,0.0386003571497199,0.0,0.9908256880733946,0.9908256880733946,0.0,0.9617737003058104,0.9617737003058104,0.0
bxaic__B__gcn__seed42,bxaic,B,gcn,42,ig,P01_checkpoint_rerun,0.05,fixed_current_machine_q,1,1,0,119,0,109,0,0.0290519877675841,0.0290519877675841,0.0,0.0386003571497199,0.0386003571497199,0.0,0.9908256880733946,0.9908256880733946,0.0,0.9617737003058104,0.9617737003058104,0.0
bxaic__B__gcn__seed42,bxaic,B,gcn,42,ig,P01_checkpoint_rerun,0.05,recalibrated,1,1,0,119,0,109,0,0.0290519877675841,0.0290519877675841,0.0,0.0386003571497199,0.0386003571497199,0.0,0.9908256880733946,0.9908256880733946,0.0,0.9617737003058104,0.9617737003058104,0.0
bxaic__B__gcn__seed42,bxaic,B,gcn,42,ig,P01_checkpoint_rerun,0.1,fixed_historical_q,1,1,0,119,0,109,0,0.0290519877675841,0.0290519877675841,0.0,0.0386003571497199,0.0386003571497199,0.0,0.9908256880733946,0.9908256880733946,0.0,0.9617737003058104,0.9617737003058104,0.0
bxaic__B__gcn__seed42,bxaic,B,gcn,42,ig,P01_checkpoint_rerun,0.1,fixed_current_machine_q,1,1,0,119,0,109,0,0.0290519877675841,0.0290519877675841,0.0,0.0386003571497199,0.0386003571497199,0.0,0.9908256880733946,0.9908256880733946,0.0,0.9617737003058104,0.9617737003058104,0.0
bxaic__B__gcn__seed42,bxaic,B,gcn,42,ig,P01_checkpoint_rerun,0.1,recalibrated,1,1,0,119,0,109,0,0.0290519877675841,0.0290519877675841,0.0,0.0386003571497199,0.0386003571497199,0.0,0.9908256880733946,0.9908256880733946,0.0,0.9617737003058104,0.9617737003058104,0.0
bxaic__B__gcn__seed42,bxaic,B,gcn,42,ig,P01_checkpoint_rerun,0.2,fixed_historical_q,1,1,0,119,0,109,0,0.0290519877675841,0.0290519877675841,0.0,0.0386003571497199,0.0386003571497199,0.0,0.9908256880733946,0.9908256880733946,0.0,0.9617737003058104,0.9617737003058104,0.0
bxaic__B__gcn__seed42,bxaic,B,gcn,42,ig,P01_checkpoint_rerun,0.2,fixed_current_machine_q,1,1,0,119,0,109,0,0.0290519877675841,0.0290519877675841,0.0,0.0386003571497199,0.0386003571497199,0.0,0.9908256880733946,0.9908256880733946,0.0,0.9617737003058104,0.9617737003058104,0.0
bxaic__B__gcn__seed42,bxaic,B,gcn,42,ig,P01_checkpoint_rerun,0.2,recalibrated,1,1,0,119,0,109,0,0.0290519877675841,0.0290519877675841,0.0,0.0386003571497199,0.0386003571497199,0.0,0.9908256880733946,0.9908256880733946,0.0,0.9617737003058104,0.9617737003058104,0.0
bxaic__B__gcn__seed42,bxaic,B,gcn,42,gradinput,P01_checkpoint_rerun,0.05,fixed_historical_q,1,1,0,119,0,109,0,0.0290519877675841,0.0290519877675841,0.0,0.0386003571497199,0.0386003571497199,0.0,0.9908256880733946,0.9908256880733946,0.0,0.9617737003058104,0.9617737003058104,0.0
bxaic__B__gcn__seed42,bxaic,B,gcn,42,gradinput,P01_checkpoint_rerun,0.05,fixed_current_machine_q,1,1,0,119,0,109,0,0.0290519877675841,0.0290519877675841,0.0,0.0386003571497199,0.0386003571497199,0.0,0.9908256880733946,0.9908256880733946,0.0,0.9617737003058104,0.9617737003058104,0.0
bxaic__B__gcn__seed42,bxaic,B,gcn,42,gradinput,P01_checkpoint_rerun,0.05,recalibrated,1,1,0,119,0,109,0,0.0290519877675841,0.0290519877675841,0.0,0.0386003571497199,0.0386003571497199,0.0,0.9908256880733946,0.9908256880733946,0.0,0.9617737003058104,0.9617737003058104,0.0
bxaic__B__gcn__seed42,bxaic,B,gcn,42,gradinput,P01_checkpoint_rerun,0.1,fixed_historical_q,1,1,0,119,0,109,0,0.0290519877675841,0.0290519877675841,0.0,0.0386003571497199,0.0386003571497199,0.0,0.9908256880733946,0.9908256880733946,0.0,0.9617737003058104,0.9617737003058104,0.0
bxaic__B__gcn__seed42,bxaic,B,gcn,42,gradinput,P01_checkpoint_rerun,0.1,fixed_current_machine_q,1,1,0,119,0,109,0,0.0290519877675841,0.0290519877675841,0.0,0.0386003571497199,0.0386003571497199,0.0,0.9908256880733946,0.9908256880733946,0.0,0.9617737003058104,0.9617737003058104,0.0
bxaic__B__gcn__seed42,bxaic,B,gcn,42,gradinput,P01_checkpoint_rerun,0.1,recalibrated,1,1,0,119,0,109,0,0.0290519877675841,0.0290519877675841,0.0,0.0386003571497199,0.0386003571497199,0.0,0.9908256880733946,0.9908256880733946,0.0,0.9617737003058104,0.9617737003058104,0.0
bxaic__B__gcn__seed42,bxaic,B,gcn,42,gradinput,P01_checkpoint_rerun,0.2,fixed_historical_q,1,1,0,119,0,109,0,0.0290519877675841,0.0290519877675841,0.0,0.0386003571497199,0.0386003571497199,0.0,0.9908256880733946,0.9908256880733946,0.0,0.9617737003058104,0.9617737003058104,0.0
bxaic__B__gcn__seed42,bxaic,B,gcn,42,gradinput,P01_checkpoint_rerun,0.2,fixed_current_machine_q,1,1,0,119,0,109,0,0.0290519877675841,0.0290519877675841,0.0,0.0386003571497199,0.0386003571497199,0.0,0.9908256880733946,0.9908256880733946,0.0,0.9617737003058104,0.9617737003058104,0.0
bxaic__B__gcn__seed42,bxaic,B,gcn,42,gradinput,P01_checkpoint_rerun,0.2,recalibrated,1,1,0,119,0,109,0,0.0290519877675841,0.0290519877675841,0.0,0.0386003571497199,0.0386003571497199,0.0,0.9908256880733946,0.9908256880733946,0.0,0.9617737003058104,0.9617737003058104,0.0
bxaic__B__gcn__seed42,bxaic,B,gcn,42,atom_occlusion,P20_frozen_cache,0.05,fixed_historical_q,1,1,0,119,0,109,0,0.0290519877675841,0.0290519877675841,0.0,0.0386003571497199,0.0386003571497199,0.0,0.9908256880733946,0.9908256880733946,0.0,0.9617737003058104,0.9617737003058104,0.0
bxaic__B__gcn__seed42,bxaic,B,gcn,42,atom_occlusion,P20_frozen_cache,0.05,fixed_current_machine_q,1,1,0,119,0,109,0,0.0290519877675841,0.0290519877675841,0.0,0.0386003571497199,0.0386003571497199,0.0,0.9908256880733946,0.9908256880733946,0.0,0.9617737003058104,0.9617737003058104,0.0
bxaic__B__gcn__seed42,bxaic,B,gcn,42,atom_occlusion,P20_frozen_cache,0.05,recalibrated,1,1,0,119,0,109,0,0.0290519877675841,0.0290519877675841,0.0,0.0386003571497199,0.0386003571497199,0.0,0.9908256880733946,0.9908256880733946,0.0,0.9617737003058104,0.9617737003058104,0.0
bxaic__B__gcn__seed42,bxaic,B,gcn,42,atom_occlusion,P20_frozen_cache,0.1,fixed_historical_q,1,1,0,119,0,109,0,0.0290519877675841,0.0290519877675841,0.0,0.0386003571497199,0.0386003571497199,0.0,0.9908256880733946,0.9908256880733946,0.0,0.9617737003058104,0.9617737003058104,0.0
bxaic__B__gcn__seed42,bxaic,B,gcn,42,atom_occlusion,P20_frozen_cache,0.1,fixed_current_machine_q,1,1,0,119,0,109,0,0.0290519877675841,0.0290519877675841,0.0,0.0386003571497199,0.0386003571497199,0.0,0.9908256880733946,0.9908256880733946,0.0,0.9617737003058104,0.9617737003058104,0.0
bxaic__B__gcn__seed42,bxaic,B,gcn,42,atom_occlusion,P20_frozen_cache,0.1,recalibrated,1,1,0,119,0,109,0,0.0290519877675841,0.0290519877675841,0.0,0.0386003571497199,0.0386003571497199,0.0,0.9908256880733946,0.9908256880733946,0.0,0.9617737003058104,0.9617737003058104,0.0
bxaic__B__gcn__seed42,bxaic,B,gcn,42,atom_occlusion,P20_frozen_cache,0.2,fixed_historical_q,1,1,0,119,0,109,0,0.0290519877675841,0.0290519877675841,0.0,0.0386003571497199,0.0386003571497199,0.0,0.9908256880733946,0.9908256880733946,0.0,0.9617737003058104,0.9617737003058104,0.0
bxaic__B__gcn__seed42,bxaic,B,gcn,42,atom_occlusion,P20_frozen_cache,0.2,fixed_current_machine_q,1,1,0,119,0,109,0,0.0290519877675841,0.0290519877675841,0.0,0.0386003571497199,0.0386003571497199,0.0,0.9908256880733946,0.9908256880733946,0.0,0.9617737003058104,0.9617737003058104,0.0
bxaic__B__gcn__seed42,bxaic,B,gcn,42,atom_occlusion,P20_frozen_cache,0.2,recalibrated,1,1,0,119,0,109,0,0.0290519877675841,0.0290519877675841,0.0,0.0386003571497199,0.0386003571497199,0.0,0.9908256880733946,0.9908256880733946,0.0,0.9617737003058104,0.9617737003058104,0.0
bxaic__B__gcn__seed42,bxaic,B,gcn,42,saliency,P20_frozen_cache,0.05,fixed_historical_q,24,24,0,119,0,109,0,0.0275229357798165,0.0275229357798165,0.0,0.2594518041916703,0.2594518041916703,0.0,0.1520280550434354,0.1520280550434354,0.0,0.1520280550434354,0.1520280550434354,0.0
bxaic__B__gcn__seed42,bxaic,B,gcn,42,saliency,P20_frozen_cache,0.05,fixed_current_machine_q,24,24,0,119,0,109,0,0.0275229357798165,0.0275229357798165,0.0,0.2594518041916703,0.2594518041916703,0.0,0.1520280550434354,0.1520280550434354,0.0,0.1520280550434354,0.1520280550434354,0.0
bxaic__B__gcn__seed42,bxaic,B,gcn,42,saliency,P20_frozen_cache,0.05,recalibrated,24,24,0,119,0,109,0,0.0275229357798165,0.0275229357798165,0.0,0.2594518041916703,0.2594518041916703,0.0,0.1520280550434354,0.1520280550434354,0.0,0.1520280550434354,0.1520280550434354,0.0
bxaic__B__gcn__seed42,bxaic,B,gcn,42,saliency,P20_frozen_cache,0.1,fixed_historical_q,7,7,0,119,0,109,0,0.073394495412844,0.073394495412844,0.0,0.0883642941029018,0.0883642941029018,0.0,0.4137723896898209,0.4137723896898209,0.0,0.4122433377020533,0.4122433377020533,0.0
bxaic__B__gcn__seed42,bxaic,B,gcn,42,saliency,P20_frozen_cache,0.1,fixed_current_machine_q,7,7,0,119,0,109,0,0.073394495412844,0.073394495412844,0.0,0.0883642941029018,0.0883642941029018,0.0,0.4137723896898209,0.4137723896898209,0.0,0.4122433377020533,0.4122433377020533,0.0
bxaic__B__gcn__seed42,bxaic,B,gcn,42,saliency,P20_frozen_cache,0.1,recalibrated,7,7,0,119,0,109,0,0.073394495412844,0.073394495412844,0.0,0.0883642941029018,0.0883642941029018,0.0,0.4137723896898209,0.4137723896898209,0.0,0.4122433377020533,0.4122433377020533,0.0
bxaic__B__gcn__seed42,bxaic,B,gcn,42,saliency,P20_frozen_cache,0.2,fixed_historical_q,5,5,0,119,0,109,0,0.1177370030581039,0.1177370030581039,0.0,0.0690404773475921,0.0690404773475921,0.0,0.4945718654434251,0.4945718654434251,0.0,0.4869266055045871,0.4869266055045871,0.0
bxaic__B__gcn__seed42,bxaic,B,gcn,42,saliency,P20_frozen_cache,0.2,fixed_current_machine_q,5,5,0,119,0,109,0,0.1177370030581039,0.1177370030581039,0.0,0.0690404773475921,0.0690404773475921,0.0,0.4945718654434251,0.4945718654434251,0.0,0.4869266055045871,0.4869266055045871,0.0
bxaic__B__gcn__seed42,bxaic,B,gcn,42,saliency,P20_frozen_cache,0.2,recalibrated,5,5,0,119,0,109,0,0.1177370030581039,0.1177370030581039,0.0,0.0690404773475921,0.0690404773475921,0.0,0.4945718654434251,0.4945718654434251,0.0,0.4869266055045871,0.4869266055045871,0.0
bxaic__B__gin__seed123,bxaic,B,gin,123,ig,P01_checkpoint_rerun,0.05,fixed_historical_q,1,1,0,119,0,109,0,0.0290519877675841,0.0290519877675841,0.0,0.0386003571497199,0.0386003571497199,0.0,0.9908256880733946,0.9908256880733946,0.0,0.9617737003058104,0.9617737003058104,0.0
bxaic__B__gin__seed123,bxaic,B,gin,123,ig,P01_checkpoint_rerun,0.05,fixed_current_machine_q,1,1,0,119,0,109,0,0.0290519877675841,0.0290519877675841,0.0,0.0386003571497199,0.0386003571497199,0.0,0.9908256880733946,0.9908256880733946,0.0,0.9617737003058104,0.9617737003058104,0.0
bxaic__B__gin__seed123,bxaic,B,gin,123,ig,P01_checkpoint_rerun,0.05,recalibrated,1,1,0,119,0,109,0,0.0290519877675841,0.0290519877675841,0.0,0.0386003571497199,0.0386003571497199,0.0,0.9908256880733946,0.9908256880733946,0.0,0.9617737003058104,0.9617737003058104,0.0
bxaic__B__gin__seed123,bxaic,B,gin,123,ig,P01_checkpoint_rerun,0.1,fixed_historical_q,1,1,0,119,0,109,0,0.0290519877675841,0.0290519877675841,0.0,0.0386003571497199,0.0386003571497199,0.0,0.9908256880733946,0.9908256880733946,0.0,0.9617737003058104,0.9617737003058104,0.0
bxaic__B__gin__seed123,bxaic,B,gin,123,ig,P01_checkpoint_rerun,0.1,fixed_current_machine_q,1,1,0,119,0,109,0,0.0290519877675841,0.0290519877675841,0.0,0.0386003571497199,0.0386003571497199,0.0,0.9908256880733946,0.9908256880733946,0.0,0.9617737003058104,0.9617737003058104,0.0
bxaic__B__gin__seed123,bxaic,B,gin,123,ig,P01_checkpoint_rerun,0.1,recalibrated,1,1,0,119,0,109,0,0.0290519877675841,0.0290519877675841,0.0,0.0386003571497199,0.0386003571497199,0.0,0.9908256880733946,0.9908256880733946,0.0,0.9617737003058104,0.9617737003058104,0.0
bxaic__B__gin__seed123,bxaic,B,gin,123,ig,P01_checkpoint_rerun,0.2,fixed_historical_q,1,1,0,119,0,109,0,0.0290519877675841,0.0290519877675841,0.0,0.0386003571497199,0.0386003571497199,0.0,0.9908256880733946,0.9908256880733946,0.0,0.9617737003058104,0.9617737003058104,0.0
bxaic__B__gin__seed123,bxaic,B,gin,123,ig,P01_checkpoint_rerun,0.2,fixed_current_machine_q,1,1,0,119,0,109,0,0.0290519877675841,0.0290519877675841,0.0,0.0386003571497199,0.0386003571497199,0.0,0.9908256880733946,0.9908256880733946,0.0,0.9617737003058104,0.9617737003058104,0.0
bxaic__B__gin__seed123,bxaic,B,gin,123,ig,P01_checkpoint_rerun,0.2,recalibrated,1,1,0,119,0,109,0,0.0290519877675841,0.0290519877675841,0.0,0.0386003571497199,0.0386003571497199,0.0,0.9908256880733946,0.9908256880733946,0.0,0.9617737003058104,0.9617737003058104,0.0
bxaic__B__gin__seed123,bxaic,B,gin,123,gradinput,P01_checkpoint_rerun,0.05,fixed_historical_q,1,1,0,119,0,109,0,0.0290519877675841,0.0290519877675841,0.0,0.0386003571497199,0.0386003571497199,0.0,0.9908256880733946,0.9908256880733946,0.0,0.9617737003058104,0.9617737003058104,0.0
bxaic__B__gin__seed123,bxaic,B,gin,123,gradinput,P01_checkpoint_rerun,0.05,fixed_current_machine_q,1,1,0,119,0,109,0,0.0290519877675841,0.0290519877675841,0.0,0.0386003571497199,0.0386003571497199,0.0,0.9908256880733946,0.9908256880733946,0.0,0.9617737003058104,0.9617737003058104,0.0
bxaic__B__gin__seed123,bxaic,B,gin,123,gradinput,P01_checkpoint_rerun,0.05,recalibrated,1,1,0,119,0,109,0,0.0290519877675841,0.0290519877675841,0.0,0.0386003571497199,0.0386003571497199,0.0,0.9908256880733946,0.9908256880733946,0.0,0.9617737003058104,0.9617737003058104,0.0
bxaic__B__gin__seed123,bxaic,B,gin,123,gradinput,P01_checkpoint_rerun,0.1,fixed_historical_q,1,1,0,119,0,109,0,0.0290519877675841,0.0290519877675841,0.0,0.0386003571497199,0.0386003571497199,0.0,0.9908256880733946,0.9908256880733946,0.0,0.9617737003058104,0.9617737003058104,0.0
bxaic__B__gin__seed123,bxaic,B,gin,123,gradinput,P01_checkpoint_rerun,0.1,fixed_current_machine_q,1,1,0,119,0,109,0,0.0290519877675841,0.0290519877675841,0.0,0.0386003571497199,0.0386003571497199,0.0,0.9908256880733946,0.9908256880733946,0.0,0.9617737003058104,0.9617737003058104,0.0
bxaic__B__gin__seed123,bxaic,B,gin,123,gradinput,P01_checkpoint_rerun,0.1,recalibrated,1,1,0,119,0,109,0,0.0290519877675841,0.0290519877675841,0.0,0.0386003571497199,0.0386003571497199,0.0,0.9908256880733946,0.9908256880733946,0.0,0.9617737003058104,0.9617737003058104,0.0
bxaic__B__gin__seed123,bxaic,B,gin,123,gradinput,P01_checkpoint_rerun,0.2,fixed_historical_q,1,1,0,119,0,109,0,0.0290519877675841,0.0290519877675841,0.0,0.0386003571497199,0.0386003571497199,0.0,0.9908256880733946,0.9908256880733946,0.0,0.9617737003058104,0.9617737003058104,0.0
bxaic__B__gin__seed123,bxaic,B,gin,123,gradinput,P01_checkpoint_rerun,0.2,fixed_current_machine_q,1,1,0,119,0,109,0,0.0290519877675841,0.0290519877675841,0.0,0.0386003571497199,0.0386003571497199,0.0,0.9908256880733946,0.9908256880733946,0.0,0.9617737003058104,0.9617737003058104,0.0
bxaic__B__gin__seed123,bxaic,B,gin,123,gradinput,P01_checkpoint_rerun,0.2,recalibrated,1,1,0,119,0,109,0,0.0290519877675841,0.0290519877675841,0.0,0.0386003571497199,0.0386003571497199,0.0,0.9908256880733946,0.9908256880733946,0.0,0.9617737003058104,0.9617737003058104,0.0
bxaic__B__gin__seed123,bxaic,B,gin,123,atom_occlusion,P20_frozen_cache,0.05,fixed_historical_q,1,1,0,119,0,109,0,0.0290519877675841,0.0290519877675841,0.0,0.0386003571497199,0.0386003571497199,0.0,0.9908256880733946,0.9908256880733946,0.0,0.9617737003058104,0.9617737003058104,0.0
bxaic__B__gin__seed123,bxaic,B,gin,123,atom_occlusion,P20_frozen_cache,0.05,fixed_current_machine_q,1,1,0,119,0,109,0,0.0290519877675841,0.0290519877675841,0.0,0.0386003571497199,0.0386003571497199,0.0,0.9908256880733946,0.9908256880733946,0.0,0.9617737003058104,0.9617737003058104,0.0
bxaic__B__gin__seed123,bxaic,B,gin,123,atom_occlusion,P20_frozen_cache,0.05,recalibrated,1,1,0,119,0,109,0,0.0290519877675841,0.0290519877675841,0.0,0.0386003571497199,0.0386003571497199,0.0,0.9908256880733946,0.9908256880733946,0.0,0.9617737003058104,0.9617737003058104,0.0
bxaic__B__gin__seed123,bxaic,B,gin,123,atom_occlusion,P20_frozen_cache,0.1,fixed_historical_q,1,1,0,119,0,109,0,0.0290519877675841,0.0290519877675841,0.0,0.0386003571497199,0.0386003571497199,0.0,0.9908256880733946,0.9908256880733946,0.0,0.9617737003058104,0.9617737003058104,0.0
bxaic__B__gin__seed123,bxaic,B,gin,123,atom_occlusion,P20_frozen_cache,0.1,fixed_current_machine_q,1,1,0,119,0,109,0,0.0290519877675841,0.0290519877675841,0.0,0.0386003571497199,0.0386003571497199,0.0,0.9908256880733946,0.9908256880733946,0.0,0.9617737003058104,0.9617737003058104,0.0
bxaic__B__gin__seed123,bxaic,B,gin,123,atom_occlusion,P20_frozen_cache,0.1,recalibrated,1,1,0,119,0,109,0,0.0290519877675841,0.0290519877675841,0.0,0.0386003571497199,0.0386003571497199,0.0,0.9908256880733946,0.9908256880733946,0.0,0.9617737003058104,0.9617737003058104,0.0
bxaic__B__gin__seed123,bxaic,B,gin,123,atom_occlusion,P20_frozen_cache,0.2,fixed_historical_q,1,1,0,119,0,109,0,0.0290519877675841,0.0290519877675841,0.0,0.0386003571497199,0.0386003571497199,0.0,0.9908256880733946,0.9908256880733946,0.0,0.9617737003058104,0.9617737003058104,0.0
bxaic__B__gin__seed123,bxaic,B,gin,123,atom_occlusion,P20_frozen_cache,0.2,fixed_current_machine_q,1,1,0,119,0,109,0,0.0290519877675841,0.0290519877675841,0.0,0.0386003571497199,0.0386003571497199,0.0,0.9908256880733946,0.9908256880733946,0.0,0.9617737003058104,0.9617737003058104,0.0
bxaic__B__gin__seed123,bxaic,B,gin,123,atom_occlusion,P20_frozen_cache,0.2,recalibrated,1,1,0,119,0,109,0,0.0290519877675841,0.0290519877675841,0.0,0.0386003571497199,0.0386003571497199,0.0,0.9908256880733946,0.9908256880733946,0.0,0.9617737003058104,0.9617737003058104,0.0
bxaic__B__gin__seed123,bxaic,B,gin,123,saliency,P20_frozen_cache,0.05,fixed_historical_q,7,7,0,119,0,109,0,0.036697247706422,0.036697247706422,0.0,0.0883642941029018,0.0883642941029018,0.0,0.4382372214941023,0.4382372214941023,0.0,0.4382372214941023,0.4382372214941023,0.0
bxaic__B__gin__seed123,bxaic,B,gin,123,saliency,P20_frozen_cache,0.05,fixed_current_machine_q,7,7,0,119,0,109,0,0.036697247706422,0.036697247706422,0.0,0.0883642941029018,0.0883642941029018,0.0,0.4382372214941023,0.4382372214941023,0.0,0.4382372214941023,0.4382372214941023,0.0
bxaic__B__gin__seed123,bxaic,B,gin,123,saliency,P20_frozen_cache,0.05,recalibrated,7,7,0,119,0,109,0,0.036697247706422,0.036697247706422,0.0,0.0883642941029018,0.0883642941029018,0.0,0.4382372214941023,0.4382372214941023,0.0,0.4382372214941023,0.4382372214941023,0.0
bxaic__B__gin__seed123,bxaic,B,gin,123,saliency,P20_frozen_cache,0.1,fixed_historical_q,1,1,0,119,0,109,0,0.0795107033639143,0.0795107033639143,0.0,0.0386003571497199,0.0386003571497199,0.0,0.9357798165137616,0.9357798165137616,0.0,0.91131498470948,0.91131498470948,0.0
bxaic__B__gin__seed123,bxaic,B,gin,123,saliency,P20_frozen_cache,0.1,fixed_current_machine_q,1,1,0,119,0,109,0,0.0795107033639143,0.0795107033639143,0.0,0.0386003571497199,0.0386003571497199,0.0,0.9357798165137616,0.9357798165137616,0.0,0.91131498470948,0.91131498470948,0.0
bxaic__B__gin__seed123,bxaic,B,gin,123,saliency,P20_frozen_cache,0.1,recalibrated,1,1,0,119,0,109,0,0.0795107033639143,0.0795107033639143,0.0,0.0386003571497199,0.0386003571497199,0.0,0.9357798165137616,0.9357798165137616,0.0,0.91131498470948,0.91131498470948,0.0
bxaic__B__gin__seed123,bxaic,B,gin,123,saliency,P20_frozen_cache,0.2,fixed_historical_q,1,1,0,119,0,109,0,0.0795107033639143,0.0795107033639143,0.0,0.0386003571497199,0.0386003571497199,0.0,0.9357798165137616,0.9357798165137616,0.0,0.91131498470948,0.91131498470948,0.0
bxaic__B__gin__seed123,bxaic,B,gin,123,saliency,P20_frozen_cache,0.2,fixed_current_machine_q,1,1,0,119,0,109,0,0.0795107033639143,0.0795107033639143,0.0,0.0386003571497199,0.0386003571497199,0.0,0.9357798165137616,0.9357798165137616,0.0,0.91131498470948,0.91131498470948,0.0
bxaic__B__gin__seed123,bxaic,B,gin,123,saliency,P20_frozen_cache,0.2,recalibrated,1,1,0,119,0,109,0,0.0795107033639143,0.0795107033639143,0.0,0.0386003571497199,0.0386003571497199,0.0,0.9357798165137616,0.9357798165137616,0.0,0.91131498470948,0.91131498470948,0.0
bxaic__B__gin__seed2026,bxaic,B,gin,2026,ig,P01_checkpoint_rerun,0.05,fixed_historical_q,1,1,0,119,0,109,0,0.0290519877675841,0.0290519877675841,0.0,0.0386003571497199,0.0386003571497199,0.0,0.9908256880733946,0.9908256880733946,0.0,0.9617737003058104,0.9617737003058104,0.0
bxaic__B__gin__seed2026,bxaic,B,gin,2026,ig,P01_checkpoint_rerun,0.05,fixed_current_machine_q,1,1,0,119,0,109,0,0.0290519877675841,0.0290519877675841,0.0,0.0386003571497199,0.0386003571497199,0.0,0.9908256880733946,0.9908256880733946,0.0,0.9617737003058104,0.9617737003058104,0.0
bxaic__B__gin__seed2026,bxaic,B,gin,2026,ig,P01_checkpoint_rerun,0.05,recalibrated,1,1,0,119,0,109,0,0.0290519877675841,0.0290519877675841,0.0,0.0386003571497199,0.0386003571497199,0.0,0.9908256880733946,0.9908256880733946,0.0,0.9617737003058104,0.9617737003058104,0.0
bxaic__B__gin__seed2026,bxaic,B,gin,2026,ig,P01_checkpoint_rerun,0.1,fixed_historical_q,1,1,0,119,0,109,0,0.0290519877675841,0.0290519877675841,0.0,0.0386003571497199,0.0386003571497199,0.0,0.9908256880733946,0.9908256880733946,0.0,0.9617737003058104,0.9617737003058104,0.0
bxaic__B__gin__seed2026,bxaic,B,gin,2026,ig,P01_checkpoint_rerun,0.1,fixed_current_machine_q,1,1,0,119,0,109,0,0.0290519877675841,0.0290519877675841,0.0,0.0386003571497199,0.0386003571497199,0.0,0.9908256880733946,0.9908256880733946,0.0,0.9617737003058104,0.9617737003058104,0.0
bxaic__B__gin__seed2026,bxaic,B,gin,2026,ig,P01_checkpoint_rerun,0.1,recalibrated,1,1,0,119,0,109,0,0.0290519877675841,0.0290519877675841,0.0,0.0386003571497199,0.0386003571497199,0.0,0.9908256880733946,0.9908256880733946,0.0,0.9617737003058104,0.9617737003058104,0.0
bxaic__B__gin__seed2026,bxaic,B,gin,2026,ig,P01_checkpoint_rerun,0.2,fixed_historical_q,1,1,0,119,0,109,0,0.0290519877675841,0.0290519877675841,0.0,0.0386003571497199,0.0386003571497199,0.0,0.9908256880733946,0.9908256880733946,0.0,0.9617737003058104,0.9617737003058104,0.0
bxaic__B__gin__seed2026,bxaic,B,gin,2026,ig,P01_checkpoint_rerun,0.2,fixed_current_machine_q,1,1,0,119,0,109,0,0.0290519877675841,0.0290519877675841,0.0,0.0386003571497199,0.0386003571497199,0.0,0.9908256880733946,0.9908256880733946,0.0,0.9617737003058104,0.9617737003058104,0.0
bxaic__B__gin__seed2026,bxaic,B,gin,2026,ig,P01_checkpoint_rerun,0.2,recalibrated,1,1,0,119,0,109,0,0.0290519877675841,0.0290519877675841,0.0,0.0386003571497199,0.0386003571497199,0.0,0.9908256880733946,0.9908256880733946,0.0,0.9617737003058104,0.9617737003058104,0.0
bxaic__B__gin__seed2026,bxaic,B,gin,2026,gradinput,P01_checkpoint_rerun,0.05,fixed_historical_q,1,1,0,119,0,109,0,0.0290519877675841,0.0290519877675841,0.0,0.0386003571497199,0.0386003571497199,0.0,0.9908256880733946,0.9908256880733946,0.0,0.9617737003058104,0.9617737003058104,0.0
bxaic__B__gin__seed2026,bxaic,B,gin,2026,gradinput,P01_checkpoint_rerun,0.05,fixed_current_machine_q,1,1,0,119,0,109,0,0.0290519877675841,0.0290519877675841,0.0,0.0386003571497199,0.0386003571497199,0.0,0.9908256880733946,0.9908256880733946,0.0,0.9617737003058104,0.9617737003058104,0.0
bxaic__B__gin__seed2026,bxaic,B,gin,2026,gradinput,P01_checkpoint_rerun,0.05,recalibrated,1,1,0,119,0,109,0,0.0290519877675841,0.0290519877675841,0.0,0.0386003571497199,0.0386003571497199,0.0,0.9908256880733946,0.9908256880733946,0.0,0.9617737003058104,0.9617737003058104,0.0
bxaic__B__gin__seed2026,bxaic,B,gin,2026,gradinput,P01_checkpoint_rerun,0.1,fixed_historical_q,1,1,0,119,0,109,0,0.0290519877675841,0.0290519877675841,0.0,0.0386003571497199,0.0386003571497199,0.0,0.9908256880733946,0.9908256880733946,0.0,0.9617737003058104,0.9617737003058104,0.0
bxaic__B__gin__seed2026,bxaic,B,gin,2026,gradinput,P01_checkpoint_rerun,0.1,fixed_current_machine_q,1,1,0,119,0,109,0,0.0290519877675841,0.0290519877675841,0.0,0.0386003571497199,0.0386003571497199,0.0,0.9908256880733946,0.9908256880733946,0.0,0.9617737003058104,0.9617737003058104,0.0
bxaic__B__gin__seed2026,bxaic,B,gin,2026,gradinput,P01_checkpoint_rerun,0.1,recalibrated,1,1,0,119,0,109,0,0.0290519877675841,0.0290519877675841,0.0,0.0386003571497199,0.0386003571497199,0.0,0.9908256880733946,0.9908256880733946,0.0,0.9617737003058104,0.9617737003058104,0.0
bxaic__B__gin__seed2026,bxaic,B,gin,2026,gradinput,P01_checkpoint_rerun,0.2,fixed_historical_q,1,1,0,119,0,109,0,0.0290519877675841,0.0290519877675841,0.0,0.0386003571497199,0.0386003571497199,0.0,0.9908256880733946,0.9908256880733946,0.0,0.9617737003058104,0.9617737003058104,0.0
bxaic__B__gin__seed2026,bxaic,B,gin,2026,gradinput,P01_checkpoint_rerun,0.2,fixed_current_machine_q,1,1,0,119,0,109,0,0.0290519877675841,0.0290519877675841,0.0,0.0386003571497199,0.0386003571497199,0.0,0.9908256880733946,0.9908256880733946,0.0,0.9617737003058104,0.9617737003058104,0.0
bxaic__B__gin__seed2026,bxaic,B,gin,2026,gradinput,P01_checkpoint_rerun,0.2,recalibrated,1,1,0,119,0,109,0,0.0290519877675841,0.0290519877675841,0.0,0.0386003571497199,0.0386003571497199,0.0,0.9908256880733946,0.9908256880733946,0.0,0.9617737003058104,0.9617737003058104,0.0
bxaic__B__gin__seed2026,bxaic,B,gin,2026,atom_occlusion,P20_frozen_cache,0.05,fixed_historical_q,1,1,0,119,0,109,0,0.0290519877675841,0.0290519877675841,0.0,0.0386003571497199,0.0386003571497199,0.0,0.9908256880733946,0.9908256880733946,0.0,0.9617737003058104,0.9617737003058104,0.0
bxaic__B__gin__seed2026,bxaic,B,gin,2026,atom_occlusion,P20_frozen_cache,0.05,fixed_current_machine_q,1,1,0,119,0,109,0,0.0290519877675841,0.0290519877675841,0.0,0.0386003571497199,0.0386003571497199,0.0,0.9908256880733946,0.9908256880733946,0.0,0.9617737003058104,0.9617737003058104,0.0
bxaic__B__gin__seed2026,bxaic,B,gin,2026,atom_occlusion,P20_frozen_cache,0.05,recalibrated,1,1,0,119,0,109,0,0.0290519877675841,0.0290519877675841,0.0,0.0386003571497199,0.0386003571497199,0.0,0.9908256880733946,0.9908256880733946,0.0,0.9617737003058104,0.9617737003058104,0.0
bxaic__B__gin__seed2026,bxaic,B,gin,2026,atom_occlusion,P20_frozen_cache,0.1,fixed_historical_q,1,1,0,119,0,109,0,0.0290519877675841,0.0290519877675841,0.0,0.0386003571497199,0.0386003571497199,0.0,0.9908256880733946,0.9908256880733946,0.0,0.9617737003058104,0.9617737003058104,0.0
bxaic__B__gin__seed2026,bxaic,B,gin,2026,atom_occlusion,P20_frozen_cache,0.1,fixed_current_machine_q,1,1,0,119,0,109,0,0.0290519877675841,0.0290519877675841,0.0,0.0386003571497199,0.0386003571497199,0.0,0.9908256880733946,0.9908256880733946,0.0,0.9617737003058104,0.9617737003058104,0.0
bxaic__B__gin__seed2026,bxaic,B,gin,2026,atom_occlusion,P20_frozen_cache,0.1,recalibrated,1,1,0,119,0,109,0,0.0290519877675841,0.0290519877675841,0.0,0.0386003571497199,0.0386003571497199,0.0,0.9908256880733946,0.9908256880733946,0.0,0.9617737003058104,0.9617737003058104,0.0
bxaic__B__gin__seed2026,bxaic,B,gin,2026,atom_occlusion,P20_frozen_cache,0.2,fixed_historical_q,1,1,0,119,0,109,0,0.0290519877675841,0.0290519877675841,0.0,0.0386003571497199,0.0386003571497199,0.0,0.9908256880733946,0.9908256880733946,0.0,0.9617737003058104,0.9617737003058104,0.0
bxaic__B__gin__seed2026,bxaic,B,gin,2026,atom_occlusion,P20_frozen_cache,0.2,fixed_current_machine_q,1,1,0,119,0,109,0,0.0290519877675841,0.0290519877675841,0.0,0.0386003571497199,0.0386003571497199,0.0,0.9908256880733946,0.9908256880733946,0.0,0.9617737003058104,0.9617737003058104,0.0
bxaic__B__gin__seed2026,bxaic,B,gin,2026,atom_occlusion,P20_frozen_cache,0.2,recalibrated,1,1,0,119,0,109,0,0.0290519877675841,0.0290519877675841,0.0,0.0386003571497199,0.0386003571497199,0.0,0.9908256880733946,0.9908256880733946,0.0,0.9617737003058104,0.9617737003058104,0.0
bxaic__B__gin__seed2026,bxaic,B,gin,2026,saliency,P20_frozen_cache,0.05,fixed_historical_q,7,7,0,119,0,109,0,0.0275229357798165,0.0275229357798165,0.0,0.0883642941029018,0.0883642941029018,0.0,0.4474115334207078,0.4474115334207078,0.0,0.4474115334207078,0.4474115334207078,0.0
bxaic__B__gin__seed2026,bxaic,B,gin,2026,saliency,P20_frozen_cache,0.05,fixed_current_machine_q,7,7,0,119,0,109,0,0.0275229357798165,0.0275229357798165,0.0,0.0883642941029018,0.0883642941029018,0.0,0.4474115334207078,0.4474115334207078,0.0,0.4474115334207078,0.4474115334207078,0.0
bxaic__B__gin__seed2026,bxaic,B,gin,2026,saliency,P20_frozen_cache,0.05,recalibrated,7,7,0,119,0,109,0,0.0275229357798165,0.0275229357798165,0.0,0.0883642941029018,0.0883642941029018,0.0,0.4474115334207078,0.4474115334207078,0.0,0.4474115334207078,0.4474115334207078,0.0
bxaic__B__gin__seed2026,bxaic,B,gin,2026,saliency,P20_frozen_cache,0.1,fixed_historical_q,1,1,0,119,0,109,0,0.0565749235474006,0.0565749235474006,0.0,0.0386003571497199,0.0386003571497199,0.0,0.963302752293578,0.963302752293578,0.0,0.934250764525994,0.934250764525994,0.0
bxaic__B__gin__seed2026,bxaic,B,gin,2026,saliency,P20_frozen_cache,0.1,fixed_current_machine_q,1,1,0,119,0,109,0,0.0565749235474006,0.0565749235474006,0.0,0.0386003571497199,0.0386003571497199,0.0,0.963302752293578,0.963302752293578,0.0,0.934250764525994,0.934250764525994,0.0
bxaic__B__gin__seed2026,bxaic,B,gin,2026,saliency,P20_frozen_cache,0.1,recalibrated,1,1,0,119,0,109,0,0.0565749235474006,0.0565749235474006,0.0,0.0386003571497199,0.0386003571497199,0.0,0.963302752293578,0.963302752293578,0.0,0.934250764525994,0.934250764525994,0.0
bxaic__B__gin__seed2026,bxaic,B,gin,2026,saliency,P20_frozen_cache,0.2,fixed_historical_q,1,1,0,119,0,109,0,0.0565749235474006,0.0565749235474006,0.0,0.0386003571497199,0.0386003571497199,0.0,0.963302752293578,0.963302752293578,0.0,0.934250764525994,0.934250764525994,0.0
bxaic__B__gin__seed2026,bxaic,B,gin,2026,saliency,P20_frozen_cache,0.2,fixed_current_machine_q,1,1,0,119,0,109,0,0.0565749235474006,0.0565749235474006,0.0,0.0386003571497199,0.0386003571497199,0.0,0.963302752293578,0.963302752293578,0.0,0.934250764525994,0.934250764525994,0.0
bxaic__B__gin__seed2026,bxaic,B,gin,2026,saliency,P20_frozen_cache,0.2,recalibrated,1,1,0,119,0,109,0,0.0565749235474006,0.0565749235474006,0.0,0.0386003571497199,0.0386003571497199,0.0,0.963302752293578,0.963302752293578,0.0,0.934250764525994,0.934250764525994,0.0
bxaic__B__gin__seed42,bxaic,B,gin,42,ig,P01_checkpoint_rerun,0.05,fixed_historical_q,1,1,0,119,0,109,0,0.0290519877675841,0.0290519877675841,0.0,0.0386003571497199,0.0386003571497199,0.0,0.9908256880733946,0.9908256880733946,0.0,0.9617737003058104,0.9617737003058104,0.0
bxaic__B__gin__seed42,bxaic,B,gin,42,ig,P01_checkpoint_rerun,0.05,fixed_current_machine_q,1,1,0,119,0,109,0,0.0290519877675841,0.0290519877675841,0.0,0.0386003571497199,0.0386003571497199,0.0,0.9908256880733946,0.9908256880733946,0.0,0.9617737003058104,0.9617737003058104,0.0
bxaic__B__gin__seed42,bxaic,B,gin,42,ig,P01_checkpoint_rerun,0.05,recalibrated,1,1,0,119,0,109,0,0.0290519877675841,0.0290519877675841,0.0,0.0386003571497199,0.0386003571497199,0.0,0.9908256880733946,0.9908256880733946,0.0,0.9617737003058104,0.9617737003058104,0.0
bxaic__B__gin__seed42,bxaic,B,gin,42,ig,P01_checkpoint_rerun,0.1,fixed_historical_q,1,1,0,119,0,109,0,0.0290519877675841,0.0290519877675841,0.0,0.0386003571497199,0.0386003571497199,0.0,0.9908256880733946,0.9908256880733946,0.0,0.9617737003058104,0.9617737003058104,0.0
bxaic__B__gin__seed42,bxaic,B,gin,42,ig,P01_checkpoint_rerun,0.1,fixed_current_machine_q,1,1,0,119,0,109,0,0.0290519877675841,0.0290519877675841,0.0,0.0386003571497199,0.0386003571497199,0.0,0.9908256880733946,0.9908256880733946,0.0,0.9617737003058104,0.9617737003058104,0.0
bxaic__B__gin__seed42,bxaic,B,gin,42,ig,P01_checkpoint_rerun,0.1,recalibrated,1,1,0,119,0,109,0,0.0290519877675841,0.0290519877675841,0.0,0.0386003571497199,0.0386003571497199,0.0,0.9908256880733946,0.9908256880733946,0.0,0.9617737003058104,0.9617737003058104,0.0
bxaic__B__gin__seed42,bxaic,B,gin,42,ig,P01_checkpoint_rerun,0.2,fixed_historical_q,1,1,0,119,0,109,0,0.0290519877675841,0.0290519877675841,0.0,0.0386003571497199,0.0386003571497199,0.0,0.9908256880733946,0.9908256880733946,0.0,0.9617737003058104,0.9617737003058104,0.0
bxaic__B__gin__seed42,bxaic,B,gin,42,ig,P01_checkpoint_rerun,0.2,fixed_current_machine_q,1,1,0,119,0,109,0,0.0290519877675841,0.0290519877675841,0.0,0.0386003571497199,0.0386003571497199,0.0,0.9908256880733946,0.9908256880733946,0.0,0.9617737003058104,0.9617737003058104,0.0
bxaic__B__gin__seed42,bxaic,B,gin,42,ig,P01_checkpoint_rerun,0.2,recalibrated,1,1,0,119,0,109,0,0.0290519877675841,0.0290519877675841,0.0,0.0386003571497199,0.0386003571497199,0.0,0.9908256880733946,0.9908256880733946,0.0,0.9617737003058104,0.9617737003058104,0.0
bxaic__B__gin__seed42,bxaic,B,gin,42,gradinput,P01_checkpoint_rerun,0.05,fixed_historical_q,1,1,0,119,0,109,0,0.0290519877675841,0.0290519877675841,0.0,0.0386003571497199,0.0386003571497199,0.0,0.9908256880733946,0.9908256880733946,0.0,0.9617737003058104,0.9617737003058104,0.0
bxaic__B__gin__seed42,bxaic,B,gin,42,gradinput,P01_checkpoint_rerun,0.05,fixed_current_machine_q,1,1,0,119,0,109,0,0.0290519877675841,0.0290519877675841,0.0,0.0386003571497199,0.0386003571497199,0.0,0.9908256880733946,0.9908256880733946,0.0,0.9617737003058104,0.9617737003058104,0.0
bxaic__B__gin__seed42,bxaic,B,gin,42,gradinput,P01_checkpoint_rerun,0.05,recalibrated,1,1,0,119,0,109,0,0.0290519877675841,0.0290519877675841,0.0,0.0386003571497199,0.0386003571497199,0.0,0.9908256880733946,0.9908256880733946,0.0,0.9617737003058104,0.9617737003058104,0.0
bxaic__B__gin__seed42,bxaic,B,gin,42,gradinput,P01_checkpoint_rerun,0.1,fixed_historical_q,1,1,0,119,0,109,0,0.0290519877675841,0.0290519877675841,0.0,0.0386003571497199,0.0386003571497199,0.0,0.9908256880733946,0.9908256880733946,0.0,0.9617737003058104,0.9617737003058104,0.0
bxaic__B__gin__seed42,bxaic,B,gin,42,gradinput,P01_checkpoint_rerun,0.1,fixed_current_machine_q,1,1,0,119,0,109,0,0.0290519877675841,0.0290519877675841,0.0,0.0386003571497199,0.0386003571497199,0.0,0.9908256880733946,0.9908256880733946,0.0,0.9617737003058104,0.9617737003058104,0.0
bxaic__B__gin__seed42,bxaic,B,gin,42,gradinput,P01_checkpoint_rerun,0.1,recalibrated,1,1,0,119,0,109,0,0.0290519877675841,0.0290519877675841,0.0,0.0386003571497199,0.0386003571497199,0.0,0.9908256880733946,0.9908256880733946,0.0,0.9617737003058104,0.9617737003058104,0.0
bxaic__B__gin__seed42,bxaic,B,gin,42,gradinput,P01_checkpoint_rerun,0.2,fixed_historical_q,1,1,0,119,0,109,0,0.0290519877675841,0.0290519877675841,0.0,0.0386003571497199,0.0386003571497199,0.0,0.9908256880733946,0.9908256880733946,0.0,0.9617737003058104,0.9617737003058104,0.0
bxaic__B__gin__seed42,bxaic,B,gin,42,gradinput,P01_checkpoint_rerun,0.2,fixed_current_machine_q,1,1,0,119,0,109,0,0.0290519877675841,0.0290519877675841,0.0,0.0386003571497199,0.0386003571497199,0.0,0.9908256880733946,0.9908256880733946,0.0,0.9617737003058104,0.9617737003058104,0.0
bxaic__B__gin__seed42,bxaic,B,gin,42,gradinput,P01_checkpoint_rerun,0.2,recalibrated,1,1,0,119,0,109,0,0.0290519877675841,0.0290519877675841,0.0,0.0386003571497199,0.0386003571497199,0.0,0.9908256880733946,0.9908256880733946,0.0,0.9617737003058104,0.9617737003058104,0.0
bxaic__B__gin__seed42,bxaic,B,gin,42,atom_occlusion,P20_frozen_cache,0.05,fixed_historical_q,1,1,0,119,0,109,0,0.0290519877675841,0.0290519877675841,0.0,0.0386003571497199,0.0386003571497199,0.0,0.9908256880733946,0.9908256880733946,0.0,0.9617737003058104,0.9617737003058104,0.0
bxaic__B__gin__seed42,bxaic,B,gin,42,atom_occlusion,P20_frozen_cache,0.05,fixed_current_machine_q,1,1,0,119,0,109,0,0.0290519877675841,0.0290519877675841,0.0,0.0386003571497199,0.0386003571497199,0.0,0.9908256880733946,0.9908256880733946,0.0,0.9617737003058104,0.9617737003058104,0.0
bxaic__B__gin__seed42,bxaic,B,gin,42,atom_occlusion,P20_frozen_cache,0.05,recalibrated,1,1,0,119,0,109,0,0.0290519877675841,0.0290519877675841,0.0,0.0386003571497199,0.0386003571497199,0.0,0.9908256880733946,0.9908256880733946,0.0,0.9617737003058104,0.9617737003058104,0.0
bxaic__B__gin__seed42,bxaic,B,gin,42,atom_occlusion,P20_frozen_cache,0.1,fixed_historical_q,1,1,0,119,0,109,0,0.0290519877675841,0.0290519877675841,0.0,0.0386003571497199,0.0386003571497199,0.0,0.9908256880733946,0.9908256880733946,0.0,0.9617737003058104,0.9617737003058104,0.0
bxaic__B__gin__seed42,bxaic,B,gin,42,atom_occlusion,P20_frozen_cache,0.1,fixed_current_machine_q,1,1,0,119,0,109,0,0.0290519877675841,0.0290519877675841,0.0,0.0386003571497199,0.0386003571497199,0.0,0.9908256880733946,0.9908256880733946,0.0,0.9617737003058104,0.9617737003058104,0.0
bxaic__B__gin__seed42,bxaic,B,gin,42,atom_occlusion,P20_frozen_cache,0.1,recalibrated,1,1,0,119,0,109,0,0.0290519877675841,0.0290519877675841,0.0,0.0386003571497199,0.0386003571497199,0.0,0.9908256880733946,0.9908256880733946,0.0,0.9617737003058104,0.9617737003058104,0.0
bxaic__B__gin__seed42,bxaic,B,gin,42,atom_occlusion,P20_frozen_cache,0.2,fixed_historical_q,1,1,0,119,0,109,0,0.0290519877675841,0.0290519877675841,0.0,0.0386003571497199,0.0386003571497199,0.0,0.9908256880733946,0.9908256880733946,0.0,0.9617737003058104,0.9617737003058104,0.0
bxaic__B__gin__seed42,bxaic,B,gin,42,atom_occlusion,P20_frozen_cache,0.2,fixed_current_machine_q,1,1,0,119,0,109,0,0.0290519877675841,0.0290519877675841,0.0,0.0386003571497199,0.0386003571497199,0.0,0.9908256880733946,0.9908256880733946,0.0,0.9617737003058104,0.9617737003058104,0.0
bxaic__B__gin__seed42,bxaic,B,gin,42,atom_occlusion,P20_frozen_cache,0.2,recalibrated,1,1,0,119,0,109,0,0.0290519877675841,0.0290519877675841,0.0,0.0386003571497199,0.0386003571497199,0.0,0.9908256880733946,0.9908256880733946,0.0,0.9617737003058104,0.9617737003058104,0.0
bxaic__B__gin__seed42,bxaic,B,gin,42,saliency,P20_frozen_cache,0.05,fixed_historical_q,8,8,0,119,0,109,0,0.0428134556574923,0.0428134556574923,0.0,0.0979195711911851,0.0979195711911851,0.0,0.3874284482082648,0.3874284482082648,0.0,0.3862052066180507,0.3862052066180507,0.0
bxaic__B__gin__seed42,bxaic,B,gin,42,saliency,P20_frozen_cache,0.05,fixed_current_machine_q,8,8,0,119,0,109,0,0.0428134556574923,0.0428134556574923,0.0,0.0979195711911851,0.0979195711911851,0.0,0.3874284482082648,0.3874284482082648,0.0,0.3862052066180507,0.3862052066180507,0.0
bxaic__B__gin__seed42,bxaic,B,gin,42,saliency,P20_frozen_cache,0.05,recalibrated,8,8,0,119,0,109,0,0.0428134556574923,0.0428134556574923,0.0,0.0979195711911851,0.0979195711911851,0.0,0.3874284482082648,0.3874284482082648,0.0,0.3862052066180507,0.3862052066180507,0.0
bxaic__B__gin__seed42,bxaic,B,gin,42,saliency,P20_frozen_cache,0.1,fixed_historical_q,1,1,0,119,0,109,0,0.1009174311926605,0.1009174311926605,0.0,0.0386003571497199,0.0386003571497199,0.0,0.908256880733945,0.908256880733945,0.0,0.8899082568807339,0.8899082568807339,0.0
bxaic__B__gin__seed42,bxaic,B,gin,42,saliency,P20_frozen_cache,0.1,fixed_current_machine_q,1,1,0,119,0,109,0,0.1009174311926605,0.1009174311926605,0.0,0.0386003571497199,0.0386003571497199,0.0,0.908256880733945,0.908256880733945,0.0,0.8899082568807339,0.8899082568807339,0.0
bxaic__B__gin__seed42,bxaic,B,gin,42,saliency,P20_frozen_cache,0.1,recalibrated,1,1,0,119,0,109,0,0.1009174311926605,0.1009174311926605,0.0,0.0386003571497199,0.0386003571497199,0.0,0.908256880733945,0.908256880733945,0.0,0.8899082568807339,0.8899082568807339,0.0
bxaic__B__gin__seed42,bxaic,B,gin,42,saliency,P20_frozen_cache,0.2,fixed_historical_q,1,1,0,119,0,109,0,0.1009174311926605,0.1009174311926605,0.0,0.0386003571497199,0.0386003571497199,0.0,0.908256880733945,0.908256880733945,0.0,0.8899082568807339,0.8899082568807339,0.0
bxaic__B__gin__seed42,bxaic,B,gin,42,saliency,P20_frozen_cache,0.2,fixed_current_machine_q,1,1,0,119,0,109,0,0.1009174311926605,0.1009174311926605,0.0,0.0386003571497199,0.0386003571497199,0.0,0.908256880733945,0.908256880733945,0.0,0.8899082568807339,0.8899082568807339,0.0
bxaic__B__gin__seed42,bxaic,B,gin,42,saliency,P20_frozen_cache,0.2,recalibrated,1,1,0,119,0,109,0,0.1009174311926605,0.1009174311926605,0.0,0.0386003571497199,0.0386003571497199,0.0,0.908256880733945,0.908256880733945,0.0,0.8899082568807339,0.8899082568807339,0.0
bxaic__indole__gcn__seed123,bxaic,indole,gcn,123,ig,P01_checkpoint_rerun,0.05,fixed_historical_q,93,93,0,1887,0,1847,0,0.0481432699827402,0.0481432699827402,0.0,0.9462280636892798,0.9462280636892798,0.0,0.316798007030591,0.316798007030591,0.0,0.3122500064326544,0.3122500064326544,0.0
bxaic__indole__gcn__seed123,bxaic,indole,gcn,123,ig,P01_checkpoint_rerun,0.05,fixed_current_machine_q,93,93,0,1887,0,1847,0,0.0481432699827402,0.0481432699827402,0.0,0.9462280636892798,0.9462280636892798,0.0,0.316798007030591,0.316798007030591,0.0,0.3122500064326544,0.3122500064326544,0.0
bxaic__indole__gcn__seed123,bxaic,indole,gcn,123,ig,P01_checkpoint_rerun,0.05,recalibrated,93,93,0,1887,0,1847,0,0.0481432699827402,0.0481432699827402,0.0,0.9462280636892798,0.9462280636892798,0.0,0.316798007030591,0.316798007030591,0.0,0.3122500064326544,0.3122500064326544,0.0
bxaic__indole__gcn__seed123,bxaic,indole,gcn,123,ig,P01_checkpoint_rerun,0.1,fixed_historical_q,76,76,0,1887,0,1847,0,0.0941371200236947,0.0941371200236947,0.0,0.7755804835293979,0.7755804835293979,0.0,0.3656777795867139,0.3656777795867139,0.0,0.3508058121191176,0.3508058121191176,0.0
bxaic__indole__gcn__seed123,bxaic,indole,gcn,123,ig,P01_checkpoint_rerun,0.1,fixed_current_machine_q,76,76,0,1887,0,1847,0,0.0941371200236947,0.0941371200236947,0.0,0.7755804835293979,0.7755804835293979,0.0,0.3656777795867139,0.3656777795867139,0.0,0.3508058121191176,0.3508058121191176,0.0
bxaic__indole__gcn__seed123,bxaic,indole,gcn,123,ig,P01_checkpoint_rerun,0.1,recalibrated,76,76,0,1887,0,1847,0,0.0941371200236947,0.0941371200236947,0.0,0.7755804835293979,0.7755804835293979,0.0,0.3656777795867139,0.3656777795867139,0.0,0.3508058121191176,0.3508058121191176,0.0
bxaic__indole__gcn__seed123,bxaic,indole,gcn,123,ig,P01_checkpoint_rerun,0.2,fixed_historical_q,51,51,0,1887,0,1847,0,0.1874788291477502,0.1874788291477502,0.0,0.5254579598586971,0.5254579598586971,0.0,0.4732278704302151,0.4732278704302151,0.0,0.4209108154000678,0.4209108154000678,0.0
bxaic__indole__gcn__seed123,bxaic,indole,gcn,123,ig,P01_checkpoint_rerun,0.2,fixed_current_machine_q,51,51,0,1887,0,1847,0,0.1874788291477502,0.1874788291477502,0.0,0.5254579598586971,0.5254579598586971,0.0,0.4732278704302151,0.4732278704302151,0.0,0.4209108154000678,0.4209108154000678,0.0
bxaic__indole__gcn__seed123,bxaic,indole,gcn,123,ig,P01_checkpoint_rerun,0.2,recalibrated,51,51,0,1887,0,1847,0,0.1874788291477502,0.1874788291477502,0.0,0.5254579598586971,0.5254579598586971,0.0,0.4732278704302151,0.4732278704302151,0.0,0.4209108154000678,0.4209108154000678,0.0
bxaic__indole__gcn__seed123,bxaic,indole,gcn,123,gradinput,P01_checkpoint_rerun,0.05,fixed_historical_q,96,96,0,1887,0,1847,0,0.0476337234323165,0.0476337234323165,0.0,0.9747994993281917,0.9747994993281917,0.0,0.3085712242486347,0.3085712242486347,0.0,0.3050688470168453,0.3050688470168453,0.0
bxaic__indole__gcn__seed123,bxaic,indole,gcn,123,gradinput,P01_checkpoint_rerun,0.05,fixed_current_machine_q,96,96,0,1887,0,1847,0,0.0476337234323165,0.0476337234323165,0.0,0.9747994993281917,0.9747994993281917,0.0,0.3085712242486347,0.3085712242486347,0.0,0.3050688470168453,0.3050688470168453,0.0
bxaic__indole__gcn__seed123,bxaic,indole,gcn,123,gradinput,P01_checkpoint_rerun,0.05,recalibrated,96,96,0,1887,0,1847,0,0.0476337234323165,0.0476337234323165,0.0,0.9747994993281917,0.9747994993281917,0.0,0.3085712242486347,0.3085712242486347,0.0,0.3050688470168453,0.3050688470168453,0.0
bxaic__indole__gcn__seed123,bxaic,indole,gcn,123,gradinput,P01_checkpoint_rerun,0.1,fixed_historical_q,83,83,0,1887,1,1847,0,0.0977287608920006,0.0977287608920006,0.0,0.8468982391419407,0.8468982391419407,0.0,0.3340872922759846,0.3340872922759846,0.0,0.3214103922293019,0.3214103922293019,0.0
bxaic__indole__gcn__seed123,bxaic,indole,gcn,123,gradinput,P01_checkpoint_rerun,0.1,fixed_current_machine_q,83,83,0,1887,1,1847,0,0.0977287608920006,0.0977287608920006,0.0,0.8468982391419407,0.8468982391419407,0.0,0.3340872922759846,0.3340872922759846,0.0,0.3214103922293019,0.3214103922293019,0.0
bxaic__indole__gcn__seed123,bxaic,indole,gcn,123,gradinput,P01_checkpoint_rerun,0.1,recalibrated,83,83,0,1887,1,1847,0,0.0977287608920006,0.0977287608920006,0.0,0.8468982391419407,0.8468982391419407,0.0,0.3340872922759846,0.3340872922759846,0.0,0.3214103922293019,0.3214103922293019,0.0
bxaic__indole__gcn__seed123,bxaic,indole,gcn,123,gradinput,P01_checkpoint_rerun,0.2,fixed_historical_q,51,51,0,1887,0,1847,0,0.1939799582598698,0.1939799582598698,0.0,0.5254579598586971,0.5254579598586971,0.0,0.4712638135335002,0.4712638135335002,0.0,0.417584505339479,0.417584505339479,0.0
bxaic__indole__gcn__seed123,bxaic,indole,gcn,123,gradinput,P01_checkpoint_rerun,0.2,fixed_current_machine_q,51,51,0,1887,0,1847,0,0.1939799582598698,0.1939799582598698,0.0,0.5254579598586971,0.5254579598586971,0.0,0.4712638135335002,0.4712638135335002,0.0,0.417584505339479,0.417584505339479,0.0
bxaic__indole__gcn__seed123,bxaic,indole,gcn,123,gradinput,P01_checkpoint_rerun,0.2,recalibrated,51,51,0,1887,0,1847,0,0.1939799582598698,0.1939799582598698,0.0,0.5254579598586971,0.5254579598586971,0.0,0.4712638135335002,0.4712638135335002,0.0,0.417584505339479,0.417584505339479,0.0
bxaic__indole__gcn__seed123,bxaic,indole,gcn,123,atom_occlusion,P20_frozen_cache,0.05,fixed_historical_q,67,67,0,1887,0,1847,0,0.042981284041111,0.042981284041111,0.0,0.6886269315023922,0.6886269315023922,0.0,0.4315733031393808,0.4315733031393808,0.0,0.4219955522750513,0.4219955522750513,0.0
bxaic__indole__gcn__seed123,bxaic,indole,gcn,123,atom_occlusion,P20_frozen_cache,0.05,fixed_current_machine_q,67,67,0,1887,0,1847,0,0.042981284041111,0.042981284041111,0.0,0.6886269315023922,0.6886269315023922,0.0,0.4315733031393808,0.4315733031393808,0.0,0.4219955522750513,0.4219955522750513,0.0
bxaic__indole__gcn__seed123,bxaic,indole,gcn,123,atom_occlusion,P20_frozen_cache,0.05,recalibrated,67,67,0,1887,0,1847,0,0.042981284041111,0.042981284041111,0.0,0.6886269315023922,0.6886269315023922,0.0,0.4315733031393808,0.4315733031393808,0.0,0.4219955522750513,0.4219955522750513,0.0
bxaic__indole__gcn__seed123,bxaic,indole,gcn,123,atom_occlusion,P20_frozen_cache,0.1,fixed_historical_q,56,56,0,1887,101,1847,96,0.0926729184309052,0.0940981911068546,0.0014252726759494,0.5771687133266318,0.5752647248768914,-0.0019039884497403,0.4832019378062315,0.4840351695597553,0.0008332317535238,0.4575426484298666,0.4577892605232126,0.000246612093346
bxaic__indole__gcn__seed123,bxaic,indole,gcn,123,atom_occlusion,P20_frozen_cache,0.1,fixed_current_machine_q,56,56,0,1887,101,1847,96,0.0926729184309052,0.0940981911068546,0.0014252726759494,0.5771687133266318,0.5752647248768914,-0.0019039884497403,0.4832019378062315,0.4840351695597553,0.0008332317535238,0.4575426484298666,0.4577892605232126,0.000246612093346
bxaic__indole__gcn__seed123,bxaic,indole,gcn,123,atom_occlusion,P20_frozen_cache,0.1,recalibrated,56,56,0,1887,101,1847,96,0.0926729184309052,0.0940981911068546,0.0014252726759494,0.5771687133266318,0.5752647248768914,-0.0019039884497403,0.4832019378062315,0.4840351695597553,0.0008332317535238,0.4575426484298666,0.4577892605232126,0.000246612093346
bxaic__indole__gcn__seed123,bxaic,indole,gcn,123,atom_occlusion,P20_frozen_cache,0.2,fixed_historical_q,43,43,0,1887,0,1847,0,0.1954820668613308,0.1954820668613308,0.0,0.4472760748792189,0.4472760748792189,0.0,0.5416887048259439,0.5416887048259439,0.0,0.4746752487966044,0.4746752487966044,0.0
bxaic__indole__gcn__seed123,bxaic,indole,gcn,123,atom_occlusion,P20_frozen_cache,0.2,fixed_current_machine_q,43,43,0,1887,0,1847,0,0.1954820668613308,0.1954820668613308,0.0,0.4472760748792189,0.4472760748792189,0.0,0.5416887048259439,0.5416887048259439,0.0,0.4746752487966044,0.4746752487966044,0.0
bxaic__indole__gcn__seed123,bxaic,indole,gcn,123,atom_occlusion,P20_frozen_cache,0.2,recalibrated,43,43,0,1887,0,1847,0,0.1954820668613308,0.1954820668613308,0.0,0.4472760748792189,0.4472760748792189,0.0,0.5416887048259439,0.5416887048259439,0.0,0.4746752487966044,0.4746752487966044,0.0
bxaic__indole__gcn__seed123,bxaic,indole,gcn,123,saliency,P20_frozen_cache,0.05,fixed_historical_q,92,92,0,1887,0,1847,0,0.0412151953502797,0.0412151953502797,0.0,0.9357253254577884,0.9357253254577884,0.0,0.3204483841652983,0.3204483841652983,0.0,0.3158142344396046,0.3158142344396046,0.0
bxaic__indole__gcn__seed123,bxaic,indole,gcn,123,saliency,P20_frozen_cache,0.05,fixed_current_machine_q,92,92,0,1887,0,1847,0,0.0412151953502797,0.0412151953502797,0.0,0.9357253254577884,0.9357253254577884,0.0,0.3204483841652983,0.3204483841652983,0.0,0.3158142344396046,0.3158142344396046,0.0
bxaic__indole__gcn__seed123,bxaic,indole,gcn,123,saliency,P20_frozen_cache,0.05,recalibrated,92,92,0,1887,0,1847,0,0.0412151953502797,0.0412151953502797,0.0,0.9357253254577884,0.9357253254577884,0.0,0.3204483841652983,0.3204483841652983,0.0,0.3158142344396046,0.3158142344396046,0.0
bxaic__indole__gcn__seed123,bxaic,indole,gcn,123,saliency,P20_frozen_cache,0.1,fixed_historical_q,85,85,0,1887,0,1847,0,0.0905276825282251,0.0905276825282251,0.0,0.8652452057581667,0.8652452057581667,0.0,0.3270188650935088,0.3270188650935088,0.0,0.3161918670794107,0.3161918670794107,0.0
bxaic__indole__gcn__seed123,bxaic,indole,gcn,123,saliency,P20_frozen_cache,0.1,fixed_current_machine_q,85,85,0,1887,0,1847,0,0.0905276825282251,0.0905276825282251,0.0,0.8652452057581667,0.8652452057581667,0.0,0.3270188650935088,0.3270188650935088,0.0,0.3161918670794107,0.3161918670794107,0.0
bxaic__indole__gcn__seed123,bxaic,indole,gcn,123,saliency,P20_frozen_cache,0.1,recalibrated,85,85,0,1887,0,1847,0,0.0905276825282251,0.0905276825282251,0.0,0.8652452057581667,0.8652452057581667,0.0,0.3270188650935088,0.3270188650935088,0.0,0.3161918670794107,0.3161918670794107,0.0
bxaic__indole__gcn__seed123,bxaic,indole,gcn,123,saliency,P20_frozen_cache,0.2,fixed_historical_q,74,74,0,1887,0,1847,0,0.1855329617443857,0.1855329617443857,0.0,0.756226167854029,0.756226167854029,0.0,0.3318303253671757,0.3318303253671757,0.0,0.3085820519664705,0.3085820519664705,0.0
bxaic__indole__gcn__seed123,bxaic,indole,gcn,123,saliency,P20_frozen_cache,0.2,fixed_current_machine_q,74,74,0,1887,0,1847,0,0.1855329617443857,0.1855329617443857,0.0,0.756226167854029,0.756226167854029,0.0,0.3318303253671757,0.3318303253671757,0.0,0.3085820519664705,0.3085820519664705,0.0
bxaic__indole__gcn__seed123,bxaic,indole,gcn,123,saliency,P20_frozen_cache,0.2,recalibrated,74,74,0,1887,0,1847,0,0.1855329617443857,0.1855329617443857,0.0,0.756226167854029,0.756226167854029,0.0,0.3318303253671757,0.3318303253671757,0.0,0.3085820519664705,0.3085820519664705,0.0
bxaic__indole__gcn__seed2026,bxaic,indole,gcn,2026,ig,P01_checkpoint_rerun,0.05,fixed_historical_q,81,81,0,1887,1,1847,0,0.0434531163957265,0.0434531163957265,0.0,0.8271643980179227,0.8271643980179227,0.0,0.3604422114540702,0.3604422114540702,0.0,0.353766316661793,0.353766316661793,0.0
bxaic__indole__gcn__seed2026,bxaic,indole,gcn,2026,ig,P01_checkpoint_rerun,0.05,fixed_current_machine_q,81,81,0,1887,1,1847,0,0.0434531163957265,0.0434531163957265,0.0,0.8271643980179227,0.8271643980179227,0.0,0.3604422114540702,0.3604422114540702,0.0,0.353766316661793,0.353766316661793,0.0
bxaic__indole__gcn__seed2026,bxaic,indole,gcn,2026,ig,P01_checkpoint_rerun,0.05,recalibrated,81,81,0,1887,1,1847,0,0.0434531163957265,0.0434531163957265,0.0,0.8271643980179227,0.8271643980179227,0.0,0.3604422114540702,0.3604422114540702,0.0,0.353766316661793,0.353766316661793,0.0
bxaic__indole__gcn__seed2026,bxaic,indole,gcn,2026,ig,P01_checkpoint_rerun,0.1,fixed_historical_q,71,71,0,1887,0,1847,0,0.0928076367775895,0.0928076367775895,0.0,0.7271648836103565,0.7271648836103565,0.0,0.3862174933141398,0.3862174933141398,0.0,0.3689884617232122,0.3689884617232122,0.0
bxaic__indole__gcn__seed2026,bxaic,indole,gcn,2026,ig,P01_checkpoint_rerun,0.1,fixed_current_machine_q,71,71,0,1887,0,1847,0,0.0928076367775895,0.0928076367775895,0.0,0.7271648836103565,0.7271648836103565,0.0,0.3862174933141398,0.3862174933141398,0.0,0.3689884617232122,0.3689884617232122,0.0
bxaic__indole__gcn__seed2026,bxaic,indole,gcn,2026,ig,P01_checkpoint_rerun,0.1,recalibrated,71,71,0,1887,0,1847,0,0.0928076367775895,0.0928076367775895,0.0,0.7271648836103565,0.7271648836103565,0.0,0.3862174933141398,0.3862174933141398,0.0,0.3689884617232122,0.3689884617232122,0.0
bxaic__indole__gcn__seed2026,bxaic,indole,gcn,2026,ig,P01_checkpoint_rerun,0.2,fixed_historical_q,58,58,0,1887,0,1847,0,0.1929748055289462,0.1929748055289462,0.0,0.5961126805626694,0.5961126805626694,0.0,0.4150936314835685,0.4150936314835685,0.0,0.3731174415802045,0.3731174415802045,0.0
bxaic__indole__gcn__seed2026,bxaic,indole,gcn,2026,ig,P01_checkpoint_rerun,0.2,fixed_current_machine_q,58,58,0,1887,0,1847,0,0.1929748055289462,0.1929748055289462,0.0,0.5961126805626694,0.5961126805626694,0.0,0.4150936314835685,0.4150936314835685,0.0,0.3731174415802045,0.3731174415802045,0.0
bxaic__indole__gcn__seed2026,bxaic,indole,gcn,2026,ig,P01_checkpoint_rerun,0.2,recalibrated,58,58,0,1887,0,1847,0,0.1929748055289462,0.1929748055289462,0.0,0.5961126805626694,0.5961126805626694,0.0,0.4150936314835685,0.4150936314835685,0.0,0.3731174415802045,0.3731174415802045,0.0
bxaic__indole__gcn__seed2026,bxaic,indole,gcn,2026,gradinput,P01_checkpoint_rerun,0.05,fixed_historical_q,97,97,0,1887,0,1847,0,0.0196083739397221,0.0196083739397221,0.0,0.9902939499285937,0.9902939499285937,0.0,0.3115275479318511,0.3115275479318511,0.0,0.3104401909897898,0.3104401909897898,0.0
bxaic__indole__gcn__seed2026,bxaic,indole,gcn,2026,gradinput,P01_checkpoint_rerun,0.05,fixed_current_machine_q,97,97,0,1887,0,1847,0,0.0196083739397221,0.0196083739397221,0.0,0.9902939499285937,0.9902939499285937,0.0,0.3115275479318511,0.3115275479318511,0.0,0.3104401909897898,0.3104401909897898,0.0
bxaic__indole__gcn__seed2026,bxaic,indole,gcn,2026,gradinput,P01_checkpoint_rerun,0.05,recalibrated,97,97,0,1887,0,1847,0,0.0196083739397221,0.0196083739397221,0.0,0.9902939499285937,0.9902939499285937,0.0,0.3115275479318511,0.3115275479318511,0.0,0.3104401909897898,0.3104401909897898,0.0
bxaic__indole__gcn__seed2026,bxaic,indole,gcn,2026,gradinput,P01_checkpoint_rerun,0.1,fixed_historical_q,87,87,0,1887,0,1847,0,0.0977877037839159,0.0977877037839159,0.0,0.8868457173036999,0.8868457173036999,0.0,0.3190296115702078,0.3190296115702078,0.0,0.3073286263132079,0.3073286263132079,0.0
bxaic__indole__gcn__seed2026,bxaic,indole,gcn,2026,gradinput,P01_checkpoint_rerun,0.1,fixed_current_machine_q,87,87,0,1887,0,1847,0,0.0977877037839159,0.0977877037839159,0.0,0.8868457173036999,0.8868457173036999,0.0,0.3190296115702078,0.3190296115702078,0.0,0.3073286263132079,0.3073286263132079,0.0
bxaic__indole__gcn__seed2026,bxaic,indole,gcn,2026,gradinput,P01_checkpoint_rerun,0.1,recalibrated,87,87,0,1887,0,1847,0,0.0977877037839159,0.0977877037839159,0.0,0.8868457173036999,0.8868457173036999,0.0,0.3190296115702078,0.3190296115702078,0.0,0.3073286263132079,0.3073286263132079,0.0
bxaic__indole__gcn__seed2026,bxaic,indole,gcn,2026,gradinput,P01_checkpoint_rerun,0.2,fixed_historical_q,51,51,0,1887,0,1847,0,0.1902333536943718,0.1902333536943718,0.0,0.5254579598586971,0.5254579598586971,0.0,0.4763970209392396,0.4763970209392396,0.0,0.4232903100074987,0.4232903100074987,0.0
bxaic__indole__gcn__seed2026,bxaic,indole,gcn,2026,gradinput,P01_checkpoint_rerun,0.2,fixed_current_machine_q,51,51,0,1887,0,1847,0,0.1902333536943718,0.1902333536943718,0.0,0.5254579598586971,0.5254579598586971,0.0,0.4763970209392396,0.4763970209392396,0.0,0.4232903100074987,0.4232903100074987,0.0
bxaic__indole__gcn__seed2026,bxaic,indole,gcn,2026,gradinput,P01_checkpoint_rerun,0.2,recalibrated,51,51,0,1887,0,1847,0,0.1902333536943718,0.1902333536943718,0.0,0.5254579598586971,0.5254579598586971,0.0,0.4763970209392396,0.4763970209392396,0.0,0.4232903100074987,0.4232903100074987,0.0
bxaic__indole__gcn__seed2026,bxaic,indole,gcn,2026,atom_occlusion,P20_frozen_cache,0.05,fixed_historical_q,66,66,0,1887,0,1847,0,0.0417276919374918,0.0417276919374918,0.0,0.6771674344541084,0.6771674344541084,0.0,0.4382758326115218,0.4382758326115218,0.0,0.4273496893175493,0.4273496893175493,0.0
bxaic__indole__gcn__seed2026,bxaic,indole,gcn,2026,atom_occlusion,P20_frozen_cache,0.05,fixed_current_machine_q,66,66,0,1887,0,1847,0,0.0417276919374918,0.0417276919374918,0.0,0.6771674344541084,0.6771674344541084,0.0,0.4382758326115218,0.4382758326115218,0.0,0.4273496893175493,0.4273496893175493,0.0
bxaic__indole__gcn__seed2026,bxaic,indole,gcn,2026,atom_occlusion,P20_frozen_cache,0.05,recalibrated,66,66,0,1887,0,1847,0,0.0417276919374918,0.0417276919374918,0.0,0.6771674344541084,0.6771674344541084,0.0,0.4382758326115218,0.4382758326115218,0.0,0.4273496893175493,0.4273496893175493,0.0
bxaic__indole__gcn__seed2026,bxaic,indole,gcn,2026,atom_occlusion,P20_frozen_cache,0.1,fixed_historical_q,55,55,0,1887,4,1847,1,0.0914381448626178,0.0914381448626178,0.0,0.565655995935434,0.5656505817502688,-5.414185165197871e-06,0.49220644033771,0.492207846619571,1.406281861071612e-06,0.4643033771531127,0.4643047340917506,1.3569386378420312e-06
bxaic__indole__gcn__seed2026,bxaic,indole,gcn,2026,atom_occlusion,P20_frozen_cache,0.1,fixed_current_machine_q,55,55,0,1887,4,1847,1,0.0914381448626178,0.0914381448626178,0.0,0.565655995935434,0.5656505817502688,-5.414185165197871e-06,0.49220644033771,0.492207846619571,1.406281861071612e-06,0.4643033771531127,0.4643047340917506,1.3569386378420312e-06
bxaic__indole__gcn__seed2026,bxaic,indole,gcn,2026,atom_occlusion,P20_frozen_cache,0.1,recalibrated,55,55,0,1887,4,1847,1,0.0914381448626178,0.0914381448626178,0.0,0.565655995935434,0.5656505817502688,-5.414185165197871e-06,0.49220644033771,0.492207846619571,1.406281861071612e-06,0.4643033771531127,0.4643047340917506,1.3569386378420312e-06
bxaic__indole__gcn__seed2026,bxaic,indole,gcn,2026,atom_occlusion,P20_frozen_cache,0.2,fixed_historical_q,42,42,0,1887,0,1847,0,0.1896713042016233,0.1896713042016233,0.0,0.4364188837908413,0.4364188837908413,0.0,0.5620473401373309,0.5620473401373309,0.0,0.491689624513804,0.491689624513804,0.0
bxaic__indole__gcn__seed2026,bxaic,indole,gcn,2026,atom_occlusion,P20_frozen_cache,0.2,fixed_current_machine_q,42,42,0,1887,0,1847,0,0.1896713042016233,0.1896713042016233,0.0,0.4364188837908413,0.4364188837908413,0.0,0.5620473401373309,0.5620473401373309,0.0,0.491689624513804,0.491689624513804,0.0
bxaic__indole__gcn__seed2026,bxaic,indole,gcn,2026,atom_occlusion,P20_frozen_cache,0.2,recalibrated,42,42,0,1887,0,1847,0,0.1896713042016233,0.1896713042016233,0.0,0.4364188837908413,0.4364188837908413,0.0,0.5620473401373309,0.5620473401373309,0.0,0.491689624513804,0.491689624513804,0.0
bxaic__indole__gcn__seed2026,bxaic,indole,gcn,2026,saliency,P20_frozen_cache,0.05,fixed_historical_q,79,79,0,1887,0,1847,0,0.0413869337664685,0.0413869337664685,0.0,0.8060574077896853,0.8060574077896853,0.0,0.3706803336983484,0.3706803336983484,0.0,0.3638091524213213,0.3638091524213213,0.0
bxaic__indole__gcn__seed2026,bxaic,indole,gcn,2026,saliency,P20_frozen_cache,0.05,fixed_current_machine_q,79,79,0,1887,0,1847,0,0.0413869337664685,0.0413869337664685,0.0,0.8060574077896853,0.8060574077896853,0.0,0.3706803336983484,0.3706803336983484,0.0,0.3638091524213213,0.3638091524213213,0.0
bxaic__indole__gcn__seed2026,bxaic,indole,gcn,2026,saliency,P20_frozen_cache,0.05,recalibrated,79,79,0,1887,0,1847,0,0.0413869337664685,0.0413869337664685,0.0,0.8060574077896853,0.8060574077896853,0.0,0.3706803336983484,0.3706803336983484,0.0,0.3638091524213213,0.3638091524213213,0.0
bxaic__indole__gcn__seed2026,bxaic,indole,gcn,2026,saliency,P20_frozen_cache,0.1,fixed_historical_q,70,70,0,1887,189,1847,177,0.0945475222004742,0.0970364277483944,0.0024889055479201,0.7179879589860199,0.7147426779095065,-0.0032452810765133,0.3907315663706389,0.3914316385425889,0.00070007217195,0.3738886705616405,0.3739379118625982,4.924130095773638e-05
bxaic__indole__gcn__seed2026,bxaic,indole,gcn,2026,saliency,P20_frozen_cache,0.1,fixed_current_machine_q,70,70,0,1887,189,1847,177,0.0945475222004742,0.0970364277483944,0.0024889055479201,0.7179879589860199,0.7147426779095065,-0.0032452810765133,0.3907315663706389,0.3914316385425889,0.00070007217195,0.3738886705616405,0.3739379118625982,4.924130095773638e-05
bxaic__indole__gcn__seed2026,bxaic,indole,gcn,2026,saliency,P20_frozen_cache,0.1,recalibrated,70,71,1,1887,630,1847,625,0.0945475222004742,0.0872675255322803,-0.0072799966681938,0.7179879589860199,0.7271648836103565,0.0091769246243366,0.3907315663706389,0.3890493553962705,-0.0016822109743683,0.3738886705616405,0.3735466079405272,-0.0003420626211132
bxaic__indole__gcn__seed2026,bxaic,indole,gcn,2026,saliency,P20_frozen_cache,0.2,fixed_historical_q,60,60,0,1887,0,1847,0,0.1941168746731813,0.1941168746731813,0.0,0.6127240769996649,0.6127240769996649,0.0,0.4039938368291099,0.4039938368291099,0.0,0.3669359816796519,0.3669359816796519,0.0
bxaic__indole__gcn__seed2026,bxaic,indole,gcn,2026,saliency,P20_frozen_cache,0.2,fixed_current_machine_q,60,60,0,1887,0,1847,0,0.1941168746731813,0.1941168746731813,0.0,0.6127240769996649,0.6127240769996649,0.0,0.4039938368291099,0.4039938368291099,0.0,0.3669359816796519,0.3669359816796519,0.0
bxaic__indole__gcn__seed2026,bxaic,indole,gcn,2026,saliency,P20_frozen_cache,0.2,recalibrated,60,60,0,1887,0,1847,0,0.1941168746731813,0.1941168746731813,0.0,0.6127240769996649,0.6127240769996649,0.0,0.4039938368291099,0.4039938368291099,0.0,0.3669359816796519,0.3669359816796519,0.0
bxaic__indole__gcn__seed42,bxaic,indole,gcn,42,ig,P01_checkpoint_rerun,0.05,fixed_historical_q,77,77,0,1887,0,1847,0,0.048528394393311,0.048528394393311,0.0,0.7868792996495793,0.7868792996495793,0.0,0.3766791323480056,0.3766791323480056,0.0,0.3684999131190922,0.3684999131190922,0.0
bxaic__indole__gcn__seed42,bxaic,indole,gcn,42,ig,P01_checkpoint_rerun,0.05,fixed_current_machine_q,77,77,0,1887,0,1847,0,0.048528394393311,0.048528394393311,0.0,0.7868792996495793,0.7868792996495793,0.0,0.3766791323480056,0.3766791323480056,0.0,0.3684999131190922,0.3684999131190922,0.0
bxaic__indole__gcn__seed42,bxaic,indole,gcn,42,ig,P01_checkpoint_rerun,0.05,recalibrated,77,77,0,1887,0,1847,0,0.048528394393311,0.048528394393311,0.0,0.7868792996495793,0.7868792996495793,0.0,0.3766791323480056,0.3766791323480056,0.0,0.3684999131190922,0.3684999131190922,0.0
bxaic__indole__gcn__seed42,bxaic,indole,gcn,42,ig,P01_checkpoint_rerun,0.1,fixed_historical_q,68,68,0,1887,7,1847,4,0.0951195979620466,0.0951195979620466,0.0,0.6955214960377761,0.6954962298403388,-2.526619743736802e-05,0.4027538760795702,0.4027606686861984,6.792606628169828e-06,0.3837034398697677,0.3837102324763958,6.792606628058806e-06
bxaic__indole__gcn__seed42,bxaic,indole,gcn,42,ig,P01_checkpoint_rerun,0.1,fixed_current_machine_q,68,68,0,1887,7,1847,4,0.0951195979620466,0.0951195979620466,0.0,0.6955214960377761,0.6954962298403388,-2.526619743736802e-05,0.4027538760795702,0.4027606686861984,6.792606628169828e-06,0.3837034398697677,0.3837102324763958,6.792606628058806e-06
bxaic__indole__gcn__seed42,bxaic,indole,gcn,42,ig,P01_checkpoint_rerun,0.1,recalibrated,68,68,0,1887,7,1847,4,0.0951195979620466,0.0951195979620466,0.0,0.6955214960377761,0.6954962298403388,-2.526619743736802e-05,0.4027538760795702,0.4027606686861984,6.792606628169828e-06,0.3837034398697677,0.3837102324763958,6.792606628058806e-06
bxaic__indole__gcn__seed42,bxaic,indole,gcn,42,ig,P01_checkpoint_rerun,0.2,fixed_historical_q,55,55,0,1887,4,1847,1,0.192736990144949,0.192736990144949,0.0,0.565655995935434,0.5656505817502688,-5.414185165197871e-06,0.4356004699759505,0.4356020520430441,1.5820670936639305e-06,0.3884825210757765,0.3884841031428702,1.5820670936639305e-06
bxaic__indole__gcn__seed42,bxaic,indole,gcn,42,ig,P01_checkpoint_rerun,0.2,fixed_current_machine_q,55,55,0,1887,4,1847,1,0.192736990144949,0.192736990144949,0.0,0.565655995935434,0.5656505817502688,-5.414185165197871e-06,0.4356004699759505,0.4356020520430441,1.5820670936639305e-06,0.3884825210757765,0.3884841031428702,1.5820670936639305e-06
bxaic__indole__gcn__seed42,bxaic,indole,gcn,42,ig,P01_checkpoint_rerun,0.2,recalibrated,55,55,0,1887,4,1847,1,0.192736990144949,0.192736990144949,0.0,0.565655995935434,0.5656505817502688,-5.414185165197871e-06,0.4356004699759505,0.4356020520430441,1.5820670936639305e-06,0.3884825210757765,0.3884841031428702,1.5820670936639305e-06
bxaic__indole__gcn__seed42,bxaic,indole,gcn,42,gradinput,P01_checkpoint_rerun,0.05,fixed_historical_q,83,83,0,1887,1,1847,0,0.0470045557823042,0.0470045557823042,0.0,0.8468982391419407,0.8468982391419407,0.0,0.3514705181308816,0.3514705181308816,0.0,0.3444815832831975,0.3444815832831975,0.0
bxaic__indole__gcn__seed42,bxaic,indole,gcn,42,gradinput,P01_checkpoint_rerun,0.05,fixed_current_machine_q,83,83,0,1887,1,1847,0,0.0470045557823042,0.0470045557823042,0.0,0.8468982391419407,0.8468982391419407,0.0,0.3514705181308816,0.3514705181308816,0.0,0.3444815832831975,0.3444815832831975,0.0
bxaic__indole__gcn__seed42,bxaic,indole,gcn,42,gradinput,P01_checkpoint_rerun,0.05,recalibrated,83,83,0,1887,1,1847,0,0.0470045557823042,0.0470045557823042,0.0,0.8468982391419407,0.8468982391419407,0.0,0.3514705181308816,0.3514705181308816,0.0,0.3444815832831975,0.3444815832831975,0.0
bxaic__indole__gcn__seed42,bxaic,indole,gcn,42,gradinput,P01_checkpoint_rerun,0.1,fixed_historical_q,69,69,0,1887,1,1847,0,0.0921602483121179,0.0921602483121179,0.0,0.7066609235190726,0.7066609235190726,0.0,0.3997637105943299,0.3997637105943299,0.0,0.3817209204873035,0.3817209204873035,0.0
bxaic__indole__gcn__seed42,bxaic,indole,gcn,42,gradinput,P01_checkpoint_rerun,0.1,fixed_current_machine_q,69,69,0,1887,1,1847,0,0.0921602483121179,0.0921602483121179,0.0,0.7066609235190726,0.7066609235190726,0.0,0.3997637105943299,0.3997637105943299,0.0,0.3817209204873035,0.3817209204873035,0.0
bxaic__indole__gcn__seed42,bxaic,indole,gcn,42,gradinput,P01_checkpoint_rerun,0.1,recalibrated,69,69,0,1887,1,1847,0,0.0921602483121179,0.0921602483121179,0.0,0.7066609235190726,0.7066609235190726,0.0,0.3997637105943299,0.3997637105943299,0.0,0.3817209204873035,0.3817209204873035,0.0
bxaic__indole__gcn__seed42,bxaic,indole,gcn,42,gradinput,P01_checkpoint_rerun,0.2,fixed_historical_q,51,51,0,1887,0,1847,0,0.1878853750672909,0.1878853750672909,0.0,0.5254579598586971,0.5254579598586971,0.0,0.4723861281492904,0.4723861281492904,0.0,0.420240316409121,0.420240316409121,0.0
bxaic__indole__gcn__seed42,bxaic,indole,gcn,42,gradinput,P01_checkpoint_rerun,0.2,fixed_current_machine_q,51,51,0,1887,0,1847,0,0.1878853750672909,0.1878853750672909,0.0,0.5254579598586971,0.5254579598586971,0.0,0.4723861281492904,0.4723861281492904,0.0,0.420240316409121,0.420240316409121,0.0
bxaic__indole__gcn__seed42,bxaic,indole,gcn,42,gradinput,P01_checkpoint_rerun,0.2,recalibrated,51,51,0,1887,0,1847,0,0.1878853750672909,0.1878853750672909,0.0,0.5254579598586971,0.5254579598586971,0.0,0.4723861281492904,0.4723861281492904,0.0,0.420240316409121,0.420240316409121,0.0
bxaic__indole__gcn__seed42,bxaic,indole,gcn,42,atom_occlusion,P20_frozen_cache,0.05,fixed_historical_q,64,64,0,1887,0,1847,0,0.0448949902590945,0.0448949902590945,0.0,0.6552994324012759,0.6552994324012759,0.0,0.4513202787364967,0.4513202787364967,0.0,0.438727394174761,0.438727394174761,0.0
bxaic__indole__gcn__seed42,bxaic,indole,gcn,42,atom_occlusion,P20_frozen_cache,0.05,fixed_current_machine_q,64,64,0,1887,0,1847,0,0.0448949902590945,0.0448949902590945,0.0,0.6552994324012759,0.6552994324012759,0.0,0.4513202787364967,0.4513202787364967,0.0,0.438727394174761,0.438727394174761,0.0
bxaic__indole__gcn__seed42,bxaic,indole,gcn,42,atom_occlusion,P20_frozen_cache,0.05,recalibrated,64,64,0,1887,0,1847,0,0.0448949902590945,0.0448949902590945,0.0,0.6552994324012759,0.6552994324012759,0.0,0.4513202787364967,0.4513202787364967,0.0,0.438727394174761,0.438727394174761,0.0
bxaic__indole__gcn__seed42,bxaic,indole,gcn,42,atom_occlusion,P20_frozen_cache,0.1,fixed_historical_q,54,54,0,1887,0,1847,0,0.0927572740580331,0.0927572740580331,0.0,0.5561347932755574,0.5561347932755574,0.0,0.4998783380518389,0.4998783380518389,0.0,0.4704997266994719,0.4704997266994719,0.0
bxaic__indole__gcn__seed42,bxaic,indole,gcn,42,atom_occlusion,P20_frozen_cache,0.1,fixed_current_machine_q,54,54,0,1887,0,1847,0,0.0927572740580331,0.0927572740580331,0.0,0.5561347932755574,0.5561347932755574,0.0,0.4998783380518389,0.4998783380518389,0.0,0.4704997266994719,0.4704997266994719,0.0
bxaic__indole__gcn__seed42,bxaic,indole,gcn,42,atom_occlusion,P20_frozen_cache,0.1,recalibrated,54,54,0,1887,0,1847,0,0.0927572740580331,0.0927572740580331,0.0,0.5561347932755574,0.5561347932755574,0.0,0.4998783380518389,0.4998783380518389,0.0,0.4704997266994719,0.4704997266994719,0.0
bxaic__indole__gcn__seed42,bxaic,indole,gcn,42,atom_occlusion,P20_frozen_cache,0.2,fixed_historical_q,41,41,0,1887,1,1847,0,0.1945211646822371,0.1945211646822371,0.0,0.426605049899327,0.426605049899327,0.0,0.5680877361622839,0.5680877361622839,0.0,0.4928505582569342,0.4928505582569342,0.0
bxaic__indole__gcn__seed42,bxaic,indole,gcn,42,atom_occlusion,P20_frozen_cache,0.2,fixed_current_machine_q,41,41,0,1887,1,1847,0,0.1945211646822371,0.1945211646822371,0.0,0.426605049899327,0.426605049899327,0.0,0.5680877361622839,0.5680877361622839,0.0,0.4928505582569342,0.4928505582569342,0.0
bxaic__indole__gcn__seed42,bxaic,indole,gcn,42,atom_occlusion,P20_frozen_cache,0.2,recalibrated,41,41,0,1887,1,1847,0,0.1945211646822371,0.1945211646822371,0.0,0.426605049899327,0.426605049899327,0.0,0.5680877361622839,0.5680877361622839,0.0,0.4928505582569342,0.4928505582569342,0.0
bxaic__indole__gcn__seed42,bxaic,indole,gcn,42,saliency,P20_frozen_cache,0.05,fixed_historical_q,92,92,0,1887,0,1847,0,0.0476607943581419,0.0476607943581419,0.0,0.9357253254577884,0.9357253254577884,0.0,0.3180229938212578,0.3180229938212578,0.0,0.3125503511510072,0.3125503511510072,0.0
bxaic__indole__gcn__seed42,bxaic,indole,gcn,42,saliency,P20_frozen_cache,0.05,fixed_current_machine_q,92,92,0,1887,0,1847,0,0.0476607943581419,0.0476607943581419,0.0,0.9357253254577884,0.9357253254577884,0.0,0.3180229938212578,0.3180229938212578,0.0,0.3125503511510072,0.3125503511510072,0.0
bxaic__indole__gcn__seed42,bxaic,indole,gcn,42,saliency,P20_frozen_cache,0.05,recalibrated,92,92,0,1887,0,1847,0,0.0476607943581419,0.0476607943581419,0.0,0.9357253254577884,0.9357253254577884,0.0,0.3180229938212578,0.3180229938212578,0.0,0.3125503511510072,0.3125503511510072,0.0
bxaic__indole__gcn__seed42,bxaic,indole,gcn,42,saliency,P20_frozen_cache,0.1,fixed_historical_q,86,86,0,1887,0,1847,0,0.0936084657186456,0.0936084657186456,0.0,0.875910682771859,0.875910682771859,0.0,0.323237449104889,0.323237449104889,0.0,0.3125549310016823,0.3125549310016823,0.0
bxaic__indole__gcn__seed42,bxaic,indole,gcn,42,saliency,P20_frozen_cache,0.1,fixed_current_machine_q,86,86,0,1887,0,1847,0,0.0936084657186456,0.0936084657186456,0.0,0.875910682771859,0.875910682771859,0.0,0.323237449104889,0.323237449104889,0.0,0.3125549310016823,0.3125549310016823,0.0
bxaic__indole__gcn__seed42,bxaic,indole,gcn,42,saliency,P20_frozen_cache,0.1,recalibrated,86,86,0,1887,0,1847,0,0.0936084657186456,0.0936084657186456,0.0,0.875910682771859,0.875910682771859,0.0,0.323237449104889,0.323237449104889,0.0,0.3125549310016823,0.3125549310016823,0.0
bxaic__indole__gcn__seed42,bxaic,indole,gcn,42,saliency,P20_frozen_cache,0.2,fixed_historical_q,73,73,0,1887,0,1847,0,0.1925771290010589,0.1925771290010589,0.0,0.7459979052719905,0.7459979052719905,0.0,0.3364767159036362,0.3364767159036362,0.0,0.3109825262701711,0.3109825262701711,0.0
bxaic__indole__gcn__seed42,bxaic,indole,gcn,42,saliency,P20_frozen_cache,0.2,fixed_current_machine_q,73,73,0,1887,0,1847,0,0.1925771290010589,0.1925771290010589,0.0,0.7459979052719905,0.7459979052719905,0.0,0.3364767159036362,0.3364767159036362,0.0,0.3109825262701711,0.3109825262701711,0.0
bxaic__indole__gcn__seed42,bxaic,indole,gcn,42,saliency,P20_frozen_cache,0.2,recalibrated,73,73,0,1887,0,1847,0,0.1925771290010589,0.1925771290010589,0.0,0.7459979052719905,0.7459979052719905,0.0,0.3364767159036362,0.3364767159036362,0.0,0.3109825262701711,0.3109825262701711,0.0
bxaic__indole__gin__seed123,bxaic,indole,gin,123,ig,P01_checkpoint_rerun,0.05,fixed_historical_q,69,69,0,1887,1,1847,0,0.0481613172666236,0.0481613172666236,0.0,0.7066609235190726,0.7066609235190726,0.0,0.4203993133329726,0.4203993133329726,0.0,0.4111744606821733,0.4111744606821733,0.0
bxaic__indole__gin__seed123,bxaic,indole,gin,123,ig,P01_checkpoint_rerun,0.05,fixed_current_machine_q,69,69,0,1887,1,1847,0,0.0481613172666236,0.0481613172666236,0.0,0.7066609235190726,0.7066609235190726,0.0,0.4203993133329726,0.4203993133329726,0.0,0.4111744606821733,0.4111744606821733,0.0
bxaic__indole__gin__seed123,bxaic,indole,gin,123,ig,P01_checkpoint_rerun,0.05,recalibrated,69,69,0,1887,1,1847,0,0.0481613172666236,0.0481613172666236,0.0,0.7066609235190726,0.7066609235190726,0.0,0.4203993133329726,0.4203993133329726,0.0,0.4111744606821733,0.4111744606821733,0.0
bxaic__indole__gin__seed123,bxaic,indole,gin,123,ig,P01_checkpoint_rerun,0.1,fixed_historical_q,55,55,0,1887,4,1847,1,0.0965217330945552,0.0965217330945552,0.0,0.565655995935434,0.5656505817502688,-5.414185165197871e-06,0.4933413549778955,0.4933429370449891,1.5820670936639305e-06,0.4656706507652183,0.4656722328323119,1.5820670936639305e-06
bxaic__indole__gin__seed123,bxaic,indole,gin,123,ig,P01_checkpoint_rerun,0.1,fixed_current_machine_q,55,55,0,1887,4,1847,1,0.0965217330945552,0.0965217330945552,0.0,0.565655995935434,0.5656505817502688,-5.414185165197871e-06,0.4933413549778955,0.4933429370449891,1.5820670936639305e-06,0.4656706507652183,0.4656722328323119,1.5820670936639305e-06
bxaic__indole__gin__seed123,bxaic,indole,gin,123,ig,P01_checkpoint_rerun,0.1,recalibrated,55,55,0,1887,4,1847,1,0.0965217330945552,0.0965217330945552,0.0,0.565655995935434,0.5656505817502688,-5.414185165197871e-06,0.4933413549778955,0.4933429370449891,1.5820670936639305e-06,0.4656706507652183,0.4656722328323119,1.5820670936639305e-06
bxaic__indole__gin__seed123,bxaic,indole,gin,123,ig,P01_checkpoint_rerun,0.2,fixed_historical_q,39,39,0,1887,0,1847,0,0.1948047924022476,0.1948047924022476,0.0,0.4058785626735846,0.4058785626735846,0.0,0.5992745718432702,0.5992745718432702,0.0,0.5158515464680644,0.5158515464680644,0.0
bxaic__indole__gin__seed123,bxaic,indole,gin,123,ig,P01_checkpoint_rerun,0.2,fixed_current_machine_q,39,39,0,1887,0,1847,0,0.1948047924022476,0.1948047924022476,0.0,0.4058785626735846,0.4058785626735846,0.0,0.5992745718432702,0.5992745718432702,0.0,0.5158515464680644,0.5158515464680644,0.0
bxaic__indole__gin__seed123,bxaic,indole,gin,123,ig,P01_checkpoint_rerun,0.2,recalibrated,39,39,0,1887,0,1847,0,0.1948047924022476,0.1948047924022476,0.0,0.4058785626735846,0.4058785626735846,0.0,0.5992745718432702,0.5992745718432702,0.0,0.5158515464680644,0.5158515464680644,0.0
bxaic__indole__gin__seed123,bxaic,indole,gin,123,gradinput,P01_checkpoint_rerun,0.05,fixed_historical_q,96,96,0,1887,0,1847,0,0.0464803940169405,0.0464803940169405,0.0,0.9747994993281917,0.9747994993281917,0.0,0.307769284408306,0.307769284408306,0.0,0.3039383124693621,0.3039383124693621,0.0
bxaic__indole__gin__seed123,bxaic,indole,gin,123,gradinput,P01_checkpoint_rerun,0.05,fixed_current_machine_q,96,96,0,1887,0,1847,0,0.0464803940169405,0.0464803940169405,0.0,0.9747994993281917,0.9747994993281917,0.0,0.307769284408306,0.307769284408306,0.0,0.3039383124693621,0.3039383124693621,0.0
bxaic__indole__gin__seed123,bxaic,indole,gin,123,gradinput,P01_checkpoint_rerun,0.05,recalibrated,96,96,0,1887,0,1847,0,0.0464803940169405,0.0464803940169405,0.0,0.9747994993281917,0.9747994993281917,0.0,0.307769284408306,0.307769284408306,0.0,0.3039383124693621,0.3039383124693621,0.0
bxaic__indole__gin__seed123,bxaic,indole,gin,123,gradinput,P01_checkpoint_rerun,0.1,fixed_historical_q,93,93,0,1887,0,1847,0,0.0900985775038307,0.0900985775038307,0.0,0.9462280636892798,0.9462280636892798,0.0,0.3023874583842552,0.3023874583842552,0.0,0.2937886658694112,0.2937886658694112,0.0
bxaic__indole__gin__seed123,bxaic,indole,gin,123,gradinput,P01_checkpoint_rerun,0.1,fixed_current_machine_q,93,93,0,1887,0,1847,0,0.0900985775038307,0.0900985775038307,0.0,0.9462280636892798,0.9462280636892798,0.0,0.3023874583842552,0.3023874583842552,0.0,0.2937886658694112,0.2937886658694112,0.0
bxaic__indole__gin__seed123,bxaic,indole,gin,123,gradinput,P01_checkpoint_rerun,0.1,recalibrated,93,93,0,1887,0,1847,0,0.0900985775038307,0.0900985775038307,0.0,0.9462280636892798,0.9462280636892798,0.0,0.3023874583842552,0.3023874583842552,0.0,0.2937886658694112,0.2937886658694112,0.0
bxaic__indole__gin__seed123,bxaic,indole,gin,123,gradinput,P01_checkpoint_rerun,0.2,fixed_historical_q,85,85,0,1887,0,1847,0,0.1891435753983116,0.1891435753983116,0.0,0.8652452057581667,0.8652452057581667,0.0,0.2944621875723343,0.2944621875723343,0.0,0.2761394313494974,0.2761394313494974,0.0
bxaic__indole__gin__seed123,bxaic,indole,gin,123,gradinput,P01_checkpoint_rerun,0.2,fixed_current_machine_q,85,85,0,1887,0,1847,0,0.1891435753983116,0.1891435753983116,0.0,0.8652452057581667,0.8652452057581667,0.0,0.2944621875723343,0.2944621875723343,0.0,0.2761394313494974,0.2761394313494974,0.0
bxaic__indole__gin__seed123,bxaic,indole,gin,123,gradinput,P01_checkpoint_rerun,0.2,recalibrated,85,85,0,1887,0,1847,0,0.1891435753983116,0.1891435753983116,0.0,0.8652452057581667,0.8652452057581667,0.0,0.2944621875723343,0.2944621875723343,0.0,0.2761394313494974,0.2761394313494974,0.0
bxaic__indole__gin__seed123,bxaic,indole,gin,123,atom_occlusion,P20_frozen_cache,0.05,fixed_historical_q,41,41,0,1887,1,1847,0,0.0411338090412267,0.0411338090412267,0.0,0.426605049899327,0.426605049899327,0.0,0.6863241131345527,0.6863241131345527,0.0,0.6559210220135089,0.6559210220135089,0.0
bxaic__indole__gin__seed123,bxaic,indole,gin,123,atom_occlusion,P20_frozen_cache,0.05,fixed_current_machine_q,41,41,0,1887,1,1847,0,0.0411338090412267,0.0411338090412267,0.0,0.426605049899327,0.426605049899327,0.0,0.6863241131345527,0.6863241131345527,0.0,0.6559210220135089,0.6559210220135089,0.0
bxaic__indole__gin__seed123,bxaic,indole,gin,123,atom_occlusion,P20_frozen_cache,0.05,recalibrated,41,41,0,1887,1,1847,0,0.0411338090412267,0.0411338090412267,0.0,0.426605049899327,0.426605049899327,0.0,0.6863241131345527,0.6863241131345527,0.0,0.6559210220135089,0.6559210220135089,0.0
bxaic__indole__gin__seed123,bxaic,indole,gin,123,atom_occlusion,P20_frozen_cache,0.1,fixed_historical_q,33,33,0,1887,0,1847,0,0.0898791757481533,0.0898791757481533,0.0,0.3440056976408639,0.3440056976408639,0.0,0.7918831797012768,0.7918831797012768,0.0,0.7157909375473435,0.7157909375473435,0.0
bxaic__indole__gin__seed123,bxaic,indole,gin,123,atom_occlusion,P20_frozen_cache,0.1,fixed_current_machine_q,33,33,0,1887,0,1847,0,0.0898791757481533,0.0898791757481533,0.0,0.3440056976408639,0.3440056976408639,0.0,0.7918831797012768,0.7918831797012768,0.0,0.7157909375473435,0.7157909375473435,0.0
bxaic__indole__gin__seed123,bxaic,indole,gin,123,atom_occlusion,P20_frozen_cache,0.1,recalibrated,33,33,0,1887,0,1847,0,0.0898791757481533,0.0898791757481533,0.0,0.3440056976408639,0.3440056976408639,0.0,0.7918831797012768,0.7918831797012768,0.0,0.7157909375473435,0.7157909375473435,0.0
bxaic__indole__gin__seed123,bxaic,indole,gin,123,atom_occlusion,P20_frozen_cache,0.2,fixed_historical_q,26,26,0,1887,0,1847,0,0.1711695796833863,0.1711695796833863,0.0,0.2763053964994718,0.2763053964994718,0.0,0.8736562136739254,0.8736562136739254,0.0,0.7177229689982614,0.7177229689982614,0.0
bxaic__indole__gin__seed123,bxaic,indole,gin,123,atom_occlusion,P20_frozen_cache,0.2,fixed_current_machine_q,26,26,0,1887,0,1847,0,0.1711695796833863,0.1711695796833863,0.0,0.2763053964994718,0.2763053964994718,0.0,0.8736562136739254,0.8736562136739254,0.0,0.7177229689982614,0.7177229689982614,0.0
bxaic__indole__gin__seed123,bxaic,indole,gin,123,atom_occlusion,P20_frozen_cache,0.2,recalibrated,26,26,0,1887,0,1847,0,0.1711695796833863,0.1711695796833863,0.0,0.2763053964994718,0.2763053964994718,0.0,0.8736562136739254,0.8736562136739254,0.0,0.7177229689982614,0.7177229689982614,0.0
bxaic__indole__gin__seed123,bxaic,indole,gin,123,saliency,P20_frozen_cache,0.05,fixed_historical_q,67,67,0,1887,0,1847,0,0.0480846163101176,0.0480846163101176,0.0,0.6886269315023922,0.6886269315023922,0.0,0.4282186274456903,0.4282186274456903,0.0,0.4165455962514122,0.4165455962514122,0.0
bxaic__indole__gin__seed123,bxaic,indole,gin,123,saliency,P20_frozen_cache,0.05,fixed_current_machine_q,67,67,0,1887,0,1847,0,0.0480846163101176,0.0480846163101176,0.0,0.6886269315023922,0.6886269315023922,0.0,0.4282186274456903,0.4282186274456903,0.0,0.4165455962514122,0.4165455962514122,0.0
bxaic__indole__gin__seed123,bxaic,indole,gin,123,saliency,P20_frozen_cache,0.05,recalibrated,67,67,0,1887,0,1847,0,0.0480846163101176,0.0480846163101176,0.0,0.6886269315023922,0.6886269315023922,0.0,0.4282186274456903,0.4282186274456903,0.0,0.4165455962514122,0.4165455962514122,0.0
bxaic__indole__gin__seed123,bxaic,indole,gin,123,saliency,P20_frozen_cache,0.1,fixed_historical_q,55,55,0,1887,4,1847,1,0.0927304730702144,0.0927304730702144,0.0,0.565655995935434,0.5656505817502688,-5.414185165197871e-06,0.4922018125282941,0.4922033945953878,1.5820670936639305e-06,0.4634595318769516,0.4634611139440453,1.5820670936639305e-06
bxaic__indole__gin__seed123,bxaic,indole,gin,123,saliency,P20_frozen_cache,0.1,fixed_current_machine_q,55,55,0,1887,4,1847,1,0.0927304730702144,0.0927304730702144,0.0,0.565655995935434,0.5656505817502688,-5.414185165197871e-06,0.4922018125282941,0.4922033945953878,1.5820670936639305e-06,0.4634595318769516,0.4634611139440453,1.5820670936639305e-06
bxaic__indole__gin__seed123,bxaic,indole,gin,123,saliency,P20_frozen_cache,0.1,recalibrated,55,55,0,1887,4,1847,1,0.0927304730702144,0.0927304730702144,0.0,0.565655995935434,0.5656505817502688,-5.414185165197871e-06,0.4922018125282941,0.4922033945953878,1.5820670936639305e-06,0.4634595318769516,0.4634611139440453,1.5820670936639305e-06
bxaic__indole__gin__seed123,bxaic,indole,gin,123,saliency,P20_frozen_cache,0.2,fixed_historical_q,39,39,0,1887,0,1847,0,0.1947720142157069,0.1947720142157069,0.0,0.4058785626735846,0.4058785626735846,0.0,0.5957711364715068,0.5957711364715068,0.0,0.5112832945971666,0.5112832945971666,0.0
bxaic__indole__gin__seed123,bxaic,indole,gin,123,saliency,P20_frozen_cache,0.2,fixed_current_machine_q,39,39,0,1887,0,1847,0,0.1947720142157069,0.1947720142157069,0.0,0.4058785626735846,0.4058785626735846,0.0,0.5957711364715068,0.5957711364715068,0.0,0.5112832945971666,0.5112832945971666,0.0
bxaic__indole__gin__seed123,bxaic,indole,gin,123,saliency,P20_frozen_cache,0.2,recalibrated,39,39,0,1887,0,1847,0,0.1947720142157069,0.1947720142157069,0.0,0.4058785626735846,0.4058785626735846,0.0,0.5957711364715068,0.5957711364715068,0.0,0.5112832945971666,0.5112832945971666,0.0
bxaic__indole__gin__seed2026,bxaic,indole,gin,2026,ig,P01_checkpoint_rerun,0.05,fixed_historical_q,88,88,0,1887,0,1847,0,0.0481353260928255,0.0481353260928255,0.0,0.8954710135035191,0.8954710135035191,0.0,0.3322173799843184,0.3322173799843184,0.0,0.3259329275962976,0.3259329275962976,0.0
bxaic__indole__gin__seed2026,bxaic,indole,gin,2026,ig,P01_checkpoint_rerun,0.05,fixed_current_machine_q,88,88,0,1887,0,1847,0,0.0481353260928255,0.0481353260928255,0.0,0.8954710135035191,0.8954710135035191,0.0,0.3322173799843184,0.3322173799843184,0.0,0.3259329275962976,0.3259329275962976,0.0
bxaic__indole__gin__seed2026,bxaic,indole,gin,2026,ig,P01_checkpoint_rerun,0.05,recalibrated,88,88,0,1887,0,1847,0,0.0481353260928255,0.0481353260928255,0.0,0.8954710135035191,0.8954710135035191,0.0,0.3322173799843184,0.3322173799843184,0.0,0.3259329275962976,0.3259329275962976,0.0
bxaic__indole__gin__seed2026,bxaic,indole,gin,2026,ig,P01_checkpoint_rerun,0.1,fixed_historical_q,66,66,0,1887,0,1847,0,0.095088767185412,0.095088767185412,0.0,0.6771674344541084,0.6771674344541084,0.0,0.4150012599111217,0.4150012599111217,0.0,0.3946820273522187,0.3946820273522187,0.0
bxaic__indole__gin__seed2026,bxaic,indole,gin,2026,ig,P01_checkpoint_rerun,0.1,fixed_current_machine_q,66,66,0,1887,0,1847,0,0.095088767185412,0.095088767185412,0.0,0.6771674344541084,0.6771674344541084,0.0,0.4150012599111217,0.4150012599111217,0.0,0.3946820273522187,0.3946820273522187,0.0
bxaic__indole__gin__seed2026,bxaic,indole,gin,2026,ig,P01_checkpoint_rerun,0.1,recalibrated,66,66,0,1887,0,1847,0,0.095088767185412,0.095088767185412,0.0,0.6771674344541084,0.6771674344541084,0.0,0.4150012599111217,0.4150012599111217,0.0,0.3946820273522187,0.3946820273522187,0.0
bxaic__indole__gin__seed2026,bxaic,indole,gin,2026,ig,P01_checkpoint_rerun,0.2,fixed_historical_q,44,44,0,1887,0,1847,0,0.1870168688116699,0.1870168688116699,0.0,0.4554649986536656,0.4554649986536656,0.0,0.5449065892310218,0.5449065892310218,0.0,0.4766685766777142,0.4766685766777142,0.0
bxaic__indole__gin__seed2026,bxaic,indole,gin,2026,ig,P01_checkpoint_rerun,0.2,fixed_current_machine_q,44,44,0,1887,0,1847,0,0.1870168688116699,0.1870168688116699,0.0,0.4554649986536656,0.4554649986536656,0.0,0.5449065892310218,0.5449065892310218,0.0,0.4766685766777142,0.4766685766777142,0.0
bxaic__indole__gin__seed2026,bxaic,indole,gin,2026,ig,P01_checkpoint_rerun,0.2,recalibrated,44,44,0,1887,0,1847,0,0.1870168688116699,0.1870168688116699,0.0,0.4554649986536656,0.4554649986536656,0.0,0.5449065892310218,0.5449065892310218,0.0,0.4766685766777142,0.4766685766777142,0.0
bxaic__indole__gin__seed2026,bxaic,indole,gin,2026,gradinput,P01_checkpoint_rerun,0.05,fixed_historical_q,97,97,0,1887,0,1847,0,0.0505745823287787,0.0505745823287787,0.0,0.9902939499285937,0.9902939499285937,0.0,0.3073198805103402,0.3073198805103402,0.0,0.3055802206595298,0.3055802206595298,0.0
bxaic__indole__gin__seed2026,bxaic,indole,gin,2026,gradinput,P01_checkpoint_rerun,0.05,fixed_current_machine_q,97,97,0,1887,0,1847,0,0.0505745823287787,0.0505745823287787,0.0,0.9902939499285937,0.9902939499285937,0.0,0.3073198805103402,0.3073198805103402,0.0,0.3055802206595298,0.3055802206595298,0.0
bxaic__indole__gin__seed2026,bxaic,indole,gin,2026,gradinput,P01_checkpoint_rerun,0.05,recalibrated,97,97,0,1887,0,1847,0,0.0505745823287787,0.0505745823287787,0.0,0.9902939499285937,0.9902939499285937,0.0,0.3073198805103402,0.3073198805103402,0.0,0.3055802206595298,0.3055802206595298,0.0
bxaic__indole__gin__seed2026,bxaic,indole,gin,2026,gradinput,P01_checkpoint_rerun,0.1,fixed_historical_q,96,96,0,1887,0,1847,0,0.0988452823320191,0.0988452823320191,0.0,0.9747994993281917,0.9747994993281917,0.0,0.2976899691448806,0.2976899691448806,0.0,0.2916663100285175,0.2916663100285175,0.0
bxaic__indole__gin__seed2026,bxaic,indole,gin,2026,gradinput,P01_checkpoint_rerun,0.1,fixed_current_machine_q,96,96,0,1887,0,1847,0,0.0988452823320191,0.0988452823320191,0.0,0.9747994993281917,0.9747994993281917,0.0,0.2976899691448806,0.2976899691448806,0.0,0.2916663100285175,0.2916663100285175,0.0
bxaic__indole__gin__seed2026,bxaic,indole,gin,2026,gradinput,P01_checkpoint_rerun,0.1,recalibrated,96,96,0,1887,0,1847,0,0.0988452823320191,0.0988452823320191,0.0,0.9747994993281917,0.9747994993281917,0.0,0.2976899691448806,0.2976899691448806,0.0,0.2916663100285175,0.2916663100285175,0.0
bxaic__indole__gin__seed2026,bxaic,indole,gin,2026,gradinput,P01_checkpoint_rerun,0.2,fixed_historical_q,93,93,0,1887,0,1847,0,0.1788754806824659,0.1788754806824659,0.0,0.9462280636892798,0.9462280636892798,0.0,0.2819476761177787,0.2819476761177787,0.0,0.268907839472639,0.268907839472639,0.0
bxaic__indole__gin__seed2026,bxaic,indole,gin,2026,gradinput,P01_checkpoint_rerun,0.2,fixed_current_machine_q,93,93,0,1887,0,1847,0,0.1788754806824659,0.1788754806824659,0.0,0.9462280636892798,0.9462280636892798,0.0,0.2819476761177787,0.2819476761177787,0.0,0.268907839472639,0.268907839472639,0.0
bxaic__indole__gin__seed2026,bxaic,indole,gin,2026,gradinput,P01_checkpoint_rerun,0.2,recalibrated,93,93,0,1887,0,1847,0,0.1788754806824659,0.1788754806824659,0.0,0.9462280636892798,0.9462280636892798,0.0,0.2819476761177787,0.2819476761177787,0.0,0.268907839472639,0.268907839472639,0.0
bxaic__indole__gin__seed2026,bxaic,indole,gin,2026,atom_occlusion,P20_frozen_cache,0.05,fixed_historical_q,47,47,0,1887,0,1847,0,0.0430821637305127,0.0430821637305127,0.0,0.4859745523486533,0.4859745523486533,0.0,0.6050230394148074,0.6050230394148074,0.0,0.5805035912508623,0.5805035912508623,0.0
bxaic__indole__gin__seed2026,bxaic,indole,gin,2026,atom_occlusion,P20_frozen_cache,0.05,fixed_current_machine_q,47,47,0,1887,0,1847,0,0.0430821637305127,0.0430821637305127,0.0,0.4859745523486533,0.4859745523486533,0.0,0.6050230394148074,0.6050230394148074,0.0,0.5805035912508623,0.5805035912508623,0.0
bxaic__indole__gin__seed2026,bxaic,indole,gin,2026,atom_occlusion,P20_frozen_cache,0.05,recalibrated,47,47,0,1887,0,1847,0,0.0430821637305127,0.0430821637305127,0.0,0.4859745523486533,0.4859745523486533,0.0,0.6050230394148074,0.6050230394148074,0.0,0.5805035912508623,0.5805035912508623,0.0
bxaic__indole__gin__seed2026,bxaic,indole,gin,2026,atom_occlusion,P20_frozen_cache,0.1,fixed_historical_q,37,37,0,1887,0,1847,0,0.0892699835106451,0.0892699835106451,0.0,0.3856673704178531,0.3856673704178531,0.0,0.713128755268573,0.713128755268573,0.0,0.6518451693270098,0.6518451693270098,0.0
bxaic__indole__gin__seed2026,bxaic,indole,gin,2026,atom_occlusion,P20_frozen_cache,0.1,fixed_current_machine_q,37,37,0,1887,0,1847,0,0.0892699835106451,0.0892699835106451,0.0,0.3856673704178531,0.3856673704178531,0.0,0.713128755268573,0.713128755268573,0.0,0.6518451693270098,0.6518451693270098,0.0
bxaic__indole__gin__seed2026,bxaic,indole,gin,2026,atom_occlusion,P20_frozen_cache,0.1,recalibrated,37,37,0,1887,0,1847,0,0.0892699835106451,0.0892699835106451,0.0,0.3856673704178531,0.3856673704178531,0.0,0.713128755268573,0.713128755268573,0.0,0.6518451693270098,0.6518451693270098,0.0
bxaic__indole__gin__seed2026,bxaic,indole,gin,2026,atom_occlusion,P20_frozen_cache,0.2,fixed_historical_q,27,27,0,1887,0,1847,0,0.1910711255797877,0.1910711255797877,0.0,0.2866347238712632,0.2866347238712632,0.0,0.8302809381063192,0.8302809381063192,0.0,0.6753981263926109,0.6753981263926109,0.0
bxaic__indole__gin__seed2026,bxaic,indole,gin,2026,atom_occlusion,P20_frozen_cache,0.2,fixed_current_machine_q,27,27,0,1887,0,1847,0,0.1910711255797877,0.1910711255797877,0.0,0.2866347238712632,0.2866347238712632,0.0,0.8302809381063192,0.8302809381063192,0.0,0.6753981263926109,0.6753981263926109,0.0
bxaic__indole__gin__seed2026,bxaic,indole,gin,2026,atom_occlusion,P20_frozen_cache,0.2,recalibrated,27,27,0,1887,0,1847,0,0.1910711255797877,0.1910711255797877,0.0,0.2866347238712632,0.2866347238712632,0.0,0.8302809381063192,0.8302809381063192,0.0,0.6753981263926109,0.6753981263926109,0.0
bxaic__indole__gin__seed2026,bxaic,indole,gin,2026,saliency,P20_frozen_cache,0.05,fixed_historical_q,76,76,0,1887,0,1847,0,0.0409917445245006,0.0409917445245006,0.0,0.7755804835293979,0.7755804835293979,0.0,0.3846428139446537,0.3846428139446537,0.0,0.3767261126345091,0.3767261126345091,0.0
bxaic__indole__gin__seed2026,bxaic,indole,gin,2026,saliency,P20_frozen_cache,0.05,fixed_current_machine_q,76,76,0,1887,0,1847,0,0.0409917445245006,0.0409917445245006,0.0,0.7755804835293979,0.7755804835293979,0.0,0.3846428139446537,0.3846428139446537,0.0,0.3767261126345091,0.3767261126345091,0.0
bxaic__indole__gin__seed2026,bxaic,indole,gin,2026,saliency,P20_frozen_cache,0.05,recalibrated,76,76,0,1887,0,1847,0,0.0409917445245006,0.0409917445245006,0.0,0.7755804835293979,0.7755804835293979,0.0,0.3846428139446537,0.3846428139446537,0.0,0.3767261126345091,0.3767261126345091,0.0
bxaic__indole__gin__seed2026,bxaic,indole,gin,2026,saliency,P20_frozen_cache,0.1,fixed_historical_q,63,63,0,1887,0,1847,0,0.0969467697675617,0.0969467697675617,0.0,0.6469652587254012,0.6469652587254012,0.0,0.431016509339045,0.431016509339045,0.0,0.4086132805380003,0.4086132805380003,0.0
bxaic__indole__gin__seed2026,bxaic,indole,gin,2026,saliency,P20_frozen_cache,0.1,fixed_current_machine_q,63,63,0,1887,0,1847,0,0.0969467697675617,0.0969467697675617,0.0,0.6469652587254012,0.6469652587254012,0.0,0.431016509339045,0.431016509339045,0.0,0.4086132805380003,0.4086132805380003,0.0
bxaic__indole__gin__seed2026,bxaic,indole,gin,2026,saliency,P20_frozen_cache,0.1,recalibrated,63,63,0,1887,0,1847,0,0.0969467697675617,0.0969467697675617,0.0,0.6469652587254012,0.6469652587254012,0.0,0.431016509339045,0.431016509339045,0.0,0.4086132805380003,0.4086132805380003,0.0
bxaic__indole__gin__seed2026,bxaic,indole,gin,2026,saliency,P20_frozen_cache,0.2,fixed_historical_q,44,44,0,1887,0,1847,0,0.1971906009128543,0.1971906009128543,0.0,0.4554649986536656,0.4554649986536656,0.0,0.5346192799306503,0.5346192799306503,0.0,0.4636745448974465,0.4636745448974465,0.0
bxaic__indole__gin__seed2026,bxaic,indole,gin,2026,saliency,P20_frozen_cache,0.2,fixed_current_machine_q,44,44,0,1887,0,1847,0,0.1971906009128543,0.1971906009128543,0.0,0.4554649986536656,0.4554649986536656,0.0,0.5346192799306503,0.5346192799306503,0.0,0.4636745448974465,0.4636745448974465,0.0
bxaic__indole__gin__seed2026,bxaic,indole,gin,2026,saliency,P20_frozen_cache,0.2,recalibrated,44,44,0,1887,0,1847,0,0.1971906009128543,0.1971906009128543,0.0,0.4554649986536656,0.4554649986536656,0.0,0.5346192799306503,0.5346192799306503,0.0,0.4636745448974465,0.4636745448974465,0.0
bxaic__indole__gin__seed42,bxaic,indole,gin,42,ig,P01_checkpoint_rerun,0.05,fixed_historical_q,79,79,0,1887,0,1847,0,0.0491426383278042,0.0491426383278042,0.0,0.8060574077896853,0.8060574077896853,0.0,0.3689063948135451,0.3689063948135451,0.0,0.3614530994124795,0.3614530994124795,0.0
bxaic__indole__gin__seed42,bxaic,indole,gin,42,ig,P01_checkpoint_rerun,0.05,fixed_current_machine_q,79,79,0,1887,0,1847,0,0.0491426383278042,0.0491426383278042,0.0,0.8060574077896853,0.8060574077896853,0.0,0.3689063948135451,0.3689063948135451,0.0,0.3614530994124795,0.3614530994124795,0.0
bxaic__indole__gin__seed42,bxaic,indole,gin,42,ig,P01_checkpoint_rerun,0.05,recalibrated,79,79,0,1887,0,1847,0,0.0491426383278042,0.0491426383278042,0.0,0.8060574077896853,0.8060574077896853,0.0,0.3689063948135451,0.3689063948135451,0.0,0.3614530994124795,0.3614530994124795,0.0
bxaic__indole__gin__seed42,bxaic,indole,gin,42,ig,P01_checkpoint_rerun,0.1,fixed_historical_q,67,67,0,1887,0,1847,0,0.0980146445224968,0.0980146445224968,0.0,0.6886269315023922,0.6886269315023922,0.0,0.4092258497899282,0.4092258497899282,0.0,0.3905567755889947,0.3905567755889947,0.0
bxaic__indole__gin__seed42,bxaic,indole,gin,42,ig,P01_checkpoint_rerun,0.1,fixed_current_machine_q,67,67,0,1887,0,1847,0,0.0980146445224968,0.0980146445224968,0.0,0.6886269315023922,0.6886269315023922,0.0,0.4092258497899282,0.4092258497899282,0.0,0.3905567755889947,0.3905567755889947,0.0
bxaic__indole__gin__seed42,bxaic,indole,gin,42,ig,P01_checkpoint_rerun,0.1,recalibrated,67,67,0,1887,0,1847,0,0.0980146445224968,0.0980146445224968,0.0,0.6886269315023922,0.6886269315023922,0.0,0.4092258497899282,0.4092258497899282,0.0,0.3905567755889947,0.3905567755889947,0.0
bxaic__indole__gin__seed42,bxaic,indole,gin,42,ig,P01_checkpoint_rerun,0.2,fixed_historical_q,47,47,0,1887,0,1847,0,0.1985001858715978,0.1985001858715978,0.0,0.4859745523486533,0.4859745523486533,0.0,0.506047875126818,0.506047875126818,0.0,0.4427403648296507,0.4427403648296507,0.0
bxaic__indole__gin__seed42,bxaic,indole,gin,42,ig,P01_checkpoint_rerun,0.2,fixed_current_machine_q,47,47,0,1887,0,1847,0,0.1985001858715978,0.1985001858715978,0.0,0.4859745523486533,0.4859745523486533,0.0,0.506047875126818,0.506047875126818,0.0,0.4427403648296507,0.4427403648296507,0.0
bxaic__indole__gin__seed42,bxaic,indole,gin,42,ig,P01_checkpoint_rerun,0.2,recalibrated,47,47,0,1887,0,1847,0,0.1985001858715978,0.1985001858715978,0.0,0.4859745523486533,0.4859745523486533,0.0,0.506047875126818,0.506047875126818,0.0,0.4427403648296507,0.4427403648296507,0.0
bxaic__indole__gin__seed42,bxaic,indole,gin,42,gradinput,P01_checkpoint_rerun,0.05,fixed_historical_q,96,96,0,1887,0,1847,0,0.0490741126366473,0.0490741126366473,0.0,0.9747994993281917,0.9747994993281917,0.0,0.3075204872019437,0.3075204872019437,0.0,0.3036279059380948,0.3036279059380948,0.0
bxaic__indole__gin__seed42,bxaic,indole,gin,42,gradinput,P01_checkpoint_rerun,0.05,fixed_current_machine_q,96,96,0,1887,0,1847,0,0.0490741126366473,0.0490741126366473,0.0,0.9747994993281917,0.9747994993281917,0.0,0.3075204872019437,0.3075204872019437,0.0,0.3036279059380948,0.3036279059380948,0.0
bxaic__indole__gin__seed42,bxaic,indole,gin,42,gradinput,P01_checkpoint_rerun,0.05,recalibrated,96,96,0,1887,0,1847,0,0.0490741126366473,0.0490741126366473,0.0,0.9747994993281917,0.9747994993281917,0.0,0.3075204872019437,0.3075204872019437,0.0,0.3036279059380948,0.3036279059380948,0.0
bxaic__indole__gin__seed42,bxaic,indole,gin,42,gradinput,P01_checkpoint_rerun,0.1,fixed_historical_q,93,93,0,1887,0,1847,0,0.0921752491527818,0.0921752491527818,0.0,0.9462280636892798,0.9462280636892798,0.0,0.3024850796968607,0.3024850796968607,0.0,0.2939082949413047,0.2939082949413047,0.0
bxaic__indole__gin__seed42,bxaic,indole,gin,42,gradinput,P01_checkpoint_rerun,0.1,fixed_current_machine_q,93,93,0,1887,0,1847,0,0.0921752491527818,0.0921752491527818,0.0,0.9462280636892798,0.9462280636892798,0.0,0.3024850796968607,0.3024850796968607,0.0,0.2939082949413047,0.2939082949413047,0.0
bxaic__indole__gin__seed42,bxaic,indole,gin,42,gradinput,P01_checkpoint_rerun,0.1,recalibrated,93,93,0,1887,0,1847,0,0.0921752491527818,0.0921752491527818,0.0,0.9462280636892798,0.9462280636892798,0.0,0.3024850796968607,0.3024850796968607,0.0,0.2939082949413047,0.2939082949413047,0.0
bxaic__indole__gin__seed42,bxaic,indole,gin,42,gradinput,P01_checkpoint_rerun,0.2,fixed_historical_q,85,85,0,1887,0,1847,0,0.2060787146940355,0.2060787146940355,0.0,0.8652452057581667,0.8652452057581667,0.0,0.2897939308541488,0.2897939308541488,0.0,0.2703759007718809,0.2703759007718809,0.0
bxaic__indole__gin__seed42,bxaic,indole,gin,42,gradinput,P01_checkpoint_rerun,0.2,fixed_current_machine_q,85,85,0,1887,0,1847,0,0.2060787146940355,0.2060787146940355,0.0,0.8652452057581667,0.8652452057581667,0.0,0.2897939308541488,0.2897939308541488,0.0,0.2703759007718809,0.2703759007718809,0.0
bxaic__indole__gin__seed42,bxaic,indole,gin,42,gradinput,P01_checkpoint_rerun,0.2,recalibrated,85,85,0,1887,0,1847,0,0.2060787146940355,0.2060787146940355,0.0,0.8652452057581667,0.8652452057581667,0.0,0.2897939308541488,0.2897939308541488,0.0,0.2703759007718809,0.2703759007718809,0.0
bxaic__indole__gin__seed42,bxaic,indole,gin,42,atom_occlusion,P20_frozen_cache,0.05,fixed_historical_q,44,44,0,1887,0,1847,0,0.0456926956317864,0.0456926956317864,0.0,0.4554649986536656,0.4554649986536656,0.0,0.6414726743558677,0.6414726743558677,0.0,0.6132150966707766,0.6132150966707766,0.0
bxaic__indole__gin__seed42,bxaic,indole,gin,42,atom_occlusion,P20_frozen_cache,0.05,fixed_current_machine_q,44,44,0,1887,0,1847,0,0.0456926956317864,0.0456926956317864,0.0,0.4554649986536656,0.4554649986536656,0.0,0.6414726743558677,0.6414726743558677,0.0,0.6132150966707766,0.6132150966707766,0.0
bxaic__indole__gin__seed42,bxaic,indole,gin,42,atom_occlusion,P20_frozen_cache,0.05,recalibrated,44,44,0,1887,0,1847,0,0.0456926956317864,0.0456926956317864,0.0,0.4554649986536656,0.4554649986536656,0.0,0.6414726743558677,0.6414726743558677,0.0,0.6132150966707766,0.6132150966707766,0.0
bxaic__indole__gin__seed42,bxaic,indole,gin,42,atom_occlusion,P20_frozen_cache,0.1,fixed_historical_q,35,35,0,1887,88,1847,87,0.0921819976029515,0.0945684038334292,0.0023864062304777,0.3678004329265359,0.3660944130170112,-0.0017060199095247,0.7414573409404206,0.7423789261239172,0.0009215851834966,0.674430063899986,0.6729803310854726,-0.0014497328145134
bxaic__indole__gin__seed42,bxaic,indole,gin,42,atom_occlusion,P20_frozen_cache,0.1,fixed_current_machine_q,35,35,0,1887,88,1847,87,0.0921819976029515,0.0945684038334292,0.0023864062304777,0.3678004329265359,0.3660944130170112,-0.0017060199095247,0.7414573409404206,0.7423789261239172,0.0009215851834966,0.674430063899986,0.6729803310854726,-0.0014497328145134
bxaic__indole__gin__seed42,bxaic,indole,gin,42,atom_occlusion,P20_frozen_cache,0.1,recalibrated,35,35,0,1887,88,1847,87,0.0921819976029515,0.0945684038334292,0.0023864062304777,0.3678004329265359,0.3660944130170112,-0.0017060199095247,0.7414573409404206,0.7423789261239172,0.0009215851834966,0.674430063899986,0.6729803310854726,-0.0014497328145134
bxaic__indole__gin__seed42,bxaic,indole,gin,42,atom_occlusion,P20_frozen_cache,0.2,fixed_historical_q,27,27,0,1887,0,1847,0,0.1791344669187118,0.1791344669187118,0.0,0.2866347238712632,0.2866347238712632,0.0,0.8380004888701552,0.8380004888701552,0.0,0.6886127863029134,0.6886127863029134,0.0
bxaic__indole__gin__seed42,bxaic,indole,gin,42,atom_occlusion,P20_frozen_cache,0.2,fixed_current_machine_q,27,27,0,1887,0,1847,0,0.1791344669187118,0.1791344669187118,0.0,0.2866347238712632,0.2866347238712632,0.0,0.8380004888701552,0.8380004888701552,0.0,0.6886127863029134,0.6886127863029134,0.0
bxaic__indole__gin__seed42,bxaic,indole,gin,42,atom_occlusion,P20_frozen_cache,0.2,recalibrated,27,27,0,1887,0,1847,0,0.1791344669187118,0.1791344669187118,0.0,0.2866347238712632,0.2866347238712632,0.0,0.8380004888701552,0.8380004888701552,0.0,0.6886127863029134,0.6886127863029134,0.0
bxaic__indole__gin__seed42,bxaic,indole,gin,42,saliency,P20_frozen_cache,0.05,fixed_historical_q,66,66,0,1887,0,1847,0,0.0417471274739822,0.0417471274739822,0.0,0.6771674344541084,0.6771674344541084,0.0,0.4396044806400717,0.4396044806400717,0.0,0.429116282236358,0.429116282236358,0.0
bxaic__indole__gin__seed42,bxaic,indole,gin,42,saliency,P20_frozen_cache,0.05,fixed_current_machine_q,66,66,0,1887,0,1847,0,0.0417471274739822,0.0417471274739822,0.0,0.6771674344541084,0.6771674344541084,0.0,0.4396044806400717,0.4396044806400717,0.0,0.429116282236358,0.429116282236358,0.0
bxaic__indole__gin__seed42,bxaic,indole,gin,42,saliency,P20_frozen_cache,0.05,recalibrated,66,66,0,1887,0,1847,0,0.0417471274739822,0.0417471274739822,0.0,0.6771674344541084,0.6771674344541084,0.0,0.4396044806400717,0.4396044806400717,0.0,0.429116282236358,0.429116282236358,0.0
bxaic__indole__gin__seed42,bxaic,indole,gin,42,saliency,P20_frozen_cache,0.1,fixed_historical_q,56,56,0,1887,101,1847,96,0.0867166784668149,0.0878712418845077,0.0011545634176928,0.5771687133266318,0.5752647248768914,-0.0019039884497403,0.4872282069646197,0.4883090776800065,0.0010808707153867,0.4619173808242405,0.462456439703578,0.0005390588793375
bxaic__indole__gin__seed42,bxaic,indole,gin,42,saliency,P20_frozen_cache,0.1,fixed_current_machine_q,56,56,0,1887,101,1847,96,0.0867166784668149,0.0878712418845077,0.0011545634176928,0.5771687133266318,0.5752647248768914,-0.0019039884497403,0.4872282069646197,0.4883090776800065,0.0010808707153867,0.4619173808242405,0.462456439703578,0.0005390588793375
bxaic__indole__gin__seed42,bxaic,indole,gin,42,saliency,P20_frozen_cache,0.1,recalibrated,56,56,0,1887,101,1847,96,0.0867166784668149,0.0878712418845077,0.0011545634176928,0.5771687133266318,0.5752647248768914,-0.0019039884497403,0.4872282069646197,0.4883090776800065,0.0010808707153867,0.4619173808242405,0.462456439703578,0.0005390588793375
bxaic__indole__gin__seed42,bxaic,indole,gin,42,saliency,P20_frozen_cache,0.2,fixed_historical_q,43,43,0,1887,0,1847,0,0.1751980573718529,0.1751980573718529,0.0,0.4472760748792189,0.4472760748792189,0.0,0.5584179271563924,0.5584179271563924,0.0,0.4941303925731432,0.4941303925731432,0.0
bxaic__indole__gin__seed42,bxaic,indole,gin,42,saliency,P20_frozen_cache,0.2,fixed_current_machine_q,43,43,0,1887,0,1847,0,0.1751980573718529,0.1751980573718529,0.0,0.4472760748792189,0.4472760748792189,0.0,0.5584179271563924,0.5584179271563924,0.0,0.4941303925731432,0.4941303925731432,0.0
bxaic__indole__gin__seed42,bxaic,indole,gin,42,saliency,P20_frozen_cache,0.2,recalibrated,43,43,0,1887,0,1847,0,0.1751980573718529,0.1751980573718529,0.0,0.4472760748792189,0.4472760748792189,0.0,0.5584179271563924,0.5584179271563924,0.0,0.4941303925731432,0.4941303925731432,0.0
bxaic__P__gcn__seed123,bxaic,P,gcn,123,ig,P01_checkpoint_rerun,0.05,fixed_historical_q,4,4,0,657,0,638,0,0.0423878015155905,0.0423878015155905,0.0,0.0560134724761789,0.0560134724761789,0.0,0.7105022850712505,0.7105022850712505,0.0,0.6681144835556599,0.6681144835556599,0.0
bxaic__P__gcn__seed123,bxaic,P,gcn,123,ig,P01_checkpoint_rerun,0.05,fixed_current_machine_q,4,4,0,657,0,638,0,0.0423878015155905,0.0423878015155905,0.0,0.0560134724761789,0.0560134724761789,0.0,0.7105022850712505,0.7105022850712505,0.0,0.6681144835556599,0.6681144835556599,0.0
bxaic__P__gcn__seed123,bxaic,P,gcn,123,ig,P01_checkpoint_rerun,0.05,recalibrated,4,4,0,657,0,638,0,0.0423878015155905,0.0423878015155905,0.0,0.0560134724761789,0.0560134724761789,0.0,0.7105022850712505,0.7105022850712505,0.0,0.6681144835556599,0.6681144835556599,0.0
bxaic__P__gcn__seed123,bxaic,P,gcn,123,ig,P01_checkpoint_rerun,0.1,fixed_historical_q,2,2,0,657,0,638,0,0.1097649062474804,0.1097649062474804,0.0,0.0365457382575857,0.0365457382575857,0.0,0.9612068965517244,0.9612068965517244,0.0,0.851441990304244,0.851441990304244,0.0
bxaic__P__gcn__seed123,bxaic,P,gcn,123,ig,P01_checkpoint_rerun,0.1,fixed_current_machine_q,2,2,0,657,0,638,0,0.1097649062474804,0.1097649062474804,0.0,0.0365457382575857,0.0365457382575857,0.0,0.9612068965517244,0.9612068965517244,0.0,0.851441990304244,0.851441990304244,0.0
bxaic__P__gcn__seed123,bxaic,P,gcn,123,ig,P01_checkpoint_rerun,0.1,recalibrated,2,2,0,657,0,638,0,0.1097649062474804,0.1097649062474804,0.0,0.0365457382575857,0.0365457382575857,0.0,0.9612068965517244,0.9612068965517244,0.0,0.851441990304244,0.851441990304244,0.0
bxaic__P__gcn__seed123,bxaic,P,gcn,123,ig,P01_checkpoint_rerun,0.2,fixed_historical_q,1,1,0,657,0,638,0,0.1261095019369959,0.1261095019369959,0.0,0.0347549874610955,0.0347549874610955,0.0,0.9929467084639498,0.9929467084639498,0.0,0.8668372065269537,0.8668372065269537,0.0
bxaic__P__gcn__seed123,bxaic,P,gcn,123,ig,P01_checkpoint_rerun,0.2,fixed_current_machine_q,1,1,0,657,0,638,0,0.1261095019369959,0.1261095019369959,0.0,0.0347549874610955,0.0347549874610955,0.0,0.9929467084639498,0.9929467084639498,0.0,0.8668372065269537,0.8668372065269537,0.0
bxaic__P__gcn__seed123,bxaic,P,gcn,123,ig,P01_checkpoint_rerun,0.2,recalibrated,1,1,0,657,0,638,0,0.1261095019369959,0.1261095019369959,0.0,0.0347549874610955,0.0347549874610955,0.0,0.9929467084639498,0.9929467084639498,0.0,0.8668372065269537,0.8668372065269537,0.0
bxaic__P__gcn__seed123,bxaic,P,gcn,123,gradinput,P01_checkpoint_rerun,0.05,fixed_historical_q,4,4,0,657,0,638,0,0.0423878015155905,0.0423878015155905,0.0,0.0560134724761789,0.0560134724761789,0.0,0.7105022850712505,0.7105022850712505,0.0,0.6681144835556599,0.6681144835556599,0.0
bxaic__P__gcn__seed123,bxaic,P,gcn,123,gradinput,P01_checkpoint_rerun,0.05,fixed_current_machine_q,4,4,0,657,0,638,0,0.0423878015155905,0.0423878015155905,0.0,0.0560134724761789,0.0560134724761789,0.0,0.7105022850712505,0.7105022850712505,0.0,0.6681144835556599,0.6681144835556599,0.0
bxaic__P__gcn__seed123,bxaic,P,gcn,123,gradinput,P01_checkpoint_rerun,0.05,recalibrated,4,4,0,657,0,638,0,0.0423878015155905,0.0423878015155905,0.0,0.0560134724761789,0.0560134724761789,0.0,0.7105022850712505,0.7105022850712505,0.0,0.6681144835556599,0.6681144835556599,0.0
bxaic__P__gcn__seed123,bxaic,P,gcn,123,gradinput,P01_checkpoint_rerun,0.1,fixed_historical_q,2,2,0,657,0,638,0,0.1097649062474804,0.1097649062474804,0.0,0.0365457382575857,0.0365457382575857,0.0,0.9612068965517244,0.9612068965517244,0.0,0.851441990304244,0.851441990304244,0.0
bxaic__P__gcn__seed123,bxaic,P,gcn,123,gradinput,P01_checkpoint_rerun,0.1,fixed_current_machine_q,2,2,0,657,0,638,0,0.1097649062474804,0.1097649062474804,0.0,0.0365457382575857,0.0365457382575857,0.0,0.9612068965517244,0.9612068965517244,0.0,0.851441990304244,0.851441990304244,0.0
bxaic__P__gcn__seed123,bxaic,P,gcn,123,gradinput,P01_checkpoint_rerun,0.1,recalibrated,2,2,0,657,0,638,0,0.1097649062474804,0.1097649062474804,0.0,0.0365457382575857,0.0365457382575857,0.0,0.9612068965517244,0.9612068965517244,0.0,0.851441990304244,0.851441990304244,0.0
bxaic__P__gcn__seed123,bxaic,P,gcn,123,gradinput,P01_checkpoint_rerun,0.2,fixed_historical_q,1,1,0,657,0,638,0,0.1261095019369959,0.1261095019369959,0.0,0.0347549874610955,0.0347549874610955,0.0,0.9929467084639498,0.9929467084639498,0.0,0.8668372065269537,0.8668372065269537,0.0
bxaic__P__gcn__seed123,bxaic,P,gcn,123,gradinput,P01_checkpoint_rerun,0.2,fixed_current_machine_q,1,1,0,657,0,638,0,0.1261095019369959,0.1261095019369959,0.0,0.0347549874610955,0.0347549874610955,0.0,0.9929467084639498,0.9929467084639498,0.0,0.8668372065269537,0.8668372065269537,0.0
bxaic__P__gcn__seed123,bxaic,P,gcn,123,gradinput,P01_checkpoint_rerun,0.2,recalibrated,1,1,0,657,0,638,0,0.1261095019369959,0.1261095019369959,0.0,0.0347549874610955,0.0347549874610955,0.0,0.9929467084639498,0.9929467084639498,0.0,0.8668372065269537,0.8668372065269537,0.0
bxaic__P__gcn__seed123,bxaic,P,gcn,123,atom_occlusion,P20_frozen_cache,0.05,fixed_historical_q,4,4,0,657,0,638,0,0.0423878015155905,0.0423878015155905,0.0,0.0560134724761789,0.0560134724761789,0.0,0.7105022850712505,0.7105022850712505,0.0,0.6681144835556599,0.6681144835556599,0.0
bxaic__P__gcn__seed123,bxaic,P,gcn,123,atom_occlusion,P20_frozen_cache,0.05,fixed_current_machine_q,4,4,0,657,0,638,0,0.0423878015155905,0.0423878015155905,0.0,0.0560134724761789,0.0560134724761789,0.0,0.7105022850712505,0.7105022850712505,0.0,0.6681144835556599,0.6681144835556599,0.0
bxaic__P__gcn__seed123,bxaic,P,gcn,123,atom_occlusion,P20_frozen_cache,0.05,recalibrated,4,4,0,657,0,638,0,0.0423878015155905,0.0423878015155905,0.0,0.0560134724761789,0.0560134724761789,0.0,0.7105022850712505,0.7105022850712505,0.0,0.6681144835556599,0.6681144835556599,0.0
bxaic__P__gcn__seed123,bxaic,P,gcn,123,atom_occlusion,P20_frozen_cache,0.1,fixed_historical_q,2,2,0,657,0,638,0,0.1097649062474804,0.1097649062474804,0.0,0.0365457382575857,0.0365457382575857,0.0,0.9612068965517244,0.9612068965517244,0.0,0.851441990304244,0.851441990304244,0.0
bxaic__P__gcn__seed123,bxaic,P,gcn,123,atom_occlusion,P20_frozen_cache,0.1,fixed_current_machine_q,2,2,0,657,0,638,0,0.1097649062474804,0.1097649062474804,0.0,0.0365457382575857,0.0365457382575857,0.0,0.9612068965517244,0.9612068965517244,0.0,0.851441990304244,0.851441990304244,0.0
bxaic__P__gcn__seed123,bxaic,P,gcn,123,atom_occlusion,P20_frozen_cache,0.1,recalibrated,2,2,0,657,0,638,0,0.1097649062474804,0.1097649062474804,0.0,0.0365457382575857,0.0365457382575857,0.0,0.9612068965517244,0.9612068965517244,0.0,0.851441990304244,0.851441990304244,0.0
bxaic__P__gcn__seed123,bxaic,P,gcn,123,atom_occlusion,P20_frozen_cache,0.2,fixed_historical_q,1,1,0,657,0,638,0,0.1261095019369959,0.1261095019369959,0.0,0.0347549874610955,0.0347549874610955,0.0,0.9929467084639498,0.9929467084639498,0.0,0.8668372065269537,0.8668372065269537,0.0
bxaic__P__gcn__seed123,bxaic,P,gcn,123,atom_occlusion,P20_frozen_cache,0.2,fixed_current_machine_q,1,1,0,657,0,638,0,0.1261095019369959,0.1261095019369959,0.0,0.0347549874610955,0.0347549874610955,0.0,0.9929467084639498,0.9929467084639498,0.0,0.8668372065269537,0.8668372065269537,0.0
bxaic__P__gcn__seed123,bxaic,P,gcn,123,atom_occlusion,P20_frozen_cache,0.2,recalibrated,1,1,0,657,0,638,0,0.1261095019369959,0.1261095019369959,0.0,0.0347549874610955,0.0347549874610955,0.0,0.9929467084639498,0.9929467084639498,0.0,0.8668372065269537,0.8668372065269537,0.0
bxaic__P__gcn__seed123,bxaic,P,gcn,123,saliency,P20_frozen_cache,0.05,fixed_historical_q,6,6,0,657,0,638,0,0.0348820719510374,0.0348820719510374,0.0,0.0772656620816479,0.0772656620816479,0.0,0.5266535353773433,0.5266535353773433,0.0,0.5115206797272466,0.5115206797272466,0.0
bxaic__P__gcn__seed123,bxaic,P,gcn,123,saliency,P20_frozen_cache,0.05,fixed_current_machine_q,6,6,0,657,0,638,0,0.0348820719510374,0.0348820719510374,0.0,0.0772656620816479,0.0772656620816479,0.0,0.5266535353773433,0.5266535353773433,0.0,0.5115206797272466,0.5115206797272466,0.0
bxaic__P__gcn__seed123,bxaic,P,gcn,123,saliency,P20_frozen_cache,0.05,recalibrated,6,6,0,657,0,638,0,0.0348820719510374,0.0348820719510374,0.0,0.0772656620816479,0.0772656620816479,0.0,0.5266535353773433,0.5266535353773433,0.0,0.5115206797272466,0.5115206797272466,0.0
bxaic__P__gcn__seed123,bxaic,P,gcn,123,saliency,P20_frozen_cache,0.1,fixed_historical_q,4,4,0,657,0,638,0,0.0709928171895717,0.0709928171895717,0.0,0.0560134724761789,0.0560134724761789,0.0,0.681244186847635,0.681244186847635,0.0,0.6434018398774991,0.6434018398774991,0.0
bxaic__P__gcn__seed123,bxaic,P,gcn,123,saliency,P20_frozen_cache,0.1,fixed_current_machine_q,4,4,0,657,0,638,0,0.0709928171895717,0.0709928171895717,0.0,0.0560134724761789,0.0560134724761789,0.0,0.681244186847635,0.681244186847635,0.0,0.6434018398774991,0.6434018398774991,0.0
bxaic__P__gcn__seed123,bxaic,P,gcn,123,saliency,P20_frozen_cache,0.1,recalibrated,4,4,0,657,0,638,0,0.0709928171895717,0.0709928171895717,0.0,0.0560134724761789,0.0560134724761789,0.0,0.681244186847635,0.681244186847635,0.0,0.6434018398774991,0.6434018398774991,0.0
bxaic__P__gcn__seed123,bxaic,P,gcn,123,saliency,P20_frozen_cache,0.2,fixed_historical_q,1,1,0,657,0,638,0,0.1735232950404442,0.1735232950404442,0.0,0.0347549874610955,0.0347549874610955,0.0,0.9349529780564264,0.9349529780564264,0.0,0.8194234134235057,0.8194234134235057,0.0
bxaic__P__gcn__seed123,bxaic,P,gcn,123,saliency,P20_frozen_cache,0.2,fixed_current_machine_q,1,1,0,657,0,638,0,0.1735232950404442,0.1735232950404442,0.0,0.0347549874610955,0.0347549874610955,0.0,0.9349529780564264,0.9349529780564264,0.0,0.8194234134235057,0.8194234134235057,0.0
bxaic__P__gcn__seed123,bxaic,P,gcn,123,saliency,P20_frozen_cache,0.2,recalibrated,1,1,0,657,0,638,0,0.1735232950404442,0.1735232950404442,0.0,0.0347549874610955,0.0347549874610955,0.0,0.9349529780564264,0.9349529780564264,0.0,0.8194234134235057,0.8194234134235057,0.0
bxaic__P__gcn__seed2026,bxaic,P,gcn,2026,ig,P01_checkpoint_rerun,0.05,fixed_historical_q,4,4,0,657,0,638,0,0.0423878015155905,0.0423878015155905,0.0,0.0560134724761789,0.0560134724761789,0.0,0.7105022850712505,0.7105022850712505,0.0,0.6681144835556599,0.6681144835556599,0.0
bxaic__P__gcn__seed2026,bxaic,P,gcn,2026,ig,P01_checkpoint_rerun,0.05,fixed_current_machine_q,4,4,0,657,0,638,0,0.0423878015155905,0.0423878015155905,0.0,0.0560134724761789,0.0560134724761789,0.0,0.7105022850712505,0.7105022850712505,0.0,0.6681144835556599,0.6681144835556599,0.0
bxaic__P__gcn__seed2026,bxaic,P,gcn,2026,ig,P01_checkpoint_rerun,0.05,recalibrated,4,4,0,657,0,638,0,0.0423878015155905,0.0423878015155905,0.0,0.0560134724761789,0.0560134724761789,0.0,0.7105022850712505,0.7105022850712505,0.0,0.6681144835556599,0.6681144835556599,0.0
bxaic__P__gcn__seed2026,bxaic,P,gcn,2026,ig,P01_checkpoint_rerun,0.1,fixed_historical_q,2,2,0,657,0,638,0,0.1097649062474804,0.1097649062474804,0.0,0.0365457382575857,0.0365457382575857,0.0,0.9612068965517244,0.9612068965517244,0.0,0.851441990304244,0.851441990304244,0.0
bxaic__P__gcn__seed2026,bxaic,P,gcn,2026,ig,P01_checkpoint_rerun,0.1,fixed_current_machine_q,2,2,0,657,0,638,0,0.1097649062474804,0.1097649062474804,0.0,0.0365457382575857,0.0365457382575857,0.0,0.9612068965517244,0.9612068965517244,0.0,0.851441990304244,0.851441990304244,0.0
bxaic__P__gcn__seed2026,bxaic,P,gcn,2026,ig,P01_checkpoint_rerun,0.1,recalibrated,2,2,0,657,0,638,0,0.1097649062474804,0.1097649062474804,0.0,0.0365457382575857,0.0365457382575857,0.0,0.9612068965517244,0.9612068965517244,0.0,0.851441990304244,0.851441990304244,0.0
bxaic__P__gcn__seed2026,bxaic,P,gcn,2026,ig,P01_checkpoint_rerun,0.2,fixed_historical_q,1,1,0,657,0,638,0,0.1261095019369959,0.1261095019369959,0.0,0.0347549874610955,0.0347549874610955,0.0,0.9929467084639498,0.9929467084639498,0.0,0.8668372065269537,0.8668372065269537,0.0
bxaic__P__gcn__seed2026,bxaic,P,gcn,2026,ig,P01_checkpoint_rerun,0.2,fixed_current_machine_q,1,1,0,657,0,638,0,0.1261095019369959,0.1261095019369959,0.0,0.0347549874610955,0.0347549874610955,0.0,0.9929467084639498,0.9929467084639498,0.0,0.8668372065269537,0.8668372065269537,0.0
bxaic__P__gcn__seed2026,bxaic,P,gcn,2026,ig,P01_checkpoint_rerun,0.2,recalibrated,1,1,0,657,0,638,0,0.1261095019369959,0.1261095019369959,0.0,0.0347549874610955,0.0347549874610955,0.0,0.9929467084639498,0.9929467084639498,0.0,0.8668372065269537,0.8668372065269537,0.0
bxaic__P__gcn__seed2026,bxaic,P,gcn,2026,gradinput,P01_checkpoint_rerun,0.05,fixed_historical_q,4,4,0,657,0,638,0,0.0423878015155905,0.0423878015155905,0.0,0.0560134724761789,0.0560134724761789,0.0,0.7105022850712505,0.7105022850712505,0.0,0.6681144835556599,0.6681144835556599,0.0
bxaic__P__gcn__seed2026,bxaic,P,gcn,2026,gradinput,P01_checkpoint_rerun,0.05,fixed_current_machine_q,4,4,0,657,0,638,0,0.0423878015155905,0.0423878015155905,0.0,0.0560134724761789,0.0560134724761789,0.0,0.7105022850712505,0.7105022850712505,0.0,0.6681144835556599,0.6681144835556599,0.0
bxaic__P__gcn__seed2026,bxaic,P,gcn,2026,gradinput,P01_checkpoint_rerun,0.05,recalibrated,4,4,0,657,0,638,0,0.0423878015155905,0.0423878015155905,0.0,0.0560134724761789,0.0560134724761789,0.0,0.7105022850712505,0.7105022850712505,0.0,0.6681144835556599,0.6681144835556599,0.0
bxaic__P__gcn__seed2026,bxaic,P,gcn,2026,gradinput,P01_checkpoint_rerun,0.1,fixed_historical_q,2,2,0,657,0,638,0,0.1097649062474804,0.1097649062474804,0.0,0.0365457382575857,0.0365457382575857,0.0,0.9612068965517244,0.9612068965517244,0.0,0.851441990304244,0.851441990304244,0.0
bxaic__P__gcn__seed2026,bxaic,P,gcn,2026,gradinput,P01_checkpoint_rerun,0.1,fixed_current_machine_q,2,2,0,657,0,638,0,0.1097649062474804,0.1097649062474804,0.0,0.0365457382575857,0.0365457382575857,0.0,0.9612068965517244,0.9612068965517244,0.0,0.851441990304244,0.851441990304244,0.0
bxaic__P__gcn__seed2026,bxaic,P,gcn,2026,gradinput,P01_checkpoint_rerun,0.1,recalibrated,2,2,0,657,0,638,0,0.1097649062474804,0.1097649062474804,0.0,0.0365457382575857,0.0365457382575857,0.0,0.9612068965517244,0.9612068965517244,0.0,0.851441990304244,0.851441990304244,0.0
bxaic__P__gcn__seed2026,bxaic,P,gcn,2026,gradinput,P01_checkpoint_rerun,0.2,fixed_historical_q,1,1,0,657,0,638,0,0.1261095019369959,0.1261095019369959,0.0,0.0347549874610955,0.0347549874610955,0.0,0.9929467084639498,0.9929467084639498,0.0,0.8668372065269537,0.8668372065269537,0.0
bxaic__P__gcn__seed2026,bxaic,P,gcn,2026,gradinput,P01_checkpoint_rerun,0.2,fixed_current_machine_q,1,1,0,657,0,638,0,0.1261095019369959,0.1261095019369959,0.0,0.0347549874610955,0.0347549874610955,0.0,0.9929467084639498,0.9929467084639498,0.0,0.8668372065269537,0.8668372065269537,0.0
bxaic__P__gcn__seed2026,bxaic,P,gcn,2026,gradinput,P01_checkpoint_rerun,0.2,recalibrated,1,1,0,657,0,638,0,0.1261095019369959,0.1261095019369959,0.0,0.0347549874610955,0.0347549874610955,0.0,0.9929467084639498,0.9929467084639498,0.0,0.8668372065269537,0.8668372065269537,0.0
bxaic__P__gcn__seed2026,bxaic,P,gcn,2026,atom_occlusion,P20_frozen_cache,0.05,fixed_historical_q,4,4,0,657,0,638,0,0.0423878015155905,0.0423878015155905,0.0,0.0560134724761789,0.0560134724761789,0.0,0.7105022850712505,0.7105022850712505,0.0,0.6681144835556599,0.6681144835556599,0.0
bxaic__P__gcn__seed2026,bxaic,P,gcn,2026,atom_occlusion,P20_frozen_cache,0.05,fixed_current_machine_q,4,4,0,657,0,638,0,0.0423878015155905,0.0423878015155905,0.0,0.0560134724761789,0.0560134724761789,0.0,0.7105022850712505,0.7105022850712505,0.0,0.6681144835556599,0.6681144835556599,0.0
bxaic__P__gcn__seed2026,bxaic,P,gcn,2026,atom_occlusion,P20_frozen_cache,0.05,recalibrated,4,4,0,657,0,638,0,0.0423878015155905,0.0423878015155905,0.0,0.0560134724761789,0.0560134724761789,0.0,0.7105022850712505,0.7105022850712505,0.0,0.6681144835556599,0.6681144835556599,0.0
bxaic__P__gcn__seed2026,bxaic,P,gcn,2026,atom_occlusion,P20_frozen_cache,0.1,fixed_historical_q,2,2,0,657,0,638,0,0.1097649062474804,0.1097649062474804,0.0,0.0365457382575857,0.0365457382575857,0.0,0.9612068965517244,0.9612068965517244,0.0,0.851441990304244,0.851441990304244,0.0
bxaic__P__gcn__seed2026,bxaic,P,gcn,2026,atom_occlusion,P20_frozen_cache,0.1,fixed_current_machine_q,2,2,0,657,0,638,0,0.1097649062474804,0.1097649062474804,0.0,0.0365457382575857,0.0365457382575857,0.0,0.9612068965517244,0.9612068965517244,0.0,0.851441990304244,0.851441990304244,0.0
bxaic__P__gcn__seed2026,bxaic,P,gcn,2026,atom_occlusion,P20_frozen_cache,0.1,recalibrated,2,2,0,657,0,638,0,0.1097649062474804,0.1097649062474804,0.0,0.0365457382575857,0.0365457382575857,0.0,0.9612068965517244,0.9612068965517244,0.0,0.851441990304244,0.851441990304244,0.0
bxaic__P__gcn__seed2026,bxaic,P,gcn,2026,atom_occlusion,P20_frozen_cache,0.2,fixed_historical_q,1,1,0,657,0,638,0,0.1261095019369959,0.1261095019369959,0.0,0.0347549874610955,0.0347549874610955,0.0,0.9929467084639498,0.9929467084639498,0.0,0.8668372065269537,0.8668372065269537,0.0
bxaic__P__gcn__seed2026,bxaic,P,gcn,2026,atom_occlusion,P20_frozen_cache,0.2,fixed_current_machine_q,1,1,0,657,0,638,0,0.1261095019369959,0.1261095019369959,0.0,0.0347549874610955,0.0347549874610955,0.0,0.9929467084639498,0.9929467084639498,0.0,0.8668372065269537,0.8668372065269537,0.0
bxaic__P__gcn__seed2026,bxaic,P,gcn,2026,atom_occlusion,P20_frozen_cache,0.2,recalibrated,1,1,0,657,0,638,0,0.1261095019369959,0.1261095019369959,0.0,0.0347549874610955,0.0347549874610955,0.0,0.9929467084639498,0.9929467084639498,0.0,0.8668372065269537,0.8668372065269537,0.0
bxaic__P__gcn__seed2026,bxaic,P,gcn,2026,saliency,P20_frozen_cache,0.05,fixed_historical_q,9,9,0,657,0,638,0,0.0598932676518883,0.0598932676518883,0.0,0.1069868638561791,0.1069868638561791,0.0,0.3778979476316254,0.3778979476316254,0.0,0.374901231703875,0.374901231703875,0.0
bxaic__P__gcn__seed2026,bxaic,P,gcn,2026,saliency,P20_frozen_cache,0.05,fixed_current_machine_q,9,9,0,657,0,638,0,0.0598932676518883,0.0598932676518883,0.0,0.1069868638561791,0.1069868638561791,0.0,0.3778979476316254,0.3778979476316254,0.0,0.374901231703875,0.374901231703875,0.0
bxaic__P__gcn__seed2026,bxaic,P,gcn,2026,saliency,P20_frozen_cache,0.05,recalibrated,9,9,0,657,0,638,0,0.0598932676518883,0.0598932676518883,0.0,0.1069868638561791,0.1069868638561791,0.0,0.3778979476316254,0.3778979476316254,0.0,0.374901231703875,0.374901231703875,0.0
bxaic__P__gcn__seed2026,bxaic,P,gcn,2026,saliency,P20_frozen_cache,0.1,fixed_historical_q,7,7,0,657,0,638,1,0.1028026571130019,0.1028026571130019,0.0,0.0876095521611401,0.087604327500743,-5.224660397068481e-06,0.4377302972420191,0.4377777941547197,4.749691270061751e-05,0.4287538330931414,0.4288013300058421,4.749691270067302e-05
bxaic__P__gcn__seed2026,bxaic,P,gcn,2026,saliency,P20_frozen_cache,0.1,fixed_current_machine_q,7,7,0,657,0,638,1,0.1028026571130019,0.1028026571130019,0.0,0.0876095521611401,0.087604327500743,-5.224660397068481e-06,0.4377302972420191,0.4377777941547197,4.749691270061751e-05,0.4287538330931414,0.4288013300058421,4.749691270067302e-05
bxaic__P__gcn__seed2026,bxaic,P,gcn,2026,saliency,P20_frozen_cache,0.1,recalibrated,7,7,0,657,0,638,1,0.1028026571130019,0.1028026571130019,0.0,0.0876095521611401,0.087604327500743,-5.224660397068481e-06,0.4377302972420191,0.4377777941547197,4.749691270061751e-05,0.4287538330931414,0.4288013300058421,4.749691270067302e-05
bxaic__P__gcn__seed2026,bxaic,P,gcn,2026,saliency,P20_frozen_cache,0.2,fixed_historical_q,4,4,0,657,0,638,0,0.2103784446237885,0.2103784446237885,0.0,0.0560134724761789,0.0560134724761789,0.0,0.5851757437964332,0.5851757437964332,0.0,0.5433543429647983,0.5433543429647983,0.0
bxaic__P__gcn__seed2026,bxaic,P,gcn,2026,saliency,P20_frozen_cache,0.2,fixed_current_machine_q,4,4,0,657,0,638,0,0.2103784446237885,0.2103784446237885,0.0,0.0560134724761789,0.0560134724761789,0.0,0.5851757437964332,0.5851757437964332,0.0,0.5433543429647983,0.5433543429647983,0.0
bxaic__P__gcn__seed2026,bxaic,P,gcn,2026,saliency,P20_frozen_cache,0.2,recalibrated,4,4,0,657,0,638,0,0.2103784446237885,0.2103784446237885,0.0,0.0560134724761789,0.0560134724761789,0.0,0.5851757437964332,0.5851757437964332,0.0,0.5433543429647983,0.5433543429647983,0.0
bxaic__P__gcn__seed42,bxaic,P,gcn,42,ig,P01_checkpoint_rerun,0.05,fixed_historical_q,4,4,0,657,0,638,0,0.0423878015155905,0.0423878015155905,0.0,0.0560134724761789,0.0560134724761789,0.0,0.7105022850712505,0.7105022850712505,0.0,0.6681144835556599,0.6681144835556599,0.0
bxaic__P__gcn__seed42,bxaic,P,gcn,42,ig,P01_checkpoint_rerun,0.05,fixed_current_machine_q,4,4,0,657,0,638,0,0.0423878015155905,0.0423878015155905,0.0,0.0560134724761789,0.0560134724761789,0.0,0.7105022850712505,0.7105022850712505,0.0,0.6681144835556599,0.6681144835556599,0.0
bxaic__P__gcn__seed42,bxaic,P,gcn,42,ig,P01_checkpoint_rerun,0.05,recalibrated,4,4,0,657,0,638,0,0.0423878015155905,0.0423878015155905,0.0,0.0560134724761789,0.0560134724761789,0.0,0.7105022850712505,0.7105022850712505,0.0,0.6681144835556599,0.6681144835556599,0.0
bxaic__P__gcn__seed42,bxaic,P,gcn,42,ig,P01_checkpoint_rerun,0.1,fixed_historical_q,2,2,0,657,0,638,0,0.1097649062474804,0.1097649062474804,0.0,0.0365457382575857,0.0365457382575857,0.0,0.9612068965517244,0.9612068965517244,0.0,0.851441990304244,0.851441990304244,0.0
bxaic__P__gcn__seed42,bxaic,P,gcn,42,ig,P01_checkpoint_rerun,0.1,fixed_current_machine_q,2,2,0,657,0,638,0,0.1097649062474804,0.1097649062474804,0.0,0.0365457382575857,0.0365457382575857,0.0,0.9612068965517244,0.9612068965517244,0.0,0.851441990304244,0.851441990304244,0.0
bxaic__P__gcn__seed42,bxaic,P,gcn,42,ig,P01_checkpoint_rerun,0.1,recalibrated,2,2,0,657,0,638,0,0.1097649062474804,0.1097649062474804,0.0,0.0365457382575857,0.0365457382575857,0.0,0.9612068965517244,0.9612068965517244,0.0,0.851441990304244,0.851441990304244,0.0
bxaic__P__gcn__seed42,bxaic,P,gcn,42,ig,P01_checkpoint_rerun,0.2,fixed_historical_q,1,1,0,657,0,638,0,0.1261095019369959,0.1261095019369959,0.0,0.0347549874610955,0.0347549874610955,0.0,0.9929467084639498,0.9929467084639498,0.0,0.8668372065269537,0.8668372065269537,0.0
bxaic__P__gcn__seed42,bxaic,P,gcn,42,ig,P01_checkpoint_rerun,0.2,fixed_current_machine_q,1,1,0,657,0,638,0,0.1261095019369959,0.1261095019369959,0.0,0.0347549874610955,0.0347549874610955,0.0,0.9929467084639498,0.9929467084639498,0.0,0.8668372065269537,0.8668372065269537,0.0
bxaic__P__gcn__seed42,bxaic,P,gcn,42,ig,P01_checkpoint_rerun,0.2,recalibrated,1,1,0,657,0,638,0,0.1261095019369959,0.1261095019369959,0.0,0.0347549874610955,0.0347549874610955,0.0,0.9929467084639498,0.9929467084639498,0.0,0.8668372065269537,0.8668372065269537,0.0
bxaic__P__gcn__seed42,bxaic,P,gcn,42,gradinput,P01_checkpoint_rerun,0.05,fixed_historical_q,4,4,0,657,0,638,0,0.0423878015155905,0.0423878015155905,0.0,0.0560134724761789,0.0560134724761789,0.0,0.7105022850712505,0.7105022850712505,0.0,0.6681144835556599,0.6681144835556599,0.0
bxaic__P__gcn__seed42,bxaic,P,gcn,42,gradinput,P01_checkpoint_rerun,0.05,fixed_current_machine_q,4,4,0,657,0,638,0,0.0423878015155905,0.0423878015155905,0.0,0.0560134724761789,0.0560134724761789,0.0,0.7105022850712505,0.7105022850712505,0.0,0.6681144835556599,0.6681144835556599,0.0
bxaic__P__gcn__seed42,bxaic,P,gcn,42,gradinput,P01_checkpoint_rerun,0.05,recalibrated,4,4,0,657,0,638,0,0.0423878015155905,0.0423878015155905,0.0,0.0560134724761789,0.0560134724761789,0.0,0.7105022850712505,0.7105022850712505,0.0,0.6681144835556599,0.6681144835556599,0.0
bxaic__P__gcn__seed42,bxaic,P,gcn,42,gradinput,P01_checkpoint_rerun,0.1,fixed_historical_q,2,2,0,657,0,638,0,0.1097649062474804,0.1097649062474804,0.0,0.0365457382575857,0.0365457382575857,0.0,0.9612068965517244,0.9612068965517244,0.0,0.851441990304244,0.851441990304244,0.0
bxaic__P__gcn__seed42,bxaic,P,gcn,42,gradinput,P01_checkpoint_rerun,0.1,fixed_current_machine_q,2,2,0,657,0,638,0,0.1097649062474804,0.1097649062474804,0.0,0.0365457382575857,0.0365457382575857,0.0,0.9612068965517244,0.9612068965517244,0.0,0.851441990304244,0.851441990304244,0.0
bxaic__P__gcn__seed42,bxaic,P,gcn,42,gradinput,P01_checkpoint_rerun,0.1,recalibrated,2,2,0,657,0,638,0,0.1097649062474804,0.1097649062474804,0.0,0.0365457382575857,0.0365457382575857,0.0,0.9612068965517244,0.9612068965517244,0.0,0.851441990304244,0.851441990304244,0.0
bxaic__P__gcn__seed42,bxaic,P,gcn,42,gradinput,P01_checkpoint_rerun,0.2,fixed_historical_q,1,1,0,657,0,638,0,0.1261095019369959,0.1261095019369959,0.0,0.0347549874610955,0.0347549874610955,0.0,0.9929467084639498,0.9929467084639498,0.0,0.8668372065269537,0.8668372065269537,0.0
bxaic__P__gcn__seed42,bxaic,P,gcn,42,gradinput,P01_checkpoint_rerun,0.2,fixed_current_machine_q,1,1,0,657,0,638,0,0.1261095019369959,0.1261095019369959,0.0,0.0347549874610955,0.0347549874610955,0.0,0.9929467084639498,0.9929467084639498,0.0,0.8668372065269537,0.8668372065269537,0.0
bxaic__P__gcn__seed42,bxaic,P,gcn,42,gradinput,P01_checkpoint_rerun,0.2,recalibrated,1,1,0,657,0,638,0,0.1261095019369959,0.1261095019369959,0.0,0.0347549874610955,0.0347549874610955,0.0,0.9929467084639498,0.9929467084639498,0.0,0.8668372065269537,0.8668372065269537,0.0
bxaic__P__gcn__seed42,bxaic,P,gcn,42,atom_occlusion,P20_frozen_cache,0.05,fixed_historical_q,4,4,0,657,0,638,0,0.0423878015155905,0.0423878015155905,0.0,0.0560134724761789,0.0560134724761789,0.0,0.7105022850712505,0.7105022850712505,0.0,0.6681144835556599,0.6681144835556599,0.0
bxaic__P__gcn__seed42,bxaic,P,gcn,42,atom_occlusion,P20_frozen_cache,0.05,fixed_current_machine_q,4,4,0,657,0,638,0,0.0423878015155905,0.0423878015155905,0.0,0.0560134724761789,0.0560134724761789,0.0,0.7105022850712505,0.7105022850712505,0.0,0.6681144835556599,0.6681144835556599,0.0
bxaic__P__gcn__seed42,bxaic,P,gcn,42,atom_occlusion,P20_frozen_cache,0.05,recalibrated,4,4,0,657,0,638,0,0.0423878015155905,0.0423878015155905,0.0,0.0560134724761789,0.0560134724761789,0.0,0.7105022850712505,0.7105022850712505,0.0,0.6681144835556599,0.6681144835556599,0.0
bxaic__P__gcn__seed42,bxaic,P,gcn,42,atom_occlusion,P20_frozen_cache,0.1,fixed_historical_q,2,2,0,657,0,638,0,0.1097649062474804,0.1097649062474804,0.0,0.0365457382575857,0.0365457382575857,0.0,0.9612068965517244,0.9612068965517244,0.0,0.851441990304244,0.851441990304244,0.0
bxaic__P__gcn__seed42,bxaic,P,gcn,42,atom_occlusion,P20_frozen_cache,0.1,fixed_current_machine_q,2,2,0,657,0,638,0,0.1097649062474804,0.1097649062474804,0.0,0.0365457382575857,0.0365457382575857,0.0,0.9612068965517244,0.9612068965517244,0.0,0.851441990304244,0.851441990304244,0.0
bxaic__P__gcn__seed42,bxaic,P,gcn,42,atom_occlusion,P20_frozen_cache,0.1,recalibrated,2,2,0,657,0,638,0,0.1097649062474804,0.1097649062474804,0.0,0.0365457382575857,0.0365457382575857,0.0,0.9612068965517244,0.9612068965517244,0.0,0.851441990304244,0.851441990304244,0.0
bxaic__P__gcn__seed42,bxaic,P,gcn,42,atom_occlusion,P20_frozen_cache,0.2,fixed_historical_q,1,1,0,657,0,638,0,0.1261095019369959,0.1261095019369959,0.0,0.0347549874610955,0.0347549874610955,0.0,0.9929467084639498,0.9929467084639498,0.0,0.8668372065269537,0.8668372065269537,0.0
bxaic__P__gcn__seed42,bxaic,P,gcn,42,atom_occlusion,P20_frozen_cache,0.2,fixed_current_machine_q,1,1,0,657,0,638,0,0.1261095019369959,0.1261095019369959,0.0,0.0347549874610955,0.0347549874610955,0.0,0.9929467084639498,0.9929467084639498,0.0,0.8668372065269537,0.8668372065269537,0.0
bxaic__P__gcn__seed42,bxaic,P,gcn,42,atom_occlusion,P20_frozen_cache,0.2,recalibrated,1,1,0,657,0,638,0,0.1261095019369959,0.1261095019369959,0.0,0.0347549874610955,0.0347549874610955,0.0,0.9929467084639498,0.9929467084639498,0.0,0.8668372065269537,0.8668372065269537,0.0
bxaic__P__gcn__seed42,bxaic,P,gcn,42,saliency,P20_frozen_cache,0.05,fixed_historical_q,6,6,0,657,0,638,0,0.0395842663084042,0.0395842663084042,0.0,0.0772656620816479,0.0772656620816479,0.0,0.5199920933710738,0.5199920933710738,0.0,0.5043367716812694,0.5043367716812694,0.0
bxaic__P__gcn__seed42,bxaic,P,gcn,42,saliency,P20_frozen_cache,0.05,fixed_current_machine_q,6,6,0,657,0,638,0,0.0395842663084042,0.0395842663084042,0.0,0.0772656620816479,0.0772656620816479,0.0,0.5199920933710738,0.5199920933710738,0.0,0.5043367716812694,0.5043367716812694,0.0
bxaic__P__gcn__seed42,bxaic,P,gcn,42,saliency,P20_frozen_cache,0.05,recalibrated,6,6,0,657,0,638,0,0.0395842663084042,0.0395842663084042,0.0,0.0772656620816479,0.0772656620816479,0.0,0.5199920933710738,0.5199920933710738,0.0,0.5043367716812694,0.5043367716812694,0.0
bxaic__P__gcn__seed42,bxaic,P,gcn,42,saliency,P20_frozen_cache,0.1,fixed_historical_q,4,4,0,657,0,638,0,0.0858830993212332,0.0858830993212332,0.0,0.0560134724761789,0.0560134724761789,0.0,0.6676600698152421,0.6676600698152421,0.0,0.6300789558649599,0.6300789558649599,0.0
bxaic__P__gcn__seed42,bxaic,P,gcn,42,saliency,P20_frozen_cache,0.1,fixed_current_machine_q,4,4,0,657,0,638,0,0.0858830993212332,0.0858830993212332,0.0,0.0560134724761789,0.0560134724761789,0.0,0.6676600698152421,0.6676600698152421,0.0,0.6300789558649599,0.6300789558649599,0.0
bxaic__P__gcn__seed42,bxaic,P,gcn,42,saliency,P20_frozen_cache,0.1,recalibrated,4,4,0,657,0,638,0,0.0858830993212332,0.0858830993212332,0.0,0.0560134724761789,0.0560134724761789,0.0,0.6676600698152421,0.6676600698152421,0.0,0.6300789558649599,0.6300789558649599,0.0
bxaic__P__gcn__seed42,bxaic,P,gcn,42,saliency,P20_frozen_cache,0.2,fixed_historical_q,1,1,0,657,0,638,0,0.1837113828147389,0.1837113828147389,0.0,0.0347549874610955,0.0347549874610955,0.0,0.9224137931034484,0.9224137931034484,0.0,0.809235325649211,0.809235325649211,0.0
bxaic__P__gcn__seed42,bxaic,P,gcn,42,saliency,P20_frozen_cache,0.2,fixed_current_machine_q,1,1,0,657,0,638,0,0.1837113828147389,0.1837113828147389,0.0,0.0347549874610955,0.0347549874610955,0.0,0.9224137931034484,0.9224137931034484,0.0,0.809235325649211,0.809235325649211,0.0
bxaic__P__gcn__seed42,bxaic,P,gcn,42,saliency,P20_frozen_cache,0.2,recalibrated,1,1,0,657,0,638,0,0.1837113828147389,0.1837113828147389,0.0,0.0347549874610955,0.0347549874610955,0.0,0.9224137931034484,0.9224137931034484,0.0,0.809235325649211,0.809235325649211,0.0
bxaic__P__gin__seed123,bxaic,P,gin,123,ig,P01_checkpoint_rerun,0.05,fixed_historical_q,4,4,0,657,0,638,0,0.0423878015155905,0.0423878015155905,0.0,0.0560134724761789,0.0560134724761789,0.0,0.7105022850712505,0.7105022850712505,0.0,0.6681144835556599,0.6681144835556599,0.0
bxaic__P__gin__seed123,bxaic,P,gin,123,ig,P01_checkpoint_rerun,0.05,fixed_current_machine_q,4,4,0,657,0,638,0,0.0423878015155905,0.0423878015155905,0.0,0.0560134724761789,0.0560134724761789,0.0,0.7105022850712505,0.7105022850712505,0.0,0.6681144835556599,0.6681144835556599,0.0
bxaic__P__gin__seed123,bxaic,P,gin,123,ig,P01_checkpoint_rerun,0.05,recalibrated,4,4,0,657,0,638,0,0.0423878015155905,0.0423878015155905,0.0,0.0560134724761789,0.0560134724761789,0.0,0.7105022850712505,0.7105022850712505,0.0,0.6681144835556599,0.6681144835556599,0.0
bxaic__P__gin__seed123,bxaic,P,gin,123,ig,P01_checkpoint_rerun,0.1,fixed_historical_q,2,2,0,657,0,638,0,0.1128997024857249,0.1128997024857249,0.0,0.0365457382575857,0.0365457382575857,0.0,0.9580721003134798,0.9580721003134798,0.0,0.8483071940659994,0.8483071940659994,0.0
bxaic__P__gin__seed123,bxaic,P,gin,123,ig,P01_checkpoint_rerun,0.1,fixed_current_machine_q,2,2,0,657,0,638,0,0.1128997024857249,0.1128997024857249,0.0,0.0365457382575857,0.0365457382575857,0.0,0.9580721003134798,0.9580721003134798,0.0,0.8483071940659994,0.8483071940659994,0.0
bxaic__P__gin__seed123,bxaic,P,gin,123,ig,P01_checkpoint_rerun,0.1,recalibrated,2,2,0,657,0,638,0,0.1128997024857249,0.1128997024857249,0.0,0.0365457382575857,0.0365457382575857,0.0,0.9580721003134798,0.9580721003134798,0.0,0.8483071940659994,0.8483071940659994,0.0
bxaic__P__gin__seed123,bxaic,P,gin,123,ig,P01_checkpoint_rerun,0.2,fixed_historical_q,1,1,0,657,0,638,0,0.1292442981752404,0.1292442981752404,0.0,0.0347549874610955,0.0347549874610955,0.0,0.9898119122257052,0.9898119122257052,0.0,0.8637024102887092,0.8637024102887092,0.0
bxaic__P__gin__seed123,bxaic,P,gin,123,ig,P01_checkpoint_rerun,0.2,fixed_current_machine_q,1,1,0,657,0,638,0,0.1292442981752404,0.1292442981752404,0.0,0.0347549874610955,0.0347549874610955,0.0,0.9898119122257052,0.9898119122257052,0.0,0.8637024102887092,0.8637024102887092,0.0
bxaic__P__gin__seed123,bxaic,P,gin,123,ig,P01_checkpoint_rerun,0.2,recalibrated,1,1,0,657,0,638,0,0.1292442981752404,0.1292442981752404,0.0,0.0347549874610955,0.0347549874610955,0.0,0.9898119122257052,0.9898119122257052,0.0,0.8637024102887092,0.8637024102887092,0.0
bxaic__P__gin__seed123,bxaic,P,gin,123,gradinput,P01_checkpoint_rerun,0.05,fixed_historical_q,4,4,0,657,0,638,0,0.0423878015155905,0.0423878015155905,0.0,0.0560134724761789,0.0560134724761789,0.0,0.7105022850712505,0.7105022850712505,0.0,0.6681144835556599,0.6681144835556599,0.0
bxaic__P__gin__seed123,bxaic,P,gin,123,gradinput,P01_checkpoint_rerun,0.05,fixed_current_machine_q,4,4,0,657,0,638,0,0.0423878015155905,0.0423878015155905,0.0,0.0560134724761789,0.0560134724761789,0.0,0.7105022850712505,0.7105022850712505,0.0,0.6681144835556599,0.6681144835556599,0.0
bxaic__P__gin__seed123,bxaic,P,gin,123,gradinput,P01_checkpoint_rerun,0.05,recalibrated,4,4,0,657,0,638,0,0.0423878015155905,0.0423878015155905,0.0,0.0560134724761789,0.0560134724761789,0.0,0.7105022850712505,0.7105022850712505,0.0,0.6681144835556599,0.6681144835556599,0.0
bxaic__P__gin__seed123,bxaic,P,gin,123,gradinput,P01_checkpoint_rerun,0.1,fixed_historical_q,2,2,0,657,0,638,0,0.1128997024857249,0.1128997024857249,0.0,0.0365457382575857,0.0365457382575857,0.0,0.9580721003134798,0.9580721003134798,0.0,0.8483071940659994,0.8483071940659994,0.0
bxaic__P__gin__seed123,bxaic,P,gin,123,gradinput,P01_checkpoint_rerun,0.1,fixed_current_machine_q,2,2,0,657,0,638,0,0.1128997024857249,0.1128997024857249,0.0,0.0365457382575857,0.0365457382575857,0.0,0.9580721003134798,0.9580721003134798,0.0,0.8483071940659994,0.8483071940659994,0.0
bxaic__P__gin__seed123,bxaic,P,gin,123,gradinput,P01_checkpoint_rerun,0.1,recalibrated,2,2,0,657,0,638,0,0.1128997024857249,0.1128997024857249,0.0,0.0365457382575857,0.0365457382575857,0.0,0.9580721003134798,0.9580721003134798,0.0,0.8483071940659994,0.8483071940659994,0.0
bxaic__P__gin__seed123,bxaic,P,gin,123,gradinput,P01_checkpoint_rerun,0.2,fixed_historical_q,1,1,0,657,0,638,0,0.1292442981752404,0.1292442981752404,0.0,0.0347549874610955,0.0347549874610955,0.0,0.9898119122257052,0.9898119122257052,0.0,0.8637024102887092,0.8637024102887092,0.0
bxaic__P__gin__seed123,bxaic,P,gin,123,gradinput,P01_checkpoint_rerun,0.2,fixed_current_machine_q,1,1,0,657,0,638,0,0.1292442981752404,0.1292442981752404,0.0,0.0347549874610955,0.0347549874610955,0.0,0.9898119122257052,0.9898119122257052,0.0,0.8637024102887092,0.8637024102887092,0.0
bxaic__P__gin__seed123,bxaic,P,gin,123,gradinput,P01_checkpoint_rerun,0.2,recalibrated,1,1,0,657,0,638,0,0.1292442981752404,0.1292442981752404,0.0,0.0347549874610955,0.0347549874610955,0.0,0.9898119122257052,0.9898119122257052,0.0,0.8637024102887092,0.8637024102887092,0.0
bxaic__P__gin__seed123,bxaic,P,gin,123,atom_occlusion,P20_frozen_cache,0.05,fixed_historical_q,4,4,0,657,0,638,0,0.0423878015155905,0.0423878015155905,0.0,0.0560134724761789,0.0560134724761789,0.0,0.7105022850712505,0.7105022850712505,0.0,0.6681144835556599,0.6681144835556599,0.0
bxaic__P__gin__seed123,bxaic,P,gin,123,atom_occlusion,P20_frozen_cache,0.05,fixed_current_machine_q,4,4,0,657,0,638,0,0.0423878015155905,0.0423878015155905,0.0,0.0560134724761789,0.0560134724761789,0.0,0.7105022850712505,0.7105022850712505,0.0,0.6681144835556599,0.6681144835556599,0.0
bxaic__P__gin__seed123,bxaic,P,gin,123,atom_occlusion,P20_frozen_cache,0.05,recalibrated,4,4,0,657,0,638,0,0.0423878015155905,0.0423878015155905,0.0,0.0560134724761789,0.0560134724761789,0.0,0.7105022850712505,0.7105022850712505,0.0,0.6681144835556599,0.6681144835556599,0.0
bxaic__P__gin__seed123,bxaic,P,gin,123,atom_occlusion,P20_frozen_cache,0.1,fixed_historical_q,2,2,0,657,0,638,0,0.1097649062474804,0.1097649062474804,0.0,0.0365457382575857,0.0365457382575857,0.0,0.9612068965517244,0.9612068965517244,0.0,0.851441990304244,0.851441990304244,0.0
bxaic__P__gin__seed123,bxaic,P,gin,123,atom_occlusion,P20_frozen_cache,0.1,fixed_current_machine_q,2,2,0,657,0,638,0,0.1097649062474804,0.1097649062474804,0.0,0.0365457382575857,0.0365457382575857,0.0,0.9612068965517244,0.9612068965517244,0.0,0.851441990304244,0.851441990304244,0.0
bxaic__P__gin__seed123,bxaic,P,gin,123,atom_occlusion,P20_frozen_cache,0.1,recalibrated,2,2,0,657,0,638,0,0.1097649062474804,0.1097649062474804,0.0,0.0365457382575857,0.0365457382575857,0.0,0.9612068965517244,0.9612068965517244,0.0,0.851441990304244,0.851441990304244,0.0
bxaic__P__gin__seed123,bxaic,P,gin,123,atom_occlusion,P20_frozen_cache,0.2,fixed_historical_q,1,1,0,657,0,638,0,0.1261095019369959,0.1261095019369959,0.0,0.0347549874610955,0.0347549874610955,0.0,0.9929467084639498,0.9929467084639498,0.0,0.8668372065269537,0.8668372065269537,0.0
bxaic__P__gin__seed123,bxaic,P,gin,123,atom_occlusion,P20_frozen_cache,0.2,fixed_current_machine_q,1,1,0,657,0,638,0,0.1261095019369959,0.1261095019369959,0.0,0.0347549874610955,0.0347549874610955,0.0,0.9929467084639498,0.9929467084639498,0.0,0.8668372065269537,0.8668372065269537,0.0
bxaic__P__gin__seed123,bxaic,P,gin,123,atom_occlusion,P20_frozen_cache,0.2,recalibrated,1,1,0,657,0,638,0,0.1261095019369959,0.1261095019369959,0.0,0.0347549874610955,0.0347549874610955,0.0,0.9929467084639498,0.9929467084639498,0.0,0.8668372065269537,0.8668372065269537,0.0
bxaic__P__gin__seed123,bxaic,P,gin,123,saliency,P20_frozen_cache,0.05,fixed_historical_q,6,6,0,657,0,638,0,0.0573219883564711,0.0573219883564711,0.0,0.0772656620816479,0.0772656620816479,0.0,0.4958541623365911,0.4958541623365911,0.0,0.4782321291973166,0.4782321291973166,0.0
bxaic__P__gin__seed123,bxaic,P,gin,123,saliency,P20_frozen_cache,0.05,fixed_current_machine_q,6,6,0,657,0,638,0,0.0573219883564711,0.0573219883564711,0.0,0.0772656620816479,0.0772656620816479,0.0,0.4958541623365911,0.4958541623365911,0.0,0.4782321291973166,0.4782321291973166,0.0
bxaic__P__gin__seed123,bxaic,P,gin,123,saliency,P20_frozen_cache,0.05,recalibrated,6,6,0,657,0,638,0,0.0573219883564711,0.0573219883564711,0.0,0.0772656620816479,0.0772656620816479,0.0,0.4958541623365911,0.4958541623365911,0.0,0.4782321291973166,0.4782321291973166,0.0
bxaic__P__gin__seed123,bxaic,P,gin,123,saliency,P20_frozen_cache,0.1,fixed_historical_q,4,4,0,657,0,638,0,0.1057368088301151,0.1057368088301151,0.0,0.0560134724761789,0.0560134724761789,0.0,0.6310874470357228,0.6310874470357228,0.0,0.59734645847729,0.59734645847729,0.0
bxaic__P__gin__seed123,bxaic,P,gin,123,saliency,P20_frozen_cache,0.1,fixed_current_machine_q,4,4,0,657,0,638,0,0.1057368088301151,0.1057368088301151,0.0,0.0560134724761789,0.0560134724761789,0.0,0.6310874470357228,0.6310874470357228,0.0,0.59734645847729,0.59734645847729,0.0
bxaic__P__gin__seed123,bxaic,P,gin,123,saliency,P20_frozen_cache,0.1,recalibrated,4,4,0,657,0,638,0,0.1057368088301151,0.1057368088301151,0.0,0.0560134724761789,0.0560134724761789,0.0,0.6310874470357228,0.6310874470357228,0.0,0.59734645847729,0.59734645847729,0.0
bxaic__P__gin__seed123,bxaic,P,gin,123,saliency,P20_frozen_cache,0.2,fixed_historical_q,1,1,0,657,0,638,0,0.1907385510488037,0.1907385510488037,0.0,0.0347549874610955,0.0347549874610955,0.0,0.8832288401253918,0.8832288401253918,0.0,0.8022081574151461,0.8022081574151461,0.0
bxaic__P__gin__seed123,bxaic,P,gin,123,saliency,P20_frozen_cache,0.2,fixed_current_machine_q,1,1,0,657,0,638,0,0.1907385510488037,0.1907385510488037,0.0,0.0347549874610955,0.0347549874610955,0.0,0.8832288401253918,0.8832288401253918,0.0,0.8022081574151461,0.8022081574151461,0.0
bxaic__P__gin__seed123,bxaic,P,gin,123,saliency,P20_frozen_cache,0.2,recalibrated,1,1,0,657,0,638,0,0.1907385510488037,0.1907385510488037,0.0,0.0347549874610955,0.0347549874610955,0.0,0.8832288401253918,0.8832288401253918,0.0,0.8022081574151461,0.8022081574151461,0.0
bxaic__P__gin__seed2026,bxaic,P,gin,2026,ig,P01_checkpoint_rerun,0.05,fixed_historical_q,4,4,0,657,0,638,0,0.0423878015155905,0.0423878015155905,0.0,0.0560134724761789,0.0560134724761789,0.0,0.7105022850712505,0.7105022850712505,0.0,0.6681144835556599,0.6681144835556599,0.0
bxaic__P__gin__seed2026,bxaic,P,gin,2026,ig,P01_checkpoint_rerun,0.05,fixed_current_machine_q,4,4,0,657,0,638,0,0.0423878015155905,0.0423878015155905,0.0,0.0560134724761789,0.0560134724761789,0.0,0.7105022850712505,0.7105022850712505,0.0,0.6681144835556599,0.6681144835556599,0.0
bxaic__P__gin__seed2026,bxaic,P,gin,2026,ig,P01_checkpoint_rerun,0.05,recalibrated,4,4,0,657,0,638,0,0.0423878015155905,0.0423878015155905,0.0,0.0560134724761789,0.0560134724761789,0.0,0.7105022850712505,0.7105022850712505,0.0,0.6681144835556599,0.6681144835556599,0.0
bxaic__P__gin__seed2026,bxaic,P,gin,2026,ig,P01_checkpoint_rerun,0.1,fixed_historical_q,2,2,0,657,0,638,0,0.1097649062474804,0.1097649062474804,0.0,0.0365457382575857,0.0365457382575857,0.0,0.9612068965517244,0.9612068965517244,0.0,0.851441990304244,0.851441990304244,0.0
bxaic__P__gin__seed2026,bxaic,P,gin,2026,ig,P01_checkpoint_rerun,0.1,fixed_current_machine_q,2,2,0,657,0,638,0,0.1097649062474804,0.1097649062474804,0.0,0.0365457382575857,0.0365457382575857,0.0,0.9612068965517244,0.9612068965517244,0.0,0.851441990304244,0.851441990304244,0.0
bxaic__P__gin__seed2026,bxaic,P,gin,2026,ig,P01_checkpoint_rerun,0.1,recalibrated,2,2,0,657,0,638,0,0.1097649062474804,0.1097649062474804,0.0,0.0365457382575857,0.0365457382575857,0.0,0.9612068965517244,0.9612068965517244,0.0,0.851441990304244,0.851441990304244,0.0
bxaic__P__gin__seed2026,bxaic,P,gin,2026,ig,P01_checkpoint_rerun,0.2,fixed_historical_q,1,1,0,657,0,638,0,0.1261095019369959,0.1261095019369959,0.0,0.0347549874610955,0.0347549874610955,0.0,0.9929467084639498,0.9929467084639498,0.0,0.8668372065269537,0.8668372065269537,0.0
bxaic__P__gin__seed2026,bxaic,P,gin,2026,ig,P01_checkpoint_rerun,0.2,fixed_current_machine_q,1,1,0,657,0,638,0,0.1261095019369959,0.1261095019369959,0.0,0.0347549874610955,0.0347549874610955,0.0,0.9929467084639498,0.9929467084639498,0.0,0.8668372065269537,0.8668372065269537,0.0
bxaic__P__gin__seed2026,bxaic,P,gin,2026,ig,P01_checkpoint_rerun,0.2,recalibrated,1,1,0,657,0,638,0,0.1261095019369959,0.1261095019369959,0.0,0.0347549874610955,0.0347549874610955,0.0,0.9929467084639498,0.9929467084639498,0.0,0.8668372065269537,0.8668372065269537,0.0
bxaic__P__gin__seed2026,bxaic,P,gin,2026,gradinput,P01_checkpoint_rerun,0.05,fixed_historical_q,4,4,0,657,0,638,0,0.0423878015155905,0.0423878015155905,0.0,0.0560134724761789,0.0560134724761789,0.0,0.7105022850712505,0.7105022850712505,0.0,0.6681144835556599,0.6681144835556599,0.0
bxaic__P__gin__seed2026,bxaic,P,gin,2026,gradinput,P01_checkpoint_rerun,0.05,fixed_current_machine_q,4,4,0,657,0,638,0,0.0423878015155905,0.0423878015155905,0.0,0.0560134724761789,0.0560134724761789,0.0,0.7105022850712505,0.7105022850712505,0.0,0.6681144835556599,0.6681144835556599,0.0
bxaic__P__gin__seed2026,bxaic,P,gin,2026,gradinput,P01_checkpoint_rerun,0.05,recalibrated,4,4,0,657,0,638,0,0.0423878015155905,0.0423878015155905,0.0,0.0560134724761789,0.0560134724761789,0.0,0.7105022850712505,0.7105022850712505,0.0,0.6681144835556599,0.6681144835556599,0.0
bxaic__P__gin__seed2026,bxaic,P,gin,2026,gradinput,P01_checkpoint_rerun,0.1,fixed_historical_q,2,2,0,657,0,638,0,0.1097649062474804,0.1097649062474804,0.0,0.0365457382575857,0.0365457382575857,0.0,0.9612068965517244,0.9612068965517244,0.0,0.851441990304244,0.851441990304244,0.0
bxaic__P__gin__seed2026,bxaic,P,gin,2026,gradinput,P01_checkpoint_rerun,0.1,fixed_current_machine_q,2,2,0,657,0,638,0,0.1097649062474804,0.1097649062474804,0.0,0.0365457382575857,0.0365457382575857,0.0,0.9612068965517244,0.9612068965517244,0.0,0.851441990304244,0.851441990304244,0.0
bxaic__P__gin__seed2026,bxaic,P,gin,2026,gradinput,P01_checkpoint_rerun,0.1,recalibrated,2,2,0,657,0,638,0,0.1097649062474804,0.1097649062474804,0.0,0.0365457382575857,0.0365457382575857,0.0,0.9612068965517244,0.9612068965517244,0.0,0.851441990304244,0.851441990304244,0.0
bxaic__P__gin__seed2026,bxaic,P,gin,2026,gradinput,P01_checkpoint_rerun,0.2,fixed_historical_q,1,1,0,657,0,638,0,0.1261095019369959,0.1261095019369959,0.0,0.0347549874610955,0.0347549874610955,0.0,0.9929467084639498,0.9929467084639498,0.0,0.8668372065269537,0.8668372065269537,0.0
bxaic__P__gin__seed2026,bxaic,P,gin,2026,gradinput,P01_checkpoint_rerun,0.2,fixed_current_machine_q,1,1,0,657,0,638,0,0.1261095019369959,0.1261095019369959,0.0,0.0347549874610955,0.0347549874610955,0.0,0.9929467084639498,0.9929467084639498,0.0,0.8668372065269537,0.8668372065269537,0.0
bxaic__P__gin__seed2026,bxaic,P,gin,2026,gradinput,P01_checkpoint_rerun,0.2,recalibrated,1,1,0,657,0,638,0,0.1261095019369959,0.1261095019369959,0.0,0.0347549874610955,0.0347549874610955,0.0,0.9929467084639498,0.9929467084639498,0.0,0.8668372065269537,0.8668372065269537,0.0
bxaic__P__gin__seed2026,bxaic,P,gin,2026,atom_occlusion,P20_frozen_cache,0.05,fixed_historical_q,4,4,0,657,0,638,0,0.0423878015155905,0.0423878015155905,0.0,0.0560134724761789,0.0560134724761789,0.0,0.7105022850712505,0.7105022850712505,0.0,0.6681144835556599,0.6681144835556599,0.0
bxaic__P__gin__seed2026,bxaic,P,gin,2026,atom_occlusion,P20_frozen_cache,0.05,fixed_current_machine_q,4,4,0,657,0,638,0,0.0423878015155905,0.0423878015155905,0.0,0.0560134724761789,0.0560134724761789,0.0,0.7105022850712505,0.7105022850712505,0.0,0.6681144835556599,0.6681144835556599,0.0
bxaic__P__gin__seed2026,bxaic,P,gin,2026,atom_occlusion,P20_frozen_cache,0.05,recalibrated,4,4,0,657,0,638,0,0.0423878015155905,0.0423878015155905,0.0,0.0560134724761789,0.0560134724761789,0.0,0.7105022850712505,0.7105022850712505,0.0,0.6681144835556599,0.6681144835556599,0.0
bxaic__P__gin__seed2026,bxaic,P,gin,2026,atom_occlusion,P20_frozen_cache,0.1,fixed_historical_q,2,2,0,657,0,638,0,0.1097649062474804,0.1097649062474804,0.0,0.0365457382575857,0.0365457382575857,0.0,0.9612068965517244,0.9612068965517244,0.0,0.851441990304244,0.851441990304244,0.0
bxaic__P__gin__seed2026,bxaic,P,gin,2026,atom_occlusion,P20_frozen_cache,0.1,fixed_current_machine_q,2,2,0,657,0,638,0,0.1097649062474804,0.1097649062474804,0.0,0.0365457382575857,0.0365457382575857,0.0,0.9612068965517244,0.9612068965517244,0.0,0.851441990304244,0.851441990304244,0.0
bxaic__P__gin__seed2026,bxaic,P,gin,2026,atom_occlusion,P20_frozen_cache,0.1,recalibrated,2,2,0,657,0,638,0,0.1097649062474804,0.1097649062474804,0.0,0.0365457382575857,0.0365457382575857,0.0,0.9612068965517244,0.9612068965517244,0.0,0.851441990304244,0.851441990304244,0.0
bxaic__P__gin__seed2026,bxaic,P,gin,2026,atom_occlusion,P20_frozen_cache,0.2,fixed_historical_q,1,1,0,657,0,638,0,0.1261095019369959,0.1261095019369959,0.0,0.0347549874610955,0.0347549874610955,0.0,0.9929467084639498,0.9929467084639498,0.0,0.8668372065269537,0.8668372065269537,0.0
bxaic__P__gin__seed2026,bxaic,P,gin,2026,atom_occlusion,P20_frozen_cache,0.2,fixed_current_machine_q,1,1,0,657,0,638,0,0.1261095019369959,0.1261095019369959,0.0,0.0347549874610955,0.0347549874610955,0.0,0.9929467084639498,0.9929467084639498,0.0,0.8668372065269537,0.8668372065269537,0.0
bxaic__P__gin__seed2026,bxaic,P,gin,2026,atom_occlusion,P20_frozen_cache,0.2,recalibrated,1,1,0,657,0,638,0,0.1261095019369959,0.1261095019369959,0.0,0.0347549874610955,0.0347549874610955,0.0,0.9929467084639498,0.9929467084639498,0.0,0.8668372065269537,0.8668372065269537,0.0
bxaic__P__gin__seed2026,bxaic,P,gin,2026,saliency,P20_frozen_cache,0.05,fixed_historical_q,4,4,0,657,0,638,0,0.0528371223097389,0.0528371223097389,0.0,0.0560134724761789,0.0560134724761789,0.0,0.7034489935352003,0.7034489935352003,0.0,0.6615836580593172,0.6615836580593172,0.0
bxaic__P__gin__seed2026,bxaic,P,gin,2026,saliency,P20_frozen_cache,0.05,fixed_current_machine_q,4,4,0,657,0,638,0,0.0528371223097389,0.0528371223097389,0.0,0.0560134724761789,0.0560134724761789,0.0,0.7034489935352003,0.7034489935352003,0.0,0.6615836580593172,0.6615836580593172,0.0
bxaic__P__gin__seed2026,bxaic,P,gin,2026,saliency,P20_frozen_cache,0.05,recalibrated,4,4,0,657,0,638,0,0.0528371223097389,0.0528371223097389,0.0,0.0560134724761789,0.0560134724761789,0.0,0.7034489935352003,0.7034489935352003,0.0,0.6615836580593172,0.6615836580593172,0.0
bxaic__P__gin__seed2026,bxaic,P,gin,2026,saliency,P20_frozen_cache,0.1,fixed_historical_q,2,2,0,657,0,638,0,0.1212591591210437,0.1212591591210437,0.0,0.0365457382575857,0.0365457382575857,0.0,0.9486677115987464,0.9486677115987464,0.0,0.8399477374306806,0.8399477374306806,0.0
bxaic__P__gin__seed2026,bxaic,P,gin,2026,saliency,P20_frozen_cache,0.1,fixed_current_machine_q,2,2,0,657,0,638,0,0.1212591591210437,0.1212591591210437,0.0,0.0365457382575857,0.0365457382575857,0.0,0.9486677115987464,0.9486677115987464,0.0,0.8399477374306806,0.8399477374306806,0.0
bxaic__P__gin__seed2026,bxaic,P,gin,2026,saliency,P20_frozen_cache,0.1,recalibrated,2,2,0,657,0,638,0,0.1212591591210437,0.1212591591210437,0.0,0.0365457382575857,0.0365457382575857,0.0,0.9486677115987464,0.9486677115987464,0.0,0.8399477374306806,0.8399477374306806,0.0
bxaic__P__gin__seed2026,bxaic,P,gin,2026,saliency,P20_frozen_cache,0.2,fixed_historical_q,1,1,0,657,0,638,0,0.1376037548105592,0.1376037548105592,0.0,0.0347549874610955,0.0347549874610955,0.0,0.9804075235109718,0.9804075235109718,0.0,0.8553429536533904,0.8553429536533904,0.0
bxaic__P__gin__seed2026,bxaic,P,gin,2026,saliency,P20_frozen_cache,0.2,fixed_current_machine_q,1,1,0,657,0,638,0,0.1376037548105592,0.1376037548105592,0.0,0.0347549874610955,0.0347549874610955,0.0,0.9804075235109718,0.9804075235109718,0.0,0.8553429536533904,0.8553429536533904,0.0
bxaic__P__gin__seed2026,bxaic,P,gin,2026,saliency,P20_frozen_cache,0.2,recalibrated,1,1,0,657,0,638,0,0.1376037548105592,0.1376037548105592,0.0,0.0347549874610955,0.0347549874610955,0.0,0.9804075235109718,0.9804075235109718,0.0,0.8553429536533904,0.8553429536533904,0.0
bxaic__P__gin__seed42,bxaic,P,gin,42,ig,P01_checkpoint_rerun,0.05,fixed_historical_q,4,4,0,657,0,638,0,0.0423878015155905,0.0423878015155905,0.0,0.0560134724761789,0.0560134724761789,0.0,0.7105022850712505,0.7105022850712505,0.0,0.6681144835556599,0.6681144835556599,0.0
bxaic__P__gin__seed42,bxaic,P,gin,42,ig,P01_checkpoint_rerun,0.05,fixed_current_machine_q,4,4,0,657,0,638,0,0.0423878015155905,0.0423878015155905,0.0,0.0560134724761789,0.0560134724761789,0.0,0.7105022850712505,0.7105022850712505,0.0,0.6681144835556599,0.6681144835556599,0.0
bxaic__P__gin__seed42,bxaic,P,gin,42,ig,P01_checkpoint_rerun,0.05,recalibrated,4,4,0,657,0,638,0,0.0423878015155905,0.0423878015155905,0.0,0.0560134724761789,0.0560134724761789,0.0,0.7105022850712505,0.7105022850712505,0.0,0.6681144835556599,0.6681144835556599,0.0
bxaic__P__gin__seed42,bxaic,P,gin,42,ig,P01_checkpoint_rerun,0.1,fixed_historical_q,2,2,0,657,0,638,0,0.1097649062474804,0.1097649062474804,0.0,0.0365457382575857,0.0365457382575857,0.0,0.9612068965517244,0.9612068965517244,0.0,0.851441990304244,0.851441990304244,0.0
bxaic__P__gin__seed42,bxaic,P,gin,42,ig,P01_checkpoint_rerun,0.1,fixed_current_machine_q,2,2,0,657,0,638,0,0.1097649062474804,0.1097649062474804,0.0,0.0365457382575857,0.0365457382575857,0.0,0.9612068965517244,0.9612068965517244,0.0,0.851441990304244,0.851441990304244,0.0
bxaic__P__gin__seed42,bxaic,P,gin,42,ig,P01_checkpoint_rerun,0.1,recalibrated,2,2,0,657,0,638,0,0.1097649062474804,0.1097649062474804,0.0,0.0365457382575857,0.0365457382575857,0.0,0.9612068965517244,0.9612068965517244,0.0,0.851441990304244,0.851441990304244,0.0
bxaic__P__gin__seed42,bxaic,P,gin,42,ig,P01_checkpoint_rerun,0.2,fixed_historical_q,1,1,0,657,0,638,0,0.1261095019369959,0.1261095019369959,0.0,0.0347549874610955,0.0347549874610955,0.0,0.9929467084639498,0.9929467084639498,0.0,0.8668372065269537,0.8668372065269537,0.0
bxaic__P__gin__seed42,bxaic,P,gin,42,ig,P01_checkpoint_rerun,0.2,fixed_current_machine_q,1,1,0,657,0,638,0,0.1261095019369959,0.1261095019369959,0.0,0.0347549874610955,0.0347549874610955,0.0,0.9929467084639498,0.9929467084639498,0.0,0.8668372065269537,0.8668372065269537,0.0
bxaic__P__gin__seed42,bxaic,P,gin,42,ig,P01_checkpoint_rerun,0.2,recalibrated,1,1,0,657,0,638,0,0.1261095019369959,0.1261095019369959,0.0,0.0347549874610955,0.0347549874610955,0.0,0.9929467084639498,0.9929467084639498,0.0,0.8668372065269537,0.8668372065269537,0.0
bxaic__P__gin__seed42,bxaic,P,gin,42,gradinput,P01_checkpoint_rerun,0.05,fixed_historical_q,4,4,0,657,0,638,0,0.0423878015155905,0.0423878015155905,0.0,0.0560134724761789,0.0560134724761789,0.0,0.7105022850712505,0.7105022850712505,0.0,0.6681144835556599,0.6681144835556599,0.0
bxaic__P__gin__seed42,bxaic,P,gin,42,gradinput,P01_checkpoint_rerun,0.05,fixed_current_machine_q,4,4,0,657,0,638,0,0.0423878015155905,0.0423878015155905,0.0,0.0560134724761789,0.0560134724761789,0.0,0.7105022850712505,0.7105022850712505,0.0,0.6681144835556599,0.6681144835556599,0.0
bxaic__P__gin__seed42,bxaic,P,gin,42,gradinput,P01_checkpoint_rerun,0.05,recalibrated,4,4,0,657,0,638,0,0.0423878015155905,0.0423878015155905,0.0,0.0560134724761789,0.0560134724761789,0.0,0.7105022850712505,0.7105022850712505,0.0,0.6681144835556599,0.6681144835556599,0.0
bxaic__P__gin__seed42,bxaic,P,gin,42,gradinput,P01_checkpoint_rerun,0.1,fixed_historical_q,2,2,0,657,0,638,0,0.1128997024857249,0.1128997024857249,0.0,0.0365457382575857,0.0365457382575857,0.0,0.9580721003134798,0.9580721003134798,0.0,0.8483071940659994,0.8483071940659994,0.0
bxaic__P__gin__seed42,bxaic,P,gin,42,gradinput,P01_checkpoint_rerun,0.1,fixed_current_machine_q,2,2,0,657,0,638,0,0.1128997024857249,0.1128997024857249,0.0,0.0365457382575857,0.0365457382575857,0.0,0.9580721003134798,0.9580721003134798,0.0,0.8483071940659994,0.8483071940659994,0.0
bxaic__P__gin__seed42,bxaic,P,gin,42,gradinput,P01_checkpoint_rerun,0.1,recalibrated,2,2,0,657,0,638,0,0.1128997024857249,0.1128997024857249,0.0,0.0365457382575857,0.0365457382575857,0.0,0.9580721003134798,0.9580721003134798,0.0,0.8483071940659994,0.8483071940659994,0.0
bxaic__P__gin__seed42,bxaic,P,gin,42,gradinput,P01_checkpoint_rerun,0.2,fixed_historical_q,1,1,0,657,0,638,0,0.1292442981752404,0.1292442981752404,0.0,0.0347549874610955,0.0347549874610955,0.0,0.9898119122257052,0.9898119122257052,0.0,0.8637024102887092,0.8637024102887092,0.0
bxaic__P__gin__seed42,bxaic,P,gin,42,gradinput,P01_checkpoint_rerun,0.2,fixed_current_machine_q,1,1,0,657,0,638,0,0.1292442981752404,0.1292442981752404,0.0,0.0347549874610955,0.0347549874610955,0.0,0.9898119122257052,0.9898119122257052,0.0,0.8637024102887092,0.8637024102887092,0.0
bxaic__P__gin__seed42,bxaic,P,gin,42,gradinput,P01_checkpoint_rerun,0.2,recalibrated,1,1,0,657,0,638,0,0.1292442981752404,0.1292442981752404,0.0,0.0347549874610955,0.0347549874610955,0.0,0.9898119122257052,0.9898119122257052,0.0,0.8637024102887092,0.8637024102887092,0.0
bxaic__P__gin__seed42,bxaic,P,gin,42,atom_occlusion,P20_frozen_cache,0.05,fixed_historical_q,4,4,0,657,0,638,0,0.0423878015155905,0.0423878015155905,0.0,0.0560134724761789,0.0560134724761789,0.0,0.7105022850712505,0.7105022850712505,0.0,0.6681144835556599,0.6681144835556599,0.0
bxaic__P__gin__seed42,bxaic,P,gin,42,atom_occlusion,P20_frozen_cache,0.05,fixed_current_machine_q,4,4,0,657,0,638,0,0.0423878015155905,0.0423878015155905,0.0,0.0560134724761789,0.0560134724761789,0.0,0.7105022850712505,0.7105022850712505,0.0,0.6681144835556599,0.6681144835556599,0.0
bxaic__P__gin__seed42,bxaic,P,gin,42,atom_occlusion,P20_frozen_cache,0.05,recalibrated,4,4,0,657,0,638,0,0.0423878015155905,0.0423878015155905,0.0,0.0560134724761789,0.0560134724761789,0.0,0.7105022850712505,0.7105022850712505,0.0,0.6681144835556599,0.6681144835556599,0.0
bxaic__P__gin__seed42,bxaic,P,gin,42,atom_occlusion,P20_frozen_cache,0.1,fixed_historical_q,2,2,0,657,0,638,0,0.1128997024857249,0.1128997024857249,0.0,0.0365457382575857,0.0365457382575857,0.0,0.9580721003134798,0.9580721003134798,0.0,0.8483071940659994,0.8483071940659994,0.0
bxaic__P__gin__seed42,bxaic,P,gin,42,atom_occlusion,P20_frozen_cache,0.1,fixed_current_machine_q,2,2,0,657,0,638,0,0.1128997024857249,0.1128997024857249,0.0,0.0365457382575857,0.0365457382575857,0.0,0.9580721003134798,0.9580721003134798,0.0,0.8483071940659994,0.8483071940659994,0.0
bxaic__P__gin__seed42,bxaic,P,gin,42,atom_occlusion,P20_frozen_cache,0.1,recalibrated,2,2,0,657,0,638,0,0.1128997024857249,0.1128997024857249,0.0,0.0365457382575857,0.0365457382575857,0.0,0.9580721003134798,0.9580721003134798,0.0,0.8483071940659994,0.8483071940659994,0.0
bxaic__P__gin__seed42,bxaic,P,gin,42,atom_occlusion,P20_frozen_cache,0.2,fixed_historical_q,1,1,0,657,0,638,0,0.1292442981752404,0.1292442981752404,0.0,0.0347549874610955,0.0347549874610955,0.0,0.9898119122257052,0.9898119122257052,0.0,0.8637024102887092,0.8637024102887092,0.0
bxaic__P__gin__seed42,bxaic,P,gin,42,atom_occlusion,P20_frozen_cache,0.2,fixed_current_machine_q,1,1,0,657,0,638,0,0.1292442981752404,0.1292442981752404,0.0,0.0347549874610955,0.0347549874610955,0.0,0.9898119122257052,0.9898119122257052,0.0,0.8637024102887092,0.8637024102887092,0.0
bxaic__P__gin__seed42,bxaic,P,gin,42,atom_occlusion,P20_frozen_cache,0.2,recalibrated,1,1,0,657,0,638,0,0.1292442981752404,0.1292442981752404,0.0,0.0347549874610955,0.0347549874610955,0.0,0.9898119122257052,0.9898119122257052,0.0,0.8637024102887092,0.8637024102887092,0.0
bxaic__P__gin__seed42,bxaic,P,gin,42,saliency,P20_frozen_cache,0.05,fixed_historical_q,4,4,0,657,0,638,0,0.0568862341174714,0.0568862341174714,0.0,0.0560134724761789,0.0560134724761789,0.0,0.6903873425425148,0.6903873425425148,0.0,0.6535899276517937,0.6535899276517937,0.0
bxaic__P__gin__seed42,bxaic,P,gin,42,saliency,P20_frozen_cache,0.05,fixed_current_machine_q,4,4,0,657,0,638,0,0.0568862341174714,0.0568862341174714,0.0,0.0560134724761789,0.0560134724761789,0.0,0.6903873425425148,0.6903873425425148,0.0,0.6535899276517937,0.6535899276517937,0.0
bxaic__P__gin__seed42,bxaic,P,gin,42,saliency,P20_frozen_cache,0.05,recalibrated,4,4,0,657,0,638,0,0.0568862341174714,0.0568862341174714,0.0,0.0560134724761789,0.0560134724761789,0.0,0.6903873425425148,0.6903873425425148,0.0,0.6535899276517937,0.6535899276517937,0.0
bxaic__P__gin__seed42,bxaic,P,gin,42,saliency,P20_frozen_cache,0.1,fixed_historical_q,3,3,0,657,0,638,0,0.0851478052035861,0.0851478052035861,0.0,0.0455320413013177,0.0455320413013177,0.0,0.8057471264367815,0.8057471264367815,0.0,0.7434572104703949,0.7434572104703949,0.0
bxaic__P__gin__seed42,bxaic,P,gin,42,saliency,P20_frozen_cache,0.1,fixed_current_machine_q,3,3,0,657,0,638,0,0.0851478052035861,0.0851478052035861,0.0,0.0455320413013177,0.0455320413013177,0.0,0.8057471264367815,0.8057471264367815,0.0,0.7434572104703949,0.7434572104703949,0.0
bxaic__P__gin__seed42,bxaic,P,gin,42,saliency,P20_frozen_cache,0.1,recalibrated,3,3,0,657,0,638,0,0.0851478052035861,0.0851478052035861,0.0,0.0455320413013177,0.0455320413013177,0.0,0.8057471264367815,0.8057471264367815,0.0,0.7434572104703949,0.7434572104703949,0.0
bxaic__P__gin__seed42,bxaic,P,gin,42,saliency,P20_frozen_cache,0.2,fixed_historical_q,1,1,0,657,0,638,0,0.1391711529296814,0.1391711529296814,0.0,0.0347549874610955,0.0347549874610955,0.0,0.969435736677116,0.969435736677116,0.0,0.8537755555342682,0.8537755555342682,0.0
bxaic__P__gin__seed42,bxaic,P,gin,42,saliency,P20_frozen_cache,0.2,fixed_current_machine_q,1,1,0,657,0,638,0,0.1391711529296814,0.1391711529296814,0.0,0.0347549874610955,0.0347549874610955,0.0,0.969435736677116,0.969435736677116,0.0,0.8537755555342682,0.8537755555342682,0.0
bxaic__P__gin__seed42,bxaic,P,gin,42,saliency,P20_frozen_cache,0.2,recalibrated,1,1,0,657,0,638,0,0.1391711529296814,0.1391711529296814,0.0,0.0347549874610955,0.0347549874610955,0.0,0.969435736677116,0.969435736677116,0.0,0.8537755555342682,0.8537755555342682,0.0
bxaic__PAINS__gcn__seed123,bxaic,PAINS,gcn,123,ig,P01_checkpoint_rerun,0.05,fixed_historical_q,92,92,0,1625,0,1644,0,0.0428976273526752,0.0428976273526752,0.0,0.9380635432447644,0.9380635432447644,0.0,0.3483760832565719,0.3483760832565719,0.0,0.3422034010625799,0.3422034010625799,0.0
bxaic__PAINS__gcn__seed123,bxaic,PAINS,gcn,123,ig,P01_checkpoint_rerun,0.05,fixed_current_machine_q,92,92,0,1625,0,1644,0,0.0428976273526752,0.0428976273526752,0.0,0.9380635432447644,0.9380635432447644,0.0,0.3483760832565719,0.3483760832565719,0.0,0.3422034010625799,0.3422034010625799,0.0
bxaic__PAINS__gcn__seed123,bxaic,PAINS,gcn,123,ig,P01_checkpoint_rerun,0.05,recalibrated,92,92,0,1625,0,1644,0,0.0428976273526752,0.0428976273526752,0.0,0.9380635432447644,0.9380635432447644,0.0,0.3483760832565719,0.3483760832565719,0.0,0.3422034010625799,0.3422034010625799,0.0
bxaic__PAINS__gcn__seed123,bxaic,PAINS,gcn,123,ig,P01_checkpoint_rerun,0.1,fixed_historical_q,86,86,0,1625,0,1644,0,0.0886264400404622,0.0886264400404622,0.0,0.8782821505199193,0.8782821505199193,0.0,0.3524390040803635,0.3524390040803635,0.0,0.3387256119351242,0.3387256119351242,0.0
bxaic__PAINS__gcn__seed123,bxaic,PAINS,gcn,123,ig,P01_checkpoint_rerun,0.1,fixed_current_machine_q,86,86,0,1625,0,1644,0,0.0886264400404622,0.0886264400404622,0.0,0.8782821505199193,0.8782821505199193,0.0,0.3524390040803635,0.3524390040803635,0.0,0.3387256119351242,0.3387256119351242,0.0
bxaic__PAINS__gcn__seed123,bxaic,PAINS,gcn,123,ig,P01_checkpoint_rerun,0.1,recalibrated,86,86,0,1625,0,1644,0,0.0886264400404622,0.0886264400404622,0.0,0.8782821505199193,0.8782821505199193,0.0,0.3524390040803635,0.3524390040803635,0.0,0.3387256119351242,0.3387256119351242,0.0
bxaic__PAINS__gcn__seed123,bxaic,PAINS,gcn,123,ig,P01_checkpoint_rerun,0.2,fixed_historical_q,73,73,0,1625,0,1644,0,0.1929290403522629,0.1929290403522629,0.0,0.7480814401090443,0.7480814401090443,0.0,0.3621850317934982,0.3621850317934982,0.0,0.3291642015722781,0.3291642015722781,0.0
bxaic__PAINS__gcn__seed123,bxaic,PAINS,gcn,123,ig,P01_checkpoint_rerun,0.2,fixed_current_machine_q,73,73,0,1625,0,1644,0,0.1929290403522629,0.1929290403522629,0.0,0.7480814401090443,0.7480814401090443,0.0,0.3621850317934982,0.3621850317934982,0.0,0.3291642015722781,0.3291642015722781,0.0
bxaic__PAINS__gcn__seed123,bxaic,PAINS,gcn,123,ig,P01_checkpoint_rerun,0.2,recalibrated,73,73,0,1625,0,1644,0,0.1929290403522629,0.1929290403522629,0.0,0.7480814401090443,0.7480814401090443,0.0,0.3621850317934982,0.3621850317934982,0.0,0.3291642015722781,0.3291642015722781,0.0
bxaic__PAINS__gcn__seed123,bxaic,PAINS,gcn,123,gradinput,P01_checkpoint_rerun,0.05,fixed_historical_q,94,94,0,1625,0,1644,0,0.0410117634628452,0.0410117634628452,0.0,0.957617676585783,0.957617676585783,0.0,0.3437213942683835,0.3437213942683835,0.0,0.3387817935630285,0.3387817935630285,0.0
bxaic__PAINS__gcn__seed123,bxaic,PAINS,gcn,123,gradinput,P01_checkpoint_rerun,0.05,fixed_current_machine_q,94,94,0,1625,0,1644,0,0.0410117634628452,0.0410117634628452,0.0,0.957617676585783,0.957617676585783,0.0,0.3437213942683835,0.3437213942683835,0.0,0.3387817935630285,0.3387817935630285,0.0
bxaic__PAINS__gcn__seed123,bxaic,PAINS,gcn,123,gradinput,P01_checkpoint_rerun,0.05,recalibrated,94,94,0,1625,0,1644,0,0.0410117634628452,0.0410117634628452,0.0,0.957617676585783,0.957617676585783,0.0,0.3437213942683835,0.3437213942683835,0.0,0.3387817935630285,0.3387817935630285,0.0
bxaic__PAINS__gcn__seed123,bxaic,PAINS,gcn,123,gradinput,P01_checkpoint_rerun,0.1,fixed_historical_q,89,89,0,1625,0,1644,0,0.0957696367424398,0.0957696367424398,0.0,0.9091218677307292,0.9091218677307292,0.0,0.3433532474922709,0.3433532474922709,0.0,0.3322930462208289,0.3322930462208289,0.0
bxaic__PAINS__gcn__seed123,bxaic,PAINS,gcn,123,gradinput,P01_checkpoint_rerun,0.1,fixed_current_machine_q,89,89,0,1625,0,1644,0,0.0957696367424398,0.0957696367424398,0.0,0.9091218677307292,0.9091218677307292,0.0,0.3433532474922709,0.3433532474922709,0.0,0.3322930462208289,0.3322930462208289,0.0
bxaic__PAINS__gcn__seed123,bxaic,PAINS,gcn,123,gradinput,P01_checkpoint_rerun,0.1,recalibrated,89,89,0,1625,0,1644,0,0.0957696367424398,0.0957696367424398,0.0,0.9091218677307292,0.9091218677307292,0.0,0.3433532474922709,0.3433532474922709,0.0,0.3322930462208289,0.3322930462208289,0.0
bxaic__PAINS__gcn__seed123,bxaic,PAINS,gcn,123,gradinput,P01_checkpoint_rerun,0.2,fixed_historical_q,80,80,0,1625,0,1644,0,0.1956617947862847,0.1956617947862847,0.0,0.8149319138164033,0.8149319138164033,0.0,0.3438668166583333,0.3438668166583333,0.0,0.3192060528113081,0.3192060528113081,0.0
bxaic__PAINS__gcn__seed123,bxaic,PAINS,gcn,123,gradinput,P01_checkpoint_rerun,0.2,fixed_current_machine_q,80,80,0,1625,0,1644,0,0.1956617947862847,0.1956617947862847,0.0,0.8149319138164033,0.8149319138164033,0.0,0.3438668166583333,0.3438668166583333,0.0,0.3192060528113081,0.3192060528113081,0.0
bxaic__PAINS__gcn__seed123,bxaic,PAINS,gcn,123,gradinput,P01_checkpoint_rerun,0.2,recalibrated,80,80,0,1625,0,1644,0,0.1956617947862847,0.1956617947862847,0.0,0.8149319138164033,0.8149319138164033,0.0,0.3438668166583333,0.3438668166583333,0.0,0.3192060528113081,0.3192060528113081,0.0
bxaic__PAINS__gcn__seed123,bxaic,PAINS,gcn,123,atom_occlusion,P20_frozen_cache,0.05,fixed_historical_q,89,89,0,1625,0,1644,0,0.0475336289606379,0.0475336289606379,0.0,0.9091218677307292,0.9091218677307292,0.0,0.3572354834054299,0.3572354834054299,0.0,0.3500319710861613,0.3500319710861613,0.0
bxaic__PAINS__gcn__seed123,bxaic,PAINS,gcn,123,atom_occlusion,P20_frozen_cache,0.05,fixed_current_machine_q,89,89,0,1625,0,1644,0,0.0475336289606379,0.0475336289606379,0.0,0.9091218677307292,0.9091218677307292,0.0,0.3572354834054299,0.3572354834054299,0.0,0.3500319710861613,0.3500319710861613,0.0
bxaic__PAINS__gcn__seed123,bxaic,PAINS,gcn,123,atom_occlusion,P20_frozen_cache,0.05,recalibrated,89,89,0,1625,0,1644,0,0.0475336289606379,0.0475336289606379,0.0,0.9091218677307292,0.9091218677307292,0.0,0.3572354834054299,0.3572354834054299,0.0,0.3500319710861613,0.3500319710861613,0.0
bxaic__PAINS__gcn__seed123,bxaic,PAINS,gcn,123,atom_occlusion,P20_frozen_cache,0.1,fixed_historical_q,81,81,0,1625,0,1644,0,0.0964159739453662,0.0964159739453662,0.0,0.8288222076854068,0.8288222076854068,0.0,0.3699986088545349,0.3699986088545349,0.0,0.354315310687975,0.354315310687975,0.0
bxaic__PAINS__gcn__seed123,bxaic,PAINS,gcn,123,atom_occlusion,P20_frozen_cache,0.1,fixed_current_machine_q,81,81,0,1625,0,1644,0,0.0964159739453662,0.0964159739453662,0.0,0.8288222076854068,0.8288222076854068,0.0,0.3699986088545349,0.3699986088545349,0.0,0.354315310687975,0.354315310687975,0.0
bxaic__PAINS__gcn__seed123,bxaic,PAINS,gcn,123,atom_occlusion,P20_frozen_cache,0.1,recalibrated,81,81,0,1625,0,1644,0,0.0964159739453662,0.0964159739453662,0.0,0.8288222076854068,0.8288222076854068,0.0,0.3699986088545349,0.3699986088545349,0.0,0.354315310687975,0.354315310687975,0.0
bxaic__PAINS__gcn__seed123,bxaic,PAINS,gcn,123,atom_occlusion,P20_frozen_cache,0.2,fixed_historical_q,67,67,0,1625,0,1644,0,0.1885872705098547,0.1885872705098547,0.0,0.6909636668174082,0.6909636668174082,0.0,0.3952818188802289,0.3952818188802289,0.0,0.3600556403110245,0.3600556403110245,0.0
bxaic__PAINS__gcn__seed123,bxaic,PAINS,gcn,123,atom_occlusion,P20_frozen_cache,0.2,fixed_current_machine_q,67,67,0,1625,0,1644,0,0.1885872705098547,0.1885872705098547,0.0,0.6909636668174082,0.6909636668174082,0.0,0.3952818188802289,0.3952818188802289,0.0,0.3600556403110245,0.3600556403110245,0.0
bxaic__PAINS__gcn__seed123,bxaic,PAINS,gcn,123,atom_occlusion,P20_frozen_cache,0.2,recalibrated,67,67,0,1625,0,1644,0,0.1885872705098547,0.1885872705098547,0.0,0.6909636668174082,0.6909636668174082,0.0,0.3952818188802289,0.3952818188802289,0.0,0.3600556403110245,0.3600556403110245,0.0
bxaic__PAINS__gcn__seed123,bxaic,PAINS,gcn,123,saliency,P20_frozen_cache,0.05,fixed_historical_q,92,92,0,1625,0,1644,0,0.0443661241467366,0.0443661241467366,0.0,0.9380635432447644,0.9380635432447644,0.0,0.3472997818364733,0.3472997818364733,0.0,0.3406571635976509,0.3406571635976509,0.0
bxaic__PAINS__gcn__seed123,bxaic,PAINS,gcn,123,saliency,P20_frozen_cache,0.05,fixed_current_machine_q,92,92,0,1625,0,1644,0,0.0443661241467366,0.0443661241467366,0.0,0.9380635432447644,0.9380635432447644,0.0,0.3472997818364733,0.3472997818364733,0.0,0.3406571635976509,0.3406571635976509,0.0
bxaic__PAINS__gcn__seed123,bxaic,PAINS,gcn,123,saliency,P20_frozen_cache,0.05,recalibrated,92,92,0,1625,0,1644,0,0.0443661241467366,0.0443661241467366,0.0,0.9380635432447644,0.9380635432447644,0.0,0.3472997818364733,0.3472997818364733,0.0,0.3406571635976509,0.3406571635976509,0.0
bxaic__PAINS__gcn__seed123,bxaic,PAINS,gcn,123,saliency,P20_frozen_cache,0.1,fixed_historical_q,85,85,0,1625,0,1644,0,0.0916858961416572,0.0916858961416572,0.0,0.8667805796968743,0.8667805796968743,0.0,0.3549005442517099,0.3549005442517099,0.0,0.3404343850352224,0.3404343850352224,0.0
bxaic__PAINS__gcn__seed123,bxaic,PAINS,gcn,123,saliency,P20_frozen_cache,0.1,fixed_current_machine_q,85,85,0,1625,0,1644,0,0.0916858961416572,0.0916858961416572,0.0,0.8667805796968743,0.8667805796968743,0.0,0.3549005442517099,0.3549005442517099,0.0,0.3404343850352224,0.3404343850352224,0.0
bxaic__PAINS__gcn__seed123,bxaic,PAINS,gcn,123,saliency,P20_frozen_cache,0.1,recalibrated,85,85,0,1625,0,1644,0,0.0916858961416572,0.0916858961416572,0.0,0.8667805796968743,0.8667805796968743,0.0,0.3549005442517099,0.3549005442517099,0.0,0.3404343850352224,0.3404343850352224,0.0
bxaic__PAINS__gcn__seed123,bxaic,PAINS,gcn,123,saliency,P20_frozen_cache,0.2,fixed_historical_q,71,71,0,1625,0,1644,0,0.204005145747317,0.204005145747317,0.0,0.7294184524174623,0.7294184524174623,0.0,0.3640788322579816,0.3640788322579816,0.0,0.3295257489437463,0.3295257489437463,0.0
bxaic__PAINS__gcn__seed123,bxaic,PAINS,gcn,123,saliency,P20_frozen_cache,0.2,fixed_current_machine_q,71,71,0,1625,0,1644,0,0.204005145747317,0.204005145747317,0.0,0.7294184524174623,0.7294184524174623,0.0,0.3640788322579816,0.3640788322579816,0.0,0.3295257489437463,0.3295257489437463,0.0
bxaic__PAINS__gcn__seed123,bxaic,PAINS,gcn,123,saliency,P20_frozen_cache,0.2,recalibrated,71,71,0,1625,0,1644,0,0.204005145747317,0.204005145747317,0.0,0.7294184524174623,0.7294184524174623,0.0,0.3640788322579816,0.3640788322579816,0.0,0.3295257489437463,0.3295257489437463,0.0
bxaic__PAINS__gcn__seed2026,bxaic,PAINS,gcn,2026,ig,P01_checkpoint_rerun,0.05,fixed_historical_q,90,90,0,1625,0,1644,0,0.0469790931793558,0.0469790931793558,0.0,0.9157370192095716,0.9157370192095716,0.0,0.3547343909510095,0.3547343909510095,0.0,0.3473907363300775,0.3473907363300775,0.0
bxaic__PAINS__gcn__seed2026,bxaic,PAINS,gcn,2026,ig,P01_checkpoint_rerun,0.05,fixed_current_machine_q,90,90,0,1625,0,1644,0,0.0469790931793558,0.0469790931793558,0.0,0.9157370192095716,0.9157370192095716,0.0,0.3547343909510095,0.3547343909510095,0.0,0.3473907363300775,0.3473907363300775,0.0
bxaic__PAINS__gcn__seed2026,bxaic,PAINS,gcn,2026,ig,P01_checkpoint_rerun,0.05,recalibrated,90,90,0,1625,0,1644,0,0.0469790931793558,0.0469790931793558,0.0,0.9157370192095716,0.9157370192095716,0.0,0.3547343909510095,0.3547343909510095,0.0,0.3473907363300775,0.3473907363300775,0.0
bxaic__PAINS__gcn__seed2026,bxaic,PAINS,gcn,2026,ig,P01_checkpoint_rerun,0.1,fixed_historical_q,83,83,0,1625,0,1644,0,0.0958013357071786,0.0958013357071786,0.0,0.8488238590750934,0.8488238590750934,0.0,0.3609632802117169,0.3609632802117169,0.0,0.3449371098529566,0.3449371098529566,0.0
bxaic__PAINS__gcn__seed2026,bxaic,PAINS,gcn,2026,ig,P01_checkpoint_rerun,0.1,fixed_current_machine_q,84,84,0,1625,0,1644,0,0.0887024718735801,0.0887024718735801,0.0,0.8573713715364688,0.8573713715364688,0.0,0.3603679870447156,0.3603679870447156,0.0,0.3455314802333397,0.3455314802333397,0.0
bxaic__PAINS__gcn__seed2026,bxaic,PAINS,gcn,2026,ig,P01_checkpoint_rerun,0.1,recalibrated,84,84,0,1625,0,1644,0,0.0887024718735801,0.0887024718735801,0.0,0.8573713715364688,0.8573713715364688,0.0,0.3603679870447156,0.3603679870447156,0.0,0.3455314802333397,0.3455314802333397,0.0
bxaic__PAINS__gcn__seed2026,bxaic,PAINS,gcn,2026,ig,P01_checkpoint_rerun,0.2,fixed_historical_q,72,72,0,1625,0,1644,0,0.1941034548408185,0.1941034548408185,0.0,0.7376837897989411,0.7376837897989411,0.0,0.3659937773877913,0.3659937773877913,0.0,0.3315369846438648,0.3315369846438648,0.0
bxaic__PAINS__gcn__seed2026,bxaic,PAINS,gcn,2026,ig,P01_checkpoint_rerun,0.2,fixed_current_machine_q,72,72,0,1625,0,1644,0,0.1941034548408185,0.1941034548408185,0.0,0.7376837897989411,0.7376837897989411,0.0,0.3659937773877913,0.3659937773877913,0.0,0.3315369846438648,0.3315369846438648,0.0
bxaic__PAINS__gcn__seed2026,bxaic,PAINS,gcn,2026,ig,P01_checkpoint_rerun,0.2,recalibrated,72,72,0,1625,0,1644,0,0.1941034548408185,0.1941034548408185,0.0,0.7376837897989411,0.7376837897989411,0.0,0.3659937773877913,0.3659937773877913,0.0,0.3315369846438648,0.3315369846438648,0.0
bxaic__PAINS__gcn__seed2026,bxaic,PAINS,gcn,2026,gradinput,P01_checkpoint_rerun,0.05,fixed_historical_q,93,93,0,1625,0,1644,0,0.0468171469116012,0.0468171469116012,0.0,0.9485539954456256,0.9485539954456256,0.0,0.3443439989157794,0.3443439989157794,0.0,0.3386051173193661,0.3386051173193661,0.0
bxaic__PAINS__gcn__seed2026,bxaic,PAINS,gcn,2026,gradinput,P01_checkpoint_rerun,0.05,fixed_current_machine_q,93,93,0,1625,0,1644,0,0.0468171469116012,0.0468171469116012,0.0,0.9485539954456256,0.9485539954456256,0.0,0.3443439989157794,0.3443439989157794,0.0,0.3386051173193661,0.3386051173193661,0.0
bxaic__PAINS__gcn__seed2026,bxaic,PAINS,gcn,2026,gradinput,P01_checkpoint_rerun,0.05,recalibrated,93,93,0,1625,0,1644,0,0.0468171469116012,0.0468171469116012,0.0,0.9485539954456256,0.9485539954456256,0.0,0.3443439989157794,0.3443439989157794,0.0,0.3386051173193661,0.3386051173193661,0.0
bxaic__PAINS__gcn__seed2026,bxaic,PAINS,gcn,2026,gradinput,P01_checkpoint_rerun,0.1,fixed_historical_q,88,88,0,1625,0,1644,0,0.0984020731776435,0.0984020731776435,0.0,0.8975096610559957,0.8975096610559957,0.0,0.3438778146275845,0.3438778146275845,0.0,0.3312613744371732,0.3312613744371732,0.0
bxaic__PAINS__gcn__seed2026,bxaic,PAINS,gcn,2026,gradinput,P01_checkpoint_rerun,0.1,fixed_current_machine_q,88,88,0,1625,0,1644,0,0.0984020731776435,0.0984020731776435,0.0,0.8975096610559957,0.8975096610559957,0.0,0.3438778146275845,0.3438778146275845,0.0,0.3312613744371732,0.3312613744371732,0.0
bxaic__PAINS__gcn__seed2026,bxaic,PAINS,gcn,2026,gradinput,P01_checkpoint_rerun,0.1,recalibrated,88,88,0,1625,0,1644,0,0.0984020731776435,0.0984020731776435,0.0,0.8975096610559957,0.8975096610559957,0.0,0.3438778146275845,0.3438778146275845,0.0,0.3312613744371732,0.3312613744371732,0.0
bxaic__PAINS__gcn__seed2026,bxaic,PAINS,gcn,2026,gradinput,P01_checkpoint_rerun,0.2,fixed_historical_q,79,79,0,1625,0,1644,0,0.1898926940172479,0.1898926940172479,0.0,0.80859924084667,0.80859924084667,0.0,0.3425001359511203,0.3425001359511203,0.0,0.3166914710685924,0.3166914710685924,0.0
bxaic__PAINS__gcn__seed2026,bxaic,PAINS,gcn,2026,gradinput,P01_checkpoint_rerun,0.2,fixed_current_machine_q,79,79,0,1625,0,1644,0,0.1898926940172479,0.1898926940172479,0.0,0.80859924084667,0.80859924084667,0.0,0.3425001359511203,0.3425001359511203,0.0,0.3166914710685924,0.3166914710685924,0.0
bxaic__PAINS__gcn__seed2026,bxaic,PAINS,gcn,2026,gradinput,P01_checkpoint_rerun,0.2,recalibrated,79,79,0,1625,0,1644,0,0.1898926940172479,0.1898926940172479,0.0,0.80859924084667,0.80859924084667,0.0,0.3425001359511203,0.3425001359511203,0.0,0.3166914710685924,0.3166914710685924,0.0
bxaic__PAINS__gcn__seed2026,bxaic,PAINS,gcn,2026,atom_occlusion,P20_frozen_cache,0.05,fixed_historical_q,89,89,0,1625,0,1644,0,0.0524725757165069,0.0524725757165069,0.0,0.9091218677307292,0.9091218677307292,0.0,0.3552409632480955,0.3552409632480955,0.0,0.3473880696863142,0.3473880696863142,0.0
bxaic__PAINS__gcn__seed2026,bxaic,PAINS,gcn,2026,atom_occlusion,P20_frozen_cache,0.05,fixed_current_machine_q,89,89,0,1625,0,1644,0,0.0524725757165069,0.0524725757165069,0.0,0.9091218677307292,0.9091218677307292,0.0,0.3552409632480955,0.3552409632480955,0.0,0.3473880696863142,0.3473880696863142,0.0
bxaic__PAINS__gcn__seed2026,bxaic,PAINS,gcn,2026,atom_occlusion,P20_frozen_cache,0.05,recalibrated,89,89,0,1625,0,1644,0,0.0524725757165069,0.0524725757165069,0.0,0.9091218677307292,0.9091218677307292,0.0,0.3552409632480955,0.3552409632480955,0.0,0.3473880696863142,0.3473880696863142,0.0
bxaic__PAINS__gcn__seed2026,bxaic,PAINS,gcn,2026,atom_occlusion,P20_frozen_cache,0.1,fixed_historical_q,81,81,0,1625,0,1644,0,0.0986186575553909,0.0986186575553909,0.0,0.8288222076854068,0.8288222076854068,0.0,0.3686365915415233,0.3686365915415233,0.0,0.3526662646666467,0.3526662646666467,0.0
bxaic__PAINS__gcn__seed2026,bxaic,PAINS,gcn,2026,atom_occlusion,P20_frozen_cache,0.1,fixed_current_machine_q,81,81,0,1625,0,1644,0,0.0986186575553909,0.0986186575553909,0.0,0.8288222076854068,0.8288222076854068,0.0,0.3686365915415233,0.3686365915415233,0.0,0.3526662646666467,0.3526662646666467,0.0
bxaic__PAINS__gcn__seed2026,bxaic,PAINS,gcn,2026,atom_occlusion,P20_frozen_cache,0.1,recalibrated,81,81,0,1625,0,1644,0,0.0986186575553909,0.0986186575553909,0.0,0.8288222076854068,0.8288222076854068,0.0,0.3686365915415233,0.3686365915415233,0.0,0.3526662646666467,0.3526662646666467,0.0
bxaic__PAINS__gcn__seed2026,bxaic,PAINS,gcn,2026,atom_occlusion,P20_frozen_cache,0.2,fixed_historical_q,66,66,0,1625,0,1644,0,0.1960376796636149,0.1960376796636149,0.0,0.6786990675017398,0.6786990675017398,0.0,0.3967350914696989,0.3967350914696989,0.0,0.3592388762660051,0.3592388762660051,0.0
bxaic__PAINS__gcn__seed2026,bxaic,PAINS,gcn,2026,atom_occlusion,P20_frozen_cache,0.2,fixed_current_machine_q,66,66,0,1625,0,1644,0,0.1960376796636149,0.1960376796636149,0.0,0.6786990675017398,0.6786990675017398,0.0,0.3967350914696989,0.3967350914696989,0.0,0.3592388762660051,0.3592388762660051,0.0
bxaic__PAINS__gcn__seed2026,bxaic,PAINS,gcn,2026,atom_occlusion,P20_frozen_cache,0.2,recalibrated,66,66,0,1625,0,1644,0,0.1960376796636149,0.1960376796636149,0.0,0.6786990675017398,0.6786990675017398,0.0,0.3967350914696989,0.3967350914696989,0.0,0.3592388762660051,0.3592388762660051,0.0
bxaic__PAINS__gcn__seed2026,bxaic,PAINS,gcn,2026,saliency,P20_frozen_cache,0.05,fixed_historical_q,91,91,0,1625,0,1644,0,0.0418996728549056,0.0418996728549056,0.0,0.92914280718448,0.92914280718448,0.0,0.3514547406069206,0.3514547406069206,0.0,0.3451623391554342,0.3451623391554342,0.0
bxaic__PAINS__gcn__seed2026,bxaic,PAINS,gcn,2026,saliency,P20_frozen_cache,0.05,fixed_current_machine_q,91,91,0,1625,0,1644,0,0.0418996728549056,0.0418996728549056,0.0,0.92914280718448,0.92914280718448,0.0,0.3514547406069206,0.3514547406069206,0.0,0.3451623391554342,0.3451623391554342,0.0
bxaic__PAINS__gcn__seed2026,bxaic,PAINS,gcn,2026,saliency,P20_frozen_cache,0.05,recalibrated,91,91,0,1625,0,1644,0,0.0418996728549056,0.0418996728549056,0.0,0.92914280718448,0.92914280718448,0.0,0.3514547406069206,0.3514547406069206,0.0,0.3451623391554342,0.3451623391554342,0.0
bxaic__PAINS__gcn__seed2026,bxaic,PAINS,gcn,2026,saliency,P20_frozen_cache,0.1,fixed_historical_q,83,83,0,1625,0,1644,0,0.0953357647904807,0.0953357647904807,0.0,0.8488238590750934,0.8488238590750934,0.0,0.3603319569077057,0.3603319569077057,0.0,0.3450966403998567,0.3450966403998567,0.0
bxaic__PAINS__gcn__seed2026,bxaic,PAINS,gcn,2026,saliency,P20_frozen_cache,0.1,fixed_current_machine_q,83,83,0,1625,0,1644,0,0.0953357647904807,0.0953357647904807,0.0,0.8488238590750934,0.8488238590750934,0.0,0.3603319569077057,0.3603319569077057,0.0,0.3450966403998567,0.3450966403998567,0.0
bxaic__PAINS__gcn__seed2026,bxaic,PAINS,gcn,2026,saliency,P20_frozen_cache,0.1,recalibrated,83,83,0,1625,0,1644,0,0.0953357647904807,0.0953357647904807,0.0,0.8488238590750934,0.8488238590750934,0.0,0.3603319569077057,0.3603319569077057,0.0,0.3450966403998567,0.3450966403998567,0.0
bxaic__PAINS__gcn__seed2026,bxaic,PAINS,gcn,2026,saliency,P20_frozen_cache,0.2,fixed_historical_q,69,69,0,1625,0,1644,0,0.2015899711684837,0.2015899711684837,0.0,0.7087151266394004,0.7087151266394004,0.0,0.3748297718762481,0.3748297718762481,0.0,0.340814566712336,0.340814566712336,0.0
bxaic__PAINS__gcn__seed2026,bxaic,PAINS,gcn,2026,saliency,P20_frozen_cache,0.2,fixed_current_machine_q,69,69,0,1625,0,1644,0,0.2015899711684837,0.2015899711684837,0.0,0.7087151266394004,0.7087151266394004,0.0,0.3748297718762481,0.3748297718762481,0.0,0.340814566712336,0.340814566712336,0.0
bxaic__PAINS__gcn__seed2026,bxaic,PAINS,gcn,2026,saliency,P20_frozen_cache,0.2,recalibrated,69,69,0,1625,0,1644,0,0.2015899711684837,0.2015899711684837,0.0,0.7087151266394004,0.7087151266394004,0.0,0.3748297718762481,0.3748297718762481,0.0,0.340814566712336,0.340814566712336,0.0
bxaic__PAINS__gcn__seed42,bxaic,PAINS,gcn,42,ig,P01_checkpoint_rerun,0.05,fixed_historical_q,94,94,0,1625,0,1644,0,0.0479667774149117,0.0479667774149117,0.0,0.957617676585783,0.957617676585783,0.0,0.3400722665637732,0.3400722665637732,0.0,0.333729785503617,0.333729785503617,0.0
bxaic__PAINS__gcn__seed42,bxaic,PAINS,gcn,42,ig,P01_checkpoint_rerun,0.05,fixed_current_machine_q,94,94,0,1625,0,1644,0,0.0479667774149117,0.0479667774149117,0.0,0.957617676585783,0.957617676585783,0.0,0.3400722665637732,0.3400722665637732,0.0,0.333729785503617,0.333729785503617,0.0
bxaic__PAINS__gcn__seed42,bxaic,PAINS,gcn,42,ig,P01_checkpoint_rerun,0.05,recalibrated,94,94,0,1625,0,1644,0,0.0479667774149117,0.0479667774149117,0.0,0.957617676585783,0.957617676585783,0.0,0.3400722665637732,0.3400722665637732,0.0,0.333729785503617,0.333729785503617,0.0
bxaic__PAINS__gcn__seed42,bxaic,PAINS,gcn,42,ig,P01_checkpoint_rerun,0.1,fixed_historical_q,89,89,0,1625,0,1644,0,0.0973045327452577,0.0973045327452577,0.0,0.9091218677307292,0.9091218677307292,0.0,0.3411192816040412,0.3411192816040412,0.0,0.3287118013574592,0.3287118013574592,0.0
bxaic__PAINS__gcn__seed42,bxaic,PAINS,gcn,42,ig,P01_checkpoint_rerun,0.1,fixed_current_machine_q,89,89,0,1625,0,1644,0,0.0973045327452577,0.0973045327452577,0.0,0.9091218677307292,0.9091218677307292,0.0,0.3411192816040412,0.3411192816040412,0.0,0.3287118013574592,0.3287118013574592,0.0
bxaic__PAINS__gcn__seed42,bxaic,PAINS,gcn,42,ig,P01_checkpoint_rerun,0.1,recalibrated,89,89,0,1625,0,1644,0,0.0973045327452577,0.0973045327452577,0.0,0.9091218677307292,0.9091218677307292,0.0,0.3411192816040412,0.3411192816040412,0.0,0.3287118013574592,0.3287118013574592,0.0
bxaic__PAINS__gcn__seed42,bxaic,PAINS,gcn,42,ig,P01_checkpoint_rerun,0.2,fixed_historical_q,77,77,0,1625,0,1644,0,0.2025901444398693,0.2025901444398693,0.0,0.7885640718930385,0.7885640718930385,0.0,0.354343511905798,0.354343511905798,0.0,0.3268306154129896,0.3268306154129896,0.0
bxaic__PAINS__gcn__seed42,bxaic,PAINS,gcn,42,ig,P01_checkpoint_rerun,0.2,fixed_current_machine_q,77,77,0,1625,0,1644,0,0.2025901444398693,0.2025901444398693,0.0,0.7885640718930385,0.7885640718930385,0.0,0.354343511905798,0.354343511905798,0.0,0.3268306154129896,0.3268306154129896,0.0
bxaic__PAINS__gcn__seed42,bxaic,PAINS,gcn,42,ig,P01_checkpoint_rerun,0.2,recalibrated,77,77,0,1625,0,1644,0,0.2025901444398693,0.2025901444398693,0.0,0.7885640718930385,0.7885640718930385,0.0,0.354343511905798,0.354343511905798,0.0,0.3268306154129896,0.3268306154129896,0.0
bxaic__PAINS__gcn__seed42,bxaic,PAINS,gcn,42,gradinput,P01_checkpoint_rerun,0.05,fixed_historical_q,94,94,0,1625,0,1644,0,0.0446333737564446,0.0446333737564446,0.0,0.957617676585783,0.957617676585783,0.0,0.3419964460996478,0.3419964460996478,0.0,0.3365809737738717,0.3365809737738717,0.0
bxaic__PAINS__gcn__seed42,bxaic,PAINS,gcn,42,gradinput,P01_checkpoint_rerun,0.05,fixed_current_machine_q,94,94,0,1625,0,1644,0,0.0446333737564446,0.0446333737564446,0.0,0.957617676585783,0.957617676585783,0.0,0.3419964460996478,0.3419964460996478,0.0,0.3365809737738717,0.3365809737738717,0.0
bxaic__PAINS__gcn__seed42,bxaic,PAINS,gcn,42,gradinput,P01_checkpoint_rerun,0.05,recalibrated,94,94,0,1625,0,1644,0,0.0446333737564446,0.0446333737564446,0.0,0.957617676585783,0.957617676585783,0.0,0.3419964460996478,0.3419964460996478,0.0,0.3365809737738717,0.3365809737738717,0.0
bxaic__PAINS__gcn__seed42,bxaic,PAINS,gcn,42,gradinput,P01_checkpoint_rerun,0.1,fixed_historical_q,89,89,0,1625,0,1644,0,0.0993197759423384,0.0993197759423384,0.0,0.9091218677307292,0.9091218677307292,0.0,0.3399115894154871,0.3399115894154871,0.0,0.3281042733649749,0.3281042733649749,0.0
bxaic__PAINS__gcn__seed42,bxaic,PAINS,gcn,42,gradinput,P01_checkpoint_rerun,0.1,fixed_current_machine_q,89,89,0,1625,0,1644,0,0.0993197759423384,0.0993197759423384,0.0,0.9091218677307292,0.9091218677307292,0.0,0.3399115894154871,0.3399115894154871,0.0,0.3281042733649749,0.3281042733649749,0.0
bxaic__PAINS__gcn__seed42,bxaic,PAINS,gcn,42,gradinput,P01_checkpoint_rerun,0.1,recalibrated,89,89,0,1625,0,1644,0,0.0993197759423384,0.0993197759423384,0.0,0.9091218677307292,0.9091218677307292,0.0,0.3399115894154871,0.3399115894154871,0.0,0.3281042733649749,0.3281042733649749,0.0
bxaic__PAINS__gcn__seed42,bxaic,PAINS,gcn,42,gradinput,P01_checkpoint_rerun,0.2,fixed_historical_q,81,81,0,1625,0,1644,0,0.1857484349328109,0.1857484349328109,0.0,0.8288222076854068,0.8288222076854068,0.0,0.3372539904816603,0.3372539904816603,0.0,0.3144253562008702,0.3144253562008702,0.0
bxaic__PAINS__gcn__seed42,bxaic,PAINS,gcn,42,gradinput,P01_checkpoint_rerun,0.2,fixed_current_machine_q,81,81,0,1625,0,1644,0,0.1857484349328109,0.1857484349328109,0.0,0.8288222076854068,0.8288222076854068,0.0,0.3372539904816603,0.3372539904816603,0.0,0.3144253562008702,0.3144253562008702,0.0
bxaic__PAINS__gcn__seed42,bxaic,PAINS,gcn,42,gradinput,P01_checkpoint_rerun,0.2,recalibrated,81,81,0,1625,0,1644,0,0.1857484349328109,0.1857484349328109,0.0,0.8288222076854068,0.8288222076854068,0.0,0.3372539904816603,0.3372539904816603,0.0,0.3144253562008702,0.3144253562008702,0.0
bxaic__PAINS__gcn__seed42,bxaic,PAINS,gcn,42,atom_occlusion,P20_frozen_cache,0.05,fixed_historical_q,89,89,0,1625,0,1644,0,0.0421502425899221,0.0421502425899221,0.0,0.9091218677307292,0.9091218677307292,0.0,0.3592200095801663,0.3592200095801663,0.0,0.3526272938135837,0.3526272938135837,0.0
bxaic__PAINS__gcn__seed42,bxaic,PAINS,gcn,42,atom_occlusion,P20_frozen_cache,0.05,fixed_current_machine_q,89,89,0,1625,0,1644,0,0.0421502425899221,0.0421502425899221,0.0,0.9091218677307292,0.9091218677307292,0.0,0.3592200095801663,0.3592200095801663,0.0,0.3526272938135837,0.3526272938135837,0.0
bxaic__PAINS__gcn__seed42,bxaic,PAINS,gcn,42,atom_occlusion,P20_frozen_cache,0.05,recalibrated,89,89,0,1625,0,1644,0,0.0421502425899221,0.0421502425899221,0.0,0.9091218677307292,0.9091218677307292,0.0,0.3592200095801663,0.3592200095801663,0.0,0.3526272938135837,0.3526272938135837,0.0
bxaic__PAINS__gcn__seed42,bxaic,PAINS,gcn,42,atom_occlusion,P20_frozen_cache,0.1,fixed_historical_q,79,79,0,1625,0,1644,0,0.0981634468369235,0.0981634468369235,0.0,0.80859924084667,0.80859924084667,0.0,0.3778026367103884,0.3778026367103884,0.0,0.3608810106723533,0.3608810106723533,0.0
bxaic__PAINS__gcn__seed42,bxaic,PAINS,gcn,42,atom_occlusion,P20_frozen_cache,0.1,fixed_current_machine_q,79,79,0,1625,0,1644,0,0.0981634468369235,0.0981634468369235,0.0,0.80859924084667,0.80859924084667,0.0,0.3778026367103884,0.3778026367103884,0.0,0.3608810106723533,0.3608810106723533,0.0
bxaic__PAINS__gcn__seed42,bxaic,PAINS,gcn,42,atom_occlusion,P20_frozen_cache,0.1,recalibrated,79,79,0,1625,0,1644,0,0.0981634468369235,0.0981634468369235,0.0,0.80859924084667,0.80859924084667,0.0,0.3778026367103884,0.3778026367103884,0.0,0.3608810106723533,0.3608810106723533,0.0
bxaic__PAINS__gcn__seed42,bxaic,PAINS,gcn,42,atom_occlusion,P20_frozen_cache,0.2,fixed_historical_q,64,64,0,1625,0,1644,0,0.1925303908804638,0.1925303908804638,0.0,0.6571995997874026,0.6571995997874026,0.0,0.4103264728334336,0.4103264728334336,0.0,0.3695525619673048,0.3695525619673048,0.0
bxaic__PAINS__gcn__seed42,bxaic,PAINS,gcn,42,atom_occlusion,P20_frozen_cache,0.2,fixed_current_machine_q,64,64,0,1625,0,1644,0,0.1925303908804638,0.1925303908804638,0.0,0.6571995997874026,0.6571995997874026,0.0,0.4103264728334336,0.4103264728334336,0.0,0.3695525619673048,0.3695525619673048,0.0
bxaic__PAINS__gcn__seed42,bxaic,PAINS,gcn,42,atom_occlusion,P20_frozen_cache,0.2,recalibrated,64,64,0,1625,0,1644,0,0.1925303908804638,0.1925303908804638,0.0,0.6571995997874026,0.6571995997874026,0.0,0.4103264728334336,0.4103264728334336,0.0,0.3695525619673048,0.3695525619673048,0.0
bxaic__PAINS__gcn__seed42,bxaic,PAINS,gcn,42,saliency,P20_frozen_cache,0.05,fixed_historical_q,91,91,0,1625,0,1644,0,0.0407564853979201,0.0407564853979201,0.0,0.92914280718448,0.92914280718448,0.0,0.3517385597524008,0.3517385597524008,0.0,0.345390321612667,0.345390321612667,0.0
bxaic__PAINS__gcn__seed42,bxaic,PAINS,gcn,42,saliency,P20_frozen_cache,0.05,fixed_current_machine_q,91,91,0,1625,0,1644,0,0.0407564853979201,0.0407564853979201,0.0,0.92914280718448,0.92914280718448,0.0,0.3517385597524008,0.3517385597524008,0.0,0.345390321612667,0.345390321612667,0.0
bxaic__PAINS__gcn__seed42,bxaic,PAINS,gcn,42,saliency,P20_frozen_cache,0.05,recalibrated,91,91,0,1625,0,1644,0,0.0407564853979201,0.0407564853979201,0.0,0.92914280718448,0.92914280718448,0.0,0.3517385597524008,0.3517385597524008,0.0,0.345390321612667,0.345390321612667,0.0
bxaic__PAINS__gcn__seed42,bxaic,PAINS,gcn,42,saliency,P20_frozen_cache,0.1,fixed_historical_q,82,82,0,1625,0,1644,0,0.0938394297323687,0.0938394297323687,0.0,0.8380970842735934,0.8380970842735934,0.0,0.3650826927366623,0.3650826927366623,0.0,0.3493592339823509,0.3493592339823509,0.0
bxaic__PAINS__gcn__seed42,bxaic,PAINS,gcn,42,saliency,P20_frozen_cache,0.1,fixed_current_machine_q,82,82,0,1625,0,1644,0,0.0938394297323687,0.0938394297323687,0.0,0.8380970842735934,0.8380970842735934,0.0,0.3650826927366623,0.3650826927366623,0.0,0.3493592339823509,0.3493592339823509,0.0
bxaic__PAINS__gcn__seed42,bxaic,PAINS,gcn,42,saliency,P20_frozen_cache,0.1,recalibrated,82,82,0,1625,0,1644,0,0.0938394297323687,0.0938394297323687,0.0,0.8380970842735934,0.8380970842735934,0.0,0.3650826927366623,0.3650826927366623,0.0,0.3493592339823509,0.3493592339823509,0.0
bxaic__PAINS__gcn__seed42,bxaic,PAINS,gcn,42,saliency,P20_frozen_cache,0.2,fixed_historical_q,67,67,0,1625,0,1644,0,0.1936517187105102,0.1936517187105102,0.0,0.6909636668174082,0.6909636668174082,0.0,0.3865683029934378,0.3865683029934378,0.0,0.3497994298423164,0.3497994298423164,0.0
bxaic__PAINS__gcn__seed42,bxaic,PAINS,gcn,42,saliency,P20_frozen_cache,0.2,fixed_current_machine_q,67,67,0,1625,0,1644,0,0.1936517187105102,0.1936517187105102,0.0,0.6909636668174082,0.6909636668174082,0.0,0.3865683029934378,0.3865683029934378,0.0,0.3497994298423164,0.3497994298423164,0.0
bxaic__PAINS__gcn__seed42,bxaic,PAINS,gcn,42,saliency,P20_frozen_cache,0.2,recalibrated,67,67,0,1625,0,1644,0,0.1936517187105102,0.1936517187105102,0.0,0.6909636668174082,0.6909636668174082,0.0,0.3865683029934378,0.3865683029934378,0.0,0.3497994298423164,0.3497994298423164,0.0
bxaic__PAINS__gin__seed123,bxaic,PAINS,gin,123,ig,P01_checkpoint_rerun,0.05,fixed_historical_q,89,89,0,1625,0,1644,0,0.048736187379947,0.048736187379947,0.0,0.9091218677307292,0.9091218677307292,0.0,0.3558990014168987,0.3558990014168987,0.0,0.3479916636116137,0.3479916636116137,0.0
bxaic__PAINS__gin__seed123,bxaic,PAINS,gin,123,ig,P01_checkpoint_rerun,0.05,fixed_current_machine_q,89,89,0,1625,0,1644,0,0.048736187379947,0.048736187379947,0.0,0.9091218677307292,0.9091218677307292,0.0,0.3558990014168987,0.3558990014168987,0.0,0.3479916636116137,0.3479916636116137,0.0
bxaic__PAINS__gin__seed123,bxaic,PAINS,gin,123,ig,P01_checkpoint_rerun,0.05,recalibrated,89,89,0,1625,0,1644,0,0.048736187379947,0.048736187379947,0.0,0.9091218677307292,0.9091218677307292,0.0,0.3558990014168987,0.3558990014168987,0.0,0.3479916636116137,0.3479916636116137,0.0
bxaic__PAINS__gin__seed123,bxaic,PAINS,gin,123,ig,P01_checkpoint_rerun,0.1,fixed_historical_q,80,80,0,1625,0,1644,0,0.0977704662515107,0.0977704662515107,0.0,0.8149319138164033,0.8149319138164033,0.0,0.3733151696420779,0.3733151696420779,0.0,0.3556918886306995,0.3556918886306995,0.0
bxaic__PAINS__gin__seed123,bxaic,PAINS,gin,123,ig,P01_checkpoint_rerun,0.1,fixed_current_machine_q,80,80,0,1625,0,1644,0,0.0977704662515107,0.0977704662515107,0.0,0.8149319138164033,0.8149319138164033,0.0,0.3733151696420779,0.3733151696420779,0.0,0.3556918886306995,0.3556918886306995,0.0
bxaic__PAINS__gin__seed123,bxaic,PAINS,gin,123,ig,P01_checkpoint_rerun,0.1,recalibrated,80,80,0,1625,0,1644,0,0.0977704662515107,0.0977704662515107,0.0,0.8149319138164033,0.8149319138164033,0.0,0.3733151696420779,0.3733151696420779,0.0,0.3556918886306995,0.3556918886306995,0.0
bxaic__PAINS__gin__seed123,bxaic,PAINS,gin,123,ig,P01_checkpoint_rerun,0.2,fixed_historical_q,62,62,0,1625,0,1644,0,0.1931862174142363,0.1931862174142363,0.0,0.6384061278452969,0.6384061278452969,0.0,0.4174008793482878,0.4174008793482878,0.0,0.3729688391044649,0.3729688391044649,0.0
bxaic__PAINS__gin__seed123,bxaic,PAINS,gin,123,ig,P01_checkpoint_rerun,0.2,fixed_current_machine_q,62,62,0,1625,0,1644,0,0.1931862174142363,0.1931862174142363,0.0,0.6384061278452969,0.6384061278452969,0.0,0.4174008793482878,0.4174008793482878,0.0,0.3729688391044649,0.3729688391044649,0.0
bxaic__PAINS__gin__seed123,bxaic,PAINS,gin,123,ig,P01_checkpoint_rerun,0.2,recalibrated,62,62,0,1625,0,1644,0,0.1931862174142363,0.1931862174142363,0.0,0.6384061278452969,0.6384061278452969,0.0,0.4174008793482878,0.4174008793482878,0.0,0.3729688391044649,0.3729688391044649,0.0
bxaic__PAINS__gin__seed123,bxaic,PAINS,gin,123,gradinput,P01_checkpoint_rerun,0.05,fixed_historical_q,96,96,0,1625,0,1644,0,0.0476551065659576,0.0476551065659576,0.0,0.9776360379657606,0.9776360379657606,0.0,0.3385759994041141,0.3385759994041141,0.0,0.3352842898407528,0.3352842898407528,0.0
bxaic__PAINS__gin__seed123,bxaic,PAINS,gin,123,gradinput,P01_checkpoint_rerun,0.05,fixed_current_machine_q,96,96,0,1625,0,1644,0,0.0476551065659576,0.0476551065659576,0.0,0.9776360379657606,0.9776360379657606,0.0,0.3385759994041141,0.3385759994041141,0.0,0.3352842898407528,0.3352842898407528,0.0
bxaic__PAINS__gin__seed123,bxaic,PAINS,gin,123,gradinput,P01_checkpoint_rerun,0.05,recalibrated,96,96,0,1625,0,1644,0,0.0476551065659576,0.0476551065659576,0.0,0.9776360379657606,0.9776360379657606,0.0,0.3385759994041141,0.3385759994041141,0.0,0.3352842898407528,0.3352842898407528,0.0
bxaic__PAINS__gin__seed123,bxaic,PAINS,gin,123,gradinput,P01_checkpoint_rerun,0.1,fixed_historical_q,94,94,0,1625,0,1644,0,0.0849418478532795,0.0849418478532795,0.0,0.957617676585783,0.957617676585783,0.0,0.3355530479156333,0.3355530479156333,0.0,0.3286846964871464,0.3286846964871464,0.0
bxaic__PAINS__gin__seed123,bxaic,PAINS,gin,123,gradinput,P01_checkpoint_rerun,0.1,fixed_current_machine_q,94,94,0,1625,0,1644,0,0.0849418478532795,0.0849418478532795,0.0,0.957617676585783,0.957617676585783,0.0,0.3355530479156333,0.3355530479156333,0.0,0.3286846964871464,0.3286846964871464,0.0
bxaic__PAINS__gin__seed123,bxaic,PAINS,gin,123,gradinput,P01_checkpoint_rerun,0.1,recalibrated,94,94,0,1625,0,1644,0,0.0849418478532795,0.0849418478532795,0.0,0.957617676585783,0.957617676585783,0.0,0.3355530479156333,0.3355530479156333,0.0,0.3286846964871464,0.3286846964871464,0.0
bxaic__PAINS__gin__seed123,bxaic,PAINS,gin,123,gradinput,P01_checkpoint_rerun,0.2,fixed_historical_q,87,87,0,1625,0,1644,0,0.189685455934206,0.189685455934206,0.0,0.8887243115179423,0.8887243115179423,0.0,0.3285152537864253,0.3285152537864253,0.0,0.312455164502983,0.312455164502983,0.0
bxaic__PAINS__gin__seed123,bxaic,PAINS,gin,123,gradinput,P01_checkpoint_rerun,0.2,fixed_current_machine_q,87,87,0,1625,0,1644,0,0.189685455934206,0.189685455934206,0.0,0.8887243115179423,0.8887243115179423,0.0,0.3285152537864253,0.3285152537864253,0.0,0.312455164502983,0.312455164502983,0.0
bxaic__PAINS__gin__seed123,bxaic,PAINS,gin,123,gradinput,P01_checkpoint_rerun,0.2,recalibrated,87,87,0,1625,0,1644,0,0.189685455934206,0.189685455934206,0.0,0.8887243115179423,0.8887243115179423,0.0,0.3285152537864253,0.3285152537864253,0.0,0.312455164502983,0.312455164502983,0.0
bxaic__PAINS__gin__seed123,bxaic,PAINS,gin,123,atom_occlusion,P20_frozen_cache,0.05,fixed_historical_q,81,81,0,1625,0,1644,0,0.047443764178026,0.047443764178026,0.0,0.8288222076854068,0.8288222076854068,0.0,0.3906698652593638,0.3906698652593638,0.0,0.3816980114013185,0.3816980114013185,0.0
bxaic__PAINS__gin__seed123,bxaic,PAINS,gin,123,atom_occlusion,P20_frozen_cache,0.05,fixed_current_machine_q,81,81,0,1625,0,1644,0,0.047443764178026,0.047443764178026,0.0,0.8288222076854068,0.8288222076854068,0.0,0.3906698652593638,0.3906698652593638,0.0,0.3816980114013185,0.3816980114013185,0.0
bxaic__PAINS__gin__seed123,bxaic,PAINS,gin,123,atom_occlusion,P20_frozen_cache,0.05,recalibrated,81,81,0,1625,0,1644,0,0.047443764178026,0.047443764178026,0.0,0.8288222076854068,0.8288222076854068,0.0,0.3906698652593638,0.3906698652593638,0.0,0.3816980114013185,0.3816980114013185,0.0
bxaic__PAINS__gin__seed123,bxaic,PAINS,gin,123,atom_occlusion,P20_frozen_cache,0.1,fixed_historical_q,63,63,0,1625,0,1644,0,0.0982683293809033,0.0982683293809033,0.0,0.649009236961634,0.649009236961634,0.0,0.4656226749268946,0.4656226749268946,0.0,0.4401962323501089,0.4401962323501089,0.0
bxaic__PAINS__gin__seed123,bxaic,PAINS,gin,123,atom_occlusion,P20_frozen_cache,0.1,fixed_current_machine_q,63,63,0,1625,0,1644,0,0.0982683293809033,0.0982683293809033,0.0,0.649009236961634,0.649009236961634,0.0,0.4656226749268946,0.4656226749268946,0.0,0.4401962323501089,0.4401962323501089,0.0
bxaic__PAINS__gin__seed123,bxaic,PAINS,gin,123,atom_occlusion,P20_frozen_cache,0.1,recalibrated,63,63,0,1625,0,1644,0,0.0982683293809033,0.0982683293809033,0.0,0.649009236961634,0.649009236961634,0.0,0.4656226749268946,0.4656226749268946,0.0,0.4401962323501089,0.4401962323501089,0.0
bxaic__PAINS__gin__seed123,bxaic,PAINS,gin,123,atom_occlusion,P20_frozen_cache,0.2,fixed_historical_q,40,40,0,1625,0,1644,0,0.1978212683948853,0.1978212683948853,0.0,0.4147760998413445,0.4147760998413445,0.0,0.6267870822177314,0.6267870822177314,0.0,0.5393168054185705,0.5393168054185705,0.0
bxaic__PAINS__gin__seed123,bxaic,PAINS,gin,123,atom_occlusion,P20_frozen_cache,0.2,fixed_current_machine_q,40,40,0,1625,0,1644,0,0.1978212683948853,0.1978212683948853,0.0,0.4147760998413445,0.4147760998413445,0.0,0.6267870822177314,0.6267870822177314,0.0,0.5393168054185705,0.5393168054185705,0.0
bxaic__PAINS__gin__seed123,bxaic,PAINS,gin,123,atom_occlusion,P20_frozen_cache,0.2,recalibrated,40,40,0,1625,0,1644,0,0.1978212683948853,0.1978212683948853,0.0,0.4147760998413445,0.4147760998413445,0.0,0.6267870822177314,0.6267870822177314,0.0,0.5393168054185705,0.5393168054185705,0.0
bxaic__PAINS__gin__seed123,bxaic,PAINS,gin,123,saliency,P20_frozen_cache,0.05,fixed_historical_q,81,81,0,1625,0,1644,0,0.0466707772277139,0.0466707772277139,0.0,0.8288222076854068,0.8288222076854068,0.0,0.3906758560315681,0.3906758560315681,0.0,0.381186290752265,0.381186290752265,0.0
bxaic__PAINS__gin__seed123,bxaic,PAINS,gin,123,saliency,P20_frozen_cache,0.05,fixed_current_machine_q,81,81,0,1625,0,1644,0,0.0466707772277139,0.0466707772277139,0.0,0.8288222076854068,0.8288222076854068,0.0,0.3906758560315681,0.3906758560315681,0.0,0.381186290752265,0.381186290752265,0.0
bxaic__PAINS__gin__seed123,bxaic,PAINS,gin,123,saliency,P20_frozen_cache,0.05,recalibrated,81,81,0,1625,0,1644,0,0.0466707772277139,0.0466707772277139,0.0,0.8288222076854068,0.8288222076854068,0.0,0.3906758560315681,0.3906758560315681,0.0,0.381186290752265,0.381186290752265,0.0
bxaic__PAINS__gin__seed123,bxaic,PAINS,gin,123,saliency,P20_frozen_cache,0.1,fixed_historical_q,70,70,0,1625,165,1644,157,0.0942656850277937,0.0957662413040895,0.0015005562762958,0.7197916353793983,0.7162169482052604,-0.0035746871741378,0.424028532548421,0.4253249438123152,0.0012964112638941,0.402429098459265,0.4031128523082546,0.0006837538489895
bxaic__PAINS__gin__seed123,bxaic,PAINS,gin,123,saliency,P20_frozen_cache,0.1,fixed_current_machine_q,70,70,0,1625,165,1644,157,0.0942656850277937,0.0957662413040895,0.0015005562762958,0.7197916353793983,0.7162169482052604,-0.0035746871741378,0.424028532548421,0.4253249438123152,0.0012964112638941,0.402429098459265,0.4031128523082546,0.0006837538489895
bxaic__PAINS__gin__seed123,bxaic,PAINS,gin,123,saliency,P20_frozen_cache,0.1,recalibrated,70,70,0,1625,165,1644,157,0.0942656850277937,0.0957662413040895,0.0015005562762958,0.7197916353793983,0.7162169482052604,-0.0035746871741378,0.424028532548421,0.4253249438123152,0.0012964112638941,0.402429098459265,0.4031128523082546,0.0006837538489895
bxaic__PAINS__gin__seed123,bxaic,PAINS,gin,123,saliency,P20_frozen_cache,0.2,fixed_historical_q,54,54,0,1625,0,1644,0,0.1907575321016546,0.1907575321016546,0.0,0.557642303290396,0.557642303290396,0.0,0.4812622751537259,0.4812622751537259,0.0,0.4259777427356281,0.4259777427356281,0.0
bxaic__PAINS__gin__seed123,bxaic,PAINS,gin,123,saliency,P20_frozen_cache,0.2,fixed_current_machine_q,54,54,0,1625,0,1644,0,0.1907575321016546,0.1907575321016546,0.0,0.557642303290396,0.557642303290396,0.0,0.4812622751537259,0.4812622751537259,0.0,0.4259777427356281,0.4259777427356281,0.0
bxaic__PAINS__gin__seed123,bxaic,PAINS,gin,123,saliency,P20_frozen_cache,0.2,recalibrated,54,54,0,1625,0,1644,0,0.1907575321016546,0.1907575321016546,0.0,0.557642303290396,0.557642303290396,0.0,0.4812622751537259,0.4812622751537259,0.0,0.4259777427356281,0.4259777427356281,0.0
bxaic__PAINS__gin__seed2026,bxaic,PAINS,gin,2026,ig,P01_checkpoint_rerun,0.05,fixed_historical_q,86,86,0,1625,0,1644,0,0.0461726249976446,0.0461726249976446,0.0,0.8782821505199193,0.8782821505199193,0.0,0.3697064496980017,0.3697064496980017,0.0,0.3616518489881076,0.3616518489881076,0.0
bxaic__PAINS__gin__seed2026,bxaic,PAINS,gin,2026,ig,P01_checkpoint_rerun,0.05,fixed_current_machine_q,86,86,0,1625,0,1644,0,0.0461726249976446,0.0461726249976446,0.0,0.8782821505199193,0.8782821505199193,0.0,0.3697064496980017,0.3697064496980017,0.0,0.3616518489881076,0.3616518489881076,0.0
bxaic__PAINS__gin__seed2026,bxaic,PAINS,gin,2026,ig,P01_checkpoint_rerun,0.05,recalibrated,86,86,0,1625,0,1644,0,0.0461726249976446,0.0461726249976446,0.0,0.8782821505199193,0.8782821505199193,0.0,0.3697064496980017,0.3697064496980017,0.0,0.3616518489881076,0.3616518489881076,0.0
bxaic__PAINS__gin__seed2026,bxaic,PAINS,gin,2026,ig,P01_checkpoint_rerun,0.1,fixed_historical_q,74,74,0,1625,0,1644,0,0.0963529289767683,0.0963529289767683,0.0,0.7580981542835475,0.7580981542835475,0.0,0.4019899014248565,0.4019899014248565,0.0,0.3813499600702024,0.3813499600702024,0.0
bxaic__PAINS__gin__seed2026,bxaic,PAINS,gin,2026,ig,P01_checkpoint_rerun,0.1,fixed_current_machine_q,74,74,0,1625,0,1644,0,0.0963529289767683,0.0963529289767683,0.0,0.7580981542835475,0.7580981542835475,0.0,0.4019899014248565,0.4019899014248565,0.0,0.3813499600702024,0.3813499600702024,0.0
bxaic__PAINS__gin__seed2026,bxaic,PAINS,gin,2026,ig,P01_checkpoint_rerun,0.1,recalibrated,74,74,0,1625,0,1644,0,0.0963529289767683,0.0963529289767683,0.0,0.7580981542835475,0.7580981542835475,0.0,0.4019899014248565,0.4019899014248565,0.0,0.3813499600702024,0.3813499600702024,0.0
bxaic__PAINS__gin__seed2026,bxaic,PAINS,gin,2026,ig,P01_checkpoint_rerun,0.2,fixed_historical_q,55,55,0,1625,0,1644,0,0.1934745148372032,0.1934745148372032,0.0,0.5674997794069827,0.5674997794069827,0.0,0.4701937266664588,0.4701937266664588,0.0,0.4136481442477305,0.4136481442477305,0.0
bxaic__PAINS__gin__seed2026,bxaic,PAINS,gin,2026,ig,P01_checkpoint_rerun,0.2,fixed_current_machine_q,55,55,0,1625,0,1644,0,0.1934745148372032,0.1934745148372032,0.0,0.5674997794069827,0.5674997794069827,0.0,0.4701937266664588,0.4701937266664588,0.0,0.4136481442477305,0.4136481442477305,0.0
bxaic__PAINS__gin__seed2026,bxaic,PAINS,gin,2026,ig,P01_checkpoint_rerun,0.2,recalibrated,55,55,0,1625,0,1644,0,0.1934745148372032,0.1934745148372032,0.0,0.5674997794069827,0.5674997794069827,0.0,0.4701937266664588,0.4701937266664588,0.0,0.4136481442477305,0.4136481442477305,0.0
bxaic__PAINS__gin__seed2026,bxaic,PAINS,gin,2026,gradinput,P01_checkpoint_rerun,0.05,fixed_historical_q,97,97,0,1625,0,1644,0,0.0176816672345375,0.0176816672345375,0.0,0.99311715273399,0.99311715273399,0.0,0.3414445596449701,0.3414445596449701,0.0,0.3406181725418266,0.3406181725418266,0.0
bxaic__PAINS__gin__seed2026,bxaic,PAINS,gin,2026,gradinput,P01_checkpoint_rerun,0.05,fixed_current_machine_q,97,97,0,1625,0,1644,0,0.0176816672345375,0.0176816672345375,0.0,0.99311715273399,0.99311715273399,0.0,0.3414445596449701,0.3414445596449701,0.0,0.3406181725418266,0.3406181725418266,0.0
bxaic__PAINS__gin__seed2026,bxaic,PAINS,gin,2026,gradinput,P01_checkpoint_rerun,0.05,recalibrated,97,97,0,1625,0,1644,0,0.0176816672345375,0.0176816672345375,0.0,0.99311715273399,0.99311715273399,0.0,0.3414445596449701,0.3414445596449701,0.0,0.3406181725418266,0.3406181725418266,0.0
bxaic__PAINS__gin__seed2026,bxaic,PAINS,gin,2026,gradinput,P01_checkpoint_rerun,0.1,fixed_historical_q,94,94,0,1625,0,1644,0,0.0838261015186043,0.0838261015186043,0.0,0.957617676585783,0.957617676585783,0.0,0.3351763811529853,0.3351763811529853,0.0,0.3282285973504499,0.3282285973504499,0.0
bxaic__PAINS__gin__seed2026,bxaic,PAINS,gin,2026,gradinput,P01_checkpoint_rerun,0.1,fixed_current_machine_q,94,94,0,1625,0,1644,0,0.0838261015186043,0.0838261015186043,0.0,0.957617676585783,0.957617676585783,0.0,0.3351763811529853,0.3351763811529853,0.0,0.3282285973504499,0.3282285973504499,0.0
bxaic__PAINS__gin__seed2026,bxaic,PAINS,gin,2026,gradinput,P01_checkpoint_rerun,0.1,recalibrated,94,94,0,1625,0,1644,0,0.0838261015186043,0.0838261015186043,0.0,0.957617676585783,0.957617676585783,0.0,0.3351763811529853,0.3351763811529853,0.0,0.3282285973504499,0.3282285973504499,0.0
bxaic__PAINS__gin__seed2026,bxaic,PAINS,gin,2026,gradinput,P01_checkpoint_rerun,0.2,fixed_historical_q,88,88,0,1625,0,1644,0,0.1872264465508473,0.1872264465508473,0.0,0.8975096610559957,0.8975096610559957,0.0,0.3257669698797178,0.3257669698797178,0.0,0.3099900812007864,0.3099900812007864,0.0
bxaic__PAINS__gin__seed2026,bxaic,PAINS,gin,2026,gradinput,P01_checkpoint_rerun,0.2,fixed_current_machine_q,88,88,0,1625,0,1644,0,0.1872264465508473,0.1872264465508473,0.0,0.8975096610559957,0.8975096610559957,0.0,0.3257669698797178,0.3257669698797178,0.0,0.3099900812007864,0.3099900812007864,0.0
bxaic__PAINS__gin__seed2026,bxaic,PAINS,gin,2026,gradinput,P01_checkpoint_rerun,0.2,recalibrated,88,88,0,1625,0,1644,0,0.1872264465508473,0.1872264465508473,0.0,0.8975096610559957,0.8975096610559957,0.0,0.3257669698797178,0.3257669698797178,0.0,0.3099900812007864,0.3099900812007864,0.0
bxaic__PAINS__gin__seed2026,bxaic,PAINS,gin,2026,atom_occlusion,P20_frozen_cache,0.05,fixed_historical_q,81,81,0,1625,0,1644,0,0.0505338568652111,0.0505338568652111,0.0,0.8288222076854068,0.8288222076854068,0.0,0.3899561130566736,0.3899561130566736,0.0,0.3806487875184111,0.3806487875184111,0.0
bxaic__PAINS__gin__seed2026,bxaic,PAINS,gin,2026,atom_occlusion,P20_frozen_cache,0.05,fixed_current_machine_q,81,81,0,1625,0,1644,0,0.0505338568652111,0.0505338568652111,0.0,0.8288222076854068,0.8288222076854068,0.0,0.3899561130566736,0.3899561130566736,0.0,0.3806487875184111,0.3806487875184111,0.0
bxaic__PAINS__gin__seed2026,bxaic,PAINS,gin,2026,atom_occlusion,P20_frozen_cache,0.05,recalibrated,81,81,0,1625,0,1644,0,0.0505338568652111,0.0505338568652111,0.0,0.8288222076854068,0.8288222076854068,0.0,0.3899561130566736,0.3899561130566736,0.0,0.3806487875184111,0.3806487875184111,0.0
bxaic__PAINS__gin__seed2026,bxaic,PAINS,gin,2026,atom_occlusion,P20_frozen_cache,0.1,fixed_historical_q,64,64,0,1625,0,1644,0,0.0988970126359327,0.0988970126359327,0.0,0.6571995997874026,0.6571995997874026,0.0,0.4622232640806196,0.4622232640806196,0.0,0.4371383192481278,0.4371383192481278,0.0
bxaic__PAINS__gin__seed2026,bxaic,PAINS,gin,2026,atom_occlusion,P20_frozen_cache,0.1,fixed_current_machine_q,64,64,0,1625,0,1644,0,0.0988970126359327,0.0988970126359327,0.0,0.6571995997874026,0.6571995997874026,0.0,0.4622232640806196,0.4622232640806196,0.0,0.4371383192481278,0.4371383192481278,0.0
bxaic__PAINS__gin__seed2026,bxaic,PAINS,gin,2026,atom_occlusion,P20_frozen_cache,0.1,recalibrated,64,64,0,1625,0,1644,0,0.0988970126359327,0.0988970126359327,0.0,0.6571995997874026,0.6571995997874026,0.0,0.4622232640806196,0.4622232640806196,0.0,0.4371383192481278,0.4371383192481278,0.0
bxaic__PAINS__gin__seed2026,bxaic,PAINS,gin,2026,atom_occlusion,P20_frozen_cache,0.2,fixed_historical_q,42,42,0,1625,0,1644,0,0.1970323196470274,0.1970323196470274,0.0,0.4382121052667012,0.4382121052667012,0.0,0.6013403413181534,0.6013403413181534,0.0,0.5201716634026281,0.5201716634026281,0.0
bxaic__PAINS__gin__seed2026,bxaic,PAINS,gin,2026,atom_occlusion,P20_frozen_cache,0.2,fixed_current_machine_q,42,42,0,1625,0,1644,0,0.1970323196470274,0.1970323196470274,0.0,0.4382121052667012,0.4382121052667012,0.0,0.6013403413181534,0.6013403413181534,0.0,0.5201716634026281,0.5201716634026281,0.0
bxaic__PAINS__gin__seed2026,bxaic,PAINS,gin,2026,atom_occlusion,P20_frozen_cache,0.2,recalibrated,42,42,0,1625,0,1644,0,0.1970323196470274,0.1970323196470274,0.0,0.4382121052667012,0.4382121052667012,0.0,0.6013403413181534,0.6013403413181534,0.0,0.5201716634026281,0.5201716634026281,0.0
bxaic__PAINS__gin__seed2026,bxaic,PAINS,gin,2026,saliency,P20_frozen_cache,0.05,fixed_historical_q,82,82,0,1625,0,1644,0,0.0458675460462498,0.0458675460462498,0.0,0.8380970842735934,0.8380970842735934,0.0,0.3869518145813762,0.3869518145813762,0.0,0.3780573106473088,0.3780573106473088,0.0
bxaic__PAINS__gin__seed2026,bxaic,PAINS,gin,2026,saliency,P20_frozen_cache,0.05,fixed_current_machine_q,82,82,0,1625,0,1644,0,0.0458675460462498,0.0458675460462498,0.0,0.8380970842735934,0.8380970842735934,0.0,0.3869518145813762,0.3869518145813762,0.0,0.3780573106473088,0.3780573106473088,0.0
bxaic__PAINS__gin__seed2026,bxaic,PAINS,gin,2026,saliency,P20_frozen_cache,0.05,recalibrated,82,82,0,1625,0,1644,0,0.0458675460462498,0.0458675460462498,0.0,0.8380970842735934,0.8380970842735934,0.0,0.3869518145813762,0.3869518145813762,0.0,0.3780573106473088,0.3780573106473088,0.0
bxaic__PAINS__gin__seed2026,bxaic,PAINS,gin,2026,saliency,P20_frozen_cache,0.1,fixed_historical_q,72,72,0,1625,0,1644,0,0.0933470426179633,0.0933470426179633,0.0,0.7376837897989411,0.7376837897989411,0.0,0.4148577902265409,0.4148577902265409,0.0,0.3946438548160197,0.3946438548160197,0.0
bxaic__PAINS__gin__seed2026,bxaic,PAINS,gin,2026,saliency,P20_frozen_cache,0.1,fixed_current_machine_q,72,72,0,1625,0,1644,0,0.0933470426179633,0.0933470426179633,0.0,0.7376837897989411,0.7376837897989411,0.0,0.4148577902265409,0.4148577902265409,0.0,0.3946438548160197,0.3946438548160197,0.0
bxaic__PAINS__gin__seed2026,bxaic,PAINS,gin,2026,saliency,P20_frozen_cache,0.1,recalibrated,72,72,0,1625,0,1644,0,0.0933470426179633,0.0933470426179633,0.0,0.7376837897989411,0.7376837897989411,0.0,0.4148577902265409,0.4148577902265409,0.0,0.3946438548160197,0.3946438548160197,0.0
bxaic__PAINS__gin__seed2026,bxaic,PAINS,gin,2026,saliency,P20_frozen_cache,0.2,fixed_historical_q,56,56,0,1625,89,1644,85,0.1894209002412779,0.1912505801704641,0.0018296799291862,0.5790848800081908,0.5771992352393318,-0.0018856447688589,0.4637584902180363,0.464009598032625,0.0002511078145887,0.4132597730639095,0.4129263524752149,-0.0003334205886945
bxaic__PAINS__gin__seed2026,bxaic,PAINS,gin,2026,saliency,P20_frozen_cache,0.2,fixed_current_machine_q,56,56,0,1625,89,1644,85,0.1894209002412779,0.1912505801704641,0.0018296799291862,0.5790848800081908,0.5771992352393318,-0.0018856447688589,0.4637584902180363,0.464009598032625,0.0002511078145887,0.4132597730639095,0.4129263524752149,-0.0003334205886945
bxaic__PAINS__gin__seed2026,bxaic,PAINS,gin,2026,saliency,P20_frozen_cache,0.2,recalibrated,56,57,1,1625,388,1644,396,0.1894209002412779,0.1839791178515521,-0.0054417823897257,0.5790848800081908,0.5868670149599141,0.0077821349517233,0.4637584902180363,0.4611733136068593,-0.002585176611177,0.4132597730639095,0.4127191965535513,-0.0005405765103581
bxaic__PAINS__gin__seed42,bxaic,PAINS,gin,42,ig,P01_checkpoint_rerun,0.05,fixed_historical_q,93,93,0,1625,0,1644,0,0.047101115716797,0.047101115716797,0.0,0.9485539954456256,0.9485539954456256,0.0,0.3433997041686853,0.3433997041686853,0.0,0.3369828223705153,0.3369828223705153,0.0
bxaic__PAINS__gin__seed42,bxaic,PAINS,gin,42,ig,P01_checkpoint_rerun,0.05,fixed_current_machine_q,93,93,0,1625,0,1644,0,0.047101115716797,0.047101115716797,0.0,0.9485539954456256,0.9485539954456256,0.0,0.3433997041686853,0.3433997041686853,0.0,0.3369828223705153,0.3369828223705153,0.0
bxaic__PAINS__gin__seed42,bxaic,PAINS,gin,42,ig,P01_checkpoint_rerun,0.05,recalibrated,93,93,0,1625,0,1644,0,0.047101115716797,0.047101115716797,0.0,0.9485539954456256,0.9485539954456256,0.0,0.3433997041686853,0.3433997041686853,0.0,0.3369828223705153,0.3369828223705153,0.0
bxaic__PAINS__gin__seed42,bxaic,PAINS,gin,42,ig,P01_checkpoint_rerun,0.1,fixed_historical_q,84,84,0,1625,0,1644,0,0.1002176804098305,0.1002176804098305,0.0,0.8573713715364688,0.8573713715364688,0.0,0.356880512503475,0.356880512503475,0.0,0.3410907834325413,0.3410907834325413,0.0
bxaic__PAINS__gin__seed42,bxaic,PAINS,gin,42,ig,P01_checkpoint_rerun,0.1,fixed_current_machine_q,84,84,0,1625,0,1644,0,0.1002176804098305,0.1002176804098305,0.0,0.8573713715364688,0.8573713715364688,0.0,0.356880512503475,0.356880512503475,0.0,0.3410907834325413,0.3410907834325413,0.0
bxaic__PAINS__gin__seed42,bxaic,PAINS,gin,42,ig,P01_checkpoint_rerun,0.1,recalibrated,84,84,0,1625,0,1644,0,0.1002176804098305,0.1002176804098305,0.0,0.8573713715364688,0.8573713715364688,0.0,0.356880512503475,0.356880512503475,0.0,0.3410907834325413,0.3410907834325413,0.0
bxaic__PAINS__gin__seed42,bxaic,PAINS,gin,42,ig,P01_checkpoint_rerun,0.2,fixed_historical_q,61,61,0,1625,0,1644,0,0.1996400810578033,0.1996400810578033,0.0,0.6285667856652547,0.6285667856652547,0.0,0.4299777157061621,0.4299777157061621,0.0,0.3842764735724359,0.3842764735724359,0.0
bxaic__PAINS__gin__seed42,bxaic,PAINS,gin,42,ig,P01_checkpoint_rerun,0.2,fixed_current_machine_q,61,61,0,1625,0,1644,0,0.1996400810578033,0.1996400810578033,0.0,0.6285667856652547,0.6285667856652547,0.0,0.4299777157061621,0.4299777157061621,0.0,0.3842764735724359,0.3842764735724359,0.0
bxaic__PAINS__gin__seed42,bxaic,PAINS,gin,42,ig,P01_checkpoint_rerun,0.2,recalibrated,61,61,0,1625,0,1644,0,0.1996400810578033,0.1996400810578033,0.0,0.6285667856652547,0.6285667856652547,0.0,0.4299777157061621,0.4299777157061621,0.0,0.3842764735724359,0.3842764735724359,0.0
bxaic__PAINS__gin__seed42,bxaic,PAINS,gin,42,gradinput,P01_checkpoint_rerun,0.05,fixed_historical_q,96,96,0,1625,0,1644,0,0.0462072190806076,0.0462072190806076,0.0,0.9776360379657606,0.9776360379657606,0.0,0.3380992404450497,0.3380992404450497,0.0,0.334606485537963,0.334606485537963,0.0
bxaic__PAINS__gin__seed42,bxaic,PAINS,gin,42,gradinput,P01_checkpoint_rerun,0.05,fixed_current_machine_q,96,96,0,1625,0,1644,0,0.0462072190806076,0.0462072190806076,0.0,0.9776360379657606,0.9776360379657606,0.0,0.3380992404450497,0.3380992404450497,0.0,0.334606485537963,0.334606485537963,0.0
bxaic__PAINS__gin__seed42,bxaic,PAINS,gin,42,gradinput,P01_checkpoint_rerun,0.05,recalibrated,96,96,0,1625,0,1644,0,0.0462072190806076,0.0462072190806076,0.0,0.9776360379657606,0.9776360379657606,0.0,0.3380992404450497,0.3380992404450497,0.0,0.334606485537963,0.334606485537963,0.0
bxaic__PAINS__gin__seed42,bxaic,PAINS,gin,42,gradinput,P01_checkpoint_rerun,0.1,fixed_historical_q,93,93,0,1625,0,1644,0,0.0975900763942632,0.0975900763942632,0.0,0.9485539954456256,0.9485539954456256,0.0,0.3323817028493909,0.3323817028493909,0.0,0.3235254959569583,0.3235254959569583,0.0
bxaic__PAINS__gin__seed42,bxaic,PAINS,gin,42,gradinput,P01_checkpoint_rerun,0.1,fixed_current_machine_q,93,93,0,1625,0,1644,0,0.0975900763942632,0.0975900763942632,0.0,0.9485539954456256,0.9485539954456256,0.0,0.3323817028493909,0.3323817028493909,0.0,0.3235254959569583,0.3235254959569583,0.0
bxaic__PAINS__gin__seed42,bxaic,PAINS,gin,42,gradinput,P01_checkpoint_rerun,0.1,recalibrated,93,93,0,1625,0,1644,0,0.0975900763942632,0.0975900763942632,0.0,0.9485539954456256,0.9485539954456256,0.0,0.3323817028493909,0.3323817028493909,0.0,0.3235254959569583,0.3235254959569583,0.0
bxaic__PAINS__gin__seed42,bxaic,PAINS,gin,42,gradinput,P01_checkpoint_rerun,0.2,fixed_historical_q,87,87,0,1625,0,1644,0,0.1891333924625194,0.1891333924625194,0.0,0.8887243115179423,0.8887243115179423,0.0,0.32313024190982,0.32313024190982,0.0,0.3054892541426746,0.3054892541426746,0.0
bxaic__PAINS__gin__seed42,bxaic,PAINS,gin,42,gradinput,P01_checkpoint_rerun,0.2,fixed_current_machine_q,87,87,0,1625,0,1644,0,0.1891333924625194,0.1891333924625194,0.0,0.8887243115179423,0.8887243115179423,0.0,0.32313024190982,0.32313024190982,0.0,0.3054892541426746,0.3054892541426746,0.0
bxaic__PAINS__gin__seed42,bxaic,PAINS,gin,42,gradinput,P01_checkpoint_rerun,0.2,recalibrated,87,87,0,1625,0,1644,0,0.1891333924625194,0.1891333924625194,0.0,0.8887243115179423,0.8887243115179423,0.0,0.32313024190982,0.32313024190982,0.0,0.3054892541426746,0.3054892541426746,0.0
bxaic__PAINS__gin__seed42,bxaic,PAINS,gin,42,atom_occlusion,P20_frozen_cache,0.05,fixed_historical_q,76,76,0,1625,0,1644,0,0.0454035895593714,0.0454035895593714,0.0,0.7771510750062881,0.7771510750062881,0.0,0.4186840839726573,0.4186840839726573,0.0,0.4094350492914251,0.4094350492914251,0.0
bxaic__PAINS__gin__seed42,bxaic,PAINS,gin,42,atom_occlusion,P20_frozen_cache,0.05,fixed_current_machine_q,76,76,0,1625,0,1644,0,0.0454035895593714,0.0454035895593714,0.0,0.7771510750062881,0.7771510750062881,0.0,0.4186840839726573,0.4186840839726573,0.0,0.4094350492914251,0.4094350492914251,0.0
bxaic__PAINS__gin__seed42,bxaic,PAINS,gin,42,atom_occlusion,P20_frozen_cache,0.05,recalibrated,76,76,0,1625,0,1644,0,0.0454035895593714,0.0454035895593714,0.0,0.7771510750062881,0.7771510750062881,0.0,0.4186840839726573,0.4186840839726573,0.0,0.4094350492914251,0.4094350492914251,0.0
bxaic__PAINS__gin__seed42,bxaic,PAINS,gin,42,atom_occlusion,P20_frozen_cache,0.1,fixed_historical_q,56,56,0,1625,89,1644,85,0.0987371107451729,0.0997338391571009,0.000996728411928,0.5790848800081908,0.5771992352393318,-0.0018856447688589,0.522991889507502,0.5241172017735667,0.0011253122660647,0.4919348648631834,0.4926009469325661,0.0006660820693827
bxaic__PAINS__gin__seed42,bxaic,PAINS,gin,42,atom_occlusion,P20_frozen_cache,0.1,fixed_current_machine_q,56,56,0,1625,89,1644,85,0.0987371107451729,0.0997338391571009,0.000996728411928,0.5790848800081908,0.5771992352393318,-0.0018856447688589,0.522991889507502,0.5241172017735667,0.0011253122660647,0.4919348648631834,0.4926009469325661,0.0006660820693827
bxaic__PAINS__gin__seed42,bxaic,PAINS,gin,42,atom_occlusion,P20_frozen_cache,0.1,recalibrated,56,56,0,1625,89,1644,85,0.0987371107451729,0.0997338391571009,0.000996728411928,0.5790848800081908,0.5771992352393318,-0.0018856447688589,0.522991889507502,0.5241172017735667,0.0011253122660647,0.4919348648631834,0.4926009469325661,0.0006660820693827
bxaic__PAINS__gin__seed42,bxaic,PAINS,gin,42,atom_occlusion,P20_frozen_cache,0.2,fixed_historical_q,37,37,0,1625,0,1644,0,0.1990925568511033,0.1990925568511033,0.0,0.387491476592661,0.387491476592661,0.0,0.675393494394972,0.675393494394972,0.0,0.5754991321459805,0.5754991321459805,0.0
bxaic__PAINS__gin__seed42,bxaic,PAINS,gin,42,atom_occlusion,P20_frozen_cache,0.2,fixed_current_machine_q,37,37,0,1625,0,1644,0,0.1990925568511033,0.1990925568511033,0.0,0.387491476592661,0.387491476592661,0.0,0.675393494394972,0.675393494394972,0.0,0.5754991321459805,0.5754991321459805,0.0
bxaic__PAINS__gin__seed42,bxaic,PAINS,gin,42,atom_occlusion,P20_frozen_cache,0.2,recalibrated,37,37,0,1625,0,1644,0,0.1990925568511033,0.1990925568511033,0.0,0.387491476592661,0.387491476592661,0.0,0.675393494394972,0.675393494394972,0.0,0.5754991321459805,0.5754991321459805,0.0
bxaic__PAINS__gin__seed42,bxaic,PAINS,gin,42,saliency,P20_frozen_cache,0.05,fixed_historical_q,78,78,0,1625,0,1644,0,0.0457990935647515,0.0457990935647515,0.0,0.7978589195873704,0.7978589195873704,0.0,0.4056445030470522,0.4056445030470522,0.0,0.3956001715295217,0.3956001715295217,0.0
bxaic__PAINS__gin__seed42,bxaic,PAINS,gin,42,saliency,P20_frozen_cache,0.05,fixed_current_machine_q,78,78,0,1625,0,1644,0,0.0457990935647515,0.0457990935647515,0.0,0.7978589195873704,0.7978589195873704,0.0,0.4056445030470522,0.4056445030470522,0.0,0.3956001715295217,0.3956001715295217,0.0
bxaic__PAINS__gin__seed42,bxaic,PAINS,gin,42,saliency,P20_frozen_cache,0.05,recalibrated,78,78,0,1625,0,1644,0,0.0457990935647515,0.0457990935647515,0.0,0.7978589195873704,0.7978589195873704,0.0,0.4056445030470522,0.4056445030470522,0.0,0.3956001715295217,0.3956001715295217,0.0
bxaic__PAINS__gin__seed42,bxaic,PAINS,gin,42,saliency,P20_frozen_cache,0.1,fixed_historical_q,66,66,0,1625,0,1644,0,0.0981368425523997,0.0981368425523997,0.0,0.6786990675017398,0.6786990675017398,0.0,0.44739113155917,0.44739113155917,0.0,0.4232778393104793,0.4232778393104793,0.0
bxaic__PAINS__gin__seed42,bxaic,PAINS,gin,42,saliency,P20_frozen_cache,0.1,fixed_current_machine_q,66,66,0,1625,0,1644,0,0.0981368425523997,0.0981368425523997,0.0,0.6786990675017398,0.6786990675017398,0.0,0.44739113155917,0.44739113155917,0.0,0.4232778393104793,0.4232778393104793,0.0
bxaic__PAINS__gin__seed42,bxaic,PAINS,gin,42,saliency,P20_frozen_cache,0.1,recalibrated,66,66,0,1625,0,1644,0,0.0981368425523997,0.0981368425523997,0.0,0.6786990675017398,0.6786990675017398,0.0,0.44739113155917,0.44739113155917,0.0,0.4232778393104793,0.4232778393104793,0.0
bxaic__PAINS__gin__seed42,bxaic,PAINS,gin,42,saliency,P20_frozen_cache,0.2,fixed_historical_q,51,51,0,1625,0,1644,0,0.194334737370594,0.194334737370594,0.0,0.5281548142925443,0.5281548142925443,0.0,0.5050088215867906,0.5050088215867906,0.0,0.4461295860893167,0.4461295860893167,0.0
bxaic__PAINS__gin__seed42,bxaic,PAINS,gin,42,saliency,P20_frozen_cache,0.2,fixed_current_machine_q,51,51,0,1625,0,1644,0,0.194334737370594,0.194334737370594,0.0,0.5281548142925443,0.5281548142925443,0.0,0.5050088215867906,0.5050088215867906,0.0,0.4461295860893167,0.4461295860893167,0.0
bxaic__PAINS__gin__seed42,bxaic,PAINS,gin,42,saliency,P20_frozen_cache,0.2,recalibrated,51,51,0,1625,0,1644,0,0.194334737370594,0.194334737370594,0.0,0.5281548142925443,0.5281548142925443,0.0,0.5050088215867906,0.5050088215867906,0.0,0.4461295860893167,0.4461295860893167,0.0
bxaic__rings-count__gcn__seed123,bxaic,rings-count,gcn,123,ig,P01_checkpoint_rerun,0.05,fixed_historical_q,91,91,0,4935,0,4933,0,0.0494438178848421,0.0494438178848421,0.0,0.9282105650070044,0.9282105650070044,0.0,0.6556094682844483,0.6556094682844483,0.0,0.6333517503694922,0.6333517503694922,0.0
bxaic__rings-count__gcn__seed123,bxaic,rings-count,gcn,123,ig,P01_checkpoint_rerun,0.05,fixed_current_machine_q,91,91,0,4935,0,4933,0,0.0494438178848421,0.0494438178848421,0.0,0.9282105650070044,0.9282105650070044,0.0,0.6556094682844483,0.6556094682844483,0.0,0.6333517503694922,0.6333517503694922,0.0
bxaic__rings-count__gcn__seed123,bxaic,rings-count,gcn,123,ig,P01_checkpoint_rerun,0.05,recalibrated,91,91,0,4935,0,4933,0,0.0494438178848421,0.0494438178848421,0.0,0.9282105650070044,0.9282105650070044,0.0,0.6556094682844483,0.6556094682844483,0.0,0.6333517503694922,0.6333517503694922,0.0
bxaic__rings-count__gcn__seed123,bxaic,rings-count,gcn,123,ig,P01_checkpoint_rerun,0.1,fixed_historical_q,86,86,0,4935,0,4933,0,0.0971892382923106,0.0971892382923106,0.0,0.8772717462941669,0.8772717462941669,0.0,0.659383824189248,0.659383824189248,0.0,0.6160138859771385,0.6160138859771385,0.0
bxaic__rings-count__gcn__seed123,bxaic,rings-count,gcn,123,ig,P01_checkpoint_rerun,0.1,fixed_current_machine_q,86,86,0,4935,0,4933,0,0.0971892382923106,0.0971892382923106,0.0,0.8772717462941669,0.8772717462941669,0.0,0.659383824189248,0.659383824189248,0.0,0.6160138859771385,0.6160138859771385,0.0
bxaic__rings-count__gcn__seed123,bxaic,rings-count,gcn,123,ig,P01_checkpoint_rerun,0.1,recalibrated,86,86,0,4935,0,4933,0,0.0971892382923106,0.0971892382923106,0.0,0.8772717462941669,0.8772717462941669,0.0,0.659383824189248,0.659383824189248,0.0,0.6160138859771385,0.6160138859771385,0.0
bxaic__rings-count__gcn__seed123,bxaic,rings-count,gcn,123,ig,P01_checkpoint_rerun,0.2,fixed_historical_q,77,77,0,4935,0,4933,0,0.1954818976062153,0.1954818976062153,0.0,0.7880299654949704,0.7880299654949704,0.0,0.6568600708198784,0.6568600708198784,0.0,0.5695995397365955,0.5695995397365955,0.0
bxaic__rings-count__gcn__seed123,bxaic,rings-count,gcn,123,ig,P01_checkpoint_rerun,0.2,fixed_current_machine_q,77,77,0,4935,0,4933,0,0.1954818976062153,0.1954818976062153,0.0,0.7880299654949704,0.7880299654949704,0.0,0.6568600708198784,0.6568600708198784,0.0,0.5695995397365955,0.5695995397365955,0.0
bxaic__rings-count__gcn__seed123,bxaic,rings-count,gcn,123,ig,P01_checkpoint_rerun,0.2,recalibrated,77,77,0,4935,0,4933,0,0.1954818976062153,0.1954818976062153,0.0,0.7880299654949704,0.7880299654949704,0.0,0.6568600708198784,0.6568600708198784,0.0,0.5695995397365955,0.5695995397365955,0.0
bxaic__rings-count__gcn__seed123,bxaic,rings-count,gcn,123,gradinput,P01_checkpoint_rerun,0.05,fixed_historical_q,93,93,0,4935,0,4933,0,0.0453640600841951,0.0453640600841951,0.0,0.9473877485874408,0.9473877485874408,0.0,0.646193190276854,0.646193190276854,0.0,0.6271733743521775,0.6271733743521775,0.0
bxaic__rings-count__gcn__seed123,bxaic,rings-count,gcn,123,gradinput,P01_checkpoint_rerun,0.05,fixed_current_machine_q,93,93,0,4935,0,4933,0,0.0453640600841951,0.0453640600841951,0.0,0.9473877485874408,0.9473877485874408,0.0,0.646193190276854,0.646193190276854,0.0,0.6271733743521775,0.6271733743521775,0.0
bxaic__rings-count__gcn__seed123,bxaic,rings-count,gcn,123,gradinput,P01_checkpoint_rerun,0.05,recalibrated,93,93,0,4935,0,4933,0,0.0453640600841951,0.0453640600841951,0.0,0.9473877485874408,0.9473877485874408,0.0,0.646193190276854,0.646193190276854,0.0,0.6271733743521775,0.6271733743521775,0.0
bxaic__rings-count__gcn__seed123,bxaic,rings-count,gcn,123,gradinput,P01_checkpoint_rerun,0.1,fixed_historical_q,88,88,0,4935,0,4933,0,0.0927787642614927,0.0927787642614927,0.0,0.8966978540681062,0.8966978540681062,0.0,0.6495147680393901,0.6495147680393901,0.0,0.6101137345163933,0.6101137345163933,0.0
bxaic__rings-count__gcn__seed123,bxaic,rings-count,gcn,123,gradinput,P01_checkpoint_rerun,0.1,fixed_current_machine_q,88,88,0,4935,0,4933,0,0.0927787642614927,0.0927787642614927,0.0,0.8966978540681062,0.8966978540681062,0.0,0.6495147680393901,0.6495147680393901,0.0,0.6101137345163933,0.6101137345163933,0.0
bxaic__rings-count__gcn__seed123,bxaic,rings-count,gcn,123,gradinput,P01_checkpoint_rerun,0.1,recalibrated,88,88,0,4935,0,4933,0,0.0927787642614927,0.0927787642614927,0.0,0.8966978540681062,0.8966978540681062,0.0,0.6495147680393901,0.6495147680393901,0.0,0.6101137345163933,0.6101137345163933,0.0
bxaic__rings-count__gcn__seed123,bxaic,rings-count,gcn,123,gradinput,P01_checkpoint_rerun,0.2,fixed_historical_q,78,78,0,4935,0,4933,0,0.1937092871626018,0.1937092871626018,0.0,0.797157910454846,0.797157910454846,0.0,0.6515443130496703,0.6515443130496703,0.0,0.5675046620514815,0.5675046620514815,0.0
bxaic__rings-count__gcn__seed123,bxaic,rings-count,gcn,123,gradinput,P01_checkpoint_rerun,0.2,fixed_current_machine_q,78,78,0,4935,0,4933,0,0.1937092871626018,0.1937092871626018,0.0,0.797157910454846,0.797157910454846,0.0,0.6515443130496703,0.6515443130496703,0.0,0.5675046620514815,0.5675046620514815,0.0
bxaic__rings-count__gcn__seed123,bxaic,rings-count,gcn,123,gradinput,P01_checkpoint_rerun,0.2,recalibrated,78,78,0,4935,0,4933,0,0.1937092871626018,0.1937092871626018,0.0,0.797157910454846,0.797157910454846,0.0,0.6515443130496703,0.6515443130496703,0.0,0.5675046620514815,0.5675046620514815,0.0
bxaic__rings-count__gcn__seed123,bxaic,rings-count,gcn,123,atom_occlusion,P20_frozen_cache,0.05,fixed_historical_q,93,93,0,4935,0,4933,0,0.0455223321653958,0.0455223321653958,0.0,0.9473877485874408,0.9473877485874408,0.0,0.6475785791012396,0.6475785791012396,0.0,0.6302922124653776,0.6302922124653776,0.0
bxaic__rings-count__gcn__seed123,bxaic,rings-count,gcn,123,atom_occlusion,P20_frozen_cache,0.05,fixed_current_machine_q,93,93,0,4935,0,4933,0,0.0455223321653958,0.0455223321653958,0.0,0.9473877485874408,0.9473877485874408,0.0,0.6475785791012396,0.6475785791012396,0.0,0.6302922124653776,0.6302922124653776,0.0
bxaic__rings-count__gcn__seed123,bxaic,rings-count,gcn,123,atom_occlusion,P20_frozen_cache,0.05,recalibrated,93,93,0,4935,0,4933,0,0.0455223321653958,0.0455223321653958,0.0,0.9473877485874408,0.9473877485874408,0.0,0.6475785791012396,0.6475785791012396,0.0,0.6302922124653776,0.6302922124653776,0.0
bxaic__rings-count__gcn__seed123,bxaic,rings-count,gcn,123,atom_occlusion,P20_frozen_cache,0.1,fixed_historical_q,88,88,0,4935,0,4933,0,0.0951042143925409,0.0951042143925409,0.0,0.8966978540681062,0.8966978540681062,0.0,0.6502051168234663,0.6502051168234663,0.0,0.6128367639091339,0.6128367639091339,0.0
bxaic__rings-count__gcn__seed123,bxaic,rings-count,gcn,123,atom_occlusion,P20_frozen_cache,0.1,fixed_current_machine_q,88,88,0,4935,0,4933,0,0.0951042143925409,0.0951042143925409,0.0,0.8966978540681062,0.8966978540681062,0.0,0.6502051168234663,0.6502051168234663,0.0,0.6128367639091339,0.6128367639091339,0.0
bxaic__rings-count__gcn__seed123,bxaic,rings-count,gcn,123,atom_occlusion,P20_frozen_cache,0.1,recalibrated,88,88,0,4935,0,4933,0,0.0951042143925409,0.0951042143925409,0.0,0.8966978540681062,0.8966978540681062,0.0,0.6502051168234663,0.6502051168234663,0.0,0.6128367639091339,0.6128367639091339,0.0
bxaic__rings-count__gcn__seed123,bxaic,rings-count,gcn,123,atom_occlusion,P20_frozen_cache,0.2,fixed_historical_q,79,79,0,4935,0,4933,0,0.1942832276224763,0.1942832276224763,0.0,0.8073361241949207,0.8073361241949207,0.0,0.6469157601796062,0.6469157601796062,0.0,0.5689187069974881,0.5689187069974881,0.0
bxaic__rings-count__gcn__seed123,bxaic,rings-count,gcn,123,atom_occlusion,P20_frozen_cache,0.2,fixed_current_machine_q,79,79,0,4935,0,4933,0,0.1942832276224763,0.1942832276224763,0.0,0.8073361241949207,0.8073361241949207,0.0,0.6469157601796062,0.6469157601796062,0.0,0.5689187069974881,0.5689187069974881,0.0
bxaic__rings-count__gcn__seed123,bxaic,rings-count,gcn,123,atom_occlusion,P20_frozen_cache,0.2,recalibrated,79,79,0,4935,0,4933,0,0.1942832276224763,0.1942832276224763,0.0,0.8073361241949207,0.8073361241949207,0.0,0.6469157601796062,0.6469157601796062,0.0,0.5689187069974881,0.5689187069974881,0.0
bxaic__rings-count__gcn__seed123,bxaic,rings-count,gcn,123,saliency,P20_frozen_cache,0.05,fixed_historical_q,93,93,0,4935,0,4933,0,0.0433740522740311,0.0433740522740311,0.0,0.9473877485874408,0.9473877485874408,0.0,0.6476347461404329,0.6476347461404329,0.0,0.6293904294708368,0.6293904294708368,0.0
bxaic__rings-count__gcn__seed123,bxaic,rings-count,gcn,123,saliency,P20_frozen_cache,0.05,fixed_current_machine_q,93,93,0,4935,0,4933,0,0.0433740522740311,0.0433740522740311,0.0,0.9473877485874408,0.9473877485874408,0.0,0.6476347461404329,0.6476347461404329,0.0,0.6293904294708368,0.6293904294708368,0.0
bxaic__rings-count__gcn__seed123,bxaic,rings-count,gcn,123,saliency,P20_frozen_cache,0.05,recalibrated,93,93,0,4935,0,4933,0,0.0433740522740311,0.0433740522740311,0.0,0.9473877485874408,0.9473877485874408,0.0,0.6476347461404329,0.6476347461404329,0.0,0.6293904294708368,0.6293904294708368,0.0
bxaic__rings-count__gcn__seed123,bxaic,rings-count,gcn,123,saliency,P20_frozen_cache,0.1,fixed_historical_q,88,88,0,4935,0,4933,0,0.0927606254039044,0.0927606254039044,0.0,0.8966978540681062,0.8966978540681062,0.0,0.6488718550091633,0.6488718550091633,0.0,0.608305949602302,0.608305949602302,0.0
bxaic__rings-count__gcn__seed123,bxaic,rings-count,gcn,123,saliency,P20_frozen_cache,0.1,fixed_current_machine_q,88,88,0,4935,0,4933,0,0.0927606254039044,0.0927606254039044,0.0,0.8966978540681062,0.8966978540681062,0.0,0.6488718550091633,0.6488718550091633,0.0,0.608305949602302,0.608305949602302,0.0
bxaic__rings-count__gcn__seed123,bxaic,rings-count,gcn,123,saliency,P20_frozen_cache,0.1,recalibrated,88,88,0,4935,0,4933,0,0.0927606254039044,0.0927606254039044,0.0,0.8966978540681062,0.8966978540681062,0.0,0.6488718550091633,0.6488718550091633,0.0,0.608305949602302,0.608305949602302,0.0
bxaic__rings-count__gcn__seed123,bxaic,rings-count,gcn,123,saliency,P20_frozen_cache,0.2,fixed_historical_q,79,79,0,4935,0,4933,0,0.1893393823155084,0.1893393823155084,0.0,0.8073361241949207,0.8073361241949207,0.0,0.6449777483671237,0.6449777483671237,0.0,0.5612177748618646,0.5612177748618646,0.0
bxaic__rings-count__gcn__seed123,bxaic,rings-count,gcn,123,saliency,P20_frozen_cache,0.2,fixed_current_machine_q,79,79,0,4935,0,4933,0,0.1893393823155084,0.1893393823155084,0.0,0.8073361241949207,0.8073361241949207,0.0,0.6449777483671237,0.6449777483671237,0.0,0.5612177748618646,0.5612177748618646,0.0
bxaic__rings-count__gcn__seed123,bxaic,rings-count,gcn,123,saliency,P20_frozen_cache,0.2,recalibrated,79,79,0,4935,0,4933,0,0.1893393823155084,0.1893393823155084,0.0,0.8073361241949207,0.8073361241949207,0.0,0.6449777483671237,0.6449777483671237,0.0,0.5612177748618646,0.5612177748618646,0.0
bxaic__rings-count__gcn__seed2026,bxaic,rings-count,gcn,2026,ig,P01_checkpoint_rerun,0.05,fixed_historical_q,94,94,0,4935,0,4933,0,0.042522028763468,0.042522028763468,0.0,0.9571779041803794,0.9571779041803794,0.0,0.6410204811493563,0.6410204811493563,0.0,0.6227457570632285,0.6227457570632285,0.0
bxaic__rings-count__gcn__seed2026,bxaic,rings-count,gcn,2026,ig,P01_checkpoint_rerun,0.05,fixed_current_machine_q,94,94,0,4935,0,4933,0,0.042522028763468,0.042522028763468,0.0,0.9571779041803794,0.9571779041803794,0.0,0.6410204811493563,0.6410204811493563,0.0,0.6227457570632285,0.6227457570632285,0.0
bxaic__rings-count__gcn__seed2026,bxaic,rings-count,gcn,2026,ig,P01_checkpoint_rerun,0.05,recalibrated,94,94,0,4935,0,4933,0,0.042522028763468,0.042522028763468,0.0,0.9571779041803794,0.9571779041803794,0.0,0.6410204811493563,0.6410204811493563,0.0,0.6227457570632285,0.6227457570632285,0.0
bxaic__rings-count__gcn__seed2026,bxaic,rings-count,gcn,2026,ig,P01_checkpoint_rerun,0.1,fixed_historical_q,89,89,0,4935,0,4933,0,0.0922991502877452,0.0922991502877452,0.0,0.9084471118579232,0.9084471118579232,0.0,0.6408122303805566,0.6408122303805566,0.0,0.6014807301402693,0.6014807301402693,0.0
bxaic__rings-count__gcn__seed2026,bxaic,rings-count,gcn,2026,ig,P01_checkpoint_rerun,0.1,fixed_current_machine_q,89,89,0,4935,0,4933,0,0.0922991502877452,0.0922991502877452,0.0,0.9084471118579232,0.9084471118579232,0.0,0.6408122303805566,0.6408122303805566,0.0,0.6014807301402693,0.6014807301402693,0.0
bxaic__rings-count__gcn__seed2026,bxaic,rings-count,gcn,2026,ig,P01_checkpoint_rerun,0.1,recalibrated,89,89,0,4935,0,4933,0,0.0922991502877452,0.0922991502877452,0.0,0.9084471118579232,0.9084471118579232,0.0,0.6408122303805566,0.6408122303805566,0.0,0.6014807301402693,0.6014807301402693,0.0
bxaic__rings-count__gcn__seed2026,bxaic,rings-count,gcn,2026,ig,P01_checkpoint_rerun,0.2,fixed_historical_q,78,78,0,4935,0,4933,0,0.2013644546414463,0.2013644546414463,0.0,0.797157910454846,0.797157910454846,0.0,0.6448780746368947,0.6448780746368947,0.0,0.557441425952019,0.557441425952019,0.0
bxaic__rings-count__gcn__seed2026,bxaic,rings-count,gcn,2026,ig,P01_checkpoint_rerun,0.2,fixed_current_machine_q,78,78,0,4935,0,4933,0,0.2013644546414463,0.2013644546414463,0.0,0.797157910454846,0.797157910454846,0.0,0.6448780746368947,0.6448780746368947,0.0,0.557441425952019,0.557441425952019,0.0
bxaic__rings-count__gcn__seed2026,bxaic,rings-count,gcn,2026,ig,P01_checkpoint_rerun,0.2,recalibrated,78,78,0,4935,0,4933,0,0.2013644546414463,0.2013644546414463,0.0,0.797157910454846,0.797157910454846,0.0,0.6448780746368947,0.6448780746368947,0.0,0.557441425952019,0.557441425952019,0.0
bxaic__rings-count__gcn__seed2026,bxaic,rings-count,gcn,2026,gradinput,P01_checkpoint_rerun,0.05,fixed_historical_q,94,94,0,4935,0,4933,0,0.0490915336191395,0.0490915336191395,0.0,0.9571779041803794,0.9571779041803794,0.0,0.6375594453911017,0.6375594453911017,0.0,0.6175351468006519,0.6175351468006519,0.0
bxaic__rings-count__gcn__seed2026,bxaic,rings-count,gcn,2026,gradinput,P01_checkpoint_rerun,0.05,fixed_current_machine_q,94,94,0,4935,0,4933,0,0.0490915336191395,0.0490915336191395,0.0,0.9571779041803794,0.9571779041803794,0.0,0.6375594453911017,0.6375594453911017,0.0,0.6175351468006519,0.6175351468006519,0.0
bxaic__rings-count__gcn__seed2026,bxaic,rings-count,gcn,2026,gradinput,P01_checkpoint_rerun,0.05,recalibrated,94,94,0,4935,0,4933,0,0.0490915336191395,0.0490915336191395,0.0,0.9571779041803794,0.9571779041803794,0.0,0.6375594453911017,0.6375594453911017,0.0,0.6175351468006519,0.6175351468006519,0.0
bxaic__rings-count__gcn__seed2026,bxaic,rings-count,gcn,2026,gradinput,P01_checkpoint_rerun,0.1,fixed_historical_q,91,91,0,4935,0,4933,0,0.0852553687528367,0.0852553687528367,0.0,0.9282105650070044,0.9282105650070044,0.0,0.6334661564024202,0.6334661564024202,0.0,0.5991420637084619,0.5991420637084619,0.0
bxaic__rings-count__gcn__seed2026,bxaic,rings-count,gcn,2026,gradinput,P01_checkpoint_rerun,0.1,fixed_current_machine_q,91,91,0,4935,0,4933,0,0.0852553687528367,0.0852553687528367,0.0,0.9282105650070044,0.9282105650070044,0.0,0.6334661564024202,0.6334661564024202,0.0,0.5991420637084619,0.5991420637084619,0.0
bxaic__rings-count__gcn__seed2026,bxaic,rings-count,gcn,2026,gradinput,P01_checkpoint_rerun,0.1,recalibrated,91,91,0,4935,0,4933,0,0.0852553687528367,0.0852553687528367,0.0,0.9282105650070044,0.9282105650070044,0.0,0.6334661564024202,0.6334661564024202,0.0,0.5991420637084619,0.5991420637084619,0.0
bxaic__rings-count__gcn__seed2026,bxaic,rings-count,gcn,2026,gradinput,P01_checkpoint_rerun,0.2,fixed_historical_q,82,82,0,4935,2,4933,2,0.1927760969343686,0.1927760969343686,0.0,0.8372809697384563,0.837278942574459,-2.027163997331272e-06,0.6246715855058665,0.6246728501009157,1.2645950491219082e-06,0.5494033555128842,0.5494044097816171,1.0542687328696232e-06
bxaic__rings-count__gcn__seed2026,bxaic,rings-count,gcn,2026,gradinput,P01_checkpoint_rerun,0.2,fixed_current_machine_q,82,82,0,4935,2,4933,2,0.1927760969343686,0.1927760969343686,0.0,0.8372809697384563,0.837278942574459,-2.027163997331272e-06,0.6246715855058665,0.6246728501009157,1.2645950491219082e-06,0.5494033555128842,0.5494044097816171,1.0542687328696232e-06
bxaic__rings-count__gcn__seed2026,bxaic,rings-count,gcn,2026,gradinput,P01_checkpoint_rerun,0.2,recalibrated,82,82,0,4935,2,4933,2,0.1927760969343686,0.1927760969343686,0.0,0.8372809697384563,0.837278942574459,-2.027163997331272e-06,0.6246715855058665,0.6246728501009157,1.2645950491219082e-06,0.5494033555128842,0.5494044097816171,1.0542687328696232e-06
bxaic__rings-count__gcn__seed2026,bxaic,rings-count,gcn,2026,atom_occlusion,P20_frozen_cache,0.05,fixed_historical_q,94,94,0,4935,0,4933,0,0.0432589022328359,0.0432589022328359,0.0,0.9571779041803794,0.9571779041803794,0.0,0.6432255235945321,0.6432255235945321,0.0,0.627573520283498,0.627573520283498,0.0
bxaic__rings-count__gcn__seed2026,bxaic,rings-count,gcn,2026,atom_occlusion,P20_frozen_cache,0.05,fixed_current_machine_q,94,94,0,4935,0,4933,0,0.0432589022328359,0.0432589022328359,0.0,0.9571779041803794,0.9571779041803794,0.0,0.6432255235945321,0.6432255235945321,0.0,0.627573520283498,0.627573520283498,0.0
bxaic__rings-count__gcn__seed2026,bxaic,rings-count,gcn,2026,atom_occlusion,P20_frozen_cache,0.05,recalibrated,94,94,0,4935,0,4933,0,0.0432589022328359,0.0432589022328359,0.0,0.9571779041803794,0.9571779041803794,0.0,0.6432255235945321,0.6432255235945321,0.0,0.627573520283498,0.627573520283498,0.0
bxaic__rings-count__gcn__seed2026,bxaic,rings-count,gcn,2026,atom_occlusion,P20_frozen_cache,0.1,fixed_historical_q,89,89,0,4935,0,4933,0,0.0947877812436581,0.0947877812436581,0.0,0.9084471118579232,0.9084471118579232,0.0,0.6438872881945176,0.6438872881945176,0.0,0.6089854470829025,0.6089854470829025,0.0
bxaic__rings-count__gcn__seed2026,bxaic,rings-count,gcn,2026,atom_occlusion,P20_frozen_cache,0.1,fixed_current_machine_q,89,89,0,4935,0,4933,0,0.0947877812436581,0.0947877812436581,0.0,0.9084471118579232,0.9084471118579232,0.0,0.6438872881945176,0.6438872881945176,0.0,0.6089854470829025,0.6089854470829025,0.0
bxaic__rings-count__gcn__seed2026,bxaic,rings-count,gcn,2026,atom_occlusion,P20_frozen_cache,0.1,recalibrated,89,89,0,4935,0,4933,0,0.0947877812436581,0.0947877812436581,0.0,0.9084471118579232,0.9084471118579232,0.0,0.6438872881945176,0.6438872881945176,0.0,0.6089854470829025,0.6089854470829025,0.0
bxaic__rings-count__gcn__seed2026,bxaic,rings-count,gcn,2026,atom_occlusion,P20_frozen_cache,0.2,fixed_historical_q,81,81,0,4935,1,4933,1,0.1868466206606779,0.1868466206606779,0.0,0.8282350484191191,0.8282343726977865,-6.757213325547795e-07,0.6385034150977482,0.6385039621297924,5.47032044218021e-07,0.568073229373765,0.5680737340985473,5.047247823020129e-07
bxaic__rings-count__gcn__seed2026,bxaic,rings-count,gcn,2026,atom_occlusion,P20_frozen_cache,0.2,fixed_current_machine_q,81,81,0,4935,1,4933,1,0.1868466206606779,0.1868466206606779,0.0,0.8282350484191191,0.8282343726977865,-6.757213325547795e-07,0.6385034150977482,0.6385039621297924,5.47032044218021e-07,0.568073229373765,0.5680737340985473,5.047247823020129e-07
bxaic__rings-count__gcn__seed2026,bxaic,rings-count,gcn,2026,atom_occlusion,P20_frozen_cache,0.2,recalibrated,81,81,0,4935,1,4933,1,0.1868466206606779,0.1868466206606779,0.0,0.8282350484191191,0.8282343726977865,-6.757213325547795e-07,0.6385034150977482,0.6385039621297924,5.47032044218021e-07,0.568073229373765,0.5680737340985473,5.047247823020129e-07
bxaic__rings-count__gcn__seed2026,bxaic,rings-count,gcn,2026,saliency,P20_frozen_cache,0.05,fixed_historical_q,85,85,0,4935,0,4933,0,0.0480161072801292,0.0480161072801292,0.0,0.8662810335360724,0.8662810335360724,0.0,0.701677812442008,0.701677812442008,0.0,0.6753718770177067,0.6753718770177067,0.0
bxaic__rings-count__gcn__seed2026,bxaic,rings-count,gcn,2026,saliency,P20_frozen_cache,0.05,fixed_current_machine_q,85,85,0,4935,0,4933,0,0.0480161072801292,0.0480161072801292,0.0,0.8662810335360724,0.8662810335360724,0.0,0.701677812442008,0.701677812442008,0.0,0.6753718770177067,0.6753718770177067,0.0
bxaic__rings-count__gcn__seed2026,bxaic,rings-count,gcn,2026,saliency,P20_frozen_cache,0.05,recalibrated,85,85,0,4935,0,4933,0,0.0480161072801292,0.0480161072801292,0.0,0.8662810335360724,0.8662810335360724,0.0,0.701677812442008,0.701677812442008,0.0,0.6753718770177067,0.6753718770177067,0.0
bxaic__rings-count__gcn__seed2026,bxaic,rings-count,gcn,2026,saliency,P20_frozen_cache,0.1,fixed_historical_q,78,78,0,4935,0,4933,0,0.0939137297001626,0.0939137297001626,0.0,0.797157910454846,0.797157910454846,0.0,0.7238202563559274,0.7238202563559274,0.0,0.6698657680572685,0.6698657680572685,0.0
bxaic__rings-count__gcn__seed2026,bxaic,rings-count,gcn,2026,saliency,P20_frozen_cache,0.1,fixed_current_machine_q,78,78,0,4935,0,4933,0,0.0939137297001626,0.0939137297001626,0.0,0.797157910454846,0.797157910454846,0.0,0.7238202563559274,0.7238202563559274,0.0,0.6698657680572685,0.6698657680572685,0.0
bxaic__rings-count__gcn__seed2026,bxaic,rings-count,gcn,2026,saliency,P20_frozen_cache,0.1,recalibrated,78,78,0,4935,0,4933,0,0.0939137297001626,0.0939137297001626,0.0,0.797157910454846,0.797157910454846,0.0,0.7238202563559274,0.7238202563559274,0.0,0.6698657680572685,0.6698657680572685,0.0
bxaic__rings-count__gcn__seed2026,bxaic,rings-count,gcn,2026,saliency,P20_frozen_cache,0.2,fixed_historical_q,66,66,0,4935,0,4933,0,0.1968705240942225,0.1968705240942225,0.0,0.6779201401145637,0.6779201401145637,0.0,0.7511696552387148,0.7511696552387148,0.0,0.6303392917537155,0.6303392917537155,0.0
bxaic__rings-count__gcn__seed2026,bxaic,rings-count,gcn,2026,saliency,P20_frozen_cache,0.2,fixed_current_machine_q,66,66,0,4935,0,4933,0,0.1968705240942225,0.1968705240942225,0.0,0.6779201401145637,0.6779201401145637,0.0,0.7511696552387148,0.7511696552387148,0.0,0.6303392917537155,0.6303392917537155,0.0
bxaic__rings-count__gcn__seed2026,bxaic,rings-count,gcn,2026,saliency,P20_frozen_cache,0.2,recalibrated,66,66,0,4935,0,4933,0,0.1968705240942225,0.1968705240942225,0.0,0.6779201401145637,0.6779201401145637,0.0,0.7511696552387148,0.7511696552387148,0.0,0.6303392917537155,0.6303392917537155,0.0
bxaic__rings-count__gcn__seed42,bxaic,rings-count,gcn,42,ig,P01_checkpoint_rerun,0.05,fixed_historical_q,94,94,0,4935,0,4933,0,0.0453134509248119,0.0453134509248119,0.0,0.9571779041803794,0.9571779041803794,0.0,0.6393385745677963,0.6393385745677963,0.0,0.6201231589313383,0.6201231589313383,0.0
bxaic__rings-count__gcn__seed42,bxaic,rings-count,gcn,42,ig,P01_checkpoint_rerun,0.05,fixed_current_machine_q,94,94,0,4935,0,4933,0,0.0453134509248119,0.0453134509248119,0.0,0.9571779041803794,0.9571779041803794,0.0,0.6393385745677963,0.6393385745677963,0.0,0.6201231589313383,0.6201231589313383,0.0
bxaic__rings-count__gcn__seed42,bxaic,rings-count,gcn,42,ig,P01_checkpoint_rerun,0.05,recalibrated,94,94,0,4935,0,4933,0,0.0453134509248119,0.0453134509248119,0.0,0.9571779041803794,0.9571779041803794,0.0,0.6393385745677963,0.6393385745677963,0.0,0.6201231589313383,0.6201231589313383,0.0
bxaic__rings-count__gcn__seed42,bxaic,rings-count,gcn,42,ig,P01_checkpoint_rerun,0.1,fixed_historical_q,89,89,0,4935,0,4933,0,0.0996821179266273,0.0996821179266273,0.0,0.9084471118579232,0.9084471118579232,0.0,0.6361404579511618,0.6361404579511618,0.0,0.5943229360448414,0.5943229360448414,0.0
bxaic__rings-count__gcn__seed42,bxaic,rings-count,gcn,42,ig,P01_checkpoint_rerun,0.1,fixed_current_machine_q,89,89,0,4935,0,4933,0,0.0996821179266273,0.0996821179266273,0.0,0.9084471118579232,0.9084471118579232,0.0,0.6361404579511618,0.6361404579511618,0.0,0.5943229360448414,0.5943229360448414,0.0
bxaic__rings-count__gcn__seed42,bxaic,rings-count,gcn,42,ig,P01_checkpoint_rerun,0.1,recalibrated,89,89,0,4935,0,4933,0,0.0996821179266273,0.0996821179266273,0.0,0.9084471118579232,0.9084471118579232,0.0,0.6361404579511618,0.6361404579511618,0.0,0.5943229360448414,0.5943229360448414,0.0
bxaic__rings-count__gcn__seed42,bxaic,rings-count,gcn,42,ig,P01_checkpoint_rerun,0.2,fixed_historical_q,79,79,0,4935,0,4933,0,0.2006906516601622,0.2006906516601622,0.0,0.8073361241949207,0.8073361241949207,0.0,0.6386090292025912,0.6386090292025912,0.0,0.5537839709520562,0.5537839709520562,0.0
bxaic__rings-count__gcn__seed42,bxaic,rings-count,gcn,42,ig,P01_checkpoint_rerun,0.2,fixed_current_machine_q,79,79,0,4935,0,4933,0,0.2006906516601622,0.2006906516601622,0.0,0.8073361241949207,0.8073361241949207,0.0,0.6386090292025912,0.6386090292025912,0.0,0.5537839709520562,0.5537839709520562,0.0
bxaic__rings-count__gcn__seed42,bxaic,rings-count,gcn,42,ig,P01_checkpoint_rerun,0.2,recalibrated,79,79,0,4935,0,4933,0,0.2006906516601622,0.2006906516601622,0.0,0.8073361241949207,0.8073361241949207,0.0,0.6386090292025912,0.6386090292025912,0.0,0.5537839709520562,0.5537839709520562,0.0
bxaic__rings-count__gcn__seed42,bxaic,rings-count,gcn,42,gradinput,P01_checkpoint_rerun,0.05,fixed_historical_q,94,94,0,4935,0,4933,0,0.0415982976479651,0.0415982976479651,0.0,0.9571779041803794,0.9571779041803794,0.0,0.6417356698918629,0.6417356698918629,0.0,0.6239048703621721,0.6239048703621721,0.0
bxaic__rings-count__gcn__seed42,bxaic,rings-count,gcn,42,gradinput,P01_checkpoint_rerun,0.05,fixed_current_machine_q,94,94,0,4935,0,4933,0,0.0415982976479651,0.0415982976479651,0.0,0.9571779041803794,0.9571779041803794,0.0,0.6417356698918629,0.6417356698918629,0.0,0.6239048703621721,0.6239048703621721,0.0
bxaic__rings-count__gcn__seed42,bxaic,rings-count,gcn,42,gradinput,P01_checkpoint_rerun,0.05,recalibrated,94,94,0,4935,0,4933,0,0.0415982976479651,0.0415982976479651,0.0,0.9571779041803794,0.9571779041803794,0.0,0.6417356698918629,0.6417356698918629,0.0,0.6239048703621721,0.6239048703621721,0.0
bxaic__rings-count__gcn__seed42,bxaic,rings-count,gcn,42,gradinput,P01_checkpoint_rerun,0.1,fixed_historical_q,89,89,0,4935,0,4933,0,0.0928589086419116,0.0928589086419116,0.0,0.9084471118579232,0.9084471118579232,0.0,0.6407336304204488,0.6407336304204488,0.0,0.6013627524947728,0.6013627524947728,0.0
bxaic__rings-count__gcn__seed42,bxaic,rings-count,gcn,42,gradinput,P01_checkpoint_rerun,0.1,fixed_current_machine_q,89,89,0,4935,0,4933,0,0.0928589086419116,0.0928589086419116,0.0,0.9084471118579232,0.9084471118579232,0.0,0.6407336304204488,0.6407336304204488,0.0,0.6013627524947728,0.6013627524947728,0.0
bxaic__rings-count__gcn__seed42,bxaic,rings-count,gcn,42,gradinput,P01_checkpoint_rerun,0.1,recalibrated,89,89,0,4935,0,4933,0,0.0928589086419116,0.0928589086419116,0.0,0.9084471118579232,0.9084471118579232,0.0,0.6407336304204488,0.6407336304204488,0.0,0.6013627524947728,0.6013627524947728,0.0
bxaic__rings-count__gcn__seed42,bxaic,rings-count,gcn,42,gradinput,P01_checkpoint_rerun,0.2,fixed_historical_q,81,81,0,4935,1,4933,1,0.1830272975528049,0.1830284900022152,1.1924494103532355e-06,0.8282350484191191,0.8282343726977865,-6.757213325547795e-07,0.6353783880808075,0.635377947036222,-4.410445855196343e-07,0.5583404311428286,0.5583397531615586,-6.779812700141719e-07
bxaic__rings-count__gcn__seed42,bxaic,rings-count,gcn,42,gradinput,P01_checkpoint_rerun,0.2,fixed_current_machine_q,81,81,0,4935,1,4933,1,0.1830272975528049,0.1830284900022152,1.1924494103532355e-06,0.8282350484191191,0.8282343726977865,-6.757213325547795e-07,0.6353783880808075,0.635377947036222,-4.410445855196343e-07,0.5583404311428286,0.5583397531615586,-6.779812700141719e-07
bxaic__rings-count__gcn__seed42,bxaic,rings-count,gcn,42,gradinput,P01_checkpoint_rerun,0.2,recalibrated,81,81,0,4935,1,4933,1,0.1830272975528049,0.1830284900022152,1.1924494103532355e-06,0.8282350484191191,0.8282343726977865,-6.757213325547795e-07,0.6353783880808075,0.635377947036222,-4.410445855196343e-07,0.5583404311428286,0.5583397531615586,-6.779812700141719e-07
bxaic__rings-count__gcn__seed42,bxaic,rings-count,gcn,42,atom_occlusion,P20_frozen_cache,0.05,fixed_historical_q,94,94,0,4935,0,4933,0,0.0423080072622056,0.0423080072622056,0.0,0.9571779041803794,0.9571779041803794,0.0,0.64349519558217,0.64349519558217,0.0,0.6279436634078734,0.6279436634078734,0.0
bxaic__rings-count__gcn__seed42,bxaic,rings-count,gcn,42,atom_occlusion,P20_frozen_cache,0.05,fixed_current_machine_q,94,94,0,4935,0,4933,0,0.0423080072622056,0.0423080072622056,0.0,0.9571779041803794,0.9571779041803794,0.0,0.64349519558217,0.64349519558217,0.0,0.6279436634078734,0.6279436634078734,0.0
bxaic__rings-count__gcn__seed42,bxaic,rings-count,gcn,42,atom_occlusion,P20_frozen_cache,0.05,recalibrated,94,94,0,4935,0,4933,0,0.0423080072622056,0.0423080072622056,0.0,0.9571779041803794,0.9571779041803794,0.0,0.64349519558217,0.64349519558217,0.0,0.6279436634078734,0.6279436634078734,0.0
bxaic__rings-count__gcn__seed42,bxaic,rings-count,gcn,42,atom_occlusion,P20_frozen_cache,0.1,fixed_historical_q,89,89,0,4935,0,4933,0,0.0926488587903388,0.0926488587903388,0.0,0.9084471118579232,0.9084471118579232,0.0,0.6448959524964702,0.6448959524964702,0.0,0.6104671714681509,0.6104671714681509,0.0
bxaic__rings-count__gcn__seed42,bxaic,rings-count,gcn,42,atom_occlusion,P20_frozen_cache,0.1,fixed_current_machine_q,89,89,0,4935,0,4933,0,0.0926488587903388,0.0926488587903388,0.0,0.9084471118579232,0.9084471118579232,0.0,0.6448959524964702,0.6448959524964702,0.0,0.6104671714681509,0.6104671714681509,0.0
bxaic__rings-count__gcn__seed42,bxaic,rings-count,gcn,42,atom_occlusion,P20_frozen_cache,0.1,recalibrated,89,89,0,4935,0,4933,0,0.0926488587903388,0.0926488587903388,0.0,0.9084471118579232,0.9084471118579232,0.0,0.6448959524964702,0.6448959524964702,0.0,0.6104671714681509,0.6104671714681509,0.0
bxaic__rings-count__gcn__seed42,bxaic,rings-count,gcn,42,atom_occlusion,P20_frozen_cache,0.2,fixed_historical_q,80,80,0,4935,0,4933,0,0.1973017408124841,0.1973017408124841,0.0,0.8137950848970038,0.8137950848970038,0.0,0.6403940192654496,0.6403940192654496,0.0,0.5638082079518689,0.5638082079518689,0.0
bxaic__rings-count__gcn__seed42,bxaic,rings-count,gcn,42,atom_occlusion,P20_frozen_cache,0.2,fixed_current_machine_q,80,80,0,4935,0,4933,0,0.1973017408124841,0.1973017408124841,0.0,0.8137950848970038,0.8137950848970038,0.0,0.6403940192654496,0.6403940192654496,0.0,0.5638082079518689,0.5638082079518689,0.0
bxaic__rings-count__gcn__seed42,bxaic,rings-count,gcn,42,atom_occlusion,P20_frozen_cache,0.2,recalibrated,80,80,0,4935,0,4933,0,0.1973017408124841,0.1973017408124841,0.0,0.8137950848970038,0.8137950848970038,0.0,0.6403940192654496,0.6403940192654496,0.0,0.5638082079518689,0.5638082079518689,0.0
bxaic__rings-count__gcn__seed42,bxaic,rings-count,gcn,42,saliency,P20_frozen_cache,0.05,fixed_historical_q,93,93,0,4935,0,4933,0,0.0491773535737137,0.0491773535737137,0.0,0.9473877485874408,0.9473877485874408,0.0,0.6455321990349487,0.6455321990349487,0.0,0.6267042403194982,0.6267042403194982,0.0
bxaic__rings-count__gcn__seed42,bxaic,rings-count,gcn,42,saliency,P20_frozen_cache,0.05,fixed_current_machine_q,93,93,0,4935,0,4933,0,0.0491773535737137,0.0491773535737137,0.0,0.9473877485874408,0.9473877485874408,0.0,0.6455321990349487,0.6455321990349487,0.0,0.6267042403194982,0.6267042403194982,0.0
bxaic__rings-count__gcn__seed42,bxaic,rings-count,gcn,42,saliency,P20_frozen_cache,0.05,recalibrated,93,93,0,4935,0,4933,0,0.0491773535737137,0.0491773535737137,0.0,0.9473877485874408,0.9473877485874408,0.0,0.6455321990349487,0.6455321990349487,0.0,0.6267042403194982,0.6267042403194982,0.0
bxaic__rings-count__gcn__seed42,bxaic,rings-count,gcn,42,saliency,P20_frozen_cache,0.1,fixed_historical_q,89,89,0,4935,0,4933,0,0.0936042298940672,0.0936042298940672,0.0,0.9084471118579232,0.9084471118579232,0.0,0.6430951001210005,0.6430951001210005,0.0,0.6061258378359262,0.6061258378359262,0.0
bxaic__rings-count__gcn__seed42,bxaic,rings-count,gcn,42,saliency,P20_frozen_cache,0.1,fixed_current_machine_q,89,89,0,4935,0,4933,0,0.0936042298940672,0.0936042298940672,0.0,0.9084471118579232,0.9084471118579232,0.0,0.6430951001210005,0.6430951001210005,0.0,0.6061258378359262,0.6061258378359262,0.0
bxaic__rings-count__gcn__seed42,bxaic,rings-count,gcn,42,saliency,P20_frozen_cache,0.1,recalibrated,89,89,0,4935,0,4933,0,0.0936042298940672,0.0936042298940672,0.0,0.9084471118579232,0.9084471118579232,0.0,0.6430951001210005,0.6430951001210005,0.0,0.6061258378359262,0.6061258378359262,0.0
bxaic__rings-count__gcn__seed42,bxaic,rings-count,gcn,42,saliency,P20_frozen_cache,0.2,fixed_historical_q,81,81,0,4935,1,4933,1,0.1919199840944447,0.191921176543855,1.19244941032548e-06,0.8282350484191191,0.8282343726977865,-6.757213325547795e-07,0.6316280134122895,0.6316277569910188,-2.5642127066127784e-07,0.5543087158244971,0.5543078884106205,-8.274138766362071e-07
bxaic__rings-count__gcn__seed42,bxaic,rings-count,gcn,42,saliency,P20_frozen_cache,0.2,fixed_current_machine_q,81,81,0,4935,1,4933,1,0.1919199840944447,0.191921176543855,1.19244941032548e-06,0.8282350484191191,0.8282343726977865,-6.757213325547795e-07,0.6316280134122895,0.6316277569910188,-2.5642127066127784e-07,0.5543087158244971,0.5543078884106205,-8.274138766362071e-07
bxaic__rings-count__gcn__seed42,bxaic,rings-count,gcn,42,saliency,P20_frozen_cache,0.2,recalibrated,81,81,0,4935,1,4933,1,0.1919199840944447,0.191921176543855,1.19244941032548e-06,0.8282350484191191,0.8282343726977865,-6.757213325547795e-07,0.6316280134122895,0.6316277569910188,-2.5642127066127784e-07,0.5543087158244971,0.5543078884106205,-8.274138766362071e-07
bxaic__rings-count__gin__seed123,bxaic,rings-count,gin,123,ig,P01_checkpoint_rerun,0.05,fixed_historical_q,94,94,0,4935,0,4933,0,0.0422388069185989,0.0422388069185989,0.0,0.9571779041803794,0.9571779041803794,0.0,0.6439080919785252,0.6439080919785252,0.0,0.6288593129671889,0.6288593129671889,0.0
bxaic__rings-count__gin__seed123,bxaic,rings-count,gin,123,ig,P01_checkpoint_rerun,0.05,fixed_current_machine_q,94,94,0,4935,0,4933,0,0.0422388069185989,0.0422388069185989,0.0,0.9571779041803794,0.9571779041803794,0.0,0.6439080919785252,0.6439080919785252,0.0,0.6288593129671889,0.6288593129671889,0.0
bxaic__rings-count__gin__seed123,bxaic,rings-count,gin,123,ig,P01_checkpoint_rerun,0.05,recalibrated,94,94,0,4935,0,4933,0,0.0422388069185989,0.0422388069185989,0.0,0.9571779041803794,0.9571779041803794,0.0,0.6439080919785252,0.6439080919785252,0.0,0.6288593129671889,0.6288593129671889,0.0
bxaic__rings-count__gin__seed123,bxaic,rings-count,gin,123,ig,P01_checkpoint_rerun,0.1,fixed_historical_q,89,89,0,4935,0,4933,0,0.0918283153527793,0.0918283153527793,0.0,0.9084471118579232,0.9084471118579232,0.0,0.6457072121745955,0.6457072121745955,0.0,0.6123853625155242,0.6123853625155242,0.0
bxaic__rings-count__gin__seed123,bxaic,rings-count,gin,123,ig,P01_checkpoint_rerun,0.1,fixed_current_machine_q,89,89,0,4935,0,4933,0,0.0918283153527793,0.0918283153527793,0.0,0.9084471118579232,0.9084471118579232,0.0,0.6457072121745955,0.6457072121745955,0.0,0.6123853625155242,0.6123853625155242,0.0
bxaic__rings-count__gin__seed123,bxaic,rings-count,gin,123,ig,P01_checkpoint_rerun,0.1,recalibrated,89,89,0,4935,0,4933,0,0.0918283153527793,0.0918283153527793,0.0,0.9084471118579232,0.9084471118579232,0.0,0.6457072121745955,0.6457072121745955,0.0,0.6123853625155242,0.6123853625155242,0.0
bxaic__rings-count__gin__seed123,bxaic,rings-count,gin,123,ig,P01_checkpoint_rerun,0.2,fixed_historical_q,80,80,0,4935,0,4933,0,0.1962730994101515,0.1962730994101515,0.0,0.8137950848970038,0.8137950848970038,0.0,0.6410391764358971,0.6410391764358971,0.0,0.5655468868045408,0.5655468868045408,0.0
bxaic__rings-count__gin__seed123,bxaic,rings-count,gin,123,ig,P01_checkpoint_rerun,0.2,fixed_current_machine_q,80,80,0,4935,0,4933,0,0.1962730994101515,0.1962730994101515,0.0,0.8137950848970038,0.8137950848970038,0.0,0.6410391764358971,0.6410391764358971,0.0,0.5655468868045408,0.5655468868045408,0.0
bxaic__rings-count__gin__seed123,bxaic,rings-count,gin,123,ig,P01_checkpoint_rerun,0.2,recalibrated,80,80,0,4935,0,4933,0,0.1962730994101515,0.1962730994101515,0.0,0.8137950848970038,0.8137950848970038,0.0,0.6410391764358971,0.6410391764358971,0.0,0.5655468868045408,0.5655468868045408,0.0
bxaic__rings-count__gin__seed123,bxaic,rings-count,gin,123,gradinput,P01_checkpoint_rerun,0.05,fixed_historical_q,94,94,0,4935,0,4933,0,0.043647314037744,0.043647314037744,0.0,0.9571779041803794,0.9571779041803794,0.0,0.6414771924265177,0.6414771924265177,0.0,0.6241959234434853,0.6241959234434853,0.0
bxaic__rings-count__gin__seed123,bxaic,rings-count,gin,123,gradinput,P01_checkpoint_rerun,0.05,fixed_current_machine_q,94,94,0,4935,0,4933,0,0.043647314037744,0.043647314037744,0.0,0.9571779041803794,0.9571779041803794,0.0,0.6414771924265177,0.6414771924265177,0.0,0.6241959234434853,0.6241959234434853,0.0
bxaic__rings-count__gin__seed123,bxaic,rings-count,gin,123,gradinput,P01_checkpoint_rerun,0.05,recalibrated,94,94,0,4935,0,4933,0,0.043647314037744,0.043647314037744,0.0,0.9571779041803794,0.9571779041803794,0.0,0.6414771924265177,0.6414771924265177,0.0,0.6241959234434853,0.6241959234434853,0.0
bxaic__rings-count__gin__seed123,bxaic,rings-count,gin,123,gradinput,P01_checkpoint_rerun,0.1,fixed_historical_q,89,89,0,4935,0,4933,0,0.0961332083265782,0.0961332083265782,0.0,0.9084471118579232,0.9084471118579232,0.0,0.6404115441928301,0.6404115441928301,0.0,0.6025083358481156,0.6025083358481156,0.0
bxaic__rings-count__gin__seed123,bxaic,rings-count,gin,123,gradinput,P01_checkpoint_rerun,0.1,fixed_current_machine_q,89,89,0,4935,0,4933,0,0.0961332083265782,0.0961332083265782,0.0,0.9084471118579232,0.9084471118579232,0.0,0.6404115441928301,0.6404115441928301,0.0,0.6025083358481156,0.6025083358481156,0.0
bxaic__rings-count__gin__seed123,bxaic,rings-count,gin,123,gradinput,P01_checkpoint_rerun,0.1,recalibrated,89,89,0,4935,0,4933,0,0.0961332083265782,0.0961332083265782,0.0,0.9084471118579232,0.9084471118579232,0.0,0.6404115441928301,0.6404115441928301,0.0,0.6025083358481156,0.6025083358481156,0.0
bxaic__rings-count__gin__seed123,bxaic,rings-count,gin,123,gradinput,P01_checkpoint_rerun,0.2,fixed_historical_q,81,81,0,4935,1,4933,1,0.1855502745561183,0.1855502745561183,0.0,0.8282350484191191,0.8282343726977865,-6.757213325547795e-07,0.6353299376840551,0.6353304983919003,5.607078451541625e-07,0.5612242014003651,0.5612247354644544,5.340640892859128e-07
bxaic__rings-count__gin__seed123,bxaic,rings-count,gin,123,gradinput,P01_checkpoint_rerun,0.2,fixed_current_machine_q,81,81,0,4935,1,4933,1,0.1855502745561183,0.1855502745561183,0.0,0.8282350484191191,0.8282343726977865,-6.757213325547795e-07,0.6353299376840551,0.6353304983919003,5.607078451541625e-07,0.5612242014003651,0.5612247354644544,5.340640892859128e-07
bxaic__rings-count__gin__seed123,bxaic,rings-count,gin,123,gradinput,P01_checkpoint_rerun,0.2,recalibrated,81,81,0,4935,1,4933,1,0.1855502745561183,0.1855502745561183,0.0,0.8282350484191191,0.8282343726977865,-6.757213325547795e-07,0.6353299376840551,0.6353304983919003,5.607078451541625e-07,0.5612242014003651,0.5612247354644544,5.340640892859128e-07
bxaic__rings-count__gin__seed123,bxaic,rings-count,gin,123,atom_occlusion,P20_frozen_cache,0.05,fixed_historical_q,94,94,0,4935,0,4933,0,0.044923609201886,0.044923609201886,0.0,0.9571779041803794,0.9571779041803794,0.0,0.6418971163149355,0.6418971163149355,0.0,0.6256686732501824,0.6256686732501824,0.0
bxaic__rings-count__gin__seed123,bxaic,rings-count,gin,123,atom_occlusion,P20_frozen_cache,0.05,fixed_current_machine_q,94,94,0,4935,0,4933,0,0.044923609201886,0.044923609201886,0.0,0.9571779041803794,0.9571779041803794,0.0,0.6418971163149355,0.6418971163149355,0.0,0.6256686732501824,0.6256686732501824,0.0
bxaic__rings-count__gin__seed123,bxaic,rings-count,gin,123,atom_occlusion,P20_frozen_cache,0.05,recalibrated,94,94,0,4935,0,4933,0,0.044923609201886,0.044923609201886,0.0,0.9571779041803794,0.9571779041803794,0.0,0.6418971163149355,0.6418971163149355,0.0,0.6256686732501824,0.6256686732501824,0.0
bxaic__rings-count__gin__seed123,bxaic,rings-count,gin,123,atom_occlusion,P20_frozen_cache,0.1,fixed_historical_q,89,89,0,4935,0,4933,0,0.0983422979774658,0.0983422979774658,0.0,0.9084471118579232,0.9084471118579232,0.0,0.641250151085719,0.641250151085719,0.0,0.6058326088830243,0.6058326088830243,0.0
bxaic__rings-count__gin__seed123,bxaic,rings-count,gin,123,atom_occlusion,P20_frozen_cache,0.1,fixed_current_machine_q,89,89,0,4935,0,4933,0,0.0983422979774658,0.0983422979774658,0.0,0.9084471118579232,0.9084471118579232,0.0,0.641250151085719,0.641250151085719,0.0,0.6058326088830243,0.6058326088830243,0.0
bxaic__rings-count__gin__seed123,bxaic,rings-count,gin,123,atom_occlusion,P20_frozen_cache,0.1,recalibrated,89,89,0,4935,0,4933,0,0.0983422979774658,0.0983422979774658,0.0,0.9084471118579232,0.9084471118579232,0.0,0.641250151085719,0.641250151085719,0.0,0.6058326088830243,0.6058326088830243,0.0
bxaic__rings-count__gin__seed123,bxaic,rings-count,gin,123,atom_occlusion,P20_frozen_cache,0.2,fixed_historical_q,81,81,0,4935,1,4933,1,0.1872367548055334,0.1872367548055334,0.0,0.8282350484191191,0.8282343726977865,-6.757213325547795e-07,0.6369043204413463,0.6369049016628932,5.812215468914417e-07,0.5675385415956624,0.5675391228172093,5.812215468914417e-07
bxaic__rings-count__gin__seed123,bxaic,rings-count,gin,123,atom_occlusion,P20_frozen_cache,0.2,fixed_current_machine_q,81,81,0,4935,1,4933,1,0.1872367548055334,0.1872367548055334,0.0,0.8282350484191191,0.8282343726977865,-6.757213325547795e-07,0.6369043204413463,0.6369049016628932,5.812215468914417e-07,0.5675385415956624,0.5675391228172093,5.812215468914417e-07
bxaic__rings-count__gin__seed123,bxaic,rings-count,gin,123,atom_occlusion,P20_frozen_cache,0.2,recalibrated,81,81,0,4935,1,4933,1,0.1872367548055334,0.1872367548055334,0.0,0.8282350484191191,0.8282343726977865,-6.757213325547795e-07,0.6369043204413463,0.6369049016628932,5.812215468914417e-07,0.5675385415956624,0.5675391228172093,5.812215468914417e-07
bxaic__rings-count__gin__seed123,bxaic,rings-count,gin,123,saliency,P20_frozen_cache,0.05,fixed_historical_q,86,86,0,4935,0,4933,0,0.0453785247492098,0.0453785247492098,0.0,0.8772717462941669,0.8772717462941669,0.0,0.6961371445206013,0.6961371445206013,0.0,0.6734271469256711,0.6734271469256711,0.0
bxaic__rings-count__gin__seed123,bxaic,rings-count,gin,123,saliency,P20_frozen_cache,0.05,fixed_current_machine_q,86,86,0,4935,0,4933,0,0.0453785247492098,0.0453785247492098,0.0,0.8772717462941669,0.8772717462941669,0.0,0.6961371445206013,0.6961371445206013,0.0,0.6734271469256711,0.6734271469256711,0.0
bxaic__rings-count__gin__seed123,bxaic,rings-count,gin,123,saliency,P20_frozen_cache,0.05,recalibrated,86,86,0,4935,0,4933,0,0.0453785247492098,0.0453785247492098,0.0,0.8772717462941669,0.8772717462941669,0.0,0.6961371445206013,0.6961371445206013,0.0,0.6734271469256711,0.6734271469256711,0.0
bxaic__rings-count__gin__seed123,bxaic,rings-count,gin,123,saliency,P20_frozen_cache,0.1,fixed_historical_q,78,78,0,4935,0,4933,0,0.0966297224757432,0.0966297224757432,0.0,0.797157910454846,0.797157910454846,0.0,0.7229112328121364,0.7229112328121364,0.0,0.6700299222644066,0.6700299222644066,0.0
bxaic__rings-count__gin__seed123,bxaic,rings-count,gin,123,saliency,P20_frozen_cache,0.1,fixed_current_machine_q,78,78,0,4935,0,4933,0,0.0966297224757432,0.0966297224757432,0.0,0.797157910454846,0.797157910454846,0.0,0.7229112328121364,0.7229112328121364,0.0,0.6700299222644066,0.6700299222644066,0.0
bxaic__rings-count__gin__seed123,bxaic,rings-count,gin,123,saliency,P20_frozen_cache,0.1,recalibrated,78,78,0,4935,0,4933,0,0.0966297224757432,0.0966297224757432,0.0,0.797157910454846,0.797157910454846,0.0,0.7229112328121364,0.7229112328121364,0.0,0.6700299222644066,0.6700299222644066,0.0
bxaic__rings-count__gin__seed123,bxaic,rings-count,gin,123,saliency,P20_frozen_cache,0.2,fixed_historical_q,67,67,0,4935,0,4933,0,0.1888955835778462,0.1888955835778462,0.0,0.6901920253936527,0.6901920253936527,0.0,0.7476658280732682,0.7476658280732682,0.0,0.6360535590183017,0.6360535590183017,0.0
bxaic__rings-count__gin__seed123,bxaic,rings-count,gin,123,saliency,P20_frozen_cache,0.2,fixed_current_machine_q,67,67,0,4935,0,4933,0,0.1888955835778462,0.1888955835778462,0.0,0.6901920253936527,0.6901920253936527,0.0,0.7476658280732682,0.7476658280732682,0.0,0.6360535590183017,0.6360535590183017,0.0
bxaic__rings-count__gin__seed123,bxaic,rings-count,gin,123,saliency,P20_frozen_cache,0.2,recalibrated,67,67,0,4935,0,4933,0,0.1888955835778462,0.1888955835778462,0.0,0.6901920253936527,0.6901920253936527,0.0,0.7476658280732682,0.7476658280732682,0.0,0.6360535590183017,0.6360535590183017,0.0
bxaic__rings-count__gin__seed2026,bxaic,rings-count,gin,2026,ig,P01_checkpoint_rerun,0.05,fixed_historical_q,94,94,0,4935,0,4933,0,0.043387025465876,0.043387025465876,0.0,0.9571779041803794,0.9571779041803794,0.0,0.6426329005769853,0.6426329005769853,0.0,0.6266642992082987,0.6266642992082987,0.0
bxaic__rings-count__gin__seed2026,bxaic,rings-count,gin,2026,ig,P01_checkpoint_rerun,0.05,fixed_current_machine_q,94,94,0,4935,0,4933,0,0.043387025465876,0.043387025465876,0.0,0.9571779041803794,0.9571779041803794,0.0,0.6426329005769853,0.6426329005769853,0.0,0.6266642992082987,0.6266642992082987,0.0
bxaic__rings-count__gin__seed2026,bxaic,rings-count,gin,2026,ig,P01_checkpoint_rerun,0.05,recalibrated,94,94,0,4935,0,4933,0,0.043387025465876,0.043387025465876,0.0,0.9571779041803794,0.9571779041803794,0.0,0.6426329005769853,0.6426329005769853,0.0,0.6266642992082987,0.6266642992082987,0.0
bxaic__rings-count__gin__seed2026,bxaic,rings-count,gin,2026,ig,P01_checkpoint_rerun,0.1,fixed_historical_q,90,90,0,4935,0,4933,0,0.0934265968985686,0.0934265968985686,0.0,0.9152059964128934,0.9152059964128934,0.0,0.6400567764970356,0.6400567764970356,0.0,0.6063204895471175,0.6063204895471175,0.0
bxaic__rings-count__gin__seed2026,bxaic,rings-count,gin,2026,ig,P01_checkpoint_rerun,0.1,fixed_current_machine_q,90,90,0,4935,0,4933,0,0.0934265968985686,0.0934265968985686,0.0,0.9152059964128934,0.9152059964128934,0.0,0.6400567764970356,0.6400567764970356,0.0,0.6063204895471175,0.6063204895471175,0.0
bxaic__rings-count__gin__seed2026,bxaic,rings-count,gin,2026,ig,P01_checkpoint_rerun,0.1,recalibrated,90,90,0,4935,0,4933,0,0.0934265968985686,0.0934265968985686,0.0,0.9152059964128934,0.9152059964128934,0.0,0.6400567764970356,0.6400567764970356,0.0,0.6063204895471175,0.6063204895471175,0.0
bxaic__rings-count__gin__seed2026,bxaic,rings-count,gin,2026,ig,P01_checkpoint_rerun,0.2,fixed_historical_q,81,81,0,4935,1,4933,1,0.1964359819287547,0.1964359819287547,0.0,0.8282350484191191,0.8282343726977865,-6.757213325547795e-07,0.6324131648463911,0.6324137426489878,5.778025966574063e-07,0.5614548320161846,0.5614554051020254,5.730858407826389e-07
bxaic__rings-count__gin__seed2026,bxaic,rings-count,gin,2026,ig,P01_checkpoint_rerun,0.2,fixed_current_machine_q,81,81,0,4935,1,4933,1,0.1964359819287547,0.1964359819287547,0.0,0.8282350484191191,0.8282343726977865,-6.757213325547795e-07,0.6324131648463911,0.6324137426489878,5.778025966574063e-07,0.5614548320161846,0.5614554051020254,5.730858407826389e-07
bxaic__rings-count__gin__seed2026,bxaic,rings-count,gin,2026,ig,P01_checkpoint_rerun,0.2,recalibrated,81,81,0,4935,1,4933,1,0.1964359819287547,0.1964359819287547,0.0,0.8282350484191191,0.8282343726977865,-6.757213325547795e-07,0.6324131648463911,0.6324137426489878,5.778025966574063e-07,0.5614548320161846,0.5614554051020254,5.730858407826389e-07
bxaic__rings-count__gin__seed2026,bxaic,rings-count,gin,2026,gradinput,P01_checkpoint_rerun,0.05,fixed_historical_q,94,94,0,4935,0,4933,0,0.0450576657082193,0.0450576657082193,0.0,0.9571779041803794,0.9571779041803794,0.0,0.6420928065363213,0.6420928065363213,0.0,0.6258592102748763,0.6258592102748763,0.0
bxaic__rings-count__gin__seed2026,bxaic,rings-count,gin,2026,gradinput,P01_checkpoint_rerun,0.05,fixed_current_machine_q,94,94,0,4935,0,4933,0,0.0450576657082193,0.0450576657082193,0.0,0.9571779041803794,0.9571779041803794,0.0,0.6420928065363213,0.6420928065363213,0.0,0.6258592102748763,0.6258592102748763,0.0
bxaic__rings-count__gin__seed2026,bxaic,rings-count,gin,2026,gradinput,P01_checkpoint_rerun,0.05,recalibrated,94,94,0,4935,0,4933,0,0.0450576657082193,0.0450576657082193,0.0,0.9571779041803794,0.9571779041803794,0.0,0.6420928065363213,0.6420928065363213,0.0,0.6258592102748763,0.6258592102748763,0.0
bxaic__rings-count__gin__seed2026,bxaic,rings-count,gin,2026,gradinput,P01_checkpoint_rerun,0.1,fixed_historical_q,90,90,0,4935,0,4933,0,0.091499519733454,0.091499519733454,0.0,0.9152059964128934,0.9152059964128934,0.0,0.641022818533798,0.641022818533798,0.0,0.607313065905532,0.607313065905532,0.0
bxaic__rings-count__gin__seed2026,bxaic,rings-count,gin,2026,gradinput,P01_checkpoint_rerun,0.1,fixed_current_machine_q,90,90,0,4935,0,4933,0,0.091499519733454,0.091499519733454,0.0,0.9152059964128934,0.9152059964128934,0.0,0.641022818533798,0.641022818533798,0.0,0.607313065905532,0.607313065905532,0.0
bxaic__rings-count__gin__seed2026,bxaic,rings-count,gin,2026,gradinput,P01_checkpoint_rerun,0.1,recalibrated,90,90,0,4935,0,4933,0,0.091499519733454,0.091499519733454,0.0,0.9152059964128934,0.9152059964128934,0.0,0.641022818533798,0.641022818533798,0.0,0.607313065905532,0.607313065905532,0.0
bxaic__rings-count__gin__seed2026,bxaic,rings-count,gin,2026,gradinput,P01_checkpoint_rerun,0.2,fixed_historical_q,81,81,0,4935,1,4933,1,0.1931410749091921,0.1931410749091921,0.0,0.8282350484191191,0.8282343726977865,-6.757213325547795e-07,0.6340480610558094,0.6340486388584059,5.77802596546384e-07,0.5618945504262144,0.5618951235120552,5.730858407826389e-07
bxaic__rings-count__gin__seed2026,bxaic,rings-count,gin,2026,gradinput,P01_checkpoint_rerun,0.2,fixed_current_machine_q,81,81,0,4935,1,4933,1,0.1931410749091921,0.1931410749091921,0.0,0.8282350484191191,0.8282343726977865,-6.757213325547795e-07,0.6340480610558094,0.6340486388584059,5.77802596546384e-07,0.5618945504262144,0.5618951235120552,5.730858407826389e-07
bxaic__rings-count__gin__seed2026,bxaic,rings-count,gin,2026,gradinput,P01_checkpoint_rerun,0.2,recalibrated,81,81,0,4935,1,4933,1,0.1931410749091921,0.1931410749091921,0.0,0.8282350484191191,0.8282343726977865,-6.757213325547795e-07,0.6340480610558094,0.6340486388584059,5.77802596546384e-07,0.5618945504262144,0.5618951235120552,5.730858407826389e-07
bxaic__rings-count__gin__seed2026,bxaic,rings-count,gin,2026,atom_occlusion,P20_frozen_cache,0.05,fixed_historical_q,94,94,0,4935,0,4933,0,0.0464858965643429,0.0464858965643429,0.0,0.9571779041803794,0.9571779041803794,0.0,0.6413876365817872,0.6413876365817872,0.0,0.625018049814428,0.625018049814428,0.0
bxaic__rings-count__gin__seed2026,bxaic,rings-count,gin,2026,atom_occlusion,P20_frozen_cache,0.05,fixed_current_machine_q,94,94,0,4935,0,4933,0,0.0464858965643429,0.0464858965643429,0.0,0.9571779041803794,0.9571779041803794,0.0,0.6413876365817872,0.6413876365817872,0.0,0.625018049814428,0.625018049814428,0.0
bxaic__rings-count__gin__seed2026,bxaic,rings-count,gin,2026,atom_occlusion,P20_frozen_cache,0.05,recalibrated,94,94,0,4935,0,4933,0,0.0464858965643429,0.0464858965643429,0.0,0.9571779041803794,0.9571779041803794,0.0,0.6413876365817872,0.6413876365817872,0.0,0.625018049814428,0.625018049814428,0.0
bxaic__rings-count__gin__seed2026,bxaic,rings-count,gin,2026,atom_occlusion,P20_frozen_cache,0.1,fixed_historical_q,90,90,0,4935,0,4933,0,0.0942352641694782,0.0942352641694782,0.0,0.9152059964128934,0.9152059964128934,0.0,0.6403486386298105,0.6403486386298105,0.0,0.6073742703507441,0.6073742703507441,0.0
bxaic__rings-count__gin__seed2026,bxaic,rings-count,gin,2026,atom_occlusion,P20_frozen_cache,0.1,fixed_current_machine_q,90,90,0,4935,0,4933,0,0.0942352641694782,0.0942352641694782,0.0,0.9152059964128934,0.9152059964128934,0.0,0.6403486386298105,0.6403486386298105,0.0,0.6073742703507441,0.6073742703507441,0.0
bxaic__rings-count__gin__seed2026,bxaic,rings-count,gin,2026,atom_occlusion,P20_frozen_cache,0.1,recalibrated,90,90,0,4935,0,4933,0,0.0942352641694782,0.0942352641694782,0.0,0.9152059964128934,0.9152059964128934,0.0,0.6403486386298105,0.6403486386298105,0.0,0.6073742703507441,0.6073742703507441,0.0
bxaic__rings-count__gin__seed2026,bxaic,rings-count,gin,2026,atom_occlusion,P20_frozen_cache,0.2,fixed_historical_q,81,81,0,4935,1,4933,1,0.191284090659572,0.191284090659572,0.0,0.8282350484191191,0.8282343726977865,-6.757213325547795e-07,0.6355067312272551,0.635507312448802,5.812215468914417e-07,0.5662693795123481,0.566269960733895,5.812215468914417e-07
bxaic__rings-count__gin__seed2026,bxaic,rings-count,gin,2026,atom_occlusion,P20_frozen_cache,0.2,fixed_current_machine_q,81,81,0,4935,1,4933,1,0.191284090659572,0.191284090659572,0.0,0.8282350484191191,0.8282343726977865,-6.757213325547795e-07,0.6355067312272551,0.635507312448802,5.812215468914417e-07,0.5662693795123481,0.566269960733895,5.812215468914417e-07
bxaic__rings-count__gin__seed2026,bxaic,rings-count,gin,2026,atom_occlusion,P20_frozen_cache,0.2,recalibrated,81,81,0,4935,1,4933,1,0.191284090659572,0.191284090659572,0.0,0.8282350484191191,0.8282343726977865,-6.757213325547795e-07,0.6355067312272551,0.635507312448802,5.812215468914417e-07,0.5662693795123481,0.566269960733895,5.812215468914417e-07
bxaic__rings-count__gin__seed2026,bxaic,rings-count,gin,2026,saliency,P20_frozen_cache,0.05,fixed_historical_q,81,81,0,4935,1,4933,1,0.0431457524224229,0.0431457524224229,0.0,0.8282350484191191,0.8282343726977865,-6.757213325547795e-07,0.73596132601841,0.7359618969831062,5.709646961893355e-07,0.7084946384053479,0.7084951955568367,5.571514888336182e-07
bxaic__rings-count__gin__seed2026,bxaic,rings-count,gin,2026,saliency,P20_frozen_cache,0.05,fixed_current_machine_q,81,81,0,4935,1,4933,1,0.0431457524224229,0.0431457524224229,0.0,0.8282350484191191,0.8282343726977865,-6.757213325547795e-07,0.73596132601841,0.7359618969831062,5.709646961893355e-07,0.7084946384053479,0.7084951955568367,5.571514888336182e-07
bxaic__rings-count__gin__seed2026,bxaic,rings-count,gin,2026,saliency,P20_frozen_cache,0.05,recalibrated,81,81,0,4935,1,4933,1,0.0431457524224229,0.0431457524224229,0.0,0.8282350484191191,0.8282343726977865,-6.757213325547795e-07,0.73596132601841,0.7359618969831062,5.709646961893355e-07,0.7084946384053479,0.7084951955568367,5.571514888336182e-07
bxaic__rings-count__gin__seed2026,bxaic,rings-count,gin,2026,saliency,P20_frozen_cache,0.1,fixed_historical_q,74,74,0,4935,0,4933,0,0.0915002051679495,0.0915002051679495,0.0,0.7572472903866901,0.7572472903866901,0.0,0.7604072848988078,0.7604072848988078,0.0,0.6997501084634816,0.6997501084634816,0.0
bxaic__rings-count__gin__seed2026,bxaic,rings-count,gin,2026,saliency,P20_frozen_cache,0.1,fixed_current_machine_q,74,74,0,4935,0,4933,0,0.0915002051679495,0.0915002051679495,0.0,0.7572472903866901,0.7572472903866901,0.0,0.7604072848988078,0.7604072848988078,0.0,0.6997501084634816,0.6997501084634816,0.0
bxaic__rings-count__gin__seed2026,bxaic,rings-count,gin,2026,saliency,P20_frozen_cache,0.1,recalibrated,74,74,0,4935,0,4933,0,0.0915002051679495,0.0915002051679495,0.0,0.7572472903866901,0.7572472903866901,0.0,0.7604072848988078,0.7604072848988078,0.0,0.6997501084634816,0.6997501084634816,0.0
bxaic__rings-count__gin__seed2026,bxaic,rings-count,gin,2026,saliency,P20_frozen_cache,0.2,fixed_historical_q,63,63,0,4935,0,4933,0,0.1908935080569678,0.1908935080569678,0.0,0.6482546863347516,0.6482546863347516,0.0,0.7852319906436471,0.7852319906436471,0.0,0.6536408979588284,0.6536408979588284,0.0
bxaic__rings-count__gin__seed2026,bxaic,rings-count,gin,2026,saliency,P20_frozen_cache,0.2,fixed_current_machine_q,63,63,0,4935,0,4933,0,0.1908935080569678,0.1908935080569678,0.0,0.6482546863347516,0.6482546863347516,0.0,0.7852319906436471,0.7852319906436471,0.0,0.6536408979588284,0.6536408979588284,0.0
bxaic__rings-count__gin__seed2026,bxaic,rings-count,gin,2026,saliency,P20_frozen_cache,0.2,recalibrated,63,63,0,4935,0,4933,0,0.1908935080569678,0.1908935080569678,0.0,0.6482546863347516,0.6482546863347516,0.0,0.7852319906436471,0.7852319906436471,0.0,0.6536408979588284,0.6536408979588284,0.0
bxaic__rings-count__gin__seed42,bxaic,rings-count,gin,42,ig,P01_checkpoint_rerun,0.05,fixed_historical_q,94,94,0,4935,0,4933,0,0.045282797284544,0.045282797284544,0.0,0.9571779041803794,0.9571779041803794,0.0,0.6420948024277356,0.6420948024277356,0.0,0.6260878003419382,0.6260878003419382,0.0
bxaic__rings-count__gin__seed42,bxaic,rings-count,gin,42,ig,P01_checkpoint_rerun,0.05,fixed_current_machine_q,94,94,0,4935,0,4933,0,0.045282797284544,0.045282797284544,0.0,0.9571779041803794,0.9571779041803794,0.0,0.6420948024277356,0.6420948024277356,0.0,0.6260878003419382,0.6260878003419382,0.0
bxaic__rings-count__gin__seed42,bxaic,rings-count,gin,42,ig,P01_checkpoint_rerun,0.05,recalibrated,94,94,0,4935,0,4933,0,0.045282797284544,0.045282797284544,0.0,0.9571779041803794,0.9571779041803794,0.0,0.6420948024277356,0.6420948024277356,0.0,0.6260878003419382,0.6260878003419382,0.0
bxaic__rings-count__gin__seed42,bxaic,rings-count,gin,42,ig,P01_checkpoint_rerun,0.1,fixed_historical_q,90,90,0,4935,0,4933,0,0.0941799224407361,0.0941799224407361,0.0,0.9152059964128934,0.9152059964128934,0.0,0.6406271058561616,0.6406271058561616,0.0,0.6078680865814938,0.6078680865814938,0.0
bxaic__rings-count__gin__seed42,bxaic,rings-count,gin,42,ig,P01_checkpoint_rerun,0.1,fixed_current_machine_q,90,90,0,4935,0,4933,0,0.0941799224407361,0.0941799224407361,0.0,0.9152059964128934,0.9152059964128934,0.0,0.6406271058561616,0.6406271058561616,0.0,0.6078680865814938,0.6078680865814938,0.0
bxaic__rings-count__gin__seed42,bxaic,rings-count,gin,42,ig,P01_checkpoint_rerun,0.1,recalibrated,90,90,0,4935,0,4933,0,0.0941799224407361,0.0941799224407361,0.0,0.9152059964128934,0.9152059964128934,0.0,0.6406271058561616,0.6406271058561616,0.0,0.6078680865814938,0.6078680865814938,0.0
bxaic__rings-count__gin__seed42,bxaic,rings-count,gin,42,ig,P01_checkpoint_rerun,0.2,fixed_historical_q,81,81,0,4935,1,4933,1,0.1973450824411449,0.1973450824411449,0.0,0.8282350484191191,0.8282343726977865,-6.757213325547795e-07,0.6331127916404501,0.633113372861997,5.812215468914417e-07,0.5638783202818616,0.5638789015034084,5.812215467804194e-07
bxaic__rings-count__gin__seed42,bxaic,rings-count,gin,42,ig,P01_checkpoint_rerun,0.2,fixed_current_machine_q,81,81,0,4935,1,4933,1,0.1973450824411449,0.1973450824411449,0.0,0.8282350484191191,0.8282343726977865,-6.757213325547795e-07,0.6331127916404501,0.633113372861997,5.812215468914417e-07,0.5638783202818616,0.5638789015034084,5.812215467804194e-07
bxaic__rings-count__gin__seed42,bxaic,rings-count,gin,42,ig,P01_checkpoint_rerun,0.2,recalibrated,81,81,0,4935,1,4933,1,0.1973450824411449,0.1973450824411449,0.0,0.8282350484191191,0.8282343726977865,-6.757213325547795e-07,0.6331127916404501,0.633113372861997,5.812215468914417e-07,0.5638783202818616,0.5638789015034084,5.812215467804194e-07
bxaic__rings-count__gin__seed42,bxaic,rings-count,gin,42,gradinput,P01_checkpoint_rerun,0.05,fixed_historical_q,94,94,0,4935,0,4933,0,0.0427851077822938,0.0427851077822938,0.0,0.9571779041803794,0.9571779041803794,0.0,0.6419034256296049,0.6419034256296049,0.0,0.6247764246675901,0.6247764246675901,0.0
bxaic__rings-count__gin__seed42,bxaic,rings-count,gin,42,gradinput,P01_checkpoint_rerun,0.05,fixed_current_machine_q,94,94,0,4935,0,4933,0,0.0427851077822938,0.0427851077822938,0.0,0.9571779041803794,0.9571779041803794,0.0,0.6419034256296049,0.6419034256296049,0.0,0.6247764246675901,0.6247764246675901,0.0
bxaic__rings-count__gin__seed42,bxaic,rings-count,gin,42,gradinput,P01_checkpoint_rerun,0.05,recalibrated,94,94,0,4935,0,4933,0,0.0427851077822938,0.0427851077822938,0.0,0.9571779041803794,0.9571779041803794,0.0,0.6419034256296049,0.6419034256296049,0.0,0.6247764246675901,0.6247764246675901,0.0
bxaic__rings-count__gin__seed42,bxaic,rings-count,gin,42,gradinput,P01_checkpoint_rerun,0.1,fixed_historical_q,89,89,0,4935,0,4933,0,0.0946094555781997,0.0946094555781997,0.0,0.9084471118579232,0.9084471118579232,0.0,0.6410865220723908,0.6410865220723908,0.0,0.6031558145495345,0.6031558145495345,0.0
bxaic__rings-count__gin__seed42,bxaic,rings-count,gin,42,gradinput,P01_checkpoint_rerun,0.1,fixed_current_machine_q,89,89,0,4935,0,4933,0,0.0946094555781997,0.0946094555781997,0.0,0.9084471118579232,0.9084471118579232,0.0,0.6410865220723908,0.6410865220723908,0.0,0.6031558145495345,0.6031558145495345,0.0
bxaic__rings-count__gin__seed42,bxaic,rings-count,gin,42,gradinput,P01_checkpoint_rerun,0.1,recalibrated,89,89,0,4935,0,4933,0,0.0946094555781997,0.0946094555781997,0.0,0.9084471118579232,0.9084471118579232,0.0,0.6410865220723908,0.6410865220723908,0.0,0.6031558145495345,0.6031558145495345,0.0
bxaic__rings-count__gin__seed42,bxaic,rings-count,gin,42,gradinput,P01_checkpoint_rerun,0.2,fixed_historical_q,80,80,0,4935,0,4933,0,0.1976397630455532,0.1976397630455532,0.0,0.8137950848970038,0.8137950848970038,0.0,0.6367593585785875,0.6367593585785875,0.0,0.5562782679549916,0.5562782679549916,0.0
bxaic__rings-count__gin__seed42,bxaic,rings-count,gin,42,gradinput,P01_checkpoint_rerun,0.2,fixed_current_machine_q,80,80,0,4935,0,4933,0,0.1976397630455532,0.1976397630455532,0.0,0.8137950848970038,0.8137950848970038,0.0,0.6367593585785875,0.6367593585785875,0.0,0.5562782679549916,0.5562782679549916,0.0
bxaic__rings-count__gin__seed42,bxaic,rings-count,gin,42,gradinput,P01_checkpoint_rerun,0.2,recalibrated,80,80,0,4935,0,4933,0,0.1976397630455532,0.1976397630455532,0.0,0.8137950848970038,0.8137950848970038,0.0,0.6367593585785875,0.6367593585785875,0.0,0.5562782679549916,0.5562782679549916,0.0
bxaic__rings-count__gin__seed42,bxaic,rings-count,gin,42,atom_occlusion,P20_frozen_cache,0.05,fixed_historical_q,94,94,0,4935,0,4933,0,0.0453280111383138,0.0453280111383138,0.0,0.9571779041803794,0.9571779041803794,0.0,0.6418955181424577,0.6418955181424577,0.0,0.6257283697953964,0.6257283697953964,0.0
bxaic__rings-count__gin__seed42,bxaic,rings-count,gin,42,atom_occlusion,P20_frozen_cache,0.05,fixed_current_machine_q,94,94,0,4935,0,4933,0,0.0453280111383138,0.0453280111383138,0.0,0.9571779041803794,0.9571779041803794,0.0,0.6418955181424577,0.6418955181424577,0.0,0.6257283697953964,0.6257283697953964,0.0
bxaic__rings-count__gin__seed42,bxaic,rings-count,gin,42,atom_occlusion,P20_frozen_cache,0.05,recalibrated,94,94,0,4935,0,4933,0,0.0453280111383138,0.0453280111383138,0.0,0.9571779041803794,0.9571779041803794,0.0,0.6418955181424577,0.6418955181424577,0.0,0.6257283697953964,0.6257283697953964,0.0
bxaic__rings-count__gin__seed42,bxaic,rings-count,gin,42,atom_occlusion,P20_frozen_cache,0.1,fixed_historical_q,89,89,0,4935,0,4933,0,0.099492550400703,0.099492550400703,0.0,0.9084471118579232,0.9084471118579232,0.0,0.6413402247419868,0.6413402247419868,0.0,0.6061524343691148,0.6061524343691148,0.0
bxaic__rings-count__gin__seed42,bxaic,rings-count,gin,42,atom_occlusion,P20_frozen_cache,0.1,fixed_current_machine_q,89,89,0,4935,0,4933,0,0.099492550400703,0.099492550400703,0.0,0.9084471118579232,0.9084471118579232,0.0,0.6413402247419868,0.6413402247419868,0.0,0.6061524343691148,0.6061524343691148,0.0
bxaic__rings-count__gin__seed42,bxaic,rings-count,gin,42,atom_occlusion,P20_frozen_cache,0.1,recalibrated,89,89,0,4935,0,4933,0,0.099492550400703,0.099492550400703,0.0,0.9084471118579232,0.9084471118579232,0.0,0.6413402247419868,0.6413402247419868,0.0,0.6061524343691148,0.6061524343691148,0.0
bxaic__rings-count__gin__seed42,bxaic,rings-count,gin,42,atom_occlusion,P20_frozen_cache,0.2,fixed_historical_q,80,80,0,4935,0,4933,0,0.1984957091612846,0.1984957091612846,0.0,0.8137950848970038,0.8137950848970038,0.0,0.6392101195880736,0.6392101195880736,0.0,0.5643979776509327,0.5643979776509327,0.0
bxaic__rings-count__gin__seed42,bxaic,rings-count,gin,42,atom_occlusion,P20_frozen_cache,0.2,fixed_current_machine_q,80,80,0,4935,0,4933,0,0.1984957091612846,0.1984957091612846,0.0,0.8137950848970038,0.8137950848970038,0.0,0.6392101195880736,0.6392101195880736,0.0,0.5643979776509327,0.5643979776509327,0.0
bxaic__rings-count__gin__seed42,bxaic,rings-count,gin,42,atom_occlusion,P20_frozen_cache,0.2,recalibrated,80,80,0,4935,0,4933,0,0.1984957091612846,0.1984957091612846,0.0,0.8137950848970038,0.8137950848970038,0.0,0.6392101195880736,0.6392101195880736,0.0,0.5643979776509327,0.5643979776509327,0.0
bxaic__rings-count__gin__seed42,bxaic,rings-count,gin,42,saliency,P20_frozen_cache,0.05,fixed_historical_q,89,89,0,4935,0,4933,0,0.042736394148358,0.042736394148358,0.0,0.9084471118579232,0.9084471118579232,0.0,0.6745344419775035,0.6745344419775035,0.0,0.6545740069222968,0.6545740069222968,0.0
bxaic__rings-count__gin__seed42,bxaic,rings-count,gin,42,saliency,P20_frozen_cache,0.05,fixed_current_machine_q,89,89,0,4935,0,4933,0,0.042736394148358,0.042736394148358,0.0,0.9084471118579232,0.9084471118579232,0.0,0.6745344419775035,0.6745344419775035,0.0,0.6545740069222968,0.6545740069222968,0.0
bxaic__rings-count__gin__seed42,bxaic,rings-count,gin,42,saliency,P20_frozen_cache,0.05,recalibrated,89,89,0,4935,0,4933,0,0.042736394148358,0.042736394148358,0.0,0.9084471118579232,0.9084471118579232,0.0,0.6745344419775035,0.6745344419775035,0.0,0.6545740069222968,0.6545740069222968,0.0
bxaic__rings-count__gin__seed42,bxaic,rings-count,gin,42,saliency,P20_frozen_cache,0.1,fixed_historical_q,81,81,0,4935,1,4933,1,0.0930449892736111,0.0930461817230214,1.19244941032548e-06,0.8282350484191191,0.8282343726977865,-6.757213325547795e-07,0.6992800732741586,0.6992797826633852,-2.9061077344572084e-07,0.652146741591251,0.6521459466249774,-7.949662735873275e-07
bxaic__rings-count__gin__seed42,bxaic,rings-count,gin,42,saliency,P20_frozen_cache,0.1,fixed_current_machine_q,81,81,0,4935,1,4933,1,0.0930449892736111,0.0930461817230214,1.19244941032548e-06,0.8282350484191191,0.8282343726977865,-6.757213325547795e-07,0.6992800732741586,0.6992797826633852,-2.9061077344572084e-07,0.652146741591251,0.6521459466249774,-7.949662735873275e-07
bxaic__rings-count__gin__seed42,bxaic,rings-count,gin,42,saliency,P20_frozen_cache,0.1,recalibrated,81,81,0,4935,1,4933,1,0.0930449892736111,0.0930461817230214,1.19244941032548e-06,0.8282350484191191,0.8282343726977865,-6.757213325547795e-07,0.6992800732741586,0.6992797826633852,-2.9061077344572084e-07,0.652146741591251,0.6521459466249774,-7.949662735873275e-07
bxaic__rings-count__gin__seed42,bxaic,rings-count,gin,42,saliency,P20_frozen_cache,0.2,fixed_historical_q,68,68,0,4935,10,4933,7,0.1994598130219038,0.1994659497737473,6.136751843466293e-06,0.696708399448192,0.696692857857544,-1.5541590647982773e-05,0.7307037775287859,0.7307107748147145,6.997285928567187e-06,0.6176912838879476,0.6176946909702029,3.407082255324489e-06
bxaic__rings-count__gin__seed42,bxaic,rings-count,gin,42,saliency,P20_frozen_cache,0.2,fixed_current_machine_q,68,68,0,4935,10,4933,7,0.1994598130219038,0.1994659497737473,6.136751843466293e-06,0.696708399448192,0.696692857857544,-1.5541590647982773e-05,0.7307037775287859,0.7307107748147145,6.997285928567187e-06,0.6176912838879476,0.6176946909702029,3.407082255324489e-06
bxaic__rings-count__gin__seed42,bxaic,rings-count,gin,42,saliency,P20_frozen_cache,0.2,recalibrated,68,68,0,4935,10,4933,7,0.1994598130219038,0.1994659497737473,6.136751843466293e-06,0.696708399448192,0.696692857857544,-1.5541590647982773e-05,0.7307037775287859,0.7307107748147145,6.997285928567187e-06,0.6176912838879476,0.6176946909702029,3.407082255324489e-06
bxaic__rings-max__gcn__seed123,bxaic,rings-max,gcn,123,ig,P01_checkpoint_rerun,0.05,fixed_historical_q,95,95,0,297,2,277,3,0.0427131151903235,0.0430014802160823,0.0002883650257587,0.9611511715338104,0.9610470337942936,-0.0001041377395168,0.2685983499723743,0.2685366185953072,-6.173137706710907e-05,0.2654955281827998,0.2654088641187382,-8.666406406160343e-05
bxaic__rings-max__gcn__seed123,bxaic,rings-max,gcn,123,ig,P01_checkpoint_rerun,0.05,fixed_current_machine_q,95,95,0,297,2,277,3,0.0427131151903235,0.0430014802160823,0.0002883650257587,0.9611511715338104,0.9610470337942936,-0.0001041377395168,0.2685983499723743,0.2685366185953072,-6.173137706710907e-05,0.2654955281827998,0.2654088641187382,-8.666406406160343e-05
bxaic__rings-max__gcn__seed123,bxaic,rings-max,gcn,123,ig,P01_checkpoint_rerun,0.05,recalibrated,95,95,0,297,2,277,3,0.0427131151903235,0.0430014802160823,0.0002883650257587,0.9611511715338104,0.9610470337942936,-0.0001041377395168,0.2685983499723743,0.2685366185953072,-6.173137706710907e-05,0.2654955281827998,0.2654088641187382,-8.666406406160343e-05
bxaic__rings-max__gcn__seed123,bxaic,rings-max,gcn,123,ig,P01_checkpoint_rerun,0.1,fixed_historical_q,91,91,0,297,0,277,0,0.0910966984479161,0.0910966984479161,0.0,0.9234847698070427,0.9234847698070427,0.0,0.2657521726725466,0.2657521726725466,0.0,0.2590777611527484,0.2590777611527484,0.0
bxaic__rings-max__gcn__seed123,bxaic,rings-max,gcn,123,ig,P01_checkpoint_rerun,0.1,fixed_current_machine_q,91,91,0,297,0,277,0,0.0910966984479161,0.0910966984479161,0.0,0.9234847698070427,0.9234847698070427,0.0,0.2657521726725466,0.2657521726725466,0.0,0.2590777611527484,0.2590777611527484,0.0
bxaic__rings-max__gcn__seed123,bxaic,rings-max,gcn,123,ig,P01_checkpoint_rerun,0.1,recalibrated,91,91,0,297,0,277,0,0.0910966984479161,0.0910966984479161,0.0,0.9234847698070427,0.9234847698070427,0.0,0.2657521726725466,0.2657521726725466,0.0,0.2590777611527484,0.2590777611527484,0.0
bxaic__rings-max__gcn__seed123,bxaic,rings-max,gcn,123,ig,P01_checkpoint_rerun,0.2,fixed_historical_q,76,76,0,297,0,277,0,0.1880490397080843,0.1880490397080843,0.0,0.7722412088975923,0.7722412088975923,0.0,0.2833163608019178,0.2833163608019178,0.0,0.2661067967420804,0.2661067967420804,0.0
bxaic__rings-max__gcn__seed123,bxaic,rings-max,gcn,123,ig,P01_checkpoint_rerun,0.2,fixed_current_machine_q,76,76,0,297,0,277,0,0.1880490397080843,0.1880490397080843,0.0,0.7722412088975923,0.7722412088975923,0.0,0.2833163608019178,0.2833163608019178,0.0,0.2661067967420804,0.2661067967420804,0.0
bxaic__rings-max__gcn__seed123,bxaic,rings-max,gcn,123,ig,P01_checkpoint_rerun,0.2,recalibrated,76,76,0,297,0,277,0,0.1880490397080843,0.1880490397080843,0.0,0.7722412088975923,0.7722412088975923,0.0,0.2833163608019178,0.2833163608019178,0.0,0.2661067967420804,0.2661067967420804,0.0
bxaic__rings-max__gcn__seed123,bxaic,rings-max,gcn,123,gradinput,P01_checkpoint_rerun,0.05,fixed_historical_q,94,94,0,297,0,277,0,0.0431101119150759,0.0431101119150759,0.0,0.9522828292781328,0.9522828292781328,0.0,0.2711722130868556,0.2711722130868556,0.0,0.2679634394503317,0.2679634394503317,0.0
bxaic__rings-max__gcn__seed123,bxaic,rings-max,gcn,123,gradinput,P01_checkpoint_rerun,0.05,fixed_current_machine_q,94,94,0,297,0,277,0,0.0431101119150759,0.0431101119150759,0.0,0.9522828292781328,0.9522828292781328,0.0,0.2711722130868556,0.2711722130868556,0.0,0.2679634394503317,0.2679634394503317,0.0
bxaic__rings-max__gcn__seed123,bxaic,rings-max,gcn,123,gradinput,P01_checkpoint_rerun,0.05,recalibrated,94,94,0,297,0,277,0,0.0431101119150759,0.0431101119150759,0.0,0.9522828292781328,0.9522828292781328,0.0,0.2711722130868556,0.2711722130868556,0.0,0.2679634394503317,0.2679634394503317,0.0
bxaic__rings-max__gcn__seed123,bxaic,rings-max,gcn,123,gradinput,P01_checkpoint_rerun,0.1,fixed_historical_q,90,90,0,297,0,277,0,0.0886628927646185,0.0886628927646185,0.0,0.9101407650316404,0.9101407650316404,0.0,0.2701999684016375,0.2701999684016375,0.0,0.2635017540459234,0.2635017540459234,0.0
bxaic__rings-max__gcn__seed123,bxaic,rings-max,gcn,123,gradinput,P01_checkpoint_rerun,0.1,fixed_current_machine_q,90,90,0,297,0,277,0,0.0886628927646185,0.0886628927646185,0.0,0.9101407650316404,0.9101407650316404,0.0,0.2701999684016375,0.2701999684016375,0.0,0.2635017540459234,0.2635017540459234,0.0
bxaic__rings-max__gcn__seed123,bxaic,rings-max,gcn,123,gradinput,P01_checkpoint_rerun,0.1,recalibrated,90,90,0,297,0,277,0,0.0886628927646185,0.0886628927646185,0.0,0.9101407650316404,0.9101407650316404,0.0,0.2701999684016375,0.2701999684016375,0.0,0.2635017540459234,0.2635017540459234,0.0
bxaic__rings-max__gcn__seed123,bxaic,rings-max,gcn,123,gradinput,P01_checkpoint_rerun,0.2,fixed_historical_q,75,75,0,297,0,277,0,0.1888626817067882,0.1888626817067882,0.0,0.7587833363641833,0.7587833363641833,0.0,0.2869182071326192,0.2869182071326192,0.0,0.2682520101981523,0.2682520101981523,0.0
bxaic__rings-max__gcn__seed123,bxaic,rings-max,gcn,123,gradinput,P01_checkpoint_rerun,0.2,fixed_current_machine_q,75,75,0,297,0,277,0,0.1888626817067882,0.1888626817067882,0.0,0.7587833363641833,0.7587833363641833,0.0,0.2869182071326192,0.2869182071326192,0.0,0.2682520101981523,0.2682520101981523,0.0
bxaic__rings-max__gcn__seed123,bxaic,rings-max,gcn,123,gradinput,P01_checkpoint_rerun,0.2,recalibrated,75,75,0,297,0,277,0,0.1888626817067882,0.1888626817067882,0.0,0.7587833363641833,0.7587833363641833,0.0,0.2869182071326192,0.2869182071326192,0.0,0.2682520101981523,0.2682520101981523,0.0
bxaic__rings-max__gcn__seed123,bxaic,rings-max,gcn,123,atom_occlusion,P20_frozen_cache,0.05,fixed_historical_q,87,87,0,297,0,277,0,0.0375913129011339,0.0375913129011339,0.0,0.8831394062523956,0.8831394062523956,0.0,0.2916585266976696,0.2916585266976696,0.0,0.28763863443299,0.28763863443299,0.0
bxaic__rings-max__gcn__seed123,bxaic,rings-max,gcn,123,atom_occlusion,P20_frozen_cache,0.05,fixed_current_machine_q,87,87,0,297,0,277,0,0.0375913129011339,0.0375913129011339,0.0,0.8831394062523956,0.8831394062523956,0.0,0.2916585266976696,0.2916585266976696,0.0,0.28763863443299,0.28763863443299,0.0
bxaic__rings-max__gcn__seed123,bxaic,rings-max,gcn,123,atom_occlusion,P20_frozen_cache,0.05,recalibrated,87,87,0,297,0,277,0,0.0375913129011339,0.0375913129011339,0.0,0.8831394062523956,0.8831394062523956,0.0,0.2916585266976696,0.2916585266976696,0.0,0.28763863443299,0.28763863443299,0.0
bxaic__rings-max__gcn__seed123,bxaic,rings-max,gcn,123,atom_occlusion,P20_frozen_cache,0.1,fixed_historical_q,77,77,0,297,0,277,0,0.0767009328167971,0.0767009328167971,0.0,0.7824028583906255,0.7824028583906255,0.0,0.3153817441615488,0.3153817441615488,0.0,0.30706092063503,0.30706092063503,0.0
bxaic__rings-max__gcn__seed123,bxaic,rings-max,gcn,123,atom_occlusion,P20_frozen_cache,0.1,fixed_current_machine_q,77,77,0,297,0,277,0,0.0767009328167971,0.0767009328167971,0.0,0.7824028583906255,0.7824028583906255,0.0,0.3153817441615488,0.3153817441615488,0.0,0.30706092063503,0.30706092063503,0.0
bxaic__rings-max__gcn__seed123,bxaic,rings-max,gcn,123,atom_occlusion,P20_frozen_cache,0.1,recalibrated,77,77,0,297,0,277,0,0.0767009328167971,0.0767009328167971,0.0,0.7824028583906255,0.7824028583906255,0.0,0.3153817441615488,0.3153817441615488,0.0,0.30706092063503,0.30706092063503,0.0
bxaic__rings-max__gcn__seed123,bxaic,rings-max,gcn,123,atom_occlusion,P20_frozen_cache,0.2,fixed_historical_q,63,63,0,297,0,277,0,0.1675340096827924,0.1675340096827924,0.0,0.6425050116896911,0.6425050116896911,0.0,0.3461385930799328,0.3461385930799328,0.0,0.3260400154037362,0.3260400154037362,0.0
bxaic__rings-max__gcn__seed123,bxaic,rings-max,gcn,123,atom_occlusion,P20_frozen_cache,0.2,fixed_current_machine_q,63,63,0,297,0,277,0,0.1675340096827924,0.1675340096827924,0.0,0.6425050116896911,0.6425050116896911,0.0,0.3461385930799328,0.3461385930799328,0.0,0.3260400154037362,0.3260400154037362,0.0
bxaic__rings-max__gcn__seed123,bxaic,rings-max,gcn,123,atom_occlusion,P20_frozen_cache,0.2,recalibrated,63,63,0,297,0,277,0,0.1675340096827924,0.1675340096827924,0.0,0.6425050116896911,0.6425050116896911,0.0,0.3461385930799328,0.3461385930799328,0.0,0.3260400154037362,0.3260400154037362,0.0
bxaic__rings-max__gcn__seed123,bxaic,rings-max,gcn,123,saliency,P20_frozen_cache,0.05,fixed_historical_q,92,92,0,297,0,277,0,0.0442088978733969,0.0442088978733969,0.0,0.933100423119931,0.933100423119931,0.0,0.2760344648006489,0.2760344648006489,0.0,0.2728408861555343,0.2728408861555343,0.0
bxaic__rings-max__gcn__seed123,bxaic,rings-max,gcn,123,saliency,P20_frozen_cache,0.05,fixed_current_machine_q,92,92,0,297,0,277,0,0.0442088978733969,0.0442088978733969,0.0,0.933100423119931,0.933100423119931,0.0,0.2760344648006489,0.2760344648006489,0.0,0.2728408861555343,0.2728408861555343,0.0
bxaic__rings-max__gcn__seed123,bxaic,rings-max,gcn,123,saliency,P20_frozen_cache,0.05,recalibrated,92,92,0,297,0,277,0,0.0442088978733969,0.0442088978733969,0.0,0.933100423119931,0.933100423119931,0.0,0.2760344648006489,0.2760344648006489,0.0,0.2728408861555343,0.2728408861555343,0.0
bxaic__rings-max__gcn__seed123,bxaic,rings-max,gcn,123,saliency,P20_frozen_cache,0.1,fixed_historical_q,85,85,0,297,0,277,0,0.1022089656995758,0.1022089656995758,0.0,0.8615419215079451,0.8615419215079451,0.0,0.280457559295134,0.280457559295134,0.0,0.2726413752230454,0.2726413752230454,0.0
bxaic__rings-max__gcn__seed123,bxaic,rings-max,gcn,123,saliency,P20_frozen_cache,0.1,fixed_current_machine_q,85,85,0,297,0,277,0,0.1022089656995758,0.1022089656995758,0.0,0.8615419215079451,0.8615419215079451,0.0,0.280457559295134,0.280457559295134,0.0,0.2726413752230454,0.2726413752230454,0.0
bxaic__rings-max__gcn__seed123,bxaic,rings-max,gcn,123,saliency,P20_frozen_cache,0.1,recalibrated,85,85,0,297,0,277,0,0.1022089656995758,0.1022089656995758,0.0,0.8615419215079451,0.8615419215079451,0.0,0.280457559295134,0.280457559295134,0.0,0.2726413752230454,0.2726413752230454,0.0
bxaic__rings-max__gcn__seed123,bxaic,rings-max,gcn,123,saliency,P20_frozen_cache,0.2,fixed_historical_q,73,73,0,297,0,277,0,0.1979377990257853,0.1979377990257853,0.0,0.7431959531128983,0.7431959531128983,0.0,0.2888801777453076,0.2888801777453076,0.0,0.2725414611738457,0.2725414611738457,0.0
bxaic__rings-max__gcn__seed123,bxaic,rings-max,gcn,123,saliency,P20_frozen_cache,0.2,fixed_current_machine_q,73,73,0,297,0,277,0,0.1979377990257853,0.1979377990257853,0.0,0.7431959531128983,0.7431959531128983,0.0,0.2888801777453076,0.2888801777453076,0.0,0.2725414611738457,0.2725414611738457,0.0
bxaic__rings-max__gcn__seed123,bxaic,rings-max,gcn,123,saliency,P20_frozen_cache,0.2,recalibrated,73,73,0,297,0,277,0,0.1979377990257853,0.1979377990257853,0.0,0.7431959531128983,0.7431959531128983,0.0,0.2888801777453076,0.2888801777453076,0.0,0.2725414611738457,0.2725414611738457,0.0
bxaic__rings-max__gcn__seed2026,bxaic,rings-max,gcn,2026,ig,P01_checkpoint_rerun,0.05,fixed_historical_q,91,91,0,297,0,277,0,0.0377136953094196,0.0377136953094196,0.0,0.9234847698070427,0.9234847698070427,0.0,0.2798092648213022,0.2798092648213022,0.0,0.276407623045804,0.276407623045804,0.0
bxaic__rings-max__gcn__seed2026,bxaic,rings-max,gcn,2026,ig,P01_checkpoint_rerun,0.05,fixed_current_machine_q,91,91,0,297,0,277,0,0.0377136953094196,0.0377136953094196,0.0,0.9234847698070427,0.9234847698070427,0.0,0.2798092648213022,0.2798092648213022,0.0,0.276407623045804,0.276407623045804,0.0
bxaic__rings-max__gcn__seed2026,bxaic,rings-max,gcn,2026,ig,P01_checkpoint_rerun,0.05,recalibrated,91,91,0,297,0,277,0,0.0377136953094196,0.0377136953094196,0.0,0.9234847698070427,0.9234847698070427,0.0,0.2798092648213022,0.2798092648213022,0.0,0.276407623045804,0.276407623045804,0.0
bxaic__rings-max__gcn__seed2026,bxaic,rings-max,gcn,2026,ig,P01_checkpoint_rerun,0.1,fixed_historical_q,87,87,0,297,0,277,0,0.0837812893650214,0.0837812893650214,0.0,0.8831394062523956,0.8831394062523956,0.0,0.2782224786458661,0.2782224786458661,0.0,0.270942767853043,0.270942767853043,0.0
bxaic__rings-max__gcn__seed2026,bxaic,rings-max,gcn,2026,ig,P01_checkpoint_rerun,0.1,fixed_current_machine_q,87,87,0,297,0,277,0,0.0837812893650214,0.0837812893650214,0.0,0.8831394062523956,0.8831394062523956,0.0,0.2782224786458661,0.2782224786458661,0.0,0.270942767853043,0.270942767853043,0.0
bxaic__rings-max__gcn__seed2026,bxaic,rings-max,gcn,2026,ig,P01_checkpoint_rerun,0.1,recalibrated,87,87,0,297,0,277,0,0.0837812893650214,0.0837812893650214,0.0,0.8831394062523956,0.8831394062523956,0.0,0.2782224786458661,0.2782224786458661,0.0,0.270942767853043,0.270942767853043,0.0
bxaic__rings-max__gcn__seed2026,bxaic,rings-max,gcn,2026,ig,P01_checkpoint_rerun,0.2,fixed_historical_q,79,79,0,297,0,277,0,0.1812153724403335,0.1812153724403335,0.0,0.8031415724851438,0.8031415724851438,0.0,0.2728998756899081,0.2728998756899081,0.0,0.2569572068227833,0.2569572068227833,0.0
bxaic__rings-max__gcn__seed2026,bxaic,rings-max,gcn,2026,ig,P01_checkpoint_rerun,0.2,fixed_current_machine_q,79,79,0,297,0,277,0,0.1812153724403335,0.1812153724403335,0.0,0.8031415724851438,0.8031415724851438,0.0,0.2728998756899081,0.2728998756899081,0.0,0.2569572068227833,0.2569572068227833,0.0
bxaic__rings-max__gcn__seed2026,bxaic,rings-max,gcn,2026,ig,P01_checkpoint_rerun,0.2,recalibrated,79,79,0,297,0,277,0,0.1812153724403335,0.1812153724403335,0.0,0.8031415724851438,0.8031415724851438,0.0,0.2728998756899081,0.2728998756899081,0.0,0.2569572068227833,0.2569572068227833,0.0
bxaic__rings-max__gcn__seed2026,bxaic,rings-max,gcn,2026,gradinput,P01_checkpoint_rerun,0.05,fixed_historical_q,94,94,0,297,0,277,0,0.0417963666764611,0.0417963666764611,0.0,0.9522828292781328,0.9522828292781328,0.0,0.2708448823395943,0.2708448823395943,0.0,0.2674756030345646,0.2674756030345646,0.0
bxaic__rings-max__gcn__seed2026,bxaic,rings-max,gcn,2026,gradinput,P01_checkpoint_rerun,0.05,fixed_current_machine_q,94,94,0,297,0,277,0,0.0417963666764611,0.0417963666764611,0.0,0.9522828292781328,0.9522828292781328,0.0,0.2708448823395943,0.2708448823395943,0.0,0.2674756030345646,0.2674756030345646,0.0
bxaic__rings-max__gcn__seed2026,bxaic,rings-max,gcn,2026,gradinput,P01_checkpoint_rerun,0.05,recalibrated,94,94,0,297,0,277,0,0.0417963666764611,0.0417963666764611,0.0,0.9522828292781328,0.9522828292781328,0.0,0.2708448823395943,0.2708448823395943,0.0,0.2674756030345646,0.2674756030345646,0.0
bxaic__rings-max__gcn__seed2026,bxaic,rings-max,gcn,2026,gradinput,P01_checkpoint_rerun,0.1,fixed_historical_q,90,90,0,297,0,277,0,0.0889605242754415,0.0889605242754415,0.0,0.9101407650316404,0.9101407650316404,0.0,0.2691092508635425,0.2691092508635425,0.0,0.2619082784160795,0.2619082784160795,0.0
bxaic__rings-max__gcn__seed2026,bxaic,rings-max,gcn,2026,gradinput,P01_checkpoint_rerun,0.1,fixed_current_machine_q,90,90,0,297,0,277,0,0.0889605242754415,0.0889605242754415,0.0,0.9101407650316404,0.9101407650316404,0.0,0.2691092508635425,0.2691092508635425,0.0,0.2619082784160795,0.2619082784160795,0.0
bxaic__rings-max__gcn__seed2026,bxaic,rings-max,gcn,2026,gradinput,P01_checkpoint_rerun,0.1,recalibrated,90,90,0,297,0,277,0,0.0889605242754415,0.0889605242754415,0.0,0.9101407650316404,0.9101407650316404,0.0,0.2691092508635425,0.2691092508635425,0.0,0.2619082784160795,0.2619082784160795,0.0
bxaic__rings-max__gcn__seed2026,bxaic,rings-max,gcn,2026,gradinput,P01_checkpoint_rerun,0.2,fixed_historical_q,81,81,0,297,0,277,0,0.1864198298585481,0.1864198298585481,0.0,0.8221096957600584,0.8221096957600584,0.0,0.265075908089694,0.265075908089694,0.0,0.2492427911247469,0.2492427911247469,0.0
bxaic__rings-max__gcn__seed2026,bxaic,rings-max,gcn,2026,gradinput,P01_checkpoint_rerun,0.2,fixed_current_machine_q,81,81,0,297,0,277,0,0.1864198298585481,0.1864198298585481,0.0,0.8221096957600584,0.8221096957600584,0.0,0.265075908089694,0.265075908089694,0.0,0.2492427911247469,0.2492427911247469,0.0
bxaic__rings-max__gcn__seed2026,bxaic,rings-max,gcn,2026,gradinput,P01_checkpoint_rerun,0.2,recalibrated,81,81,0,297,0,277,0,0.1864198298585481,0.1864198298585481,0.0,0.8221096957600584,0.8221096957600584,0.0,0.265075908089694,0.265075908089694,0.0,0.2492427911247469,0.2492427911247469,0.0
bxaic__rings-max__gcn__seed2026,bxaic,rings-max,gcn,2026,atom_occlusion,P20_frozen_cache,0.05,fixed_historical_q,88,88,0,297,0,277,0,0.0399362214390331,0.0399362214390331,0.0,0.8925835780059945,0.8925835780059945,0.0,0.2889675881232775,0.2889675881232775,0.0,0.2852689868940309,0.2852689868940309,0.0
bxaic__rings-max__gcn__seed2026,bxaic,rings-max,gcn,2026,atom_occlusion,P20_frozen_cache,0.05,fixed_current_machine_q,88,88,0,297,0,277,0,0.0399362214390331,0.0399362214390331,0.0,0.8925835780059945,0.8925835780059945,0.0,0.2889675881232775,0.2889675881232775,0.0,0.2852689868940309,0.2852689868940309,0.0
bxaic__rings-max__gcn__seed2026,bxaic,rings-max,gcn,2026,atom_occlusion,P20_frozen_cache,0.05,recalibrated,88,88,0,297,0,277,0,0.0399362214390331,0.0399362214390331,0.0,0.8925835780059945,0.8925835780059945,0.0,0.2889675881232775,0.2889675881232775,0.0,0.2852689868940309,0.2852689868940309,0.0
bxaic__rings-max__gcn__seed2026,bxaic,rings-max,gcn,2026,atom_occlusion,P20_frozen_cache,0.1,fixed_historical_q,81,81,0,297,0,277,0,0.0713413781329335,0.0713413781329335,0.0,0.8221096957600584,0.8221096957600584,0.0,0.3030819192344294,0.3030819192344294,0.0,0.296261339514966,0.296261339514966,0.0
bxaic__rings-max__gcn__seed2026,bxaic,rings-max,gcn,2026,atom_occlusion,P20_frozen_cache,0.1,fixed_current_machine_q,81,81,0,297,0,277,0,0.0713413781329335,0.0713413781329335,0.0,0.8221096957600584,0.8221096957600584,0.0,0.3030819192344294,0.3030819192344294,0.0,0.296261339514966,0.296261339514966,0.0
bxaic__rings-max__gcn__seed2026,bxaic,rings-max,gcn,2026,atom_occlusion,P20_frozen_cache,0.1,recalibrated,81,81,0,297,0,277,0,0.0713413781329335,0.0713413781329335,0.0,0.8221096957600584,0.8221096957600584,0.0,0.3030819192344294,0.3030819192344294,0.0,0.296261339514966,0.296261339514966,0.0
bxaic__rings-max__gcn__seed2026,bxaic,rings-max,gcn,2026,atom_occlusion,P20_frozen_cache,0.2,fixed_historical_q,66,66,0,297,0,277,0,0.1559487869858945,0.1559487869858945,0.0,0.6732538741590821,0.6732538741590821,0.0,0.3345983710433101,0.3345983710433101,0.0,0.3168299049161683,0.3168299049161683,0.0
bxaic__rings-max__gcn__seed2026,bxaic,rings-max,gcn,2026,atom_occlusion,P20_frozen_cache,0.2,fixed_current_machine_q,66,66,0,297,0,277,0,0.1559487869858945,0.1559487869858945,0.0,0.6732538741590821,0.6732538741590821,0.0,0.3345983710433101,0.3345983710433101,0.0,0.3168299049161683,0.3168299049161683,0.0
bxaic__rings-max__gcn__seed2026,bxaic,rings-max,gcn,2026,atom_occlusion,P20_frozen_cache,0.2,recalibrated,66,66,0,297,0,277,0,0.1559487869858945,0.1559487869858945,0.0,0.6732538741590821,0.6732538741590821,0.0,0.3345983710433101,0.3345983710433101,0.0,0.3168299049161683,0.3168299049161683,0.0
bxaic__rings-max__gcn__seed2026,bxaic,rings-max,gcn,2026,saliency,P20_frozen_cache,0.05,fixed_historical_q,94,94,0,297,0,277,0,0.0528822472490998,0.0528822472490998,0.0,0.9522828292781328,0.9522828292781328,0.0,0.2681387393200583,0.2681387393200583,0.0,0.2641993780932419,0.2641993780932419,0.0
bxaic__rings-max__gcn__seed2026,bxaic,rings-max,gcn,2026,saliency,P20_frozen_cache,0.05,fixed_current_machine_q,94,94,0,297,0,277,0,0.0528822472490998,0.0528822472490998,0.0,0.9522828292781328,0.9522828292781328,0.0,0.2681387393200583,0.2681387393200583,0.0,0.2641993780932419,0.2641993780932419,0.0
bxaic__rings-max__gcn__seed2026,bxaic,rings-max,gcn,2026,saliency,P20_frozen_cache,0.05,recalibrated,94,94,0,297,0,277,0,0.0528822472490998,0.0528822472490998,0.0,0.9522828292781328,0.9522828292781328,0.0,0.2681387393200583,0.2681387393200583,0.0,0.2641993780932419,0.2641993780932419,0.0
bxaic__rings-max__gcn__seed2026,bxaic,rings-max,gcn,2026,saliency,P20_frozen_cache,0.1,fixed_historical_q,90,90,0,297,0,277,0,0.0943053792758557,0.0943053792758557,0.0,0.9101407650316404,0.9101407650316404,0.0,0.26846319545034,0.26846319545034,0.0,0.2616694981832106,0.2616694981832106,0.0
bxaic__rings-max__gcn__seed2026,bxaic,rings-max,gcn,2026,saliency,P20_frozen_cache,0.1,fixed_current_machine_q,90,90,0,297,0,277,0,0.0943053792758557,0.0943053792758557,0.0,0.9101407650316404,0.9101407650316404,0.0,0.26846319545034,0.26846319545034,0.0,0.2616694981832106,0.2616694981832106,0.0
bxaic__rings-max__gcn__seed2026,bxaic,rings-max,gcn,2026,saliency,P20_frozen_cache,0.1,recalibrated,90,90,0,297,0,277,0,0.0943053792758557,0.0943053792758557,0.0,0.9101407650316404,0.9101407650316404,0.0,0.26846319545034,0.26846319545034,0.0,0.2616694981832106,0.2616694981832106,0.0
bxaic__rings-max__gcn__seed2026,bxaic,rings-max,gcn,2026,saliency,P20_frozen_cache,0.2,fixed_historical_q,80,80,0,297,0,277,0,0.2151078567795715,0.2151078567795715,0.0,0.8103803802045467,0.8103803802045467,0.0,0.262442110182767,0.262442110182767,0.0,0.24713774707598,0.24713774707598,0.0
bxaic__rings-max__gcn__seed2026,bxaic,rings-max,gcn,2026,saliency,P20_frozen_cache,0.2,fixed_current_machine_q,80,80,0,297,0,277,0,0.2151078567795715,0.2151078567795715,0.0,0.8103803802045467,0.8103803802045467,0.0,0.262442110182767,0.262442110182767,0.0,0.24713774707598,0.24713774707598,0.0
bxaic__rings-max__gcn__seed2026,bxaic,rings-max,gcn,2026,saliency,P20_frozen_cache,0.2,recalibrated,80,80,0,297,0,277,0,0.2151078567795715,0.2151078567795715,0.0,0.8103803802045467,0.8103803802045467,0.0,0.262442110182767,0.262442110182767,0.0,0.24713774707598,0.24713774707598,0.0
bxaic__rings-max__gcn__seed42,bxaic,rings-max,gcn,42,ig,P01_checkpoint_rerun,0.05,fixed_historical_q,95,95,0,297,2,277,3,0.0502348858003401,0.0504508214305577,0.0002159356302175,0.9611511715338104,0.9610470337942936,-0.0001041377395168,0.2664129484777613,0.2663681510247583,-4.479745300306481e-05,0.2627029201335994,0.2626363082810458,-6.6611852553633e-05
bxaic__rings-max__gcn__seed42,bxaic,rings-max,gcn,42,ig,P01_checkpoint_rerun,0.05,fixed_current_machine_q,95,95,0,297,2,277,3,0.0502348858003401,0.0504508214305577,0.0002159356302175,0.9611511715338104,0.9610470337942936,-0.0001041377395168,0.2664129484777613,0.2663681510247583,-4.479745300306481e-05,0.2627029201335994,0.2626363082810458,-6.6611852553633e-05
bxaic__rings-max__gcn__seed42,bxaic,rings-max,gcn,42,ig,P01_checkpoint_rerun,0.05,recalibrated,95,95,0,297,2,277,3,0.0502348858003401,0.0504508214305577,0.0002159356302175,0.9611511715338104,0.9610470337942936,-0.0001041377395168,0.2664129484777613,0.2663681510247583,-4.479745300306481e-05,0.2627029201335994,0.2626363082810458,-6.6611852553633e-05
bxaic__rings-max__gcn__seed42,bxaic,rings-max,gcn,42,ig,P01_checkpoint_rerun,0.1,fixed_historical_q,92,92,0,297,0,277,0,0.0874985845798143,0.0874985845798143,0.0,0.933100423119931,0.933100423119931,0.0,0.2637204207080502,0.2637204207080502,0.0,0.2573218213892818,0.2573218213892818,0.0
bxaic__rings-max__gcn__seed42,bxaic,rings-max,gcn,42,ig,P01_checkpoint_rerun,0.1,fixed_current_machine_q,92,92,0,297,0,277,0,0.0874985845798143,0.0874985845798143,0.0,0.933100423119931,0.933100423119931,0.0,0.2637204207080502,0.2637204207080502,0.0,0.2573218213892818,0.2573218213892818,0.0
bxaic__rings-max__gcn__seed42,bxaic,rings-max,gcn,42,ig,P01_checkpoint_rerun,0.1,recalibrated,92,92,0,297,0,277,0,0.0874985845798143,0.0874985845798143,0.0,0.933100423119931,0.933100423119931,0.0,0.2637204207080502,0.2637204207080502,0.0,0.2573218213892818,0.2573218213892818,0.0
bxaic__rings-max__gcn__seed42,bxaic,rings-max,gcn,42,ig,P01_checkpoint_rerun,0.2,fixed_historical_q,75,75,0,297,0,277,0,0.1980430805411497,0.1980430805411497,0.0,0.7587833363641833,0.7587833363641833,0.0,0.2850041212999806,0.2850041212999806,0.0,0.266631382516981,0.266631382516981,0.0
bxaic__rings-max__gcn__seed42,bxaic,rings-max,gcn,42,ig,P01_checkpoint_rerun,0.2,fixed_current_machine_q,75,75,0,297,0,277,0,0.1980430805411497,0.1980430805411497,0.0,0.7587833363641833,0.7587833363641833,0.0,0.2850041212999806,0.2850041212999806,0.0,0.266631382516981,0.266631382516981,0.0
bxaic__rings-max__gcn__seed42,bxaic,rings-max,gcn,42,ig,P01_checkpoint_rerun,0.2,recalibrated,75,75,0,297,0,277,0,0.1980430805411497,0.1980430805411497,0.0,0.7587833363641833,0.7587833363641833,0.0,0.2850041212999806,0.2850041212999806,0.0,0.266631382516981,0.266631382516981,0.0
bxaic__rings-max__gcn__seed42,bxaic,rings-max,gcn,42,gradinput,P01_checkpoint_rerun,0.05,fixed_historical_q,94,94,0,297,0,277,0,0.0462868663506219,0.0462868663506219,0.0,0.9522828292781328,0.9522828292781328,0.0,0.2701421267279569,0.2701421267279569,0.0,0.2666433972284622,0.2666433972284622,0.0
bxaic__rings-max__gcn__seed42,bxaic,rings-max,gcn,42,gradinput,P01_checkpoint_rerun,0.05,fixed_current_machine_q,94,94,0,297,0,277,0,0.0462868663506219,0.0462868663506219,0.0,0.9522828292781328,0.9522828292781328,0.0,0.2701421267279569,0.2701421267279569,0.0,0.2666433972284622,0.2666433972284622,0.0
bxaic__rings-max__gcn__seed42,bxaic,rings-max,gcn,42,gradinput,P01_checkpoint_rerun,0.05,recalibrated,94,94,0,297,0,277,0,0.0462868663506219,0.0462868663506219,0.0,0.9522828292781328,0.9522828292781328,0.0,0.2701421267279569,0.2701421267279569,0.0,0.2666433972284622,0.2666433972284622,0.0
bxaic__rings-max__gcn__seed42,bxaic,rings-max,gcn,42,gradinput,P01_checkpoint_rerun,0.1,fixed_historical_q,90,90,0,297,0,277,0,0.0947591888279505,0.0947591888279505,0.0,0.9101407650316404,0.9101407650316404,0.0,0.2677675651987029,0.2677675651987029,0.0,0.260318872508283,0.260318872508283,0.0
bxaic__rings-max__gcn__seed42,bxaic,rings-max,gcn,42,gradinput,P01_checkpoint_rerun,0.1,fixed_current_machine_q,90,90,0,297,0,277,0,0.0947591888279505,0.0947591888279505,0.0,0.9101407650316404,0.9101407650316404,0.0,0.2677675651987029,0.2677675651987029,0.0,0.260318872508283,0.260318872508283,0.0
bxaic__rings-max__gcn__seed42,bxaic,rings-max,gcn,42,gradinput,P01_checkpoint_rerun,0.1,recalibrated,90,90,0,297,0,277,0,0.0947591888279505,0.0947591888279505,0.0,0.9101407650316404,0.9101407650316404,0.0,0.2677675651987029,0.2677675651987029,0.0,0.260318872508283,0.260318872508283,0.0
bxaic__rings-max__gcn__seed42,bxaic,rings-max,gcn,42,gradinput,P01_checkpoint_rerun,0.2,fixed_historical_q,79,79,0,297,0,277,0,0.1823665578565831,0.1823665578565831,0.0,0.8031415724851438,0.8031415724851438,0.0,0.2738162937968594,0.2738162937968594,0.0,0.2579440746697802,0.2579440746697802,0.0
bxaic__rings-max__gcn__seed42,bxaic,rings-max,gcn,42,gradinput,P01_checkpoint_rerun,0.2,fixed_current_machine_q,79,79,0,297,0,277,0,0.1823665578565831,0.1823665578565831,0.0,0.8031415724851438,0.8031415724851438,0.0,0.2738162937968594,0.2738162937968594,0.0,0.2579440746697802,0.2579440746697802,0.0
bxaic__rings-max__gcn__seed42,bxaic,rings-max,gcn,42,gradinput,P01_checkpoint_rerun,0.2,recalibrated,79,79,0,297,0,277,0,0.1823665578565831,0.1823665578565831,0.0,0.8031415724851438,0.8031415724851438,0.0,0.2738162937968594,0.2738162937968594,0.0,0.2579440746697802,0.2579440746697802,0.0
bxaic__rings-max__gcn__seed42,bxaic,rings-max,gcn,42,atom_occlusion,P20_frozen_cache,0.05,fixed_historical_q,86,86,0,297,0,277,0,0.034665292699312,0.034665292699312,0.0,0.8718650583306669,0.8718650583306669,0.0,0.2969464623953577,0.2969464623953577,0.0,0.2933072663744553,0.2933072663744553,0.0
bxaic__rings-max__gcn__seed42,bxaic,rings-max,gcn,42,atom_occlusion,P20_frozen_cache,0.05,fixed_current_machine_q,86,86,0,297,0,277,0,0.034665292699312,0.034665292699312,0.0,0.8718650583306669,0.8718650583306669,0.0,0.2969464623953577,0.2969464623953577,0.0,0.2933072663744553,0.2933072663744553,0.0
bxaic__rings-max__gcn__seed42,bxaic,rings-max,gcn,42,atom_occlusion,P20_frozen_cache,0.05,recalibrated,86,86,0,297,0,277,0,0.034665292699312,0.034665292699312,0.0,0.8718650583306669,0.8718650583306669,0.0,0.2969464623953577,0.2969464623953577,0.0,0.2933072663744553,0.2933072663744553,0.0
bxaic__rings-max__gcn__seed42,bxaic,rings-max,gcn,42,atom_occlusion,P20_frozen_cache,0.1,fixed_historical_q,77,77,0,297,0,277,0,0.0799261677812091,0.0799261677812091,0.0,0.7824028583906255,0.7824028583906255,0.0,0.3144729226208186,0.3144729226208186,0.0,0.3057347253486653,0.3057347253486653,0.0
bxaic__rings-max__gcn__seed42,bxaic,rings-max,gcn,42,atom_occlusion,P20_frozen_cache,0.1,fixed_current_machine_q,77,77,0,297,0,277,0,0.0799261677812091,0.0799261677812091,0.0,0.7824028583906255,0.7824028583906255,0.0,0.3144729226208186,0.3144729226208186,0.0,0.3057347253486653,0.3057347253486653,0.0
bxaic__rings-max__gcn__seed42,bxaic,rings-max,gcn,42,atom_occlusion,P20_frozen_cache,0.1,recalibrated,77,77,0,297,0,277,0,0.0799261677812091,0.0799261677812091,0.0,0.7824028583906255,0.7824028583906255,0.0,0.3144729226208186,0.3144729226208186,0.0,0.3057347253486653,0.3057347253486653,0.0
bxaic__rings-max__gcn__seed42,bxaic,rings-max,gcn,42,atom_occlusion,P20_frozen_cache,0.2,fixed_historical_q,61,61,0,297,0,277,0,0.1640646176939323,0.1640646176939323,0.0,0.6232921475008869,0.6232921475008869,0.0,0.3570116333060037,0.3570116333060037,0.0,0.3365785926462178,0.3365785926462178,0.0
bxaic__rings-max__gcn__seed42,bxaic,rings-max,gcn,42,atom_occlusion,P20_frozen_cache,0.2,fixed_current_machine_q,61,61,0,297,0,277,0,0.1640646176939323,0.1640646176939323,0.0,0.6232921475008869,0.6232921475008869,0.0,0.3570116333060037,0.3570116333060037,0.0,0.3365785926462178,0.3365785926462178,0.0
bxaic__rings-max__gcn__seed42,bxaic,rings-max,gcn,42,atom_occlusion,P20_frozen_cache,0.2,recalibrated,61,61,0,297,0,277,0,0.1640646176939323,0.1640646176939323,0.0,0.6232921475008869,0.6232921475008869,0.0,0.3570116333060037,0.3570116333060037,0.0,0.3365785926462178,0.3365785926462178,0.0
bxaic__rings-max__gcn__seed42,bxaic,rings-max,gcn,42,saliency,P20_frozen_cache,0.05,fixed_historical_q,95,95,0,297,2,277,3,0.0526129371112499,0.0526129371112499,0.0,0.9611511715338104,0.9610470337942936,-0.0001041377395168,0.26720808389224,0.2672443847538362,3.630086159617241e-05,0.2641127188508828,0.2641490197124789,3.630086159617241e-05
bxaic__rings-max__gcn__seed42,bxaic,rings-max,gcn,42,saliency,P20_frozen_cache,0.05,fixed_current_machine_q,95,95,0,297,2,277,3,0.0526129371112499,0.0526129371112499,0.0,0.9611511715338104,0.9610470337942936,-0.0001041377395168,0.26720808389224,0.2672443847538362,3.630086159617241e-05,0.2641127188508828,0.2641490197124789,3.630086159617241e-05
bxaic__rings-max__gcn__seed42,bxaic,rings-max,gcn,42,saliency,P20_frozen_cache,0.05,recalibrated,95,95,0,297,2,277,3,0.0526129371112499,0.0526129371112499,0.0,0.9611511715338104,0.9610470337942936,-0.0001041377395168,0.26720808389224,0.2672443847538362,3.630086159617241e-05,0.2641127188508828,0.2641490197124789,3.630086159617241e-05
bxaic__rings-max__gcn__seed42,bxaic,rings-max,gcn,42,saliency,P20_frozen_cache,0.1,fixed_historical_q,91,91,0,297,0,277,0,0.1028463037671248,0.1028463037671248,0.0,0.9234847698070427,0.9234847698070427,0.0,0.2648879059358017,0.2648879059358017,0.0,0.2589088643645602,0.2589088643645602,0.0
bxaic__rings-max__gcn__seed42,bxaic,rings-max,gcn,42,saliency,P20_frozen_cache,0.1,fixed_current_machine_q,91,91,0,297,0,277,0,0.1028463037671248,0.1028463037671248,0.0,0.9234847698070427,0.9234847698070427,0.0,0.2648879059358017,0.2648879059358017,0.0,0.2589088643645602,0.2589088643645602,0.0
bxaic__rings-max__gcn__seed42,bxaic,rings-max,gcn,42,saliency,P20_frozen_cache,0.1,recalibrated,91,91,0,297,0,277,0,0.1028463037671248,0.1028463037671248,0.0,0.9234847698070427,0.9234847698070427,0.0,0.2648879059358017,0.2648879059358017,0.0,0.2589088643645602,0.2589088643645602,0.0
bxaic__rings-max__gcn__seed42,bxaic,rings-max,gcn,42,saliency,P20_frozen_cache,0.2,fixed_historical_q,82,82,0,297,1,277,1,0.1981820218782507,0.1981820218782507,0.0,0.832134641666069,0.8321105742773807,-2.4067388688320257e-05,0.2638212284203945,0.2638316431047208,1.0414684326220948e-05,0.251255278072693,0.2512646054223901,9.327349697163534e-06
bxaic__rings-max__gcn__seed42,bxaic,rings-max,gcn,42,saliency,P20_frozen_cache,0.2,fixed_current_machine_q,82,82,0,297,1,277,1,0.1981820218782507,0.1981820218782507,0.0,0.832134641666069,0.8321105742773807,-2.4067388688320257e-05,0.2638212284203945,0.2638316431047208,1.0414684326220948e-05,0.251255278072693,0.2512646054223901,9.327349697163534e-06
bxaic__rings-max__gcn__seed42,bxaic,rings-max,gcn,42,saliency,P20_frozen_cache,0.2,recalibrated,82,82,0,297,1,277,1,0.1981820218782507,0.1981820218782507,0.0,0.832134641666069,0.8321105742773807,-2.4067388688320257e-05,0.2638212284203945,0.2638316431047208,1.0414684326220948e-05,0.251255278072693,0.2512646054223901,9.327349697163534e-06
bxaic__rings-max__gin__seed123,bxaic,rings-max,gin,123,ig,P01_checkpoint_rerun,0.05,fixed_historical_q,96,96,0,297,0,277,0,0.0451529640086547,0.0451529640086547,0.0,0.972684011786404,0.972684011786404,0.0,0.2653111043016897,0.2653111043016897,0.0,0.2624561592030328,0.2624561592030328,0.0
bxaic__rings-max__gin__seed123,bxaic,rings-max,gin,123,ig,P01_checkpoint_rerun,0.05,fixed_current_machine_q,96,96,0,297,0,277,0,0.0451529640086547,0.0451529640086547,0.0,0.972684011786404,0.972684011786404,0.0,0.2653111043016897,0.2653111043016897,0.0,0.2624561592030328,0.2624561592030328,0.0
bxaic__rings-max__gin__seed123,bxaic,rings-max,gin,123,ig,P01_checkpoint_rerun,0.05,recalibrated,96,96,0,297,0,277,0,0.0451529640086547,0.0451529640086547,0.0,0.972684011786404,0.972684011786404,0.0,0.2653111043016897,0.2653111043016897,0.0,0.2624561592030328,0.2624561592030328,0.0
bxaic__rings-max__gin__seed123,bxaic,rings-max,gin,123,ig,P01_checkpoint_rerun,0.1,fixed_historical_q,93,93,0,297,0,277,0,0.0976589238473057,0.0976589238473057,0.0,0.9416332553306374,0.9416332553306374,0.0,0.258762203436264,0.258762203436264,0.0,0.2517864121655203,0.2517864121655203,0.0
bxaic__rings-max__gin__seed123,bxaic,rings-max,gin,123,ig,P01_checkpoint_rerun,0.1,fixed_current_machine_q,93,93,0,297,0,277,0,0.0976589238473057,0.0976589238473057,0.0,0.9416332553306374,0.9416332553306374,0.0,0.258762203436264,0.258762203436264,0.0,0.2517864121655203,0.2517864121655203,0.0
bxaic__rings-max__gin__seed123,bxaic,rings-max,gin,123,ig,P01_checkpoint_rerun,0.1,recalibrated,93,93,0,297,0,277,0,0.0976589238473057,0.0976589238473057,0.0,0.9416332553306374,0.9416332553306374,0.0,0.258762203436264,0.258762203436264,0.0,0.2517864121655203,0.2517864121655203,0.0
bxaic__rings-max__gin__seed123,bxaic,rings-max,gin,123,ig,P01_checkpoint_rerun,0.2,fixed_historical_q,81,81,0,297,0,277,0,0.1980217375125353,0.1980217375125353,0.0,0.8221096957600584,0.8221096957600584,0.0,0.2627943407722141,0.2627943407722141,0.0,0.2467410249021258,0.2467410249021258,0.0
bxaic__rings-max__gin__seed123,bxaic,rings-max,gin,123,ig,P01_checkpoint_rerun,0.2,fixed_current_machine_q,81,81,0,297,0,277,0,0.1980217375125353,0.1980217375125353,0.0,0.8221096957600584,0.8221096957600584,0.0,0.2627943407722141,0.2627943407722141,0.0,0.2467410249021258,0.2467410249021258,0.0
bxaic__rings-max__gin__seed123,bxaic,rings-max,gin,123,ig,P01_checkpoint_rerun,0.2,recalibrated,81,81,0,297,0,277,0,0.1980217375125353,0.1980217375125353,0.0,0.8221096957600584,0.8221096957600584,0.0,0.2627943407722141,0.2627943407722141,0.0,0.2467410249021258,0.2467410249021258,0.0
bxaic__rings-max__gin__seed123,bxaic,rings-max,gin,123,gradinput,P01_checkpoint_rerun,0.05,fixed_historical_q,95,95,0,297,2,277,3,0.0506642639528285,0.0507807190593849,0.0001164551065564,0.9611511715338104,0.9610470337942936,-0.0001041377395168,0.2659329817188579,0.2659372217236379,4.240004779998419e-06,0.2620338552039697,0.2620303047997149,-3.550404254870632e-06
bxaic__rings-max__gin__seed123,bxaic,rings-max,gin,123,gradinput,P01_checkpoint_rerun,0.05,fixed_current_machine_q,95,95,0,297,2,277,3,0.0506642639528285,0.0507807190593849,0.0001164551065564,0.9611511715338104,0.9610470337942936,-0.0001041377395168,0.2659329817188579,0.2659372217236379,4.240004779998419e-06,0.2620338552039697,0.2620303047997149,-3.550404254870632e-06
bxaic__rings-max__gin__seed123,bxaic,rings-max,gin,123,gradinput,P01_checkpoint_rerun,0.05,recalibrated,95,95,0,297,2,277,3,0.0506642639528285,0.0507807190593849,0.0001164551065564,0.9611511715338104,0.9610470337942936,-0.0001041377395168,0.2659329817188579,0.2659372217236379,4.240004779998419e-06,0.2620338552039697,0.2620303047997149,-3.550404254870632e-06
bxaic__rings-max__gin__seed123,bxaic,rings-max,gin,123,gradinput,P01_checkpoint_rerun,0.1,fixed_historical_q,91,91,0,297,0,277,0,0.0971703556572488,0.0971703556572488,0.0,0.9234847698070427,0.9234847698070427,0.0,0.2629437681963417,0.2629437681963417,0.0,0.2558072003850143,0.2558072003850143,0.0
bxaic__rings-max__gin__seed123,bxaic,rings-max,gin,123,gradinput,P01_checkpoint_rerun,0.1,fixed_current_machine_q,91,91,0,297,0,277,0,0.0971703556572488,0.0971703556572488,0.0,0.9234847698070427,0.9234847698070427,0.0,0.2629437681963417,0.2629437681963417,0.0,0.2558072003850143,0.2558072003850143,0.0
bxaic__rings-max__gin__seed123,bxaic,rings-max,gin,123,gradinput,P01_checkpoint_rerun,0.1,recalibrated,91,91,0,297,0,277,0,0.0971703556572488,0.0971703556572488,0.0,0.9234847698070427,0.9234847698070427,0.0,0.2629437681963417,0.2629437681963417,0.0,0.2558072003850143,0.2558072003850143,0.0
bxaic__rings-max__gin__seed123,bxaic,rings-max,gin,123,gradinput,P01_checkpoint_rerun,0.2,fixed_historical_q,79,79,0,297,0,277,0,0.21277677626085,0.21277677626085,0.0,0.8031415724851438,0.8031415724851438,0.0,0.2638894983929084,0.2638894983929084,0.0,0.2478147140882713,0.2478147140882713,0.0
bxaic__rings-max__gin__seed123,bxaic,rings-max,gin,123,gradinput,P01_checkpoint_rerun,0.2,fixed_current_machine_q,79,79,0,297,0,277,0,0.21277677626085,0.21277677626085,0.0,0.8031415724851438,0.8031415724851438,0.0,0.2638894983929084,0.2638894983929084,0.0,0.2478147140882713,0.2478147140882713,0.0
bxaic__rings-max__gin__seed123,bxaic,rings-max,gin,123,gradinput,P01_checkpoint_rerun,0.2,recalibrated,79,79,0,297,0,277,0,0.21277677626085,0.21277677626085,0.0,0.8031415724851438,0.8031415724851438,0.0,0.2638894983929084,0.2638894983929084,0.0,0.2478147140882713,0.2478147140882713,0.0
bxaic__rings-max__gin__seed123,bxaic,rings-max,gin,123,atom_occlusion,P20_frozen_cache,0.05,fixed_historical_q,86,86,0,297,0,277,0,0.0460176091711163,0.0460176091711163,0.0,0.8718650583306669,0.8718650583306669,0.0,0.2944358226199681,0.2944358226199681,0.0,0.2903368174105545,0.2903368174105545,0.0
bxaic__rings-max__gin__seed123,bxaic,rings-max,gin,123,atom_occlusion,P20_frozen_cache,0.05,fixed_current_machine_q,86,86,0,297,0,277,0,0.0460176091711163,0.0460176091711163,0.0,0.8718650583306669,0.8718650583306669,0.0,0.2944358226199681,0.2944358226199681,0.0,0.2903368174105545,0.2903368174105545,0.0
bxaic__rings-max__gin__seed123,bxaic,rings-max,gin,123,atom_occlusion,P20_frozen_cache,0.05,recalibrated,86,86,0,297,0,277,0,0.0460176091711163,0.0460176091711163,0.0,0.8718650583306669,0.8718650583306669,0.0,0.2944358226199681,0.2944358226199681,0.0,0.2903368174105545,0.2903368174105545,0.0
bxaic__rings-max__gin__seed123,bxaic,rings-max,gin,123,atom_occlusion,P20_frozen_cache,0.1,fixed_historical_q,74,74,0,297,0,277,0,0.089833425501603,0.089833425501603,0.0,0.7529948994520317,0.7529948994520317,0.0,0.3254572059470787,0.3254572059470787,0.0,0.3160996861776153,0.3160996861776153,0.0
bxaic__rings-max__gin__seed123,bxaic,rings-max,gin,123,atom_occlusion,P20_frozen_cache,0.1,fixed_current_machine_q,74,74,0,297,0,277,0,0.089833425501603,0.089833425501603,0.0,0.7529948994520317,0.7529948994520317,0.0,0.3254572059470787,0.3254572059470787,0.0,0.3160996861776153,0.3160996861776153,0.0
bxaic__rings-max__gin__seed123,bxaic,rings-max,gin,123,atom_occlusion,P20_frozen_cache,0.1,recalibrated,74,74,0,297,0,277,0,0.089833425501603,0.089833425501603,0.0,0.7529948994520317,0.7529948994520317,0.0,0.3254572059470787,0.3254572059470787,0.0,0.3160996861776153,0.3160996861776153,0.0
bxaic__rings-max__gin__seed123,bxaic,rings-max,gin,123,atom_occlusion,P20_frozen_cache,0.2,fixed_historical_q,56,56,0,297,14,277,8,0.1998419005409903,0.1998419005409903,0.0,0.5725357786729879,0.5718498580953707,-0.0006859205776171,0.374692686206298,0.3751347578488965,0.0004420716425985,0.3438247537593142,0.3441883617116554,0.0003636079523411
bxaic__rings-max__gin__seed123,bxaic,rings-max,gin,123,atom_occlusion,P20_frozen_cache,0.2,fixed_current_machine_q,56,56,0,297,14,277,8,0.1998419005409903,0.1998419005409903,0.0,0.5725357786729879,0.5718498580953707,-0.0006859205776171,0.374692686206298,0.3751347578488965,0.0004420716425985,0.3438247537593142,0.3441883617116554,0.0003636079523411
bxaic__rings-max__gin__seed123,bxaic,rings-max,gin,123,atom_occlusion,P20_frozen_cache,0.2,recalibrated,56,56,0,297,14,277,8,0.1998419005409903,0.1998419005409903,0.0,0.5725357786729879,0.5718498580953707,-0.0006859205776171,0.374692686206298,0.3751347578488965,0.0004420716425985,0.3438247537593142,0.3441883617116554,0.0003636079523411
bxaic__rings-max__gin__seed123,bxaic,rings-max,gin,123,saliency,P20_frozen_cache,0.05,fixed_historical_q,82,82,0,297,1,277,1,0.0477717515882785,0.0477717515882785,0.0,0.832134641666069,0.8321105742773807,-2.4067388688320257e-05,0.307348901639336,0.3073609732052595,1.2071565923532646e-05,0.3026760669432065,0.3026881385091301,1.2071565923588157e-05
bxaic__rings-max__gin__seed123,bxaic,rings-max,gin,123,saliency,P20_frozen_cache,0.05,fixed_current_machine_q,82,82,0,297,1,277,1,0.0477717515882785,0.0477717515882785,0.0,0.832134641666069,0.8321105742773807,-2.4067388688320257e-05,0.307348901639336,0.3073609732052595,1.2071565923532646e-05,0.3026760669432065,0.3026881385091301,1.2071565923588157e-05
bxaic__rings-max__gin__seed123,bxaic,rings-max,gin,123,saliency,P20_frozen_cache,0.05,recalibrated,82,82,0,297,1,277,1,0.0477717515882785,0.0477717515882785,0.0,0.832134641666069,0.8321105742773807,-2.4067388688320257e-05,0.307348901639336,0.3073609732052595,1.2071565923532646e-05,0.3026760669432065,0.3026881385091301,1.2071565923588157e-05
bxaic__rings-max__gin__seed123,bxaic,rings-max,gin,123,saliency,P20_frozen_cache,0.1,fixed_historical_q,75,75,0,297,0,277,0,0.097604490278025,0.097604490278025,0.0,0.7587833363641833,0.7587833363641833,0.0,0.3196649749799715,0.3196649749799715,0.0,0.3098137683911686,0.3098137683911686,0.0
bxaic__rings-max__gin__seed123,bxaic,rings-max,gin,123,saliency,P20_frozen_cache,0.1,fixed_current_machine_q,75,75,0,297,0,277,0,0.097604490278025,0.097604490278025,0.0,0.7587833363641833,0.7587833363641833,0.0,0.3196649749799715,0.3196649749799715,0.0,0.3098137683911686,0.3098137683911686,0.0
bxaic__rings-max__gin__seed123,bxaic,rings-max,gin,123,saliency,P20_frozen_cache,0.1,recalibrated,75,75,0,297,0,277,0,0.097604490278025,0.097604490278025,0.0,0.7587833363641833,0.7587833363641833,0.0,0.3196649749799715,0.3196649749799715,0.0,0.3098137683911686,0.3098137683911686,0.0
bxaic__rings-max__gin__seed123,bxaic,rings-max,gin,123,saliency,P20_frozen_cache,0.2,fixed_historical_q,63,63,0,297,0,277,0,0.1919163027816937,0.1919163027816937,0.0,0.6425050116896911,0.6425050116896911,0.0,0.337868627905436,0.337868627905436,0.0,0.3153020165586085,0.3153020165586085,0.0
bxaic__rings-max__gin__seed123,bxaic,rings-max,gin,123,saliency,P20_frozen_cache,0.2,fixed_current_machine_q,63,63,0,297,0,277,0,0.1919163027816937,0.1919163027816937,0.0,0.6425050116896911,0.6425050116896911,0.0,0.337868627905436,0.337868627905436,0.0,0.3153020165586085,0.3153020165586085,0.0
bxaic__rings-max__gin__seed123,bxaic,rings-max,gin,123,saliency,P20_frozen_cache,0.2,recalibrated,63,63,0,297,0,277,0,0.1919163027816937,0.1919163027816937,0.0,0.6425050116896911,0.6425050116896911,0.0,0.337868627905436,0.337868627905436,0.0,0.3153020165586085,0.3153020165586085,0.0
bxaic__rings-max__gin__seed2026,bxaic,rings-max,gin,2026,ig,P01_checkpoint_rerun,0.05,fixed_historical_q,95,95,0,297,2,277,3,0.0357791324376755,0.0361115231744495,0.0003323907367739,0.9611511715338104,0.9610470337942936,-0.0001041377395168,0.2699878435753073,0.2699141325236069,-7.371105170045356e-05,0.2671090880696289,0.2670012827665043,-0.0001078053031246
bxaic__rings-max__gin__seed2026,bxaic,rings-max,gin,2026,ig,P01_checkpoint_rerun,0.05,fixed_current_machine_q,95,95,0,297,2,277,3,0.0357791324376755,0.0361115231744495,0.0003323907367739,0.9611511715338104,0.9610470337942936,-0.0001041377395168,0.2699878435753073,0.2699141325236069,-7.371105170045356e-05,0.2671090880696289,0.2670012827665043,-0.0001078053031246
bxaic__rings-max__gin__seed2026,bxaic,rings-max,gin,2026,ig,P01_checkpoint_rerun,0.05,recalibrated,95,95,0,297,2,277,3,0.0357791324376755,0.0361115231744495,0.0003323907367739,0.9611511715338104,0.9610470337942936,-0.0001041377395168,0.2699878435753073,0.2699141325236069,-7.371105170045356e-05,0.2671090880696289,0.2670012827665043,-0.0001078053031246
bxaic__rings-max__gin__seed2026,bxaic,rings-max,gin,2026,ig,P01_checkpoint_rerun,0.1,fixed_historical_q,91,91,0,297,0,277,0,0.0885167967924273,0.0885167967924273,0.0,0.9234847698070427,0.9234847698070427,0.0,0.2658443098954486,0.2658443098954486,0.0,0.2592408555449087,0.2592408555449087,0.0
bxaic__rings-max__gin__seed2026,bxaic,rings-max,gin,2026,ig,P01_checkpoint_rerun,0.1,fixed_current_machine_q,91,91,0,297,0,277,0,0.0885167967924273,0.0885167967924273,0.0,0.9234847698070427,0.9234847698070427,0.0,0.2658443098954486,0.2658443098954486,0.0,0.2592408555449087,0.2592408555449087,0.0
bxaic__rings-max__gin__seed2026,bxaic,rings-max,gin,2026,ig,P01_checkpoint_rerun,0.1,recalibrated,91,91,0,297,0,277,0,0.0885167967924273,0.0885167967924273,0.0,0.9234847698070427,0.9234847698070427,0.0,0.2658443098954486,0.2658443098954486,0.0,0.2592408555449087,0.2592408555449087,0.0
bxaic__rings-max__gin__seed2026,bxaic,rings-max,gin,2026,ig,P01_checkpoint_rerun,0.2,fixed_historical_q,83,83,0,297,0,277,0,0.1888401641330677,0.1888401641330677,0.0,0.8434071213985642,0.8434071213985642,0.0,0.2586423362373919,0.2586423362373919,0.0,0.2443339884141044,0.2443339884141044,0.0
bxaic__rings-max__gin__seed2026,bxaic,rings-max,gin,2026,ig,P01_checkpoint_rerun,0.2,fixed_current_machine_q,83,83,0,297,0,277,0,0.1888401641330677,0.1888401641330677,0.0,0.8434071213985642,0.8434071213985642,0.0,0.2586423362373919,0.2586423362373919,0.0,0.2443339884141044,0.2443339884141044,0.0
bxaic__rings-max__gin__seed2026,bxaic,rings-max,gin,2026,ig,P01_checkpoint_rerun,0.2,recalibrated,83,83,0,297,0,277,0,0.1888401641330677,0.1888401641330677,0.0,0.8434071213985642,0.8434071213985642,0.0,0.2586423362373919,0.2586423362373919,0.0,0.2443339884141044,0.2443339884141044,0.0
bxaic__rings-max__gin__seed2026,bxaic,rings-max,gin,2026,gradinput,P01_checkpoint_rerun,0.05,fixed_historical_q,96,96,0,297,0,277,0,0.0358188390547792,0.0358188390547792,0.0,0.972684011786404,0.972684011786404,0.0,0.2672739649482167,0.2672739649482167,0.0,0.264829731471355,0.264829731471355,0.0
bxaic__rings-max__gin__seed2026,bxaic,rings-max,gin,2026,gradinput,P01_checkpoint_rerun,0.05,fixed_current_machine_q,96,96,0,297,0,277,0,0.0358188390547792,0.0358188390547792,0.0,0.972684011786404,0.972684011786404,0.0,0.2672739649482167,0.2672739649482167,0.0,0.264829731471355,0.264829731471355,0.0
bxaic__rings-max__gin__seed2026,bxaic,rings-max,gin,2026,gradinput,P01_checkpoint_rerun,0.05,recalibrated,96,96,0,297,0,277,0,0.0358188390547792,0.0358188390547792,0.0,0.972684011786404,0.972684011786404,0.0,0.2672739649482167,0.2672739649482167,0.0,0.264829731471355,0.264829731471355,0.0
bxaic__rings-max__gin__seed2026,bxaic,rings-max,gin,2026,gradinput,P01_checkpoint_rerun,0.1,fixed_historical_q,92,92,0,297,0,277,0,0.0883316423615616,0.0883316423615616,0.0,0.933100423119931,0.933100423119931,0.0,0.2640773686291315,0.2640773686291315,0.0,0.2579304585890513,0.2579304585890513,0.0
bxaic__rings-max__gin__seed2026,bxaic,rings-max,gin,2026,gradinput,P01_checkpoint_rerun,0.1,fixed_current_machine_q,92,92,0,297,0,277,0,0.0883316423615616,0.0883316423615616,0.0,0.933100423119931,0.933100423119931,0.0,0.2640773686291315,0.2640773686291315,0.0,0.2579304585890513,0.2579304585890513,0.0
bxaic__rings-max__gin__seed2026,bxaic,rings-max,gin,2026,gradinput,P01_checkpoint_rerun,0.1,recalibrated,92,92,0,297,0,277,0,0.0883316423615616,0.0883316423615616,0.0,0.933100423119931,0.933100423119931,0.0,0.2640773686291315,0.2640773686291315,0.0,0.2579304585890513,0.2579304585890513,0.0
bxaic__rings-max__gin__seed2026,bxaic,rings-max,gin,2026,gradinput,P01_checkpoint_rerun,0.2,fixed_historical_q,84,84,0,297,0,277,0,0.1751916771914879,0.1751916771914879,0.0,0.8519921301052327,0.8519921301052327,0.0,0.2613543829190848,0.2613543829190848,0.0,0.2483091956602194,0.2483091956602194,0.0
bxaic__rings-max__gin__seed2026,bxaic,rings-max,gin,2026,gradinput,P01_checkpoint_rerun,0.2,fixed_current_machine_q,84,84,0,297,0,277,0,0.1751916771914879,0.1751916771914879,0.0,0.8519921301052327,0.8519921301052327,0.0,0.2613543829190848,0.2613543829190848,0.0,0.2483091956602194,0.2483091956602194,0.0
bxaic__rings-max__gin__seed2026,bxaic,rings-max,gin,2026,gradinput,P01_checkpoint_rerun,0.2,recalibrated,84,84,0,297,0,277,0,0.1751916771914879,0.1751916771914879,0.0,0.8519921301052327,0.8519921301052327,0.0,0.2613543829190848,0.2613543829190848,0.0,0.2483091956602194,0.2483091956602194,0.0
bxaic__rings-max__gin__seed2026,bxaic,rings-max,gin,2026,atom_occlusion,P20_frozen_cache,0.05,fixed_historical_q,93,93,0,297,0,277,0,0.0354250257630973,0.0354250257630973,0.0,0.9416332553306374,0.9416332553306374,0.0,0.2757212078046149,0.2757212078046149,0.0,0.2729470458460388,0.2729470458460388,0.0
bxaic__rings-max__gin__seed2026,bxaic,rings-max,gin,2026,atom_occlusion,P20_frozen_cache,0.05,fixed_current_machine_q,93,93,0,297,0,277,0,0.0354250257630973,0.0354250257630973,0.0,0.9416332553306374,0.9416332553306374,0.0,0.2757212078046149,0.2757212078046149,0.0,0.2729470458460388,0.2729470458460388,0.0
bxaic__rings-max__gin__seed2026,bxaic,rings-max,gin,2026,atom_occlusion,P20_frozen_cache,0.05,recalibrated,93,93,0,297,0,277,0,0.0354250257630973,0.0354250257630973,0.0,0.9416332553306374,0.9416332553306374,0.0,0.2757212078046149,0.2757212078046149,0.0,0.2729470458460388,0.2729470458460388,0.0
bxaic__rings-max__gin__seed2026,bxaic,rings-max,gin,2026,atom_occlusion,P20_frozen_cache,0.1,fixed_historical_q,85,85,0,297,0,277,0,0.0839681602187992,0.0839681602187992,0.0,0.8615419215079451,0.8615419215079451,0.0,0.28567744898902,0.28567744898902,0.0,0.2787015016578753,0.2787015016578753,0.0
bxaic__rings-max__gin__seed2026,bxaic,rings-max,gin,2026,atom_occlusion,P20_frozen_cache,0.1,fixed_current_machine_q,85,85,0,297,0,277,0,0.0839681602187992,0.0839681602187992,0.0,0.8615419215079451,0.8615419215079451,0.0,0.28567744898902,0.28567744898902,0.0,0.2787015016578753,0.2787015016578753,0.0
bxaic__rings-max__gin__seed2026,bxaic,rings-max,gin,2026,atom_occlusion,P20_frozen_cache,0.1,recalibrated,85,85,0,297,0,277,0,0.0839681602187992,0.0839681602187992,0.0,0.8615419215079451,0.8615419215079451,0.0,0.28567744898902,0.28567744898902,0.0,0.2787015016578753,0.2787015016578753,0.0
bxaic__rings-max__gin__seed2026,bxaic,rings-max,gin,2026,atom_occlusion,P20_frozen_cache,0.2,fixed_historical_q,70,70,0,297,29,277,30,0.1671794447868888,0.1687839373661106,0.0016044925792217,0.7136702784746064,0.7109087585064074,-0.0027615199681989,0.3142081402537638,0.3148646916462734,0.0006565513925095,0.2977546335660852,0.2981965640040833,0.000441930437998
bxaic__rings-max__gin__seed2026,bxaic,rings-max,gin,2026,atom_occlusion,P20_frozen_cache,0.2,fixed_current_machine_q,70,70,0,297,29,277,30,0.1671794447868888,0.1687839373661106,0.0016044925792217,0.7136702784746064,0.7109087585064074,-0.0027615199681989,0.3142081402537638,0.3148646916462734,0.0006565513925095,0.2977546335660852,0.2981965640040833,0.000441930437998
bxaic__rings-max__gin__seed2026,bxaic,rings-max,gin,2026,atom_occlusion,P20_frozen_cache,0.2,recalibrated,70,70,0,297,29,277,30,0.1671794447868888,0.1687839373661106,0.0016044925792217,0.7136702784746064,0.7109087585064074,-0.0027615199681989,0.3142081402537638,0.3148646916462734,0.0006565513925095,0.2977546335660852,0.2981965640040833,0.000441930437998
bxaic__rings-max__gin__seed2026,bxaic,rings-max,gin,2026,saliency,P20_frozen_cache,0.05,fixed_historical_q,83,83,0,297,0,277,0,0.0383540897190636,0.0383540897190636,0.0,0.8434071213985642,0.8434071213985642,0.0,0.3071967802933495,0.3071967802933495,0.0,0.3036454074359003,0.3036454074359003,0.0
bxaic__rings-max__gin__seed2026,bxaic,rings-max,gin,2026,saliency,P20_frozen_cache,0.05,fixed_current_machine_q,83,83,0,297,0,277,0,0.0383540897190636,0.0383540897190636,0.0,0.8434071213985642,0.8434071213985642,0.0,0.3071967802933495,0.3071967802933495,0.0,0.3036454074359003,0.3036454074359003,0.0
bxaic__rings-max__gin__seed2026,bxaic,rings-max,gin,2026,saliency,P20_frozen_cache,0.05,recalibrated,83,83,0,297,0,277,0,0.0383540897190636,0.0383540897190636,0.0,0.8434071213985642,0.8434071213985642,0.0,0.3071967802933495,0.3071967802933495,0.0,0.3036454074359003,0.3036454074359003,0.0
bxaic__rings-max__gin__seed2026,bxaic,rings-max,gin,2026,saliency,P20_frozen_cache,0.1,fixed_historical_q,73,73,0,297,0,277,0,0.0967280630224076,0.0967280630224076,0.0,0.7431959531128983,0.7431959531128983,0.0,0.3268234432088546,0.3268234432088546,0.0,0.3163422673705787,0.3163422673705787,0.0
bxaic__rings-max__gin__seed2026,bxaic,rings-max,gin,2026,saliency,P20_frozen_cache,0.1,fixed_current_machine_q,73,73,0,297,0,277,0,0.0967280630224076,0.0967280630224076,0.0,0.7431959531128983,0.7431959531128983,0.0,0.3268234432088546,0.3268234432088546,0.0,0.3163422673705787,0.3163422673705787,0.0
bxaic__rings-max__gin__seed2026,bxaic,rings-max,gin,2026,saliency,P20_frozen_cache,0.1,recalibrated,73,73,0,297,0,277,0,0.0967280630224076,0.0967280630224076,0.0,0.7431959531128983,0.7431959531128983,0.0,0.3268234432088546,0.3268234432088546,0.0,0.3163422673705787,0.3163422673705787,0.0
bxaic__rings-max__gin__seed2026,bxaic,rings-max,gin,2026,saliency,P20_frozen_cache,0.2,fixed_historical_q,61,61,0,297,0,277,0,0.1976142191148774,0.1976142191148774,0.0,0.6232921475008869,0.6232921475008869,0.0,0.3472218459291334,0.3472218459291334,0.0,0.3228701622021473,0.3228701622021473,0.0
bxaic__rings-max__gin__seed2026,bxaic,rings-max,gin,2026,saliency,P20_frozen_cache,0.2,fixed_current_machine_q,61,61,0,297,0,277,0,0.1976142191148774,0.1976142191148774,0.0,0.6232921475008869,0.6232921475008869,0.0,0.3472218459291334,0.3472218459291334,0.0,0.3228701622021473,0.3228701622021473,0.0
bxaic__rings-max__gin__seed2026,bxaic,rings-max,gin,2026,saliency,P20_frozen_cache,0.2,recalibrated,61,61,0,297,0,277,0,0.1976142191148774,0.1976142191148774,0.0,0.6232921475008869,0.6232921475008869,0.0,0.3472218459291334,0.3472218459291334,0.0,0.3228701622021473,0.3228701622021473,0.0
bxaic__rings-max__gin__seed42,bxaic,rings-max,gin,42,ig,P01_checkpoint_rerun,0.05,fixed_historical_q,96,96,0,297,0,277,0,0.0486210577239634,0.0486210577239634,0.0,0.972684011786404,0.972684011786404,0.0,0.2636590471589407,0.2636590471589407,0.0,0.260214632730134,0.260214632730134,0.0
bxaic__rings-max__gin__seed42,bxaic,rings-max,gin,42,ig,P01_checkpoint_rerun,0.05,fixed_current_machine_q,96,96,0,297,0,277,0,0.0486210577239634,0.0486210577239634,0.0,0.972684011786404,0.972684011786404,0.0,0.2636590471589407,0.2636590471589407,0.0,0.260214632730134,0.260214632730134,0.0
bxaic__rings-max__gin__seed42,bxaic,rings-max,gin,42,ig,P01_checkpoint_rerun,0.05,recalibrated,96,96,0,297,0,277,0,0.0486210577239634,0.0486210577239634,0.0,0.972684011786404,0.972684011786404,0.0,0.2636590471589407,0.2636590471589407,0.0,0.260214632730134,0.260214632730134,0.0
bxaic__rings-max__gin__seed42,bxaic,rings-max,gin,42,ig,P01_checkpoint_rerun,0.1,fixed_historical_q,93,93,0,297,0,277,0,0.0999492544118745,0.0999492544118745,0.0,0.9416332553306374,0.9416332553306374,0.0,0.257336585730429,0.257336585730429,0.0,0.2500505049036156,0.2500505049036156,0.0
bxaic__rings-max__gin__seed42,bxaic,rings-max,gin,42,ig,P01_checkpoint_rerun,0.1,fixed_current_machine_q,93,93,0,297,0,277,0,0.0999492544118745,0.0999492544118745,0.0,0.9416332553306374,0.9416332553306374,0.0,0.257336585730429,0.257336585730429,0.0,0.2500505049036156,0.2500505049036156,0.0
bxaic__rings-max__gin__seed42,bxaic,rings-max,gin,42,ig,P01_checkpoint_rerun,0.1,recalibrated,93,93,0,297,0,277,0,0.0999492544118745,0.0999492544118745,0.0,0.9416332553306374,0.9416332553306374,0.0,0.257336585730429,0.257336585730429,0.0,0.2500505049036156,0.2500505049036156,0.0
bxaic__rings-max__gin__seed42,bxaic,rings-max,gin,42,ig,P01_checkpoint_rerun,0.2,fixed_historical_q,87,87,0,297,0,277,0,0.1954754427088589,0.1954754427088589,0.0,0.8831394062523956,0.8831394062523956,0.0,0.2454380419101887,0.2454380419101887,0.0,0.2321425918147258,0.2321425918147258,0.0
bxaic__rings-max__gin__seed42,bxaic,rings-max,gin,42,ig,P01_checkpoint_rerun,0.2,fixed_current_machine_q,87,87,0,297,0,277,0,0.1954754427088589,0.1954754427088589,0.0,0.8831394062523956,0.8831394062523956,0.0,0.2454380419101887,0.2454380419101887,0.0,0.2321425918147258,0.2321425918147258,0.0
bxaic__rings-max__gin__seed42,bxaic,rings-max,gin,42,ig,P01_checkpoint_rerun,0.2,recalibrated,87,87,0,297,0,277,0,0.1954754427088589,0.1954754427088589,0.0,0.8831394062523956,0.8831394062523956,0.0,0.2454380419101887,0.2454380419101887,0.0,0.2321425918147258,0.2321425918147258,0.0
bxaic__rings-max__gin__seed42,bxaic,rings-max,gin,42,gradinput,P01_checkpoint_rerun,0.05,fixed_historical_q,97,97,0,297,0,277,0,0.0287985221182812,0.0287985221182812,0.0,0.984482217539322,0.984482217539322,0.0,0.2666648031031413,0.2666648031031413,0.0,0.2648968616238629,0.2648968616238629,0.0
bxaic__rings-max__gin__seed42,bxaic,rings-max,gin,42,gradinput,P01_checkpoint_rerun,0.05,fixed_current_machine_q,97,97,0,297,0,277,0,0.0287985221182812,0.0287985221182812,0.0,0.984482217539322,0.984482217539322,0.0,0.2666648031031413,0.2666648031031413,0.0,0.2648968616238629,0.2648968616238629,0.0
bxaic__rings-max__gin__seed42,bxaic,rings-max,gin,42,gradinput,P01_checkpoint_rerun,0.05,recalibrated,97,97,0,297,0,277,0,0.0287985221182812,0.0287985221182812,0.0,0.984482217539322,0.984482217539322,0.0,0.2666648031031413,0.2666648031031413,0.0,0.2648968616238629,0.2648968616238629,0.0
bxaic__rings-max__gin__seed42,bxaic,rings-max,gin,42,gradinput,P01_checkpoint_rerun,0.1,fixed_historical_q,94,94,0,297,0,277,0,0.0824161707487336,0.0824161707487336,0.0,0.9522828292781328,0.9522828292781328,0.0,0.2609995382102179,0.2609995382102179,0.0,0.2554669819741191,0.2554669819741191,0.0
bxaic__rings-max__gin__seed42,bxaic,rings-max,gin,42,gradinput,P01_checkpoint_rerun,0.1,fixed_current_machine_q,94,94,0,297,0,277,0,0.0824161707487336,0.0824161707487336,0.0,0.9522828292781328,0.9522828292781328,0.0,0.2609995382102179,0.2609995382102179,0.0,0.2554669819741191,0.2554669819741191,0.0
bxaic__rings-max__gin__seed42,bxaic,rings-max,gin,42,gradinput,P01_checkpoint_rerun,0.1,recalibrated,94,94,0,297,0,277,0,0.0824161707487336,0.0824161707487336,0.0,0.9522828292781328,0.9522828292781328,0.0,0.2609995382102179,0.2609995382102179,0.0,0.2554669819741191,0.2554669819741191,0.0
bxaic__rings-max__gin__seed42,bxaic,rings-max,gin,42,gradinput,P01_checkpoint_rerun,0.2,fixed_historical_q,87,87,0,297,0,277,0,0.1795005280483487,0.1795005280483487,0.0,0.8831394062523956,0.8831394062523956,0.0,0.2524964869122958,0.2524964869122958,0.0,0.2409219931333759,0.2409219931333759,0.0
bxaic__rings-max__gin__seed42,bxaic,rings-max,gin,42,gradinput,P01_checkpoint_rerun,0.2,fixed_current_machine_q,87,87,0,297,0,277,0,0.1795005280483487,0.1795005280483487,0.0,0.8831394062523956,0.8831394062523956,0.0,0.2524964869122958,0.2524964869122958,0.0,0.2409219931333759,0.2409219931333759,0.0
bxaic__rings-max__gin__seed42,bxaic,rings-max,gin,42,gradinput,P01_checkpoint_rerun,0.2,recalibrated,87,87,0,297,0,277,0,0.1795005280483487,0.1795005280483487,0.0,0.8831394062523956,0.8831394062523956,0.0,0.2524964869122958,0.2524964869122958,0.0,0.2409219931333759,0.2409219931333759,0.0
bxaic__rings-max__gin__seed42,bxaic,rings-max,gin,42,atom_occlusion,P20_frozen_cache,0.05,fixed_historical_q,88,88,0,297,0,277,0,0.0322349371202717,0.0322349371202717,0.0,0.8925835780059945,0.8925835780059945,0.0,0.2912726330985826,0.2912726330985826,0.0,0.2880451323649162,0.2880451323649162,0.0
bxaic__rings-max__gin__seed42,bxaic,rings-max,gin,42,atom_occlusion,P20_frozen_cache,0.05,fixed_current_machine_q,88,88,0,297,0,277,0,0.0322349371202717,0.0322349371202717,0.0,0.8925835780059945,0.8925835780059945,0.0,0.2912726330985826,0.2912726330985826,0.0,0.2880451323649162,0.2880451323649162,0.0
bxaic__rings-max__gin__seed42,bxaic,rings-max,gin,42,atom_occlusion,P20_frozen_cache,0.05,recalibrated,88,88,0,297,0,277,0,0.0322349371202717,0.0322349371202717,0.0,0.8925835780059945,0.8925835780059945,0.0,0.2912726330985826,0.2912726330985826,0.0,0.2880451323649162,0.2880451323649162,0.0
bxaic__rings-max__gin__seed42,bxaic,rings-max,gin,42,atom_occlusion,P20_frozen_cache,0.1,fixed_historical_q,79,79,0,297,0,277,0,0.0809388624779209,0.0809388624779209,0.0,0.8031415724851438,0.8031415724851438,0.0,0.3059075755121927,0.3059075755121927,0.0,0.297059183885563,0.297059183885563,0.0
bxaic__rings-max__gin__seed42,bxaic,rings-max,gin,42,atom_occlusion,P20_frozen_cache,0.1,fixed_current_machine_q,79,79,0,297,0,277,0,0.0809388624779209,0.0809388624779209,0.0,0.8031415724851438,0.8031415724851438,0.0,0.3059075755121927,0.3059075755121927,0.0,0.297059183885563,0.297059183885563,0.0
bxaic__rings-max__gin__seed42,bxaic,rings-max,gin,42,atom_occlusion,P20_frozen_cache,0.1,recalibrated,79,79,0,297,0,277,0,0.0809388624779209,0.0809388624779209,0.0,0.8031415724851438,0.8031415724851438,0.0,0.3059075755121927,0.3059075755121927,0.0,0.297059183885563,0.297059183885563,0.0
bxaic__rings-max__gin__seed42,bxaic,rings-max,gin,42,atom_occlusion,P20_frozen_cache,0.2,fixed_historical_q,65,65,0,297,0,277,0,0.186806887671021,0.186806887671021,0.0,0.6619593598266713,0.6619593598266713,0.0,0.3267775299887656,0.3267775299887656,0.0,0.303842023723148,0.303842023723148,0.0
bxaic__rings-max__gin__seed42,bxaic,rings-max,gin,42,atom_occlusion,P20_frozen_cache,0.2,fixed_current_machine_q,65,65,0,297,0,277,0,0.186806887671021,0.186806887671021,0.0,0.6619593598266713,0.6619593598266713,0.0,0.3267775299887656,0.3267775299887656,0.0,0.303842023723148,0.303842023723148,0.0
bxaic__rings-max__gin__seed42,bxaic,rings-max,gin,42,atom_occlusion,P20_frozen_cache,0.2,recalibrated,65,65,0,297,0,277,0,0.186806887671021,0.186806887671021,0.0,0.6619593598266713,0.6619593598266713,0.0,0.3267775299887656,0.3267775299887656,0.0,0.303842023723148,0.303842023723148,0.0
bxaic__rings-max__gin__seed42,bxaic,rings-max,gin,42,saliency,P20_frozen_cache,0.05,fixed_historical_q,85,85,0,297,0,277,0,0.0442519154411706,0.0442519154411706,0.0,0.8615419215079451,0.8615419215079451,0.0,0.2985055516786801,0.2985055516786801,0.0,0.294522522968242,0.294522522968242,0.0
bxaic__rings-max__gin__seed42,bxaic,rings-max,gin,42,saliency,P20_frozen_cache,0.05,fixed_current_machine_q,85,85,0,297,0,277,0,0.0442519154411706,0.0442519154411706,0.0,0.8615419215079451,0.8615419215079451,0.0,0.2985055516786801,0.2985055516786801,0.0,0.294522522968242,0.294522522968242,0.0
bxaic__rings-max__gin__seed42,bxaic,rings-max,gin,42,saliency,P20_frozen_cache,0.05,recalibrated,85,85,0,297,0,277,0,0.0442519154411706,0.0442519154411706,0.0,0.8615419215079451,0.8615419215079451,0.0,0.2985055516786801,0.2985055516786801,0.0,0.294522522968242,0.294522522968242,0.0
bxaic__rings-max__gin__seed42,bxaic,rings-max,gin,42,saliency,P20_frozen_cache,0.1,fixed_historical_q,76,76,0,297,0,277,0,0.0979859937762553,0.0979859937762553,0.0,0.7722412088975923,0.7722412088975923,0.0,0.3139736540374317,0.3139736540374317,0.0,0.3039086772486506,0.3039086772486506,0.0
bxaic__rings-max__gin__seed42,bxaic,rings-max,gin,42,saliency,P20_frozen_cache,0.1,fixed_current_machine_q,76,76,0,297,0,277,0,0.0979859937762553,0.0979859937762553,0.0,0.7722412088975923,0.7722412088975923,0.0,0.3139736540374317,0.3139736540374317,0.0,0.3039086772486506,0.3039086772486506,0.0
bxaic__rings-max__gin__seed42,bxaic,rings-max,gin,42,saliency,P20_frozen_cache,0.1,recalibrated,76,76,0,297,0,277,0,0.0979859937762553,0.0979859937762553,0.0,0.7722412088975923,0.7722412088975923,0.0,0.3139736540374317,0.3139736540374317,0.0,0.3039086772486506,0.3039086772486506,0.0
bxaic__rings-max__gin__seed42,bxaic,rings-max,gin,42,saliency,P20_frozen_cache,0.2,fixed_historical_q,62,62,0,297,0,277,0,0.1989877118880859,0.1989877118880859,0.0,0.6327239763446235,0.6327239763446235,0.0,0.3395614493232756,0.3395614493232756,0.0,0.3153914816497795,0.3153914816497795,0.0
bxaic__rings-max__gin__seed42,bxaic,rings-max,gin,42,saliency,P20_frozen_cache,0.2,fixed_current_machine_q,62,62,0,297,0,277,0,0.1989877118880859,0.1989877118880859,0.0,0.6327239763446235,0.6327239763446235,0.0,0.3395614493232756,0.3395614493232756,0.0,0.3153914816497795,0.3153914816497795,0.0
bxaic__rings-max__gin__seed42,bxaic,rings-max,gin,42,saliency,P20_frozen_cache,0.2,recalibrated,62,62,0,297,0,277,0,0.1989877118880859,0.1989877118880859,0.0,0.6327239763446235,0.6327239763446235,0.0,0.3395614493232756,0.3395614493232756,0.0,0.3153914816497795,0.3153914816497795,0.0
bxaic__X__gcn__seed123,bxaic,X,gcn,123,ig,P01_checkpoint_rerun,0.05,fixed_historical_q,7,7,0,2764,1,2822,0,0.0471796148178146,0.0471796148178146,0.0,0.0880659152983928,0.0880659152983928,0.0,0.6167122391701807,0.6167122391701807,0.0,0.5695326243523681,0.5695326243523681,0.0
bxaic__X__gcn__seed123,bxaic,X,gcn,123,ig,P01_checkpoint_rerun,0.05,fixed_current_machine_q,7,7,0,2764,1,2822,0,0.0471796148178146,0.0471796148178146,0.0,0.0880659152983928,0.0880659152983928,0.0,0.6167122391701807,0.6167122391701807,0.0,0.5695326243523681,0.5695326243523681,0.0
bxaic__X__gcn__seed123,bxaic,X,gcn,123,ig,P01_checkpoint_rerun,0.05,recalibrated,7,7,0,2764,1,2822,0,0.0471796148178146,0.0471796148178146,0.0,0.0880659152983928,0.0880659152983928,0.0,0.6167122391701807,0.6167122391701807,0.0,0.5695326243523681,0.5695326243523681,0.0
bxaic__X__gcn__seed123,bxaic,X,gcn,123,ig,P01_checkpoint_rerun,0.1,fixed_historical_q,5,5,0,2764,0,2822,0,0.0921681122248098,0.0921681122248098,0.0,0.0681479369393903,0.0681479369393903,0.0,0.7275108622380058,0.7275108622380058,0.0,0.6353427500131997,0.6353427500131997,0.0
bxaic__X__gcn__seed123,bxaic,X,gcn,123,ig,P01_checkpoint_rerun,0.1,fixed_current_machine_q,5,5,0,2764,0,2822,0,0.0921681122248098,0.0921681122248098,0.0,0.0681479369393903,0.0681479369393903,0.0,0.7275108622380058,0.7275108622380058,0.0,0.6353427500131997,0.6353427500131997,0.0
bxaic__X__gcn__seed123,bxaic,X,gcn,123,ig,P01_checkpoint_rerun,0.1,recalibrated,5,5,0,2764,0,2822,0,0.0921681122248098,0.0921681122248098,0.0,0.0681479369393903,0.0681479369393903,0.0,0.7275108622380058,0.7275108622380058,0.0,0.6353427500131997,0.6353427500131997,0.0
bxaic__X__gcn__seed123,bxaic,X,gcn,123,ig,P01_checkpoint_rerun,0.2,fixed_historical_q,3,3,0,2764,0,2822,0,0.1982543619857586,0.1982543619857586,0.0,0.0432521799187035,0.0432521799187035,0.0,0.92427651783605,0.92427651783605,0.0,0.7260221558502902,0.7260221558502902,0.0
bxaic__X__gcn__seed123,bxaic,X,gcn,123,ig,P01_checkpoint_rerun,0.2,fixed_current_machine_q,3,3,0,2764,0,2822,0,0.1982543619857586,0.1982543619857586,0.0,0.0432521799187035,0.0432521799187035,0.0,0.92427651783605,0.92427651783605,0.0,0.7260221558502902,0.7260221558502902,0.0
bxaic__X__gcn__seed123,bxaic,X,gcn,123,ig,P01_checkpoint_rerun,0.2,recalibrated,3,3,0,2764,0,2822,0,0.1982543619857586,0.1982543619857586,0.0,0.0432521799187035,0.0432521799187035,0.0,0.92427651783605,0.92427651783605,0.0,0.7260221558502902,0.7260221558502902,0.0
bxaic__X__gcn__seed123,bxaic,X,gcn,123,gradinput,P01_checkpoint_rerun,0.05,fixed_historical_q,7,7,0,2764,1,2822,0,0.0471796148178146,0.0471796148178146,0.0,0.0880659152983928,0.0880659152983928,0.0,0.6167122391701807,0.6167122391701807,0.0,0.5695326243523681,0.5695326243523681,0.0
bxaic__X__gcn__seed123,bxaic,X,gcn,123,gradinput,P01_checkpoint_rerun,0.05,fixed_current_machine_q,7,7,0,2764,1,2822,0,0.0471796148178146,0.0471796148178146,0.0,0.0880659152983928,0.0880659152983928,0.0,0.6167122391701807,0.6167122391701807,0.0,0.5695326243523681,0.5695326243523681,0.0
bxaic__X__gcn__seed123,bxaic,X,gcn,123,gradinput,P01_checkpoint_rerun,0.05,recalibrated,7,7,0,2764,1,2822,0,0.0471796148178146,0.0471796148178146,0.0,0.0880659152983928,0.0880659152983928,0.0,0.6167122391701807,0.6167122391701807,0.0,0.5695326243523681,0.5695326243523681,0.0
bxaic__X__gcn__seed123,bxaic,X,gcn,123,gradinput,P01_checkpoint_rerun,0.1,fixed_historical_q,5,5,0,2764,0,2822,0,0.0921681122248098,0.0921681122248098,0.0,0.0681479369393903,0.0681479369393903,0.0,0.7275108622380058,0.7275108622380058,0.0,0.6353427500131997,0.6353427500131997,0.0
bxaic__X__gcn__seed123,bxaic,X,gcn,123,gradinput,P01_checkpoint_rerun,0.1,fixed_current_machine_q,5,5,0,2764,0,2822,0,0.0921681122248098,0.0921681122248098,0.0,0.0681479369393903,0.0681479369393903,0.0,0.7275108622380058,0.7275108622380058,0.0,0.6353427500131997,0.6353427500131997,0.0
bxaic__X__gcn__seed123,bxaic,X,gcn,123,gradinput,P01_checkpoint_rerun,0.1,recalibrated,5,5,0,2764,0,2822,0,0.0921681122248098,0.0921681122248098,0.0,0.0681479369393903,0.0681479369393903,0.0,0.7275108622380058,0.7275108622380058,0.0,0.6353427500131997,0.6353427500131997,0.0
bxaic__X__gcn__seed123,bxaic,X,gcn,123,gradinput,P01_checkpoint_rerun,0.2,fixed_historical_q,3,3,0,2764,0,2822,0,0.1982543619857586,0.1982543619857586,0.0,0.0432521799187035,0.0432521799187035,0.0,0.92427651783605,0.92427651783605,0.0,0.7260221558502902,0.7260221558502902,0.0
bxaic__X__gcn__seed123,bxaic,X,gcn,123,gradinput,P01_checkpoint_rerun,0.2,fixed_current_machine_q,3,3,0,2764,0,2822,0,0.1982543619857586,0.1982543619857586,0.0,0.0432521799187035,0.0432521799187035,0.0,0.92427651783605,0.92427651783605,0.0,0.7260221558502902,0.7260221558502902,0.0
bxaic__X__gcn__seed123,bxaic,X,gcn,123,gradinput,P01_checkpoint_rerun,0.2,recalibrated,3,3,0,2764,0,2822,0,0.1982543619857586,0.1982543619857586,0.0,0.0432521799187035,0.0432521799187035,0.0,0.92427651783605,0.92427651783605,0.0,0.7260221558502902,0.7260221558502902,0.0
bxaic__X__gcn__seed123,bxaic,X,gcn,123,atom_occlusion,P20_frozen_cache,0.05,fixed_historical_q,7,7,0,2764,1,2822,0,0.0471796148178146,0.0471796148178146,0.0,0.0880659152983928,0.0880659152983928,0.0,0.6167122391701807,0.6167122391701807,0.0,0.5695326243523681,0.5695326243523681,0.0
bxaic__X__gcn__seed123,bxaic,X,gcn,123,atom_occlusion,P20_frozen_cache,0.05,fixed_current_machine_q,7,7,0,2764,1,2822,0,0.0471796148178146,0.0471796148178146,0.0,0.0880659152983928,0.0880659152983928,0.0,0.6167122391701807,0.6167122391701807,0.0,0.5695326243523681,0.5695326243523681,0.0
bxaic__X__gcn__seed123,bxaic,X,gcn,123,atom_occlusion,P20_frozen_cache,0.05,recalibrated,7,7,0,2764,1,2822,0,0.0471796148178146,0.0471796148178146,0.0,0.0880659152983928,0.0880659152983928,0.0,0.6167122391701807,0.6167122391701807,0.0,0.5695326243523681,0.5695326243523681,0.0
bxaic__X__gcn__seed123,bxaic,X,gcn,123,atom_occlusion,P20_frozen_cache,0.1,fixed_historical_q,5,5,0,2764,0,2822,0,0.0921681122248098,0.0921681122248098,0.0,0.0681479369393903,0.0681479369393903,0.0,0.7275108622380058,0.7275108622380058,0.0,0.6353427500131997,0.6353427500131997,0.0
bxaic__X__gcn__seed123,bxaic,X,gcn,123,atom_occlusion,P20_frozen_cache,0.1,fixed_current_machine_q,5,5,0,2764,0,2822,0,0.0921681122248098,0.0921681122248098,0.0,0.0681479369393903,0.0681479369393903,0.0,0.7275108622380058,0.7275108622380058,0.0,0.6353427500131997,0.6353427500131997,0.0
bxaic__X__gcn__seed123,bxaic,X,gcn,123,atom_occlusion,P20_frozen_cache,0.1,recalibrated,5,5,0,2764,0,2822,0,0.0921681122248098,0.0921681122248098,0.0,0.0681479369393903,0.0681479369393903,0.0,0.7275108622380058,0.7275108622380058,0.0,0.6353427500131997,0.6353427500131997,0.0
bxaic__X__gcn__seed123,bxaic,X,gcn,123,atom_occlusion,P20_frozen_cache,0.2,fixed_historical_q,3,3,0,2764,0,2822,0,0.1982543619857586,0.1982543619857586,0.0,0.0432521799187035,0.0432521799187035,0.0,0.92427651783605,0.92427651783605,0.0,0.7260221558502902,0.7260221558502902,0.0
bxaic__X__gcn__seed123,bxaic,X,gcn,123,atom_occlusion,P20_frozen_cache,0.2,fixed_current_machine_q,3,3,0,2764,0,2822,0,0.1982543619857586,0.1982543619857586,0.0,0.0432521799187035,0.0432521799187035,0.0,0.92427651783605,0.92427651783605,0.0,0.7260221558502902,0.7260221558502902,0.0
bxaic__X__gcn__seed123,bxaic,X,gcn,123,atom_occlusion,P20_frozen_cache,0.2,recalibrated,3,3,0,2764,0,2822,0,0.1982543619857586,0.1982543619857586,0.0,0.0432521799187035,0.0432521799187035,0.0,0.92427651783605,0.92427651783605,0.0,0.7260221558502902,0.7260221558502902,0.0
bxaic__X__gcn__seed123,bxaic,X,gcn,123,saliency,P20_frozen_cache,0.05,fixed_historical_q,21,21,0,2764,0,2822,0,0.0396044964170407,0.0396044964170407,0.0,0.2282375905422301,0.2282375905422301,0.0,0.2415445044522819,0.2415445044522819,0.0,0.2365518816132735,0.2365518816132735,0.0
bxaic__X__gcn__seed123,bxaic,X,gcn,123,saliency,P20_frozen_cache,0.05,fixed_current_machine_q,21,21,0,2764,0,2822,0,0.0396044964170407,0.0396044964170407,0.0,0.2282375905422301,0.2282375905422301,0.0,0.2415445044522819,0.2415445044522819,0.0,0.2365518816132735,0.2365518816132735,0.0
bxaic__X__gcn__seed123,bxaic,X,gcn,123,saliency,P20_frozen_cache,0.05,recalibrated,21,21,0,2764,0,2822,0,0.0396044964170407,0.0396044964170407,0.0,0.2282375905422301,0.2282375905422301,0.0,0.2415445044522819,0.2415445044522819,0.0,0.2365518816132735,0.2365518816132735,0.0
bxaic__X__gcn__seed123,bxaic,X,gcn,123,saliency,P20_frozen_cache,0.1,fixed_historical_q,16,16,0,2764,0,2822,0,0.0868035165873578,0.0868035165873578,0.0,0.1763927049093881,0.1763927049093881,0.0,0.2814198429456445,0.2814198429456445,0.0,0.2720128097079942,0.2720128097079942,0.0
bxaic__X__gcn__seed123,bxaic,X,gcn,123,saliency,P20_frozen_cache,0.1,fixed_current_machine_q,16,16,0,2764,0,2822,0,0.0868035165873578,0.0868035165873578,0.0,0.1763927049093881,0.1763927049093881,0.0,0.2814198429456445,0.2814198429456445,0.0,0.2720128097079942,0.2720128097079942,0.0
bxaic__X__gcn__seed123,bxaic,X,gcn,123,saliency,P20_frozen_cache,0.1,recalibrated,16,16,0,2764,0,2822,0,0.0868035165873578,0.0868035165873578,0.0,0.1763927049093881,0.1763927049093881,0.0,0.2814198429456445,0.2814198429456445,0.0,0.2720128097079942,0.2720128097079942,0.0
bxaic__X__gcn__seed123,bxaic,X,gcn,123,saliency,P20_frozen_cache,0.2,fixed_historical_q,11,11,0,2764,0,2822,0,0.1825748371637809,0.1825748371637809,0.0,0.1269292735646751,0.1269292735646751,0.0,0.317718875708263,0.317718875708263,0.0,0.2994408744749102,0.2994408744749102,0.0
bxaic__X__gcn__seed123,bxaic,X,gcn,123,saliency,P20_frozen_cache,0.2,fixed_current_machine_q,11,11,0,2764,0,2822,0,0.1825748371637809,0.1825748371637809,0.0,0.1269292735646751,0.1269292735646751,0.0,0.317718875708263,0.317718875708263,0.0,0.2994408744749102,0.2994408744749102,0.0
bxaic__X__gcn__seed123,bxaic,X,gcn,123,saliency,P20_frozen_cache,0.2,recalibrated,11,11,0,2764,0,2822,0,0.1825748371637809,0.1825748371637809,0.0,0.1269292735646751,0.1269292735646751,0.0,0.317718875708263,0.317718875708263,0.0,0.2994408744749102,0.2994408744749102,0.0
bxaic__X__gcn__seed2026,bxaic,X,gcn,2026,ig,P01_checkpoint_rerun,0.05,fixed_historical_q,7,7,0,2764,1,2822,0,0.0471796148178146,0.0471796148178146,0.0,0.0880659152983928,0.0880659152983928,0.0,0.6167122391701807,0.6167122391701807,0.0,0.5695326243523681,0.5695326243523681,0.0
bxaic__X__gcn__seed2026,bxaic,X,gcn,2026,ig,P01_checkpoint_rerun,0.05,fixed_current_machine_q,7,7,0,2764,1,2822,0,0.0471796148178146,0.0471796148178146,0.0,0.0880659152983928,0.0880659152983928,0.0,0.6167122391701807,0.6167122391701807,0.0,0.5695326243523681,0.5695326243523681,0.0
bxaic__X__gcn__seed2026,bxaic,X,gcn,2026,ig,P01_checkpoint_rerun,0.05,recalibrated,7,7,0,2764,1,2822,0,0.0471796148178146,0.0471796148178146,0.0,0.0880659152983928,0.0880659152983928,0.0,0.6167122391701807,0.6167122391701807,0.0,0.5695326243523681,0.5695326243523681,0.0
bxaic__X__gcn__seed2026,bxaic,X,gcn,2026,ig,P01_checkpoint_rerun,0.1,fixed_historical_q,5,5,0,2764,0,2822,0,0.0921681122248098,0.0921681122248098,0.0,0.0681479369393903,0.0681479369393903,0.0,0.7275108622380058,0.7275108622380058,0.0,0.6353427500131997,0.6353427500131997,0.0
bxaic__X__gcn__seed2026,bxaic,X,gcn,2026,ig,P01_checkpoint_rerun,0.1,fixed_current_machine_q,5,5,0,2764,0,2822,0,0.0921681122248098,0.0921681122248098,0.0,0.0681479369393903,0.0681479369393903,0.0,0.7275108622380058,0.7275108622380058,0.0,0.6353427500131997,0.6353427500131997,0.0
bxaic__X__gcn__seed2026,bxaic,X,gcn,2026,ig,P01_checkpoint_rerun,0.1,recalibrated,5,5,0,2764,0,2822,0,0.0921681122248098,0.0921681122248098,0.0,0.0681479369393903,0.0681479369393903,0.0,0.7275108622380058,0.7275108622380058,0.0,0.6353427500131997,0.6353427500131997,0.0
bxaic__X__gcn__seed2026,bxaic,X,gcn,2026,ig,P01_checkpoint_rerun,0.2,fixed_historical_q,3,3,0,2764,0,2822,0,0.1982543619857586,0.1982543619857586,0.0,0.0432521799187035,0.0432521799187035,0.0,0.92427651783605,0.92427651783605,0.0,0.7260221558502902,0.7260221558502902,0.0
bxaic__X__gcn__seed2026,bxaic,X,gcn,2026,ig,P01_checkpoint_rerun,0.2,fixed_current_machine_q,3,3,0,2764,0,2822,0,0.1982543619857586,0.1982543619857586,0.0,0.0432521799187035,0.0432521799187035,0.0,0.92427651783605,0.92427651783605,0.0,0.7260221558502902,0.7260221558502902,0.0
bxaic__X__gcn__seed2026,bxaic,X,gcn,2026,ig,P01_checkpoint_rerun,0.2,recalibrated,3,3,0,2764,0,2822,0,0.1982543619857586,0.1982543619857586,0.0,0.0432521799187035,0.0432521799187035,0.0,0.92427651783605,0.92427651783605,0.0,0.7260221558502902,0.7260221558502902,0.0
bxaic__X__gcn__seed2026,bxaic,X,gcn,2026,gradinput,P01_checkpoint_rerun,0.05,fixed_historical_q,7,7,0,2764,1,2822,0,0.0471796148178146,0.0471796148178146,0.0,0.0880659152983928,0.0880659152983928,0.0,0.6167122391701807,0.6167122391701807,0.0,0.5695326243523681,0.5695326243523681,0.0
bxaic__X__gcn__seed2026,bxaic,X,gcn,2026,gradinput,P01_checkpoint_rerun,0.05,fixed_current_machine_q,7,7,0,2764,1,2822,0,0.0471796148178146,0.0471796148178146,0.0,0.0880659152983928,0.0880659152983928,0.0,0.6167122391701807,0.6167122391701807,0.0,0.5695326243523681,0.5695326243523681,0.0
bxaic__X__gcn__seed2026,bxaic,X,gcn,2026,gradinput,P01_checkpoint_rerun,0.05,recalibrated,7,7,0,2764,1,2822,0,0.0471796148178146,0.0471796148178146,0.0,0.0880659152983928,0.0880659152983928,0.0,0.6167122391701807,0.6167122391701807,0.0,0.5695326243523681,0.5695326243523681,0.0
bxaic__X__gcn__seed2026,bxaic,X,gcn,2026,gradinput,P01_checkpoint_rerun,0.1,fixed_historical_q,5,5,0,2764,0,2822,0,0.0921681122248098,0.0921681122248098,0.0,0.0681479369393903,0.0681479369393903,0.0,0.7275108622380058,0.7275108622380058,0.0,0.6353427500131997,0.6353427500131997,0.0
bxaic__X__gcn__seed2026,bxaic,X,gcn,2026,gradinput,P01_checkpoint_rerun,0.1,fixed_current_machine_q,5,5,0,2764,0,2822,0,0.0921681122248098,0.0921681122248098,0.0,0.0681479369393903,0.0681479369393903,0.0,0.7275108622380058,0.7275108622380058,0.0,0.6353427500131997,0.6353427500131997,0.0
bxaic__X__gcn__seed2026,bxaic,X,gcn,2026,gradinput,P01_checkpoint_rerun,0.1,recalibrated,5,5,0,2764,0,2822,0,0.0921681122248098,0.0921681122248098,0.0,0.0681479369393903,0.0681479369393903,0.0,0.7275108622380058,0.7275108622380058,0.0,0.6353427500131997,0.6353427500131997,0.0
bxaic__X__gcn__seed2026,bxaic,X,gcn,2026,gradinput,P01_checkpoint_rerun,0.2,fixed_historical_q,3,3,0,2764,0,2822,0,0.1982543619857586,0.1982543619857586,0.0,0.0432521799187035,0.0432521799187035,0.0,0.92427651783605,0.92427651783605,0.0,0.7260221558502902,0.7260221558502902,0.0
bxaic__X__gcn__seed2026,bxaic,X,gcn,2026,gradinput,P01_checkpoint_rerun,0.2,fixed_current_machine_q,3,3,0,2764,0,2822,0,0.1982543619857586,0.1982543619857586,0.0,0.0432521799187035,0.0432521799187035,0.0,0.92427651783605,0.92427651783605,0.0,0.7260221558502902,0.7260221558502902,0.0
bxaic__X__gcn__seed2026,bxaic,X,gcn,2026,gradinput,P01_checkpoint_rerun,0.2,recalibrated,3,3,0,2764,0,2822,0,0.1982543619857586,0.1982543619857586,0.0,0.0432521799187035,0.0432521799187035,0.0,0.92427651783605,0.92427651783605,0.0,0.7260221558502902,0.7260221558502902,0.0
bxaic__X__gcn__seed2026,bxaic,X,gcn,2026,atom_occlusion,P20_frozen_cache,0.05,fixed_historical_q,7,7,0,2764,1,2822,0,0.0471796148178146,0.0471796148178146,0.0,0.0880659152983928,0.0880659152983928,0.0,0.6167122391701807,0.6167122391701807,0.0,0.5695326243523681,0.5695326243523681,0.0
bxaic__X__gcn__seed2026,bxaic,X,gcn,2026,atom_occlusion,P20_frozen_cache,0.05,fixed_current_machine_q,7,7,0,2764,1,2822,0,0.0471796148178146,0.0471796148178146,0.0,0.0880659152983928,0.0880659152983928,0.0,0.6167122391701807,0.6167122391701807,0.0,0.5695326243523681,0.5695326243523681,0.0
bxaic__X__gcn__seed2026,bxaic,X,gcn,2026,atom_occlusion,P20_frozen_cache,0.05,recalibrated,7,7,0,2764,1,2822,0,0.0471796148178146,0.0471796148178146,0.0,0.0880659152983928,0.0880659152983928,0.0,0.6167122391701807,0.6167122391701807,0.0,0.5695326243523681,0.5695326243523681,0.0
bxaic__X__gcn__seed2026,bxaic,X,gcn,2026,atom_occlusion,P20_frozen_cache,0.1,fixed_historical_q,5,5,0,2764,0,2822,0,0.0921681122248098,0.0921681122248098,0.0,0.0681479369393903,0.0681479369393903,0.0,0.7275108622380058,0.7275108622380058,0.0,0.6353427500131997,0.6353427500131997,0.0
bxaic__X__gcn__seed2026,bxaic,X,gcn,2026,atom_occlusion,P20_frozen_cache,0.1,fixed_current_machine_q,5,5,0,2764,0,2822,0,0.0921681122248098,0.0921681122248098,0.0,0.0681479369393903,0.0681479369393903,0.0,0.7275108622380058,0.7275108622380058,0.0,0.6353427500131997,0.6353427500131997,0.0
bxaic__X__gcn__seed2026,bxaic,X,gcn,2026,atom_occlusion,P20_frozen_cache,0.1,recalibrated,5,5,0,2764,0,2822,0,0.0921681122248098,0.0921681122248098,0.0,0.0681479369393903,0.0681479369393903,0.0,0.7275108622380058,0.7275108622380058,0.0,0.6353427500131997,0.6353427500131997,0.0
bxaic__X__gcn__seed2026,bxaic,X,gcn,2026,atom_occlusion,P20_frozen_cache,0.2,fixed_historical_q,3,3,0,2764,0,2822,0,0.1982543619857586,0.1982543619857586,0.0,0.0432521799187035,0.0432521799187035,0.0,0.92427651783605,0.92427651783605,0.0,0.7260221558502902,0.7260221558502902,0.0
bxaic__X__gcn__seed2026,bxaic,X,gcn,2026,atom_occlusion,P20_frozen_cache,0.2,fixed_current_machine_q,3,3,0,2764,0,2822,0,0.1982543619857586,0.1982543619857586,0.0,0.0432521799187035,0.0432521799187035,0.0,0.92427651783605,0.92427651783605,0.0,0.7260221558502902,0.7260221558502902,0.0
bxaic__X__gcn__seed2026,bxaic,X,gcn,2026,atom_occlusion,P20_frozen_cache,0.2,recalibrated,3,3,0,2764,0,2822,0,0.1982543619857586,0.1982543619857586,0.0,0.0432521799187035,0.0432521799187035,0.0,0.92427651783605,0.92427651783605,0.0,0.7260221558502902,0.7260221558502902,0.0
bxaic__X__gcn__seed2026,bxaic,X,gcn,2026,saliency,P20_frozen_cache,0.05,fixed_historical_q,22,22,0,2764,0,2822,0,0.0437631478294128,0.0437631478294128,0.0,0.2380654051923716,0.2380654051923716,0.0,0.2301848132637327,0.2301848132637327,0.0,0.2256193186158498,0.2256193186158498,0.0
bxaic__X__gcn__seed2026,bxaic,X,gcn,2026,saliency,P20_frozen_cache,0.05,fixed_current_machine_q,22,22,0,2764,0,2822,0,0.0437631478294128,0.0437631478294128,0.0,0.2380654051923716,0.2380654051923716,0.0,0.2301848132637327,0.2301848132637327,0.0,0.2256193186158498,0.2256193186158498,0.0
bxaic__X__gcn__seed2026,bxaic,X,gcn,2026,saliency,P20_frozen_cache,0.05,recalibrated,22,22,0,2764,0,2822,0,0.0437631478294128,0.0437631478294128,0.0,0.2380654051923716,0.2380654051923716,0.0,0.2301848132637327,0.2301848132637327,0.0,0.2256193186158498,0.2256193186158498,0.0
bxaic__X__gcn__seed2026,bxaic,X,gcn,2026,saliency,P20_frozen_cache,0.1,fixed_historical_q,17,17,0,2764,0,2822,0,0.0902416388242044,0.0902416388242044,0.0,0.1875275203171704,0.1875275203171704,0.0,0.2644504833230063,0.2644504833230063,0.0,0.2558375748518403,0.2558375748518403,0.0
bxaic__X__gcn__seed2026,bxaic,X,gcn,2026,saliency,P20_frozen_cache,0.1,fixed_current_machine_q,17,17,0,2764,0,2822,0,0.0902416388242044,0.0902416388242044,0.0,0.1875275203171704,0.1875275203171704,0.0,0.2644504833230063,0.2644504833230063,0.0,0.2558375748518403,0.2558375748518403,0.0
bxaic__X__gcn__seed2026,bxaic,X,gcn,2026,saliency,P20_frozen_cache,0.1,recalibrated,17,17,0,2764,0,2822,0,0.0902416388242044,0.0902416388242044,0.0,0.1875275203171704,0.1875275203171704,0.0,0.2644504833230063,0.2644504833230063,0.0,0.2558375748518403,0.2558375748518403,0.0
bxaic__X__gcn__seed2026,bxaic,X,gcn,2026,saliency,P20_frozen_cache,0.2,fixed_historical_q,12,12,0,2764,0,2822,0,0.1808587290337821,0.1808587290337821,0.0,0.1362871195666886,0.1362871195666886,0.0,0.3008533723670228,0.3008533723670228,0.0,0.2848202303771119,0.2848202303771119,0.0
bxaic__X__gcn__seed2026,bxaic,X,gcn,2026,saliency,P20_frozen_cache,0.2,fixed_current_machine_q,12,12,0,2764,0,2822,0,0.1808587290337821,0.1808587290337821,0.0,0.1362871195666886,0.1362871195666886,0.0,0.3008533723670228,0.3008533723670228,0.0,0.2848202303771119,0.2848202303771119,0.0
bxaic__X__gcn__seed2026,bxaic,X,gcn,2026,saliency,P20_frozen_cache,0.2,recalibrated,12,12,0,2764,0,2822,0,0.1808587290337821,0.1808587290337821,0.0,0.1362871195666886,0.1362871195666886,0.0,0.3008533723670228,0.3008533723670228,0.0,0.2848202303771119,0.2848202303771119,0.0
bxaic__X__gcn__seed42,bxaic,X,gcn,42,ig,P01_checkpoint_rerun,0.05,fixed_historical_q,7,7,0,2764,1,2822,0,0.0471796148178146,0.0471796148178146,0.0,0.0880659152983928,0.0880659152983928,0.0,0.6167122391701807,0.6167122391701807,0.0,0.5695326243523681,0.5695326243523681,0.0
bxaic__X__gcn__seed42,bxaic,X,gcn,42,ig,P01_checkpoint_rerun,0.05,fixed_current_machine_q,7,7,0,2764,1,2822,0,0.0471796148178146,0.0471796148178146,0.0,0.0880659152983928,0.0880659152983928,0.0,0.6167122391701807,0.6167122391701807,0.0,0.5695326243523681,0.5695326243523681,0.0
bxaic__X__gcn__seed42,bxaic,X,gcn,42,ig,P01_checkpoint_rerun,0.05,recalibrated,7,7,0,2764,1,2822,0,0.0471796148178146,0.0471796148178146,0.0,0.0880659152983928,0.0880659152983928,0.0,0.6167122391701807,0.6167122391701807,0.0,0.5695326243523681,0.5695326243523681,0.0
bxaic__X__gcn__seed42,bxaic,X,gcn,42,ig,P01_checkpoint_rerun,0.1,fixed_historical_q,5,5,0,2764,0,2822,0,0.0921681122248098,0.0921681122248098,0.0,0.0681479369393903,0.0681479369393903,0.0,0.7275108622380058,0.7275108622380058,0.0,0.6353427500131997,0.6353427500131997,0.0
bxaic__X__gcn__seed42,bxaic,X,gcn,42,ig,P01_checkpoint_rerun,0.1,fixed_current_machine_q,5,5,0,2764,0,2822,0,0.0921681122248098,0.0921681122248098,0.0,0.0681479369393903,0.0681479369393903,0.0,0.7275108622380058,0.7275108622380058,0.0,0.6353427500131997,0.6353427500131997,0.0
bxaic__X__gcn__seed42,bxaic,X,gcn,42,ig,P01_checkpoint_rerun,0.1,recalibrated,5,5,0,2764,0,2822,0,0.0921681122248098,0.0921681122248098,0.0,0.0681479369393903,0.0681479369393903,0.0,0.7275108622380058,0.7275108622380058,0.0,0.6353427500131997,0.6353427500131997,0.0
bxaic__X__gcn__seed42,bxaic,X,gcn,42,ig,P01_checkpoint_rerun,0.2,fixed_historical_q,3,3,0,2764,0,2822,0,0.1982543619857586,0.1982543619857586,0.0,0.0432521799187035,0.0432521799187035,0.0,0.92427651783605,0.92427651783605,0.0,0.7260221558502902,0.7260221558502902,0.0
bxaic__X__gcn__seed42,bxaic,X,gcn,42,ig,P01_checkpoint_rerun,0.2,fixed_current_machine_q,3,3,0,2764,0,2822,0,0.1982543619857586,0.1982543619857586,0.0,0.0432521799187035,0.0432521799187035,0.0,0.92427651783605,0.92427651783605,0.0,0.7260221558502902,0.7260221558502902,0.0
bxaic__X__gcn__seed42,bxaic,X,gcn,42,ig,P01_checkpoint_rerun,0.2,recalibrated,3,3,0,2764,0,2822,0,0.1982543619857586,0.1982543619857586,0.0,0.0432521799187035,0.0432521799187035,0.0,0.92427651783605,0.92427651783605,0.0,0.7260221558502902,0.7260221558502902,0.0
bxaic__X__gcn__seed42,bxaic,X,gcn,42,gradinput,P01_checkpoint_rerun,0.05,fixed_historical_q,7,7,0,2764,1,2822,0,0.0471796148178146,0.0471796148178146,0.0,0.0880659152983928,0.0880659152983928,0.0,0.6167122391701807,0.6167122391701807,0.0,0.5695326243523681,0.5695326243523681,0.0
bxaic__X__gcn__seed42,bxaic,X,gcn,42,gradinput,P01_checkpoint_rerun,0.05,fixed_current_machine_q,7,7,0,2764,1,2822,0,0.0471796148178146,0.0471796148178146,0.0,0.0880659152983928,0.0880659152983928,0.0,0.6167122391701807,0.6167122391701807,0.0,0.5695326243523681,0.5695326243523681,0.0
bxaic__X__gcn__seed42,bxaic,X,gcn,42,gradinput,P01_checkpoint_rerun,0.05,recalibrated,7,7,0,2764,1,2822,0,0.0471796148178146,0.0471796148178146,0.0,0.0880659152983928,0.0880659152983928,0.0,0.6167122391701807,0.6167122391701807,0.0,0.5695326243523681,0.5695326243523681,0.0
bxaic__X__gcn__seed42,bxaic,X,gcn,42,gradinput,P01_checkpoint_rerun,0.1,fixed_historical_q,5,5,0,2764,0,2822,0,0.0921681122248098,0.0921681122248098,0.0,0.0681479369393903,0.0681479369393903,0.0,0.7275108622380058,0.7275108622380058,0.0,0.6353427500131997,0.6353427500131997,0.0
bxaic__X__gcn__seed42,bxaic,X,gcn,42,gradinput,P01_checkpoint_rerun,0.1,fixed_current_machine_q,5,5,0,2764,0,2822,0,0.0921681122248098,0.0921681122248098,0.0,0.0681479369393903,0.0681479369393903,0.0,0.7275108622380058,0.7275108622380058,0.0,0.6353427500131997,0.6353427500131997,0.0
bxaic__X__gcn__seed42,bxaic,X,gcn,42,gradinput,P01_checkpoint_rerun,0.1,recalibrated,5,5,0,2764,0,2822,0,0.0921681122248098,0.0921681122248098,0.0,0.0681479369393903,0.0681479369393903,0.0,0.7275108622380058,0.7275108622380058,0.0,0.6353427500131997,0.6353427500131997,0.0
bxaic__X__gcn__seed42,bxaic,X,gcn,42,gradinput,P01_checkpoint_rerun,0.2,fixed_historical_q,3,3,0,2764,0,2822,0,0.1982543619857586,0.1982543619857586,0.0,0.0432521799187035,0.0432521799187035,0.0,0.92427651783605,0.92427651783605,0.0,0.7260221558502902,0.7260221558502902,0.0
bxaic__X__gcn__seed42,bxaic,X,gcn,42,gradinput,P01_checkpoint_rerun,0.2,fixed_current_machine_q,3,3,0,2764,0,2822,0,0.1982543619857586,0.1982543619857586,0.0,0.0432521799187035,0.0432521799187035,0.0,0.92427651783605,0.92427651783605,0.0,0.7260221558502902,0.7260221558502902,0.0
bxaic__X__gcn__seed42,bxaic,X,gcn,42,gradinput,P01_checkpoint_rerun,0.2,recalibrated,3,3,0,2764,0,2822,0,0.1982543619857586,0.1982543619857586,0.0,0.0432521799187035,0.0432521799187035,0.0,0.92427651783605,0.92427651783605,0.0,0.7260221558502902,0.7260221558502902,0.0
bxaic__X__gcn__seed42,bxaic,X,gcn,42,atom_occlusion,P20_frozen_cache,0.05,fixed_historical_q,7,7,0,2764,1,2822,0,0.0471796148178146,0.0471796148178146,0.0,0.0880659152983928,0.0880659152983928,0.0,0.6167122391701807,0.6167122391701807,0.0,0.5695326243523681,0.5695326243523681,0.0
bxaic__X__gcn__seed42,bxaic,X,gcn,42,atom_occlusion,P20_frozen_cache,0.05,fixed_current_machine_q,7,7,0,2764,1,2822,0,0.0471796148178146,0.0471796148178146,0.0,0.0880659152983928,0.0880659152983928,0.0,0.6167122391701807,0.6167122391701807,0.0,0.5695326243523681,0.5695326243523681,0.0
bxaic__X__gcn__seed42,bxaic,X,gcn,42,atom_occlusion,P20_frozen_cache,0.05,recalibrated,7,7,0,2764,1,2822,0,0.0471796148178146,0.0471796148178146,0.0,0.0880659152983928,0.0880659152983928,0.0,0.6167122391701807,0.6167122391701807,0.0,0.5695326243523681,0.5695326243523681,0.0
bxaic__X__gcn__seed42,bxaic,X,gcn,42,atom_occlusion,P20_frozen_cache,0.1,fixed_historical_q,5,5,0,2764,0,2822,0,0.0921681122248098,0.0921681122248098,0.0,0.0681479369393903,0.0681479369393903,0.0,0.7275108622380058,0.7275108622380058,0.0,0.6353427500131997,0.6353427500131997,0.0
bxaic__X__gcn__seed42,bxaic,X,gcn,42,atom_occlusion,P20_frozen_cache,0.1,fixed_current_machine_q,5,5,0,2764,0,2822,0,0.0921681122248098,0.0921681122248098,0.0,0.0681479369393903,0.0681479369393903,0.0,0.7275108622380058,0.7275108622380058,0.0,0.6353427500131997,0.6353427500131997,0.0
bxaic__X__gcn__seed42,bxaic,X,gcn,42,atom_occlusion,P20_frozen_cache,0.1,recalibrated,5,5,0,2764,0,2822,0,0.0921681122248098,0.0921681122248098,0.0,0.0681479369393903,0.0681479369393903,0.0,0.7275108622380058,0.7275108622380058,0.0,0.6353427500131997,0.6353427500131997,0.0
bxaic__X__gcn__seed42,bxaic,X,gcn,42,atom_occlusion,P20_frozen_cache,0.2,fixed_historical_q,3,3,0,2764,0,2822,0,0.1982543619857586,0.1982543619857586,0.0,0.0432521799187035,0.0432521799187035,0.0,0.92427651783605,0.92427651783605,0.0,0.7260221558502902,0.7260221558502902,0.0
bxaic__X__gcn__seed42,bxaic,X,gcn,42,atom_occlusion,P20_frozen_cache,0.2,fixed_current_machine_q,3,3,0,2764,0,2822,0,0.1982543619857586,0.1982543619857586,0.0,0.0432521799187035,0.0432521799187035,0.0,0.92427651783605,0.92427651783605,0.0,0.7260221558502902,0.7260221558502902,0.0
bxaic__X__gcn__seed42,bxaic,X,gcn,42,atom_occlusion,P20_frozen_cache,0.2,recalibrated,3,3,0,2764,0,2822,0,0.1982543619857586,0.1982543619857586,0.0,0.0432521799187035,0.0432521799187035,0.0,0.92427651783605,0.92427651783605,0.0,0.7260221558502902,0.7260221558502902,0.0
bxaic__X__gcn__seed42,bxaic,X,gcn,42,saliency,P20_frozen_cache,0.05,fixed_historical_q,25,25,0,2764,0,2822,0,0.0469903423216676,0.0469903423216676,0.0,0.2631365358313075,0.2631365358313075,0.0,0.2067818041439277,0.2067818041439277,0.0,0.2032172104643758,0.2032172104643758,0.0
bxaic__X__gcn__seed42,bxaic,X,gcn,42,saliency,P20_frozen_cache,0.05,fixed_current_machine_q,25,25,0,2764,0,2822,0,0.0469903423216676,0.0469903423216676,0.0,0.2631365358313075,0.2631365358313075,0.0,0.2067818041439277,0.2067818041439277,0.0,0.2032172104643758,0.2032172104643758,0.0
bxaic__X__gcn__seed42,bxaic,X,gcn,42,saliency,P20_frozen_cache,0.05,recalibrated,25,25,0,2764,0,2822,0,0.0469903423216676,0.0469903423216676,0.0,0.2631365358313075,0.2631365358313075,0.0,0.2067818041439277,0.2067818041439277,0.0,0.2032172104643758,0.2032172104643758,0.0
bxaic__X__gcn__seed42,bxaic,X,gcn,42,saliency,P20_frozen_cache,0.1,fixed_historical_q,19,19,0,2764,0,2822,0,0.0941134285039317,0.0941134285039317,0.0,0.2072333673447334,0.2072333673447334,0.0,0.2370280794512644,0.2370280794512644,0.0,0.2303442876150979,0.2303442876150979,0.0
bxaic__X__gcn__seed42,bxaic,X,gcn,42,saliency,P20_frozen_cache,0.1,fixed_current_machine_q,19,19,0,2764,0,2822,0,0.0941134285039317,0.0941134285039317,0.0,0.2072333673447334,0.2072333673447334,0.0,0.2370280794512644,0.2370280794512644,0.0,0.2303442876150979,0.2303442876150979,0.0
bxaic__X__gcn__seed42,bxaic,X,gcn,42,saliency,P20_frozen_cache,0.1,recalibrated,19,19,0,2764,0,2822,0,0.0941134285039317,0.0941134285039317,0.0,0.2072333673447334,0.2072333673447334,0.0,0.2370280794512644,0.2370280794512644,0.0,0.2303442876150979,0.2303442876150979,0.0
bxaic__X__gcn__seed42,bxaic,X,gcn,42,saliency,P20_frozen_cache,0.2,fixed_historical_q,13,13,0,2764,0,2822,0,0.1787418581890586,0.1787418581890586,0.0,0.1477955649448495,0.1477955649448495,0.0,0.2757844404845932,0.2757844404845932,0.0,0.2636182284778419,0.2636182284778419,0.0
bxaic__X__gcn__seed42,bxaic,X,gcn,42,saliency,P20_frozen_cache,0.2,fixed_current_machine_q,13,13,0,2764,0,2822,0,0.1787418581890586,0.1787418581890586,0.0,0.1477955649448495,0.1477955649448495,0.0,0.2757844404845932,0.2757844404845932,0.0,0.2636182284778419,0.2636182284778419,0.0
bxaic__X__gcn__seed42,bxaic,X,gcn,42,saliency,P20_frozen_cache,0.2,recalibrated,13,13,0,2764,0,2822,0,0.1787418581890586,0.1787418581890586,0.0,0.1477955649448495,0.1477955649448495,0.0,0.2757844404845932,0.2757844404845932,0.0,0.2636182284778419,0.2636182284778419,0.0
bxaic__X__gin__seed123,bxaic,X,gin,123,ig,P01_checkpoint_rerun,0.05,fixed_historical_q,7,7,0,2764,1,2822,0,0.0471796148178146,0.0471796148178146,0.0,0.0880659152983928,0.0880659152983928,0.0,0.6167122391701807,0.6167122391701807,0.0,0.5695326243523681,0.5695326243523681,0.0
bxaic__X__gin__seed123,bxaic,X,gin,123,ig,P01_checkpoint_rerun,0.05,fixed_current_machine_q,7,7,0,2764,1,2822,0,0.0471796148178146,0.0471796148178146,0.0,0.0880659152983928,0.0880659152983928,0.0,0.6167122391701807,0.6167122391701807,0.0,0.5695326243523681,0.5695326243523681,0.0
bxaic__X__gin__seed123,bxaic,X,gin,123,ig,P01_checkpoint_rerun,0.05,recalibrated,7,7,0,2764,1,2822,0,0.0471796148178146,0.0471796148178146,0.0,0.0880659152983928,0.0880659152983928,0.0,0.6167122391701807,0.6167122391701807,0.0,0.5695326243523681,0.5695326243523681,0.0
bxaic__X__gin__seed123,bxaic,X,gin,123,ig,P01_checkpoint_rerun,0.1,fixed_historical_q,5,5,0,2764,0,2822,0,0.0921681122248098,0.0921681122248098,0.0,0.0681479369393903,0.0681479369393903,0.0,0.7275108622380058,0.7275108622380058,0.0,0.6353427500131997,0.6353427500131997,0.0
bxaic__X__gin__seed123,bxaic,X,gin,123,ig,P01_checkpoint_rerun,0.1,fixed_current_machine_q,5,5,0,2764,0,2822,0,0.0921681122248098,0.0921681122248098,0.0,0.0681479369393903,0.0681479369393903,0.0,0.7275108622380058,0.7275108622380058,0.0,0.6353427500131997,0.6353427500131997,0.0
bxaic__X__gin__seed123,bxaic,X,gin,123,ig,P01_checkpoint_rerun,0.1,recalibrated,5,5,0,2764,0,2822,0,0.0921681122248098,0.0921681122248098,0.0,0.0681479369393903,0.0681479369393903,0.0,0.7275108622380058,0.7275108622380058,0.0,0.6353427500131997,0.6353427500131997,0.0
bxaic__X__gin__seed123,bxaic,X,gin,123,ig,P01_checkpoint_rerun,0.2,fixed_historical_q,3,3,0,2764,0,2822,0,0.1982543619857586,0.1982543619857586,0.0,0.0432521799187035,0.0432521799187035,0.0,0.92427651783605,0.92427651783605,0.0,0.7260221558502902,0.7260221558502902,0.0
bxaic__X__gin__seed123,bxaic,X,gin,123,ig,P01_checkpoint_rerun,0.2,fixed_current_machine_q,3,3,0,2764,0,2822,0,0.1982543619857586,0.1982543619857586,0.0,0.0432521799187035,0.0432521799187035,0.0,0.92427651783605,0.92427651783605,0.0,0.7260221558502902,0.7260221558502902,0.0
bxaic__X__gin__seed123,bxaic,X,gin,123,ig,P01_checkpoint_rerun,0.2,recalibrated,3,3,0,2764,0,2822,0,0.1982543619857586,0.1982543619857586,0.0,0.0432521799187035,0.0432521799187035,0.0,0.92427651783605,0.92427651783605,0.0,0.7260221558502902,0.7260221558502902,0.0
bxaic__X__gin__seed123,bxaic,X,gin,123,gradinput,P01_checkpoint_rerun,0.05,fixed_historical_q,8,8,0,2764,0,2822,0,0.0448217238702709,0.0448217238702709,0.0,0.0963204415530178,0.0963204415530178,0.0,0.5686331575838118,0.5686331575838118,0.0,0.5327771284251613,0.5327771284251613,0.0
bxaic__X__gin__seed123,bxaic,X,gin,123,gradinput,P01_checkpoint_rerun,0.05,fixed_current_machine_q,8,8,0,2764,0,2822,0,0.0448217238702709,0.0448217238702709,0.0,0.0963204415530178,0.0963204415530178,0.0,0.5686331575838118,0.5686331575838118,0.0,0.5327771284251613,0.5327771284251613,0.0
bxaic__X__gin__seed123,bxaic,X,gin,123,gradinput,P01_checkpoint_rerun,0.05,recalibrated,8,8,0,2764,0,2822,0,0.0448217238702709,0.0448217238702709,0.0,0.0963204415530178,0.0963204415530178,0.0,0.5686331575838118,0.5686331575838118,0.0,0.5327771284251613,0.5327771284251613,0.0
bxaic__X__gin__seed123,bxaic,X,gin,123,gradinput,P01_checkpoint_rerun,0.1,fixed_historical_q,6,6,0,2764,0,2822,0,0.0800894052400078,0.0800894052400078,0.0,0.0777160805543753,0.0777160805543753,0.0,0.6541456569849549,0.6541456569849549,0.0,0.5871527554066547,0.5871527554066547,0.0
bxaic__X__gin__seed123,bxaic,X,gin,123,gradinput,P01_checkpoint_rerun,0.1,fixed_current_machine_q,6,6,0,2764,0,2822,0,0.0800894052400078,0.0800894052400078,0.0,0.0777160805543753,0.0777160805543753,0.0,0.6541456569849549,0.6541456569849549,0.0,0.5871527554066547,0.5871527554066547,0.0
bxaic__X__gin__seed123,bxaic,X,gin,123,gradinput,P01_checkpoint_rerun,0.1,recalibrated,6,6,0,2764,0,2822,0,0.0800894052400078,0.0800894052400078,0.0,0.0777160805543753,0.0777160805543753,0.0,0.6541456569849549,0.6541456569849549,0.0,0.5871527554066547,0.5871527554066547,0.0
bxaic__X__gin__seed123,bxaic,X,gin,123,gradinput,P01_checkpoint_rerun,0.2,fixed_historical_q,4,4,0,2764,0,2822,0,0.1471067744366822,0.1471067744366822,0.0,0.0570402522274434,0.0570402522274434,0.0,0.7871843945683422,0.7871843945683422,0.0,0.6584059755702227,0.6584059755702227,0.0
bxaic__X__gin__seed123,bxaic,X,gin,123,gradinput,P01_checkpoint_rerun,0.2,fixed_current_machine_q,4,4,0,2764,0,2822,0,0.1471067744366822,0.1471067744366822,0.0,0.0570402522274434,0.0570402522274434,0.0,0.7871843945683422,0.7871843945683422,0.0,0.6584059755702227,0.6584059755702227,0.0
bxaic__X__gin__seed123,bxaic,X,gin,123,gradinput,P01_checkpoint_rerun,0.2,recalibrated,4,4,0,2764,0,2822,0,0.1471067744366822,0.1471067744366822,0.0,0.0570402522274434,0.0570402522274434,0.0,0.7871843945683422,0.7871843945683422,0.0,0.6584059755702227,0.6584059755702227,0.0
bxaic__X__gin__seed123,bxaic,X,gin,123,atom_occlusion,P20_frozen_cache,0.05,fixed_historical_q,7,7,0,2764,1,2822,0,0.0472091447020574,0.0472091447020574,0.0,0.0880659152983928,0.0880659152983928,0.0,0.6165350598647236,0.6165350598647236,0.0,0.5695008229385681,0.5695008229385681,0.0
bxaic__X__gin__seed123,bxaic,X,gin,123,atom_occlusion,P20_frozen_cache,0.05,fixed_current_machine_q,7,7,0,2764,1,2822,0,0.0472091447020574,0.0472091447020574,0.0,0.0880659152983928,0.0880659152983928,0.0,0.6165350598647236,0.6165350598647236,0.0,0.5695008229385681,0.5695008229385681,0.0
bxaic__X__gin__seed123,bxaic,X,gin,123,atom_occlusion,P20_frozen_cache,0.05,recalibrated,7,7,0,2764,1,2822,0,0.0472091447020574,0.0472091447020574,0.0,0.0880659152983928,0.0880659152983928,0.0,0.6165350598647236,0.6165350598647236,0.0,0.5695008229385681,0.5695008229385681,0.0
bxaic__X__gin__seed123,bxaic,X,gin,123,atom_occlusion,P20_frozen_cache,0.1,fixed_historical_q,5,5,0,2764,0,2822,0,0.0921976421090527,0.0921976421090527,0.0,0.0681479369393903,0.0681479369393903,0.0,0.7271565036270915,0.7271565036270915,0.0,0.6353132201289569,0.6353132201289569,0.0
bxaic__X__gin__seed123,bxaic,X,gin,123,atom_occlusion,P20_frozen_cache,0.1,fixed_current_machine_q,5,5,0,2764,0,2822,0,0.0921976421090527,0.0921976421090527,0.0,0.0681479369393903,0.0681479369393903,0.0,0.7271565036270915,0.7271565036270915,0.0,0.6353132201289569,0.6353132201289569,0.0
bxaic__X__gin__seed123,bxaic,X,gin,123,atom_occlusion,P20_frozen_cache,0.1,recalibrated,5,5,0,2764,0,2822,0,0.0921976421090527,0.0921976421090527,0.0,0.0681479369393903,0.0681479369393903,0.0,0.7271565036270915,0.7271565036270915,0.0,0.6353132201289569,0.6353132201289569,0.0
bxaic__X__gin__seed123,bxaic,X,gin,123,atom_occlusion,P20_frozen_cache,0.2,fixed_historical_q,3,3,0,2764,0,2822,0,0.1982838918700014,0.1982838918700014,0.0,0.0432521799187035,0.0432521799187035,0.0,0.9239221592251357,0.9239221592251357,0.0,0.7259926259660474,0.7259926259660474,0.0
bxaic__X__gin__seed123,bxaic,X,gin,123,atom_occlusion,P20_frozen_cache,0.2,fixed_current_machine_q,3,3,0,2764,0,2822,0,0.1982838918700014,0.1982838918700014,0.0,0.0432521799187035,0.0432521799187035,0.0,0.9239221592251357,0.9239221592251357,0.0,0.7259926259660474,0.7259926259660474,0.0
bxaic__X__gin__seed123,bxaic,X,gin,123,atom_occlusion,P20_frozen_cache,0.2,recalibrated,3,3,0,2764,0,2822,0,0.1982838918700014,0.1982838918700014,0.0,0.0432521799187035,0.0432521799187035,0.0,0.9239221592251357,0.9239221592251357,0.0,0.7259926259660474,0.7259926259660474,0.0
bxaic__X__gin__seed123,bxaic,X,gin,123,saliency,P20_frozen_cache,0.05,fixed_historical_q,30,30,0,2764,0,2822,0,0.0397545363526936,0.0397545363526936,0.0,0.3162317963074243,0.3162317963074243,0.0,0.1762298097793782,0.1762298097793782,0.0,0.1737781938198697,0.1737781938198697,0.0
bxaic__X__gin__seed123,bxaic,X,gin,123,saliency,P20_frozen_cache,0.05,fixed_current_machine_q,30,30,0,2764,0,2822,0,0.0397545363526936,0.0397545363526936,0.0,0.3162317963074243,0.3162317963074243,0.0,0.1762298097793782,0.1762298097793782,0.0,0.1737781938198697,0.1737781938198697,0.0
bxaic__X__gin__seed123,bxaic,X,gin,123,saliency,P20_frozen_cache,0.05,recalibrated,30,30,0,2764,0,2822,0,0.0397545363526936,0.0397545363526936,0.0,0.3162317963074243,0.3162317963074243,0.0,0.1762298097793782,0.1762298097793782,0.0,0.1737781938198697,0.1737781938198697,0.0
bxaic__X__gin__seed123,bxaic,X,gin,123,saliency,P20_frozen_cache,0.1,fixed_historical_q,24,24,0,2764,0,2822,0,0.0886339475549256,0.0886339475549256,0.0,0.2564868080467718,0.2564868080467718,0.0,0.1960891047900572,0.1960891047900572,0.0,0.191622498870581,0.191622498870581,0.0
bxaic__X__gin__seed123,bxaic,X,gin,123,saliency,P20_frozen_cache,0.1,fixed_current_machine_q,24,24,0,2764,0,2822,0,0.0886339475549256,0.0886339475549256,0.0,0.2564868080467718,0.2564868080467718,0.0,0.1960891047900572,0.1960891047900572,0.0,0.191622498870581,0.191622498870581,0.0
bxaic__X__gin__seed123,bxaic,X,gin,123,saliency,P20_frozen_cache,0.1,recalibrated,24,24,0,2764,0,2822,0,0.0886339475549256,0.0886339475549256,0.0,0.2564868080467718,0.2564868080467718,0.0,0.1960891047900572,0.1960891047900572,0.0,0.191622498870581,0.191622498870581,0.0
bxaic__X__gin__seed123,bxaic,X,gin,123,saliency,P20_frozen_cache,0.2,fixed_historical_q,18,18,0,2764,0,2822,0,0.1804908710472141,0.1804908710472141,0.0,0.1979390304297622,0.1979390304297622,0.0,0.2115321157158714,0.2115321157158714,0.0,0.2046987195085433,0.2046987195085433,0.0
bxaic__X__gin__seed123,bxaic,X,gin,123,saliency,P20_frozen_cache,0.2,fixed_current_machine_q,18,18,0,2764,0,2822,0,0.1804908710472141,0.1804908710472141,0.0,0.1979390304297622,0.1979390304297622,0.0,0.2115321157158714,0.2115321157158714,0.0,0.2046987195085433,0.2046987195085433,0.0
bxaic__X__gin__seed123,bxaic,X,gin,123,saliency,P20_frozen_cache,0.2,recalibrated,18,18,0,2764,0,2822,0,0.1804908710472141,0.1804908710472141,0.0,0.1979390304297622,0.1979390304297622,0.0,0.2115321157158714,0.2115321157158714,0.0,0.2046987195085433,0.2046987195085433,0.0
bxaic__X__gin__seed2026,bxaic,X,gin,2026,ig,P01_checkpoint_rerun,0.05,fixed_historical_q,7,7,0,2764,1,2822,0,0.0473567941232717,0.0473567941232717,0.0,0.0880659152983928,0.0880659152983928,0.0,0.6165350598647236,0.6165350598647236,0.0,0.5692963852784252,0.5692963852784252,0.0
bxaic__X__gin__seed2026,bxaic,X,gin,2026,ig,P01_checkpoint_rerun,0.05,fixed_current_machine_q,7,7,0,2764,1,2822,0,0.0473567941232717,0.0473567941232717,0.0,0.0880659152983928,0.0880659152983928,0.0,0.6165350598647236,0.6165350598647236,0.0,0.5692963852784252,0.5692963852784252,0.0
bxaic__X__gin__seed2026,bxaic,X,gin,2026,ig,P01_checkpoint_rerun,0.05,recalibrated,7,7,0,2764,1,2822,0,0.0473567941232717,0.0473567941232717,0.0,0.0880659152983928,0.0880659152983928,0.0,0.6165350598647236,0.6165350598647236,0.0,0.5692963852784252,0.5692963852784252,0.0
bxaic__X__gin__seed2026,bxaic,X,gin,2026,ig,P01_checkpoint_rerun,0.1,fixed_historical_q,5,5,0,2764,0,2822,0,0.0923452915302669,0.0923452915302669,0.0,0.0681479369393903,0.0681479369393903,0.0,0.7271565036270915,0.7271565036270915,0.0,0.6351655707077426,0.6351655707077426,0.0
bxaic__X__gin__seed2026,bxaic,X,gin,2026,ig,P01_checkpoint_rerun,0.1,fixed_current_machine_q,5,5,0,2764,0,2822,0,0.0923452915302669,0.0923452915302669,0.0,0.0681479369393903,0.0681479369393903,0.0,0.7271565036270915,0.7271565036270915,0.0,0.6351655707077426,0.6351655707077426,0.0
bxaic__X__gin__seed2026,bxaic,X,gin,2026,ig,P01_checkpoint_rerun,0.1,recalibrated,5,5,0,2764,0,2822,0,0.0923452915302669,0.0923452915302669,0.0,0.0681479369393903,0.0681479369393903,0.0,0.7271565036270915,0.7271565036270915,0.0,0.6351655707077426,0.6351655707077426,0.0
bxaic__X__gin__seed2026,bxaic,X,gin,2026,ig,P01_checkpoint_rerun,0.2,fixed_historical_q,3,3,0,2764,0,2822,0,0.1984315412912157,0.1984315412912157,0.0,0.0432521799187035,0.0432521799187035,0.0,0.9239221592251357,0.9239221592251357,0.0,0.725844976544833,0.725844976544833,0.0
bxaic__X__gin__seed2026,bxaic,X,gin,2026,ig,P01_checkpoint_rerun,0.2,fixed_current_machine_q,3,3,0,2764,0,2822,0,0.1984315412912157,0.1984315412912157,0.0,0.0432521799187035,0.0432521799187035,0.0,0.9239221592251357,0.9239221592251357,0.0,0.725844976544833,0.725844976544833,0.0
bxaic__X__gin__seed2026,bxaic,X,gin,2026,ig,P01_checkpoint_rerun,0.2,recalibrated,3,3,0,2764,0,2822,0,0.1984315412912157,0.1984315412912157,0.0,0.0432521799187035,0.0432521799187035,0.0,0.9239221592251357,0.9239221592251357,0.0,0.725844976544833,0.725844976544833,0.0
bxaic__X__gin__seed2026,bxaic,X,gin,2026,gradinput,P01_checkpoint_rerun,0.05,fixed_historical_q,7,7,0,2764,1,2822,0,0.0526105823855646,0.0526105823855646,0.0,0.0880659152983928,0.0880659152983928,0.0,0.6088277600773389,0.6088277600773389,0.0,0.5634017985280622,0.5634017985280622,0.0
bxaic__X__gin__seed2026,bxaic,X,gin,2026,gradinput,P01_checkpoint_rerun,0.05,fixed_current_machine_q,7,7,0,2764,1,2822,0,0.0526105823855646,0.0526105823855646,0.0,0.0880659152983928,0.0880659152983928,0.0,0.6088277600773389,0.6088277600773389,0.0,0.5634017985280622,0.5634017985280622,0.0
bxaic__X__gin__seed2026,bxaic,X,gin,2026,gradinput,P01_checkpoint_rerun,0.05,recalibrated,7,7,0,2764,1,2822,0,0.0526105823855646,0.0526105823855646,0.0,0.0880659152983928,0.0880659152983928,0.0,0.6088277600773389,0.6088277600773389,0.0,0.5634017985280622,0.5634017985280622,0.0
bxaic__X__gin__seed2026,bxaic,X,gin,2026,gradinput,P01_checkpoint_rerun,0.1,fixed_historical_q,5,5,0,2764,0,2822,0,0.0981483356394768,0.0981483356394768,0.0,0.0681479369393903,0.0681479369393903,0.0,0.7163485659942072,0.7163485659942072,0.0,0.6293891034943513,0.6293891034943513,0.0
bxaic__X__gin__seed2026,bxaic,X,gin,2026,gradinput,P01_checkpoint_rerun,0.1,fixed_current_machine_q,5,5,0,2764,0,2822,0,0.0981483356394768,0.0981483356394768,0.0,0.0681479369393903,0.0681479369393903,0.0,0.7163485659942072,0.7163485659942072,0.0,0.6293891034943513,0.6293891034943513,0.0
bxaic__X__gin__seed2026,bxaic,X,gin,2026,gradinput,P01_checkpoint_rerun,0.1,recalibrated,5,5,0,2764,0,2822,0,0.0981483356394768,0.0981483356394768,0.0,0.0681479369393903,0.0681479369393903,0.0,0.7163485659942072,0.7163485659942072,0.0,0.6293891034943513,0.6293891034943513,0.0
bxaic__X__gin__seed2026,bxaic,X,gin,2026,gradinput,P01_checkpoint_rerun,0.2,fixed_historical_q,3,3,0,2764,0,2822,0,0.203475245519895,0.203475245519895,0.0,0.0432521799187035,0.0432521799187035,0.0,0.9115196078431372,0.9115196078431372,0.0,0.7206595288717885,0.7206595288717885,0.0
bxaic__X__gin__seed2026,bxaic,X,gin,2026,gradinput,P01_checkpoint_rerun,0.2,fixed_current_machine_q,3,3,0,2764,0,2822,0,0.203475245519895,0.203475245519895,0.0,0.0432521799187035,0.0432521799187035,0.0,0.9115196078431372,0.9115196078431372,0.0,0.7206595288717885,0.7206595288717885,0.0
bxaic__X__gin__seed2026,bxaic,X,gin,2026,gradinput,P01_checkpoint_rerun,0.2,recalibrated,3,3,0,2764,0,2822,0,0.203475245519895,0.203475245519895,0.0,0.0432521799187035,0.0432521799187035,0.0,0.9115196078431372,0.9115196078431372,0.0,0.7206595288717885,0.7206595288717885,0.0
bxaic__X__gin__seed2026,bxaic,X,gin,2026,atom_occlusion,P20_frozen_cache,0.05,fixed_historical_q,7,7,0,2764,1,2822,0,0.0474158538917574,0.0474158538917574,0.0,0.0880659152983928,0.0880659152983928,0.0,0.6161807012538093,0.6161807012538093,0.0,0.5692373255099394,0.5692373255099394,0.0
bxaic__X__gin__seed2026,bxaic,X,gin,2026,atom_occlusion,P20_frozen_cache,0.05,fixed_current_machine_q,7,7,0,2764,1,2822,0,0.0474158538917574,0.0474158538917574,0.0,0.0880659152983928,0.0880659152983928,0.0,0.6161807012538093,0.6161807012538093,0.0,0.5692373255099394,0.5692373255099394,0.0
bxaic__X__gin__seed2026,bxaic,X,gin,2026,atom_occlusion,P20_frozen_cache,0.05,recalibrated,7,7,0,2764,1,2822,0,0.0474158538917574,0.0474158538917574,0.0,0.0880659152983928,0.0880659152983928,0.0,0.6161807012538093,0.6161807012538093,0.0,0.5692373255099394,0.5692373255099394,0.0
bxaic__X__gin__seed2026,bxaic,X,gin,2026,atom_occlusion,P20_frozen_cache,0.1,fixed_historical_q,5,5,0,2764,0,2822,0,0.0923748214145098,0.0923748214145098,0.0,0.0681479369393903,0.0681479369393903,0.0,0.7268021450161772,0.7268021450161772,0.0,0.6351360408234997,0.6351360408234997,0.0
bxaic__X__gin__seed2026,bxaic,X,gin,2026,atom_occlusion,P20_frozen_cache,0.1,fixed_current_machine_q,5,5,0,2764,0,2822,0,0.0923748214145098,0.0923748214145098,0.0,0.0681479369393903,0.0681479369393903,0.0,0.7268021450161772,0.7268021450161772,0.0,0.6351360408234997,0.6351360408234997,0.0
bxaic__X__gin__seed2026,bxaic,X,gin,2026,atom_occlusion,P20_frozen_cache,0.1,recalibrated,5,5,0,2764,0,2822,0,0.0923748214145098,0.0923748214145098,0.0,0.0681479369393903,0.0681479369393903,0.0,0.7268021450161772,0.7268021450161772,0.0,0.6351360408234997,0.6351360408234997,0.0
bxaic__X__gin__seed2026,bxaic,X,gin,2026,atom_occlusion,P20_frozen_cache,0.2,fixed_historical_q,3,3,0,2764,0,2822,0,0.1988154297863728,0.1988154297863728,0.0,0.0432521799187035,0.0432521799187035,0.0,0.9233906213087644,0.9233906213087644,0.0,0.7256382673551333,0.7256382673551333,0.0
bxaic__X__gin__seed2026,bxaic,X,gin,2026,atom_occlusion,P20_frozen_cache,0.2,fixed_current_machine_q,3,3,0,2764,0,2822,0,0.1988154297863728,0.1988154297863728,0.0,0.0432521799187035,0.0432521799187035,0.0,0.9233906213087644,0.9233906213087644,0.0,0.7256382673551333,0.7256382673551333,0.0
bxaic__X__gin__seed2026,bxaic,X,gin,2026,atom_occlusion,P20_frozen_cache,0.2,recalibrated,3,3,0,2764,0,2822,0,0.1988154297863728,0.1988154297863728,0.0,0.0432521799187035,0.0432521799187035,0.0,0.9233906213087644,0.9233906213087644,0.0,0.7256382673551333,0.7256382673551333,0.0
bxaic__X__gin__seed2026,bxaic,X,gin,2026,saliency,P20_frozen_cache,0.05,fixed_historical_q,30,30,0,2764,0,2822,0,0.0376709920916157,0.0376709920916157,0.0,0.3162317963074243,0.3162317963074243,0.0,0.1773456489575013,0.1773456489575013,0.0,0.1750311817362614,0.1750311817362614,0.0
bxaic__X__gin__seed2026,bxaic,X,gin,2026,saliency,P20_frozen_cache,0.05,fixed_current_machine_q,30,30,0,2764,0,2822,0,0.0376709920916157,0.0376709920916157,0.0,0.3162317963074243,0.3162317963074243,0.0,0.1773456489575013,0.1773456489575013,0.0,0.1750311817362614,0.1750311817362614,0.0
bxaic__X__gin__seed2026,bxaic,X,gin,2026,saliency,P20_frozen_cache,0.05,recalibrated,30,30,0,2764,0,2822,0,0.0376709920916157,0.0376709920916157,0.0,0.3162317963074243,0.3162317963074243,0.0,0.1773456489575013,0.1773456489575013,0.0,0.1750311817362614,0.1750311817362614,0.0
bxaic__X__gin__seed2026,bxaic,X,gin,2026,saliency,P20_frozen_cache,0.1,fixed_historical_q,24,24,0,2764,0,2822,0,0.0884812358678411,0.0884812358678411,0.0,0.2564868080467718,0.2564868080467718,0.0,0.197702476849921,0.197702476849921,0.0,0.1930586188573744,0.1930586188573744,0.0
bxaic__X__gin__seed2026,bxaic,X,gin,2026,saliency,P20_frozen_cache,0.1,fixed_current_machine_q,24,24,0,2764,0,2822,0,0.0884812358678411,0.0884812358678411,0.0,0.2564868080467718,0.2564868080467718,0.0,0.197702476849921,0.197702476849921,0.0,0.1930586188573744,0.1930586188573744,0.0
bxaic__X__gin__seed2026,bxaic,X,gin,2026,saliency,P20_frozen_cache,0.1,recalibrated,24,24,0,2764,0,2822,0,0.0884812358678411,0.0884812358678411,0.0,0.2564868080467718,0.2564868080467718,0.0,0.197702476849921,0.197702476849921,0.0,0.1930586188573744,0.1930586188573744,0.0
bxaic__X__gin__seed2026,bxaic,X,gin,2026,saliency,P20_frozen_cache,0.2,fixed_historical_q,17,17,0,2764,0,2822,0,0.2053060983429515,0.2053060983429515,0.0,0.1875275203171704,0.1875275203171704,0.0,0.2178374204271644,0.2178374204271644,0.0,0.2091945090822685,0.2091945090822685,0.0
bxaic__X__gin__seed2026,bxaic,X,gin,2026,saliency,P20_frozen_cache,0.2,fixed_current_machine_q,17,17,0,2764,0,2822,0,0.2053060983429515,0.2053060983429515,0.0,0.1875275203171704,0.1875275203171704,0.0,0.2178374204271644,0.2178374204271644,0.0,0.2091945090822685,0.2091945090822685,0.0
bxaic__X__gin__seed2026,bxaic,X,gin,2026,saliency,P20_frozen_cache,0.2,recalibrated,17,17,0,2764,0,2822,0,0.2053060983429515,0.2053060983429515,0.0,0.1875275203171704,0.1875275203171704,0.0,0.2178374204271644,0.2178374204271644,0.0,0.2091945090822685,0.2091945090822685,0.0
bxaic__X__gin__seed42,bxaic,X,gin,42,ig,P01_checkpoint_rerun,0.05,fixed_historical_q,7,7,0,2764,1,2822,0,0.0471796148178146,0.0471796148178146,0.0,0.0880659152983928,0.0880659152983928,0.0,0.6167122391701807,0.6167122391701807,0.0,0.5695326243523681,0.5695326243523681,0.0
bxaic__X__gin__seed42,bxaic,X,gin,42,ig,P01_checkpoint_rerun,0.05,fixed_current_machine_q,7,7,0,2764,1,2822,0,0.0471796148178146,0.0471796148178146,0.0,0.0880659152983928,0.0880659152983928,0.0,0.6167122391701807,0.6167122391701807,0.0,0.5695326243523681,0.5695326243523681,0.0
bxaic__X__gin__seed42,bxaic,X,gin,42,ig,P01_checkpoint_rerun,0.05,recalibrated,7,7,0,2764,1,2822,0,0.0471796148178146,0.0471796148178146,0.0,0.0880659152983928,0.0880659152983928,0.0,0.6167122391701807,0.6167122391701807,0.0,0.5695326243523681,0.5695326243523681,0.0
bxaic__X__gin__seed42,bxaic,X,gin,42,ig,P01_checkpoint_rerun,0.1,fixed_historical_q,5,5,0,2764,0,2822,0,0.0921681122248098,0.0921681122248098,0.0,0.0681479369393903,0.0681479369393903,0.0,0.7275108622380058,0.7275108622380058,0.0,0.6353427500131997,0.6353427500131997,0.0
bxaic__X__gin__seed42,bxaic,X,gin,42,ig,P01_checkpoint_rerun,0.1,fixed_current_machine_q,5,5,0,2764,0,2822,0,0.0921681122248098,0.0921681122248098,0.0,0.0681479369393903,0.0681479369393903,0.0,0.7275108622380058,0.7275108622380058,0.0,0.6353427500131997,0.6353427500131997,0.0
bxaic__X__gin__seed42,bxaic,X,gin,42,ig,P01_checkpoint_rerun,0.1,recalibrated,5,5,0,2764,0,2822,0,0.0921681122248098,0.0921681122248098,0.0,0.0681479369393903,0.0681479369393903,0.0,0.7275108622380058,0.7275108622380058,0.0,0.6353427500131997,0.6353427500131997,0.0
bxaic__X__gin__seed42,bxaic,X,gin,42,ig,P01_checkpoint_rerun,0.2,fixed_historical_q,3,3,0,2764,0,2822,0,0.1982543619857586,0.1982543619857586,0.0,0.0432521799187035,0.0432521799187035,0.0,0.92427651783605,0.92427651783605,0.0,0.7260221558502902,0.7260221558502902,0.0
bxaic__X__gin__seed42,bxaic,X,gin,42,ig,P01_checkpoint_rerun,0.2,fixed_current_machine_q,3,3,0,2764,0,2822,0,0.1982543619857586,0.1982543619857586,0.0,0.0432521799187035,0.0432521799187035,0.0,0.92427651783605,0.92427651783605,0.0,0.7260221558502902,0.7260221558502902,0.0
bxaic__X__gin__seed42,bxaic,X,gin,42,ig,P01_checkpoint_rerun,0.2,recalibrated,3,3,0,2764,0,2822,0,0.1982543619857586,0.1982543619857586,0.0,0.0432521799187035,0.0432521799187035,0.0,0.92427651783605,0.92427651783605,0.0,0.7260221558502902,0.7260221558502902,0.0
bxaic__X__gin__seed42,bxaic,X,gin,42,gradinput,P01_checkpoint_rerun,0.05,fixed_historical_q,7,7,0,2764,1,2822,0,0.0474960064347023,0.0474960064347023,0.0,0.0880659152983928,0.0880659152983928,0.0,0.615826342642895,0.615826342642895,0.0,0.5691315371334212,0.5691315371334212,0.0
bxaic__X__gin__seed42,bxaic,X,gin,42,gradinput,P01_checkpoint_rerun,0.05,fixed_current_machine_q,7,7,0,2764,1,2822,0,0.0474960064347023,0.0474960064347023,0.0,0.0880659152983928,0.0880659152983928,0.0,0.615826342642895,0.615826342642895,0.0,0.5691315371334212,0.5691315371334212,0.0
bxaic__X__gin__seed42,bxaic,X,gin,42,gradinput,P01_checkpoint_rerun,0.05,recalibrated,7,7,0,2764,1,2822,0,0.0474960064347023,0.0474960064347023,0.0,0.0880659152983928,0.0880659152983928,0.0,0.615826342642895,0.615826342642895,0.0,0.5691315371334212,0.5691315371334212,0.0
bxaic__X__gin__seed42,bxaic,X,gin,42,gradinput,P01_checkpoint_rerun,0.1,fixed_historical_q,5,5,0,2764,0,2822,0,0.0924549739574547,0.0924549739574547,0.0,0.0681479369393903,0.0681479369393903,0.0,0.726447786405263,0.726447786405263,0.0,0.6350093219246334,0.6350093219246334,0.0
bxaic__X__gin__seed42,bxaic,X,gin,42,gradinput,P01_checkpoint_rerun,0.1,fixed_current_machine_q,5,5,0,2764,0,2822,0,0.0924549739574547,0.0924549739574547,0.0,0.0681479369393903,0.0681479369393903,0.0,0.726447786405263,0.726447786405263,0.0,0.6350093219246334,0.6350093219246334,0.0
bxaic__X__gin__seed42,bxaic,X,gin,42,gradinput,P01_checkpoint_rerun,0.1,recalibrated,5,5,0,2764,0,2822,0,0.0924549739574547,0.0924549739574547,0.0,0.0681479369393903,0.0681479369393903,0.0,0.726447786405263,0.726447786405263,0.0,0.6350093219246334,0.6350093219246334,0.0
bxaic__X__gin__seed42,bxaic,X,gin,42,gradinput,P01_checkpoint_rerun,0.2,fixed_historical_q,3,3,0,2764,0,2822,0,0.1984906010597014,0.1984906010597014,0.0,0.0432521799187035,0.0432521799187035,0.0,0.92303626269785,0.92303626269785,0.0,0.7257563868921046,0.7257563868921046,0.0
bxaic__X__gin__seed42,bxaic,X,gin,42,gradinput,P01_checkpoint_rerun,0.2,fixed_current_machine_q,3,3,0,2764,0,2822,0,0.1984906010597014,0.1984906010597014,0.0,0.0432521799187035,0.0432521799187035,0.0,0.92303626269785,0.92303626269785,0.0,0.7257563868921046,0.7257563868921046,0.0
bxaic__X__gin__seed42,bxaic,X,gin,42,gradinput,P01_checkpoint_rerun,0.2,recalibrated,3,3,0,2764,0,2822,0,0.1984906010597014,0.1984906010597014,0.0,0.0432521799187035,0.0432521799187035,0.0,0.92303626269785,0.92303626269785,0.0,0.7257563868921046,0.7257563868921046,0.0
bxaic__X__gin__seed42,bxaic,X,gin,42,atom_occlusion,P20_frozen_cache,0.05,fixed_historical_q,7,7,0,2764,1,2822,0,0.0471796148178146,0.0471796148178146,0.0,0.0880659152983928,0.0880659152983928,0.0,0.6167122391701807,0.6167122391701807,0.0,0.5695326243523681,0.5695326243523681,0.0
bxaic__X__gin__seed42,bxaic,X,gin,42,atom_occlusion,P20_frozen_cache,0.05,fixed_current_machine_q,7,7,0,2764,1,2822,0,0.0471796148178146,0.0471796148178146,0.0,0.0880659152983928,0.0880659152983928,0.0,0.6167122391701807,0.6167122391701807,0.0,0.5695326243523681,0.5695326243523681,0.0
bxaic__X__gin__seed42,bxaic,X,gin,42,atom_occlusion,P20_frozen_cache,0.05,recalibrated,7,7,0,2764,1,2822,0,0.0471796148178146,0.0471796148178146,0.0,0.0880659152983928,0.0880659152983928,0.0,0.6167122391701807,0.6167122391701807,0.0,0.5695326243523681,0.5695326243523681,0.0
bxaic__X__gin__seed42,bxaic,X,gin,42,atom_occlusion,P20_frozen_cache,0.1,fixed_historical_q,5,5,0,2764,0,2822,0,0.0921681122248098,0.0921681122248098,0.0,0.0681479369393903,0.0681479369393903,0.0,0.7275108622380058,0.7275108622380058,0.0,0.6353427500131997,0.6353427500131997,0.0
bxaic__X__gin__seed42,bxaic,X,gin,42,atom_occlusion,P20_frozen_cache,0.1,fixed_current_machine_q,5,5,0,2764,0,2822,0,0.0921681122248098,0.0921681122248098,0.0,0.0681479369393903,0.0681479369393903,0.0,0.7275108622380058,0.7275108622380058,0.0,0.6353427500131997,0.6353427500131997,0.0
bxaic__X__gin__seed42,bxaic,X,gin,42,atom_occlusion,P20_frozen_cache,0.1,recalibrated,5,5,0,2764,0,2822,0,0.0921681122248098,0.0921681122248098,0.0,0.0681479369393903,0.0681479369393903,0.0,0.7275108622380058,0.7275108622380058,0.0,0.6353427500131997,0.6353427500131997,0.0
bxaic__X__gin__seed42,bxaic,X,gin,42,atom_occlusion,P20_frozen_cache,0.2,fixed_historical_q,3,3,0,2764,0,2822,0,0.1982543619857586,0.1982543619857586,0.0,0.0432521799187035,0.0432521799187035,0.0,0.92427651783605,0.92427651783605,0.0,0.7260221558502902,0.7260221558502902,0.0
bxaic__X__gin__seed42,bxaic,X,gin,42,atom_occlusion,P20_frozen_cache,0.2,fixed_current_machine_q,3,3,0,2764,0,2822,0,0.1982543619857586,0.1982543619857586,0.0,0.0432521799187035,0.0432521799187035,0.0,0.92427651783605,0.92427651783605,0.0,0.7260221558502902,0.7260221558502902,0.0
bxaic__X__gin__seed42,bxaic,X,gin,42,atom_occlusion,P20_frozen_cache,0.2,recalibrated,3,3,0,2764,0,2822,0,0.1982543619857586,0.1982543619857586,0.0,0.0432521799187035,0.0432521799187035,0.0,0.92427651783605,0.92427651783605,0.0,0.7260221558502902,0.7260221558502902,0.0
bxaic__X__gin__seed42,bxaic,X,gin,42,saliency,P20_frozen_cache,0.05,fixed_historical_q,31,31,0,2764,0,2822,0,0.0448369106678816,0.0448369106678816,0.0,0.3271727555300784,0.3271727555300784,0.0,0.168530236449881,0.168530236449881,0.0,0.1665454123022705,0.1665454123022705,0.0
bxaic__X__gin__seed42,bxaic,X,gin,42,saliency,P20_frozen_cache,0.05,fixed_current_machine_q,31,31,0,2764,0,2822,0,0.0448369106678816,0.0448369106678816,0.0,0.3271727555300784,0.3271727555300784,0.0,0.168530236449881,0.168530236449881,0.0,0.1665454123022705,0.1665454123022705,0.0
bxaic__X__gin__seed42,bxaic,X,gin,42,saliency,P20_frozen_cache,0.05,recalibrated,31,31,0,2764,0,2822,0,0.0448369106678816,0.0448369106678816,0.0,0.3271727555300784,0.3271727555300784,0.0,0.168530236449881,0.168530236449881,0.0,0.1665454123022705,0.1665454123022705,0.0
bxaic__X__gin__seed42,bxaic,X,gin,42,saliency,P20_frozen_cache,0.1,fixed_historical_q,26,26,0,2764,0,2822,0,0.084288414160845,0.084288414160845,0.0,0.278386701173016,0.278386701173016,0.0,0.1830133350412559,0.1830133350412559,0.0,0.179445457332698,0.179445457332698,0.0
bxaic__X__gin__seed42,bxaic,X,gin,42,saliency,P20_frozen_cache,0.1,fixed_current_machine_q,26,26,0,2764,0,2822,0,0.084288414160845,0.084288414160845,0.0,0.278386701173016,0.278386701173016,0.0,0.1830133350412559,0.1830133350412559,0.0,0.179445457332698,0.179445457332698,0.0
bxaic__X__gin__seed42,bxaic,X,gin,42,saliency,P20_frozen_cache,0.1,recalibrated,26,26,0,2764,0,2822,0,0.084288414160845,0.084288414160845,0.0,0.278386701173016,0.278386701173016,0.0,0.1830133350412559,0.1830133350412559,0.0,0.179445457332698,0.179445457332698,0.0
bxaic__X__gin__seed42,bxaic,X,gin,42,saliency,P20_frozen_cache,0.2,fixed_historical_q,20,20,0,2764,0,2822,0,0.1929410920994904,0.1929410920994904,0.0,0.2141407961866613,0.2141407961866613,0.0,0.1931104253870668,0.1931104253870668,0.0,0.1867195153285449,0.1867195153285449,0.0
bxaic__X__gin__seed42,bxaic,X,gin,42,saliency,P20_frozen_cache,0.2,fixed_current_machine_q,20,20,0,2764,0,2822,0,0.1929410920994904,0.1929410920994904,0.0,0.2141407961866613,0.2141407961866613,0.0,0.1931104253870668,0.1931104253870668,0.0,0.1867195153285449,0.1867195153285449,0.0
bxaic__X__gin__seed42,bxaic,X,gin,42,saliency,P20_frozen_cache,0.2,recalibrated,20,20,0,2764,0,2822,0,0.1929410920994904,0.1929410920994904,0.0,0.2141407961866613,0.2141407961866613,0.0,0.1931104253870668,0.1931104253870668,0.0,0.1867195153285449,0.1867195153285449,0.0
google__benzene__gcn__seed123,google,benzene,gcn,123,ig,P01_checkpoint_rerun,0.05,fixed_historical_q,65,65,0,1000,0,999,0,0.0480728744617633,0.0480728744617633,0.0,0.6704454526875647,0.6704454526875647,0.0,0.5235078958118172,0.5235078958118172,0.0,0.5064195414298607,0.5064195414298607,0.0
google__benzene__gcn__seed123,google,benzene,gcn,123,ig,P01_checkpoint_rerun,0.05,fixed_current_machine_q,65,65,0,1000,0,999,0,0.0480728744617633,0.0480728744617633,0.0,0.6704454526875647,0.6704454526875647,0.0,0.5235078958118172,0.5235078958118172,0.0,0.5064195414298607,0.5064195414298607,0.0
google__benzene__gcn__seed123,google,benzene,gcn,123,ig,P01_checkpoint_rerun,0.05,recalibrated,65,65,0,1000,0,999,0,0.0480728744617633,0.0480728744617633,0.0,0.6704454526875647,0.6704454526875647,0.0,0.5235078958118172,0.5235078958118172,0.0,0.5064195414298607,0.5064195414298607,0.0
google__benzene__gcn__seed123,google,benzene,gcn,123,ig,P01_checkpoint_rerun,0.1,fixed_historical_q,55,55,0,1000,0,999,0,0.0948621240287907,0.0948621240287907,0.0,0.5716810705784842,0.5716810705784842,0.0,0.5779763890875004,0.5779763890875004,0.0,0.5389114533593385,0.5389114533593385,0.0
google__benzene__gcn__seed123,google,benzene,gcn,123,ig,P01_checkpoint_rerun,0.1,fixed_current_machine_q,55,55,0,1000,0,999,0,0.0948621240287907,0.0948621240287907,0.0,0.5716810705784842,0.5716810705784842,0.0,0.5779763890875004,0.5779763890875004,0.0,0.5389114533593385,0.5389114533593385,0.0
google__benzene__gcn__seed123,google,benzene,gcn,123,ig,P01_checkpoint_rerun,0.1,recalibrated,55,55,0,1000,0,999,0,0.0948621240287907,0.0948621240287907,0.0,0.5716810705784842,0.5716810705784842,0.0,0.5779763890875004,0.5779763890875004,0.0,0.5389114533593385,0.5389114533593385,0.0
google__benzene__gcn__seed123,google,benzene,gcn,123,ig,P01_checkpoint_rerun,0.2,fixed_historical_q,42,42,0,1000,0,999,0,0.1952970827970827,0.1952970827970827,0.0,0.4448340596621328,0.4448340596621328,0.0,0.6477129366018257,0.6477129366018257,0.0,0.5549922441348335,0.5549922441348335,0.0
google__benzene__gcn__seed123,google,benzene,gcn,123,ig,P01_checkpoint_rerun,0.2,fixed_current_machine_q,42,42,0,1000,0,999,0,0.1952970827970827,0.1952970827970827,0.0,0.4448340596621328,0.4448340596621328,0.0,0.6477129366018257,0.6477129366018257,0.0,0.5549922441348335,0.5549922441348335,0.0
google__benzene__gcn__seed123,google,benzene,gcn,123,ig,P01_checkpoint_rerun,0.2,recalibrated,42,42,0,1000,0,999,0,0.1952970827970827,0.1952970827970827,0.0,0.4448340596621328,0.4448340596621328,0.0,0.6477129366018257,0.6477129366018257,0.0,0.5549922441348335,0.5549922441348335,0.0
google__benzene__gcn__seed123,google,benzene,gcn,123,gradinput,P01_checkpoint_rerun,0.05,fixed_historical_q,53,53,0,1000,0,999,0,0.0565305384749829,0.0565305384749829,0.0,0.5567606723247545,0.5567606723247545,0.0,0.6187353492909037,0.6187353492909037,0.0,0.5880105724919966,0.5880105724919966,0.0
google__benzene__gcn__seed123,google,benzene,gcn,123,gradinput,P01_checkpoint_rerun,0.05,fixed_current_machine_q,53,53,0,1000,0,999,0,0.0565305384749829,0.0565305384749829,0.0,0.5567606723247545,0.5567606723247545,0.0,0.6187353492909037,0.6187353492909037,0.0,0.5880105724919966,0.5880105724919966,0.0
google__benzene__gcn__seed123,google,benzene,gcn,123,gradinput,P01_checkpoint_rerun,0.05,recalibrated,53,53,0,1000,0,999,0,0.0565305384749829,0.0565305384749829,0.0,0.5567606723247545,0.5567606723247545,0.0,0.6187353492909037,0.6187353492909037,0.0,0.5880105724919966,0.5880105724919966,0.0
google__benzene__gcn__seed123,google,benzene,gcn,123,gradinput,P01_checkpoint_rerun,0.1,fixed_historical_q,45,45,0,1000,0,999,0,0.1100648267314933,0.1100648267314933,0.0,0.4706352784102114,0.4706352784102114,0.0,0.6792763542763535,0.6792763542763535,0.0,0.6139630635459671,0.6139630635459671,0.0
google__benzene__gcn__seed123,google,benzene,gcn,123,gradinput,P01_checkpoint_rerun,0.1,fixed_current_machine_q,45,45,0,1000,0,999,0,0.1100648267314933,0.1100648267314933,0.0,0.4706352784102114,0.4706352784102114,0.0,0.6792763542763535,0.6792763542763535,0.0,0.6139630635459671,0.6139630635459671,0.0
google__benzene__gcn__seed123,google,benzene,gcn,123,gradinput,P01_checkpoint_rerun,0.1,recalibrated,45,45,0,1000,0,999,0,0.1100648267314933,0.1100648267314933,0.0,0.4706352784102114,0.4706352784102114,0.0,0.6792763542763535,0.6792763542763535,0.0,0.6139630635459671,0.6139630635459671,0.0
google__benzene__gcn__seed123,google,benzene,gcn,123,gradinput,P01_checkpoint_rerun,0.2,fixed_historical_q,34,34,0,1000,0,999,0,0.2168424376757707,0.2168424376757707,0.0,0.3654296724686067,0.3654296724686067,0.0,0.7518431129542241,0.7518431129542241,0.0,0.6167664510328764,0.6167664510328764,0.0
google__benzene__gcn__seed123,google,benzene,gcn,123,gradinput,P01_checkpoint_rerun,0.2,fixed_current_machine_q,34,34,0,1000,0,999,0,0.2168424376757707,0.2168424376757707,0.0,0.3654296724686067,0.3654296724686067,0.0,0.7518431129542241,0.7518431129542241,0.0,0.6167664510328764,0.6167664510328764,0.0
google__benzene__gcn__seed123,google,benzene,gcn,123,gradinput,P01_checkpoint_rerun,0.2,recalibrated,34,34,0,1000,0,999,0,0.2168424376757707,0.2168424376757707,0.0,0.3654296724686067,0.3654296724686067,0.0,0.7518431129542241,0.7518431129542241,0.0,0.6167664510328764,0.6167664510328764,0.0
google__benzene__gcn__seed123,google,benzene,gcn,123,atom_occlusion,P20_frozen_cache,0.05,fixed_historical_q,54,54,0,1000,0,999,0,0.055285444174333,0.055285444174333,0.0,0.5583571405878894,0.5583571405878894,0.0,0.6159183520294617,0.6159183520294617,0.0,0.5846118590614636,0.5846118590614636,0.0
google__benzene__gcn__seed123,google,benzene,gcn,123,atom_occlusion,P20_frozen_cache,0.05,fixed_current_machine_q,54,54,0,1000,0,999,0,0.055285444174333,0.055285444174333,0.0,0.5583571405878894,0.5583571405878894,0.0,0.6159183520294617,0.6159183520294617,0.0,0.5846118590614636,0.5846118590614636,0.0
google__benzene__gcn__seed123,google,benzene,gcn,123,atom_occlusion,P20_frozen_cache,0.05,recalibrated,54,54,0,1000,0,999,0,0.055285444174333,0.055285444174333,0.0,0.5583571405878894,0.5583571405878894,0.0,0.6159183520294617,0.6159183520294617,0.0,0.5846118590614636,0.5846118590614636,0.0
google__benzene__gcn__seed123,google,benzene,gcn,123,atom_occlusion,P20_frozen_cache,0.1,fixed_historical_q,45,45,0,1000,0,999,0,0.1072534836423724,0.1072534836423724,0.0,0.4706352784102114,0.4706352784102114,0.0,0.6781817892929005,0.6781817892929005,0.0,0.613161406844758,0.613161406844758,0.0
google__benzene__gcn__seed123,google,benzene,gcn,123,atom_occlusion,P20_frozen_cache,0.1,fixed_current_machine_q,45,45,0,1000,0,999,0,0.1072534836423724,0.1072534836423724,0.0,0.4706352784102114,0.4706352784102114,0.0,0.6781817892929005,0.6781817892929005,0.0,0.613161406844758,0.613161406844758,0.0
google__benzene__gcn__seed123,google,benzene,gcn,123,atom_occlusion,P20_frozen_cache,0.1,recalibrated,45,45,0,1000,0,999,0,0.1072534836423724,0.1072534836423724,0.0,0.4706352784102114,0.4706352784102114,0.0,0.6781817892929005,0.6781817892929005,0.0,0.613161406844758,0.613161406844758,0.0
google__benzene__gcn__seed123,google,benzene,gcn,123,atom_occlusion,P20_frozen_cache,0.2,fixed_historical_q,34,34,0,1000,0,999,0,0.2080292594181481,0.2080292594181481,0.0,0.3654296724686067,0.3654296724686067,0.0,0.7527916805694586,0.7527916805694586,0.0,0.6199709927178099,0.6199709927178099,0.0
google__benzene__gcn__seed123,google,benzene,gcn,123,atom_occlusion,P20_frozen_cache,0.2,fixed_current_machine_q,34,34,0,1000,0,999,0,0.2080292594181481,0.2080292594181481,0.0,0.3654296724686067,0.3654296724686067,0.0,0.7527916805694586,0.7527916805694586,0.0,0.6199709927178099,0.6199709927178099,0.0
google__benzene__gcn__seed123,google,benzene,gcn,123,atom_occlusion,P20_frozen_cache,0.2,recalibrated,34,34,0,1000,0,999,0,0.2080292594181481,0.2080292594181481,0.0,0.3654296724686067,0.3654296724686067,0.0,0.7527916805694586,0.7527916805694586,0.0,0.6199709927178099,0.6199709927178099,0.0
google__benzene__gcn__seed123,google,benzene,gcn,123,saliency,P20_frozen_cache,0.05,fixed_historical_q,55,55,0,1000,0,999,0,0.0481821106821106,0.0481821106821106,0.0,0.5716810705784842,0.5716810705784842,0.0,0.608991828436273,0.608991828436273,0.0,0.582292190612624,0.582292190612624,0.0
google__benzene__gcn__seed123,google,benzene,gcn,123,saliency,P20_frozen_cache,0.05,fixed_current_machine_q,55,55,0,1000,0,999,0,0.0481821106821106,0.0481821106821106,0.0,0.5716810705784842,0.5716810705784842,0.0,0.608991828436273,0.608991828436273,0.0,0.582292190612624,0.582292190612624,0.0
google__benzene__gcn__seed123,google,benzene,gcn,123,saliency,P20_frozen_cache,0.05,recalibrated,55,55,0,1000,0,999,0,0.0481821106821106,0.0481821106821106,0.0,0.5716810705784842,0.5716810705784842,0.0,0.608991828436273,0.608991828436273,0.0,0.582292190612624,0.582292190612624,0.0
google__benzene__gcn__seed123,google,benzene,gcn,123,saliency,P20_frozen_cache,0.1,fixed_historical_q,46,46,0,1000,0,999,0,0.0946585474363252,0.0946585474363252,0.0,0.4881133625549646,0.4881133625549646,0.0,0.669226297004075,0.669226297004075,0.0,0.6137120917134685,0.6137120917134685,0.0
google__benzene__gcn__seed123,google,benzene,gcn,123,saliency,P20_frozen_cache,0.1,fixed_current_machine_q,46,46,0,1000,0,999,0,0.0946585474363252,0.0946585474363252,0.0,0.4881133625549646,0.4881133625549646,0.0,0.669226297004075,0.669226297004075,0.0,0.6137120917134685,0.6137120917134685,0.0
google__benzene__gcn__seed123,google,benzene,gcn,123,saliency,P20_frozen_cache,0.1,recalibrated,46,46,0,1000,0,999,0,0.0946585474363252,0.0946585474363252,0.0,0.4881133625549646,0.4881133625549646,0.0,0.669226297004075,0.669226297004075,0.0,0.6137120917134685,0.6137120917134685,0.0
google__benzene__gcn__seed123,google,benzene,gcn,123,saliency,P20_frozen_cache,0.2,fixed_historical_q,35,35,0,1000,72,999,83,0.2001104278882054,0.2044564405675514,0.0043460126793459,0.3760250504552883,0.3718708963011349,-0.0041541541541534,0.7493656354767456,0.7529942641053742,0.0036286286286285,0.6228384423903857,0.6234249151990806,0.0005864728086949
google__benzene__gcn__seed123,google,benzene,gcn,123,saliency,P20_frozen_cache,0.2,fixed_current_machine_q,35,35,0,1000,72,999,83,0.2001104278882054,0.2044564405675514,0.0043460126793459,0.3760250504552883,0.3718708963011349,-0.0041541541541534,0.7493656354767456,0.7529942641053742,0.0036286286286285,0.6228384423903857,0.6234249151990806,0.0005864728086949
google__benzene__gcn__seed123,google,benzene,gcn,123,saliency,P20_frozen_cache,0.2,recalibrated,35,35,0,1000,72,999,83,0.2001104278882054,0.2044564405675514,0.0043460126793459,0.3760250504552883,0.3718708963011349,-0.0041541541541534,0.7493656354767456,0.7529942641053742,0.0036286286286285,0.6228384423903857,0.6234249151990806,0.0005864728086949
google__benzene__gcn__seed2026,google,benzene,gcn,2026,ig,P01_checkpoint_rerun,0.05,fixed_historical_q,61,61,0,1000,0,999,0,0.0502109252109252,0.0502109252109252,0.0,0.6361218790829436,0.6361218790829436,0.0,0.5491232282898937,0.5491232282898937,0.0,0.5288291213385797,0.5288291213385797,0.0
google__benzene__gcn__seed2026,google,benzene,gcn,2026,ig,P01_checkpoint_rerun,0.05,fixed_current_machine_q,61,61,0,1000,0,999,0,0.0502109252109252,0.0502109252109252,0.0,0.6361218790829436,0.6361218790829436,0.0,0.5491232282898937,0.5491232282898937,0.0,0.5288291213385797,0.5288291213385797,0.0
google__benzene__gcn__seed2026,google,benzene,gcn,2026,ig,P01_checkpoint_rerun,0.05,recalibrated,61,61,0,1000,0,999,0,0.0502109252109252,0.0502109252109252,0.0,0.6361218790829436,0.6361218790829436,0.0,0.5491232282898937,0.5491232282898937,0.0,0.5288291213385797,0.5288291213385797,0.0
google__benzene__gcn__seed2026,google,benzene,gcn,2026,ig,P01_checkpoint_rerun,0.1,fixed_historical_q,51,51,0,1000,0,999,0,0.1047190047190047,0.1047190047190047,0.0,0.5344928656068199,0.5344928656068199,0.0,0.6075252158585479,0.6075252158585479,0.0,0.5609350794378312,0.5609350794378312,0.0
google__benzene__gcn__seed2026,google,benzene,gcn,2026,ig,P01_checkpoint_rerun,0.1,fixed_current_machine_q,51,51,0,1000,0,999,0,0.1047190047190047,0.1047190047190047,0.0,0.5344928656068199,0.5344928656068199,0.0,0.6075252158585479,0.6075252158585479,0.0,0.5609350794378312,0.5609350794378312,0.0
google__benzene__gcn__seed2026,google,benzene,gcn,2026,ig,P01_checkpoint_rerun,0.1,recalibrated,51,51,0,1000,0,999,0,0.1047190047190047,0.1047190047190047,0.0,0.5344928656068199,0.5344928656068199,0.0,0.6075252158585479,0.6075252158585479,0.0,0.5609350794378312,0.5609350794378312,0.0
google__benzene__gcn__seed2026,google,benzene,gcn,2026,ig,P01_checkpoint_rerun,0.2,fixed_historical_q,39,39,0,1000,0,999,0,0.2082779207779207,0.2082779207779207,0.0,0.4103486240599062,0.4103486240599062,0.0,0.6830334302556534,0.6830334302556534,0.0,0.575346586199701,0.575346586199701,0.0
google__benzene__gcn__seed2026,google,benzene,gcn,2026,ig,P01_checkpoint_rerun,0.2,fixed_current_machine_q,39,39,0,1000,0,999,0,0.2082779207779207,0.2082779207779207,0.0,0.4103486240599062,0.4103486240599062,0.0,0.6830334302556534,0.6830334302556534,0.0,0.575346586199701,0.575346586199701,0.0
google__benzene__gcn__seed2026,google,benzene,gcn,2026,ig,P01_checkpoint_rerun,0.2,recalibrated,39,39,0,1000,0,999,0,0.2082779207779207,0.2082779207779207,0.0,0.4103486240599062,0.4103486240599062,0.0,0.6830334302556534,0.6830334302556534,0.0,0.575346586199701,0.575346586199701,0.0
google__benzene__gcn__seed2026,google,benzene,gcn,2026,gradinput,P01_checkpoint_rerun,0.05,fixed_historical_q,59,59,0,1000,0,999,0,0.0472116958228069,0.0472116958228069,0.0,0.6108220997251989,0.6108220997251989,0.0,0.5714877075988163,0.5714877075988163,0.0,0.54919886309635,0.54919886309635,0.0
google__benzene__gcn__seed2026,google,benzene,gcn,2026,gradinput,P01_checkpoint_rerun,0.05,fixed_current_machine_q,59,59,0,1000,0,999,0,0.0472116958228069,0.0472116958228069,0.0,0.6108220997251989,0.6108220997251989,0.0,0.5714877075988163,0.5714877075988163,0.0,0.54919886309635,0.54919886309635,0.0
google__benzene__gcn__seed2026,google,benzene,gcn,2026,gradinput,P01_checkpoint_rerun,0.05,recalibrated,59,59,0,1000,0,999,0,0.0472116958228069,0.0472116958228069,0.0,0.6108220997251989,0.6108220997251989,0.0,0.5714877075988163,0.5714877075988163,0.0,0.54919886309635,0.54919886309635,0.0
google__benzene__gcn__seed2026,google,benzene,gcn,2026,gradinput,P01_checkpoint_rerun,0.1,fixed_historical_q,49,49,0,1000,0,999,0,0.1034220728665173,0.1034220728665173,0.0,0.5119776375360354,0.5119776375360354,0.0,0.6314577286799501,0.6314577286799501,0.0,0.5790425040726034,0.5790425040726034,0.0
google__benzene__gcn__seed2026,google,benzene,gcn,2026,gradinput,P01_checkpoint_rerun,0.1,fixed_current_machine_q,49,49,0,1000,0,999,0,0.1034220728665173,0.1034220728665173,0.0,0.5119776375360354,0.5119776375360354,0.0,0.6314577286799501,0.6314577286799501,0.0,0.5790425040726034,0.5790425040726034,0.0
google__benzene__gcn__seed2026,google,benzene,gcn,2026,gradinput,P01_checkpoint_rerun,0.1,recalibrated,49,49,0,1000,0,999,0,0.1034220728665173,0.1034220728665173,0.0,0.5119776375360354,0.5119776375360354,0.0,0.6314577286799501,0.6314577286799501,0.0,0.5790425040726034,0.5790425040726034,0.0
google__benzene__gcn__seed2026,google,benzene,gcn,2026,gradinput,P01_checkpoint_rerun,0.2,fixed_historical_q,39,39,0,1000,0,999,0,0.2047875256208588,0.2047875256208588,0.0,0.4103486240599062,0.4103486240599062,0.0,0.6834358167691509,0.6834358167691509,0.0,0.5754664262146217,0.5754664262146217,0.0
google__benzene__gcn__seed2026,google,benzene,gcn,2026,gradinput,P01_checkpoint_rerun,0.2,fixed_current_machine_q,39,39,0,1000,0,999,0,0.2047875256208588,0.2047875256208588,0.0,0.4103486240599062,0.4103486240599062,0.0,0.6834358167691509,0.6834358167691509,0.0,0.5754664262146217,0.5754664262146217,0.0
google__benzene__gcn__seed2026,google,benzene,gcn,2026,gradinput,P01_checkpoint_rerun,0.2,recalibrated,39,39,0,1000,0,999,0,0.2047875256208588,0.2047875256208588,0.0,0.4103486240599062,0.4103486240599062,0.0,0.6834358167691509,0.6834358167691509,0.0,0.5754664262146217,0.5754664262146217,0.0
google__benzene__gcn__seed2026,google,benzene,gcn,2026,atom_occlusion,P20_frozen_cache,0.05,fixed_historical_q,54,54,0,1000,0,999,0,0.0521142173919951,0.0521142173919951,0.0,0.5583571405878894,0.5583571405878894,0.0,0.6185005490561031,0.6185005490561031,0.0,0.5885990012151003,0.5885990012151003,0.0
google__benzene__gcn__seed2026,google,benzene,gcn,2026,atom_occlusion,P20_frozen_cache,0.05,fixed_current_machine_q,54,54,0,1000,0,999,0,0.0521142173919951,0.0521142173919951,0.0,0.5583571405878894,0.5583571405878894,0.0,0.6185005490561031,0.6185005490561031,0.0,0.5885990012151003,0.5885990012151003,0.0
google__benzene__gcn__seed2026,google,benzene,gcn,2026,atom_occlusion,P20_frozen_cache,0.05,recalibrated,54,54,0,1000,0,999,0,0.0521142173919951,0.0521142173919951,0.0,0.5583571405878894,0.5583571405878894,0.0,0.6185005490561031,0.6185005490561031,0.0,0.5885990012151003,0.5885990012151003,0.0
google__benzene__gcn__seed2026,google,benzene,gcn,2026,atom_occlusion,P20_frozen_cache,0.1,fixed_historical_q,45,45,0,1000,0,999,0,0.1038917886140108,0.1038917886140108,0.0,0.4706352784102114,0.4706352784102114,0.0,0.68166987333654,0.68166987333654,0.0,0.6173425984399503,0.6173425984399503,0.0
google__benzene__gcn__seed2026,google,benzene,gcn,2026,atom_occlusion,P20_frozen_cache,0.1,fixed_current_machine_q,45,45,0,1000,0,999,0,0.1038917886140108,0.1038917886140108,0.0,0.4706352784102114,0.4706352784102114,0.0,0.68166987333654,0.68166987333654,0.0,0.6173425984399503,0.6173425984399503,0.0
google__benzene__gcn__seed2026,google,benzene,gcn,2026,atom_occlusion,P20_frozen_cache,0.1,recalibrated,45,45,0,1000,0,999,0,0.1038917886140108,0.1038917886140108,0.0,0.4706352784102114,0.4706352784102114,0.0,0.68166987333654,0.68166987333654,0.0,0.6173425984399503,0.6173425984399503,0.0
google__benzene__gcn__seed2026,google,benzene,gcn,2026,atom_occlusion,P20_frozen_cache,0.2,fixed_historical_q,33,33,0,1000,0,999,0,0.2169701447479223,0.2169701447479223,0.0,0.3497886346053451,0.3497886346053451,0.0,0.7745177717399947,0.7745177717399947,0.0,0.6303344194211066,0.6303344194211066,0.0
google__benzene__gcn__seed2026,google,benzene,gcn,2026,atom_occlusion,P20_frozen_cache,0.2,fixed_current_machine_q,33,33,0,1000,0,999,0,0.2169701447479223,0.2169701447479223,0.0,0.3497886346053451,0.3497886346053451,0.0,0.7745177717399947,0.7745177717399947,0.0,0.6303344194211066,0.6303344194211066,0.0
google__benzene__gcn__seed2026,google,benzene,gcn,2026,atom_occlusion,P20_frozen_cache,0.2,recalibrated,33,33,0,1000,0,999,0,0.2169701447479223,0.2169701447479223,0.0,0.3497886346053451,0.3497886346053451,0.0,0.7745177717399947,0.7745177717399947,0.0,0.6303344194211066,0.6303344194211066,0.0
google__benzene__gcn__seed2026,google,benzene,gcn,2026,saliency,P20_frozen_cache,0.05,fixed_historical_q,56,56,0,1000,208,999,198,0.0493410076743409,0.051857412968524,0.002516405294183,0.5865437109966837,0.5786157830687526,-0.007927927927931,0.5948712865379513,0.600939259272592,0.0060679727346406,0.5708524626481268,0.5754784619335703,0.0046259992854434
google__benzene__gcn__seed2026,google,benzene,gcn,2026,saliency,P20_frozen_cache,0.05,fixed_current_machine_q,56,56,0,1000,208,999,198,0.0493410076743409,0.051857412968524,0.002516405294183,0.5865437109966837,0.5786157830687526,-0.007927927927931,0.5948712865379513,0.600939259272592,0.0060679727346406,0.5708524626481268,0.5754784619335703,0.0046259992854434
google__benzene__gcn__seed2026,google,benzene,gcn,2026,saliency,P20_frozen_cache,0.05,recalibrated,56,56,0,1000,208,999,198,0.0493410076743409,0.051857412968524,0.002516405294183,0.5865437109966837,0.5786157830687526,-0.007927927927931,0.5948712865379513,0.600939259272592,0.0060679727346406,0.5708524626481268,0.5754784619335703,0.0046259992854434
google__benzene__gcn__seed2026,google,benzene,gcn,2026,saliency,P20_frozen_cache,0.1,fixed_historical_q,46,46,0,1000,0,999,0,0.1011970303636969,0.1011970303636969,0.0,0.4881133625549646,0.4881133625549646,0.0,0.6654368654368654,0.6654368654368654,0.0,0.6083670891462436,0.6083670891462436,0.0
google__benzene__gcn__seed2026,google,benzene,gcn,2026,saliency,P20_frozen_cache,0.1,fixed_current_machine_q,46,46,0,1000,0,999,0,0.1011970303636969,0.1011970303636969,0.0,0.4881133625549646,0.4881133625549646,0.0,0.6654368654368654,0.6654368654368654,0.0,0.6083670891462436,0.6083670891462436,0.0
google__benzene__gcn__seed2026,google,benzene,gcn,2026,saliency,P20_frozen_cache,0.1,recalibrated,46,46,0,1000,0,999,0,0.1011970303636969,0.1011970303636969,0.0,0.4881133625549646,0.4881133625549646,0.0,0.6654368654368654,0.6654368654368654,0.0,0.6083670891462436,0.6083670891462436,0.0
google__benzene__gcn__seed2026,google,benzene,gcn,2026,saliency,P20_frozen_cache,0.2,fixed_historical_q,34,34,0,1000,0,999,0,0.2136128191683745,0.2136128191683745,0.0,0.3654296724686067,0.3654296724686067,0.0,0.7578503106280886,0.7578503106280886,0.0,0.6212468550230845,0.6212468550230845,0.0
google__benzene__gcn__seed2026,google,benzene,gcn,2026,saliency,P20_frozen_cache,0.2,fixed_current_machine_q,34,34,0,1000,0,999,0,0.2136128191683745,0.2136128191683745,0.0,0.3654296724686067,0.3654296724686067,0.0,0.7578503106280886,0.7578503106280886,0.0,0.6212468550230845,0.6212468550230845,0.0
google__benzene__gcn__seed2026,google,benzene,gcn,2026,saliency,P20_frozen_cache,0.2,recalibrated,34,34,0,1000,0,999,0,0.2136128191683745,0.2136128191683745,0.0,0.3654296724686067,0.3654296724686067,0.0,0.7578503106280886,0.7578503106280886,0.0,0.6212468550230845,0.6212468550230845,0.0
google__benzene__gcn__seed42,google,benzene,gcn,42,ig,P01_checkpoint_rerun,0.05,fixed_historical_q,57,57,0,1000,0,999,0,0.0506931534709312,0.0506931534709312,0.0,0.594486436330712,0.594486436330712,0.0,0.5852234324456548,0.5852234324456548,0.0,0.5608445089568244,0.5608445089568244,0.0
google__benzene__gcn__seed42,google,benzene,gcn,42,ig,P01_checkpoint_rerun,0.05,fixed_current_machine_q,57,57,0,1000,0,999,0,0.0506931534709312,0.0506931534709312,0.0,0.594486436330712,0.594486436330712,0.0,0.5852234324456548,0.5852234324456548,0.0,0.5608445089568244,0.5608445089568244,0.0
google__benzene__gcn__seed42,google,benzene,gcn,42,ig,P01_checkpoint_rerun,0.05,recalibrated,57,57,0,1000,0,999,0,0.0506931534709312,0.0506931534709312,0.0,0.594486436330712,0.594486436330712,0.0,0.5852234324456548,0.5852234324456548,0.0,0.5608445089568244,0.5608445089568244,0.0
google__benzene__gcn__seed42,google,benzene,gcn,42,ig,P01_checkpoint_rerun,0.1,fixed_historical_q,47,47,0,1000,0,999,0,0.1028022069688736,0.1028022069688736,0.0,0.4897098308181001,0.4897098308181001,0.0,0.6599771488660376,0.6599771488660376,0.0,0.6037253316450087,0.6037253316450087,0.0
google__benzene__gcn__seed42,google,benzene,gcn,42,ig,P01_checkpoint_rerun,0.1,fixed_current_machine_q,47,47,0,1000,0,999,0,0.1028022069688736,0.1028022069688736,0.0,0.4897098308181001,0.4897098308181001,0.0,0.6599771488660376,0.6599771488660376,0.0,0.6037253316450087,0.6037253316450087,0.0
google__benzene__gcn__seed42,google,benzene,gcn,42,ig,P01_checkpoint_rerun,0.1,recalibrated,47,47,0,1000,0,999,0,0.1028022069688736,0.1028022069688736,0.0,0.4897098308181001,0.4897098308181001,0.0,0.6599771488660376,0.6599771488660376,0.0,0.6037253316450087,0.6037253316450087,0.0
google__benzene__gcn__seed42,google,benzene,gcn,42,ig,P01_checkpoint_rerun,0.2,fixed_historical_q,35,35,0,1000,72,999,83,0.2023390453946009,0.2069019416241637,0.0045628962295627,0.3760250504552883,0.3718708963011349,-0.0041541541541534,0.7444043249598794,0.747889953445508,0.0034856284856286,0.6193029029802338,0.6196713227930982,0.0003684198128643
google__benzene__gcn__seed42,google,benzene,gcn,42,ig,P01_checkpoint_rerun,0.2,fixed_current_machine_q,35,35,0,1000,72,999,83,0.2023390453946009,0.2069019416241637,0.0045628962295627,0.3760250504552883,0.3718708963011349,-0.0041541541541534,0.7444043249598794,0.747889953445508,0.0034856284856286,0.6193029029802338,0.6196713227930982,0.0003684198128643
google__benzene__gcn__seed42,google,benzene,gcn,42,ig,P01_checkpoint_rerun,0.2,recalibrated,35,36,1,1000,28,999,26,0.2023390453946009,0.2001702098924321,-0.0021688355021688,0.3760250504552883,0.3776316991207605,0.0016066486654722,0.7444043249598794,0.7432317237872783,-0.001172601172601,0.6193029029802338,0.6198713285486596,0.0005684255684257
google__benzene__gcn__seed42,google,benzene,gcn,42,gradinput,P01_checkpoint_rerun,0.05,fixed_historical_q,57,57,0,1000,0,999,0,0.0523322926100703,0.0523322926100703,0.0,0.594486436330712,0.594486436330712,0.0,0.5850600350600356,0.5850600350600356,0.0,0.5598355665908124,0.5598355665908124,0.0
google__benzene__gcn__seed42,google,benzene,gcn,42,gradinput,P01_checkpoint_rerun,0.05,fixed_current_machine_q,57,57,0,1000,0,999,0,0.0523322926100703,0.0523322926100703,0.0,0.594486436330712,0.594486436330712,0.0,0.5850600350600356,0.5850600350600356,0.0,0.5598355665908124,0.5598355665908124,0.0
google__benzene__gcn__seed42,google,benzene,gcn,42,gradinput,P01_checkpoint_rerun,0.05,recalibrated,57,57,0,1000,0,999,0,0.0523322926100703,0.0523322926100703,0.0,0.594486436330712,0.594486436330712,0.0,0.5850600350600356,0.5850600350600356,0.0,0.5598355665908124,0.5598355665908124,0.0
google__benzene__gcn__seed42,google,benzene,gcn,42,gradinput,P01_checkpoint_rerun,0.1,fixed_historical_q,48,48,0,1000,0,999,0,0.1005318810874367,0.1005318810874367,0.0,0.5040497096081101,0.5040497096081101,0.0,0.6459440320551431,0.6459440320551431,0.0,0.5915181873730208,0.5915181873730208,0.0
google__benzene__gcn__seed42,google,benzene,gcn,42,gradinput,P01_checkpoint_rerun,0.1,fixed_current_machine_q,48,48,0,1000,0,999,0,0.1005318810874367,0.1005318810874367,0.0,0.5040497096081101,0.5040497096081101,0.0,0.6459440320551431,0.6459440320551431,0.0,0.5915181873730208,0.5915181873730208,0.0
google__benzene__gcn__seed42,google,benzene,gcn,42,gradinput,P01_checkpoint_rerun,0.1,recalibrated,48,48,0,1000,0,999,0,0.1005318810874367,0.1005318810874367,0.0,0.5040497096081101,0.5040497096081101,0.0,0.6459440320551431,0.6459440320551431,0.0,0.5915181873730208,0.5915181873730208,0.0
google__benzene__gcn__seed42,google,benzene,gcn,42,gradinput,P01_checkpoint_rerun,0.2,fixed_historical_q,37,37,0,1000,0,999,0,0.1934198086975864,0.1934198086975864,0.0,0.3942956357846952,0.3942956357846952,0.0,0.7220915359804244,0.7220915359804244,0.0,0.6039205540280531,0.6039205540280531,0.0
google__benzene__gcn__seed42,google,benzene,gcn,42,gradinput,P01_checkpoint_rerun,0.2,fixed_current_machine_q,37,37,0,1000,0,999,0,0.1934198086975864,0.1934198086975864,0.0,0.3942956357846952,0.3942956357846952,0.0,0.7220915359804244,0.7220915359804244,0.0,0.6039205540280531,0.6039205540280531,0.0
google__benzene__gcn__seed42,google,benzene,gcn,42,gradinput,P01_checkpoint_rerun,0.2,recalibrated,37,37,0,1000,0,999,0,0.1934198086975864,0.1934198086975864,0.0,0.3942956357846952,0.3942956357846952,0.0,0.7220915359804244,0.7220915359804244,0.0,0.6039205540280531,0.6039205540280531,0.0
google__benzene__gcn__seed42,google,benzene,gcn,42,atom_occlusion,P20_frozen_cache,0.05,fixed_historical_q,53,53,0,1000,0,999,0,0.0460434640990196,0.0460434640990196,0.0,0.5567606723247545,0.5567606723247545,0.0,0.6255483727705933,0.6255483727705933,0.0,0.5981134359402327,0.5981134359402327,0.0
google__benzene__gcn__seed42,google,benzene,gcn,42,atom_occlusion,P20_frozen_cache,0.05,fixed_current_machine_q,53,53,0,1000,0,999,0,0.0460434640990196,0.0460434640990196,0.0,0.5567606723247545,0.5567606723247545,0.0,0.6255483727705933,0.6255483727705933,0.0,0.5981134359402327,0.5981134359402327,0.0
google__benzene__gcn__seed42,google,benzene,gcn,42,atom_occlusion,P20_frozen_cache,0.05,recalibrated,53,53,0,1000,0,999,0,0.0460434640990196,0.0460434640990196,0.0,0.5567606723247545,0.5567606723247545,0.0,0.6255483727705933,0.6255483727705933,0.0,0.5981134359402327,0.5981134359402327,0.0
google__benzene__gcn__seed42,google,benzene,gcn,42,atom_occlusion,P20_frozen_cache,0.1,fixed_historical_q,43,43,0,1000,0,999,0,0.1044818628151962,0.1044818628151962,0.0,0.4519840668121395,0.4519840668121395,0.0,0.7060484727151406,0.7060484727151406,0.0,0.6354303663342202,0.6354303663342202,0.0
google__benzene__gcn__seed42,google,benzene,gcn,42,atom_occlusion,P20_frozen_cache,0.1,fixed_current_machine_q,43,43,0,1000,0,999,0,0.1044818628151962,0.1044818628151962,0.0,0.4519840668121395,0.4519840668121395,0.0,0.7060484727151406,0.7060484727151406,0.0,0.6354303663342202,0.6354303663342202,0.0
google__benzene__gcn__seed42,google,benzene,gcn,42,atom_occlusion,P20_frozen_cache,0.1,recalibrated,43,43,0,1000,0,999,0,0.1044818628151962,0.1044818628151962,0.0,0.4519840668121395,0.4519840668121395,0.0,0.7060484727151406,0.7060484727151406,0.0,0.6354303663342202,0.6354303663342202,0.0
google__benzene__gcn__seed42,google,benzene,gcn,42,atom_occlusion,P20_frozen_cache,0.2,fixed_historical_q,32,32,0,1000,0,999,0,0.2068906207795092,0.2068906207795092,0.0,0.3418607066774147,0.3418607066774147,0.0,0.7988702988702997,0.7988702988702997,0.0,0.6521868467688898,0.6521868467688898,0.0
google__benzene__gcn__seed42,google,benzene,gcn,42,atom_occlusion,P20_frozen_cache,0.2,fixed_current_machine_q,32,32,0,1000,0,999,0,0.2068906207795092,0.2068906207795092,0.0,0.3418607066774147,0.3418607066774147,0.0,0.7988702988702997,0.7988702988702997,0.0,0.6521868467688898,0.6521868467688898,0.0
google__benzene__gcn__seed42,google,benzene,gcn,42,atom_occlusion,P20_frozen_cache,0.2,recalibrated,32,32,0,1000,0,999,0,0.2068906207795092,0.2068906207795092,0.0,0.3418607066774147,0.3418607066774147,0.0,0.7988702988702997,0.7988702988702997,0.0,0.6521868467688898,0.6521868467688898,0.0
google__benzene__gcn__seed42,google,benzene,gcn,42,saliency,P20_frozen_cache,0.05,fixed_historical_q,51,51,0,1000,0,999,0,0.0457989735767513,0.0457989735767513,0.0,0.5344928656068199,0.5344928656068199,0.0,0.6515429682096332,0.6515429682096332,0.0,0.621595882053397,0.621595882053397,0.0
google__benzene__gcn__seed42,google,benzene,gcn,42,saliency,P20_frozen_cache,0.05,fixed_current_machine_q,51,51,0,1000,0,999,0,0.0457989735767513,0.0457989735767513,0.0,0.5344928656068199,0.5344928656068199,0.0,0.6515429682096332,0.6515429682096332,0.0,0.621595882053397,0.621595882053397,0.0
google__benzene__gcn__seed42,google,benzene,gcn,42,saliency,P20_frozen_cache,0.05,recalibrated,51,51,0,1000,0,999,0,0.0457989735767513,0.0457989735767513,0.0,0.5344928656068199,0.5344928656068199,0.0,0.6515429682096332,0.6515429682096332,0.0,0.621595882053397,0.621595882053397,0.0
google__benzene__gcn__seed42,google,benzene,gcn,42,saliency,P20_frozen_cache,0.1,fixed_historical_q,41,41,0,1000,0,999,0,0.109021918744141,0.109021918744141,0.0,0.435648403417655,0.435648403417655,0.0,0.7308726475393158,0.7308726475393158,0.0,0.6536376755847033,0.6536376755847033,0.0
google__benzene__gcn__seed42,google,benzene,gcn,42,saliency,P20_frozen_cache,0.1,fixed_current_machine_q,41,41,0,1000,0,999,0,0.109021918744141,0.109021918744141,0.0,0.435648403417655,0.435648403417655,0.0,0.7308726475393158,0.7308726475393158,0.0,0.6536376755847033,0.6536376755847033,0.0
google__benzene__gcn__seed42,google,benzene,gcn,42,saliency,P20_frozen_cache,0.1,recalibrated,41,41,0,1000,0,999,0,0.109021918744141,0.109021918744141,0.0,0.435648403417655,0.435648403417655,0.0,0.7308726475393158,0.7308726475393158,0.0,0.6536376755847033,0.6536376755847033,0.0
google__benzene__gcn__seed42,google,benzene,gcn,42,saliency,P20_frozen_cache,0.2,fixed_historical_q,32,32,0,1000,0,999,0,0.2033467991801326,0.2033467991801326,0.0,0.3418607066774147,0.3418607066774147,0.0,0.8112183612183611,0.8112183612183611,0.0,0.6618701668409259,0.6618701668409259,0.0
google__benzene__gcn__seed42,google,benzene,gcn,42,saliency,P20_frozen_cache,0.2,fixed_current_machine_q,32,32,0,1000,0,999,0,0.2033467991801326,0.2033467991801326,0.0,0.3418607066774147,0.3418607066774147,0.0,0.8112183612183611,0.8112183612183611,0.0,0.6618701668409259,0.6618701668409259,0.0
google__benzene__gcn__seed42,google,benzene,gcn,42,saliency,P20_frozen_cache,0.2,recalibrated,32,32,0,1000,0,999,0,0.2033467991801326,0.2033467991801326,0.0,0.3418607066774147,0.3418607066774147,0.0,0.8112183612183611,0.8112183612183611,0.0,0.6618701668409259,0.6618701668409259,0.0
google__benzene__gin__seed123,google,benzene,gin,123,ig,P01_checkpoint_rerun,0.05,fixed_historical_q,63,63,0,1000,0,999,0,0.0530546419435308,0.0530546419435308,0.0,0.6521748673581547,0.6521748673581547,0.0,0.533079684468573,0.533079684468573,0.0,0.5123303657918371,0.5123303657918371,0.0
google__benzene__gin__seed123,google,benzene,gin,123,ig,P01_checkpoint_rerun,0.05,fixed_current_machine_q,63,63,0,1000,0,999,0,0.0530546419435308,0.0530546419435308,0.0,0.6521748673581547,0.6521748673581547,0.0,0.533079684468573,0.533079684468573,0.0,0.5123303657918371,0.5123303657918371,0.0
google__benzene__gin__seed123,google,benzene,gin,123,ig,P01_checkpoint_rerun,0.05,recalibrated,63,63,0,1000,0,999,0,0.0530546419435308,0.0530546419435308,0.0,0.6521748673581547,0.6521748673581547,0.0,0.533079684468573,0.533079684468573,0.0,0.5123303657918371,0.5123303657918371,0.0
google__benzene__gin__seed123,google,benzene,gin,123,ig,P01_checkpoint_rerun,0.1,fixed_historical_q,51,51,0,1000,0,999,0,0.1002665363776474,0.1002665363776474,0.0,0.5344928656068199,0.5344928656068199,0.0,0.6092161703272798,0.6092161703272798,0.0,0.5605841587523729,0.5605841587523729,0.0
google__benzene__gin__seed123,google,benzene,gin,123,ig,P01_checkpoint_rerun,0.1,fixed_current_machine_q,51,51,0,1000,0,999,0,0.1002665363776474,0.1002665363776474,0.0,0.5344928656068199,0.5344928656068199,0.0,0.6092161703272798,0.6092161703272798,0.0,0.5605841587523729,0.5605841587523729,0.0
google__benzene__gin__seed123,google,benzene,gin,123,ig,P01_checkpoint_rerun,0.1,recalibrated,51,51,0,1000,0,999,0,0.1002665363776474,0.1002665363776474,0.0,0.5344928656068199,0.5344928656068199,0.0,0.6092161703272798,0.6092161703272798,0.0,0.5605841587523729,0.5605841587523729,0.0
google__benzene__gin__seed123,google,benzene,gin,123,ig,P01_checkpoint_rerun,0.2,fixed_historical_q,38,38,0,1000,0,999,0,0.1992945326278659,0.1992945326278659,0.0,0.4033880615437886,0.4033880615437886,0.0,0.6981938287493848,0.6981938287493848,0.0,0.5853471949705193,0.5853471949705193,0.0
google__benzene__gin__seed123,google,benzene,gin,123,ig,P01_checkpoint_rerun,0.2,fixed_current_machine_q,38,38,0,1000,0,999,0,0.1992945326278659,0.1992945326278659,0.0,0.4033880615437886,0.4033880615437886,0.0,0.6981938287493848,0.6981938287493848,0.0,0.5853471949705193,0.5853471949705193,0.0
google__benzene__gin__seed123,google,benzene,gin,123,ig,P01_checkpoint_rerun,0.2,recalibrated,38,38,0,1000,0,999,0,0.1992945326278659,0.1992945326278659,0.0,0.4033880615437886,0.4033880615437886,0.0,0.6981938287493848,0.6981938287493848,0.0,0.5853471949705193,0.5853471949705193,0.0
google__benzene__gin__seed123,google,benzene,gin,123,gradinput,P01_checkpoint_rerun,0.05,fixed_historical_q,96,96,0,1000,0,999,0,0.018115337559782,0.018115337559782,0.0,0.9920720720720744,0.9920720720720744,0.0,0.3698031303036457,0.3698031303036457,0.0,0.3677827766166251,0.3677827766166251,0.0
google__benzene__gin__seed123,google,benzene,gin,123,gradinput,P01_checkpoint_rerun,0.05,fixed_current_machine_q,96,96,0,1000,0,999,0,0.018115337559782,0.018115337559782,0.0,0.9920720720720744,0.9920720720720744,0.0,0.3698031303036457,0.3698031303036457,0.0,0.3677827766166251,0.3677827766166251,0.0
google__benzene__gin__seed123,google,benzene,gin,123,gradinput,P01_checkpoint_rerun,0.05,recalibrated,96,96,0,1000,0,999,0,0.018115337559782,0.018115337559782,0.0,0.9920720720720744,0.9920720720720744,0.0,0.3698031303036457,0.3698031303036457,0.0,0.3677827766166251,0.3677827766166251,0.0
google__benzene__gin__seed123,google,benzene,gin,123,gradinput,P01_checkpoint_rerun,0.1,fixed_historical_q,94,94,0,1000,0,999,0,0.0944192208081097,0.0944192208081097,0.0,0.9575645508922064,0.9575645508922064,0.0,0.3556615195535852,0.3556615195535852,0.0,0.3441903036186682,0.3441903036186682,0.0
google__benzene__gin__seed123,google,benzene,gin,123,gradinput,P01_checkpoint_rerun,0.1,fixed_current_machine_q,94,94,0,1000,0,999,0,0.0944192208081097,0.0944192208081097,0.0,0.9575645508922064,0.9575645508922064,0.0,0.3556615195535852,0.3556615195535852,0.0,0.3441903036186682,0.3441903036186682,0.0
google__benzene__gin__seed123,google,benzene,gin,123,gradinput,P01_checkpoint_rerun,0.1,recalibrated,94,94,0,1000,0,999,0,0.0944192208081097,0.0944192208081097,0.0,0.9575645508922064,0.9575645508922064,0.0,0.3556615195535852,0.3556615195535852,0.0,0.3441903036186682,0.3441903036186682,0.0
google__benzene__gin__seed123,google,benzene,gin,123,gradinput,P01_checkpoint_rerun,0.2,fixed_historical_q,89,89,0,1000,0,999,0,0.1750850056405609,0.1750850056405609,0.0,0.9150522543219292,0.9150522543219292,0.0,0.3415831331224834,0.3415831331224834,0.0,0.321059495362527,0.321059495362527,0.0
google__benzene__gin__seed123,google,benzene,gin,123,gradinput,P01_checkpoint_rerun,0.2,fixed_current_machine_q,89,89,0,1000,0,999,0,0.1750850056405609,0.1750850056405609,0.0,0.9150522543219292,0.9150522543219292,0.0,0.3415831331224834,0.3415831331224834,0.0,0.321059495362527,0.321059495362527,0.0
google__benzene__gin__seed123,google,benzene,gin,123,gradinput,P01_checkpoint_rerun,0.2,recalibrated,89,89,0,1000,0,999,0,0.1750850056405609,0.1750850056405609,0.0,0.9150522543219292,0.9150522543219292,0.0,0.3415831331224834,0.3415831331224834,0.0,0.321059495362527,0.321059495362527,0.0
google__benzene__gin__seed123,google,benzene,gin,123,atom_occlusion,P20_frozen_cache,0.05,fixed_historical_q,46,46,0,1000,0,999,0,0.0489354433798878,0.0489354433798878,0.0,0.4881133625549646,0.4881133625549646,0.0,0.7064147480814134,0.7064147480814134,0.0,0.6666733157015229,0.6666733157015229,0.0
google__benzene__gin__seed123,google,benzene,gin,123,atom_occlusion,P20_frozen_cache,0.05,fixed_current_machine_q,46,46,0,1000,0,999,0,0.0489354433798878,0.0489354433798878,0.0,0.4881133625549646,0.4881133625549646,0.0,0.7064147480814134,0.7064147480814134,0.0,0.6666733157015229,0.6666733157015229,0.0
google__benzene__gin__seed123,google,benzene,gin,123,atom_occlusion,P20_frozen_cache,0.05,recalibrated,46,46,0,1000,0,999,0,0.0489354433798878,0.0489354433798878,0.0,0.4881133625549646,0.4881133625549646,0.0,0.7064147480814134,0.7064147480814134,0.0,0.6666733157015229,0.6666733157015229,0.0
google__benzene__gin__seed123,google,benzene,gin,123,atom_occlusion,P20_frozen_cache,0.1,fixed_historical_q,38,38,0,1000,0,999,0,0.1026818485151819,0.1026818485151819,0.0,0.4033880615437886,0.4033880615437886,0.0,0.786360964138743,0.786360964138743,0.0,0.6968799356871269,0.6968799356871269,0.0
google__benzene__gin__seed123,google,benzene,gin,123,atom_occlusion,P20_frozen_cache,0.1,fixed_current_machine_q,38,38,0,1000,0,999,0,0.1026818485151819,0.1026818485151819,0.0,0.4033880615437886,0.4033880615437886,0.0,0.786360964138743,0.786360964138743,0.0,0.6968799356871269,0.6968799356871269,0.0
google__benzene__gin__seed123,google,benzene,gin,123,atom_occlusion,P20_frozen_cache,0.1,recalibrated,38,38,0,1000,0,999,0,0.1026818485151819,0.1026818485151819,0.0,0.4033880615437886,0.4033880615437886,0.0,0.786360964138743,0.786360964138743,0.0,0.6968799356871269,0.6968799356871269,0.0
google__benzene__gin__seed123,google,benzene,gin,123,atom_occlusion,P20_frozen_cache,0.2,fixed_historical_q,26,26,0,1000,0,999,0,0.2150489775489772,0.2150489775489772,0.0,0.2807210548074433,0.2807210548074433,0.0,0.9454168454168476,0.9454168454168476,0.0,0.7460025081757121,0.7460025081757121,0.0
google__benzene__gin__seed123,google,benzene,gin,123,atom_occlusion,P20_frozen_cache,0.2,fixed_current_machine_q,26,26,0,1000,0,999,0,0.2150489775489772,0.2150489775489772,0.0,0.2807210548074433,0.2807210548074433,0.0,0.9454168454168476,0.9454168454168476,0.0,0.7460025081757121,0.7460025081757121,0.0
google__benzene__gin__seed123,google,benzene,gin,123,atom_occlusion,P20_frozen_cache,0.2,recalibrated,26,26,0,1000,0,999,0,0.2150489775489772,0.2150489775489772,0.0,0.2807210548074433,0.2807210548074433,0.0,0.9454168454168476,0.9454168454168476,0.0,0.7460025081757121,0.7460025081757121,0.0
google__benzene__gin__seed123,google,benzene,gin,123,saliency,P20_frozen_cache,0.05,fixed_historical_q,51,51,0,1000,0,999,0,0.0560383796494907,0.0560383796494907,0.0,0.5344928656068199,0.5344928656068199,0.0,0.642057342057341,0.642057342057341,0.0,0.6078130534700875,0.6078130534700875,0.0
google__benzene__gin__seed123,google,benzene,gin,123,saliency,P20_frozen_cache,0.05,fixed_current_machine_q,51,51,0,1000,0,999,0,0.0560383796494907,0.0560383796494907,0.0,0.5344928656068199,0.5344928656068199,0.0,0.642057342057341,0.642057342057341,0.0,0.6078130534700875,0.6078130534700875,0.0
google__benzene__gin__seed123,google,benzene,gin,123,saliency,P20_frozen_cache,0.05,recalibrated,51,51,0,1000,0,999,0,0.0560383796494907,0.0560383796494907,0.0,0.5344928656068199,0.5344928656068199,0.0,0.642057342057341,0.642057342057341,0.0,0.6078130534700875,0.6078130534700875,0.0
google__benzene__gin__seed123,google,benzene,gin,123,saliency,P20_frozen_cache,0.1,fixed_historical_q,44,44,0,1000,0,999,0,0.1009187759187759,0.1009187759187759,0.0,0.4599267921461687,0.4599267921461687,0.0,0.6988109321442654,0.6988109321442654,0.0,0.6316989645679012,0.6316989645679012,0.0
google__benzene__gin__seed123,google,benzene,gin,123,saliency,P20_frozen_cache,0.1,fixed_current_machine_q,44,44,0,1000,0,999,0,0.1009187759187759,0.1009187759187759,0.0,0.4599267921461687,0.4599267921461687,0.0,0.6988109321442654,0.6988109321442654,0.0,0.6316989645679012,0.6316989645679012,0.0
google__benzene__gin__seed123,google,benzene,gin,123,saliency,P20_frozen_cache,0.1,recalibrated,44,44,0,1000,0,999,0,0.1009187759187759,0.1009187759187759,0.0,0.4599267921461687,0.4599267921461687,0.0,0.6988109321442654,0.6988109321442654,0.0,0.6316989645679012,0.6316989645679012,0.0
google__benzene__gin__seed123,google,benzene,gin,123,saliency,P20_frozen_cache,0.2,fixed_historical_q,33,33,0,1000,0,999,0,0.2015005084449527,0.2015005084449527,0.0,0.3497886346053451,0.3497886346053451,0.0,0.7913163163163162,0.7913163163163162,0.0,0.6514807497693628,0.6514807497693628,0.0
google__benzene__gin__seed123,google,benzene,gin,123,saliency,P20_frozen_cache,0.2,fixed_current_machine_q,33,33,0,1000,0,999,0,0.2015005084449527,0.2015005084449527,0.0,0.3497886346053451,0.3497886346053451,0.0,0.7913163163163162,0.7913163163163162,0.0,0.6514807497693628,0.6514807497693628,0.0
google__benzene__gin__seed123,google,benzene,gin,123,saliency,P20_frozen_cache,0.2,recalibrated,33,33,0,1000,0,999,0,0.2015005084449527,0.2015005084449527,0.0,0.3497886346053451,0.3497886346053451,0.0,0.7913163163163162,0.7913163163163162,0.0,0.6514807497693628,0.6514807497693628,0.0
google__benzene__gin__seed2026,google,benzene,gin,2026,ig,P01_checkpoint_rerun,0.05,fixed_historical_q,85,85,0,1000,0,999,0,0.0423737229292785,0.0423737229292785,0.0,0.8725548384855013,0.8725548384855013,0.0,0.4060869603654259,0.4060869603654259,0.0,0.3965961601707399,0.3965961601707399,0.0
google__benzene__gin__seed2026,google,benzene,gin,2026,ig,P01_checkpoint_rerun,0.05,fixed_current_machine_q,85,85,0,1000,0,999,0,0.0423737229292785,0.0423737229292785,0.0,0.8725548384855013,0.8725548384855013,0.0,0.4060869603654259,0.4060869603654259,0.0,0.3965961601707399,0.3965961601707399,0.0
google__benzene__gin__seed2026,google,benzene,gin,2026,ig,P01_checkpoint_rerun,0.05,recalibrated,85,85,0,1000,0,999,0,0.0423737229292785,0.0423737229292785,0.0,0.8725548384855013,0.8725548384855013,0.0,0.4060869603654259,0.4060869603654259,0.0,0.3965961601707399,0.3965961601707399,0.0
google__benzene__gin__seed2026,google,benzene,gin,2026,ig,P01_checkpoint_rerun,0.1,fixed_historical_q,79,79,0,1000,0,999,0,0.0940527829416719,0.0940527829416719,0.0,0.81099448358613,0.81099448358613,0.0,0.4108993741002686,0.4108993741002686,0.0,0.3906316415029649,0.3906316415029649,0.0
google__benzene__gin__seed2026,google,benzene,gin,2026,ig,P01_checkpoint_rerun,0.1,fixed_current_machine_q,79,79,0,1000,0,999,0,0.0940527829416719,0.0940527829416719,0.0,0.81099448358613,0.81099448358613,0.0,0.4108993741002686,0.4108993741002686,0.0,0.3906316415029649,0.3906316415029649,0.0
google__benzene__gin__seed2026,google,benzene,gin,2026,ig,P01_checkpoint_rerun,0.1,recalibrated,79,79,0,1000,0,999,0,0.0940527829416719,0.0940527829416719,0.0,0.81099448358613,0.81099448358613,0.0,0.4108993741002686,0.4108993741002686,0.0,0.3906316415029649,0.3906316415029649,0.0
google__benzene__gin__seed2026,google,benzene,gin,2026,ig,P01_checkpoint_rerun,0.2,fixed_historical_q,69,69,0,1000,0,999,0,0.2000450847673067,0.2000450847673067,0.0,0.7147563066119519,0.7147563066119519,0.0,0.4088788713788712,0.4088788713788712,0.0,0.3665785989565922,0.3665785989565922,0.0
google__benzene__gin__seed2026,google,benzene,gin,2026,ig,P01_checkpoint_rerun,0.2,fixed_current_machine_q,69,69,0,1000,0,999,0,0.2000450847673067,0.2000450847673067,0.0,0.7147563066119519,0.7147563066119519,0.0,0.4088788713788712,0.4088788713788712,0.0,0.3665785989565922,0.3665785989565922,0.0
google__benzene__gin__seed2026,google,benzene,gin,2026,ig,P01_checkpoint_rerun,0.2,recalibrated,69,69,0,1000,0,999,0,0.2000450847673067,0.2000450847673067,0.0,0.7147563066119519,0.7147563066119519,0.0,0.4088788713788712,0.4088788713788712,0.0,0.3665785989565922,0.3665785989565922,0.0
google__benzene__gin__seed2026,google,benzene,gin,2026,gradinput,P01_checkpoint_rerun,0.05,fixed_historical_q,88,88,0,1000,0,999,0,0.0468567774123329,0.0468567774123329,0.0,0.9031661198214174,0.9031661198214174,0.0,0.3917488561924407,0.3917488561924407,0.0,0.3831664190894153,0.3831664190894153,0.0
google__benzene__gin__seed2026,google,benzene,gin,2026,gradinput,P01_checkpoint_rerun,0.05,fixed_current_machine_q,88,88,0,1000,0,999,0,0.0468567774123329,0.0468567774123329,0.0,0.9031661198214174,0.9031661198214174,0.0,0.3917488561924407,0.3917488561924407,0.0,0.3831664190894153,0.3831664190894153,0.0
google__benzene__gin__seed2026,google,benzene,gin,2026,gradinput,P01_checkpoint_rerun,0.05,recalibrated,88,88,0,1000,0,999,0,0.0468567774123329,0.0468567774123329,0.0,0.9031661198214174,0.9031661198214174,0.0,0.3917488561924407,0.3917488561924407,0.0,0.3831664190894153,0.3831664190894153,0.0
google__benzene__gin__seed2026,google,benzene,gin,2026,gradinput,P01_checkpoint_rerun,0.1,fixed_historical_q,81,81,0,1000,0,999,0,0.0855921397588064,0.0855921397588064,0.0,0.8355199614449497,0.8355199614449497,0.0,0.4047899542223586,0.4047899542223586,0.0,0.3886890450533306,0.3886890450533306,0.0
google__benzene__gin__seed2026,google,benzene,gin,2026,gradinput,P01_checkpoint_rerun,0.1,fixed_current_machine_q,81,81,0,1000,0,999,0,0.0855921397588064,0.0855921397588064,0.0,0.8355199614449497,0.8355199614449497,0.0,0.4047899542223586,0.4047899542223586,0.0,0.3886890450533306,0.3886890450533306,0.0
google__benzene__gin__seed2026,google,benzene,gin,2026,gradinput,P01_checkpoint_rerun,0.1,recalibrated,81,81,0,1000,0,999,0,0.0855921397588064,0.0855921397588064,0.0,0.8355199614449497,0.8355199614449497,0.0,0.4047899542223586,0.4047899542223586,0.0,0.3886890450533306,0.3886890450533306,0.0
google__benzene__gin__seed2026,google,benzene,gin,2026,gradinput,P01_checkpoint_rerun,0.2,fixed_historical_q,67,67,0,1000,0,999,0,0.1830227052449274,0.1830227052449274,0.0,0.696681868537507,0.696681868537507,0.0,0.4303151840733543,0.4303151840733543,0.0,0.3917821574108497,0.3917821574108497,0.0
google__benzene__gin__seed2026,google,benzene,gin,2026,gradinput,P01_checkpoint_rerun,0.2,fixed_current_machine_q,67,67,0,1000,0,999,0,0.1830227052449274,0.1830227052449274,0.0,0.696681868537507,0.696681868537507,0.0,0.4303151840733543,0.4303151840733543,0.0,0.3917821574108497,0.3917821574108497,0.0
google__benzene__gin__seed2026,google,benzene,gin,2026,gradinput,P01_checkpoint_rerun,0.2,recalibrated,67,67,0,1000,0,999,0,0.1830227052449274,0.1830227052449274,0.0,0.696681868537507,0.696681868537507,0.0,0.4303151840733543,0.4303151840733543,0.0,0.3917821574108497,0.3917821574108497,0.0
google__benzene__gin__seed2026,google,benzene,gin,2026,atom_occlusion,P20_frozen_cache,0.05,fixed_historical_q,57,57,0,1000,0,999,0,0.0562097812097812,0.0562097812097812,0.0,0.594486436330712,0.594486436330712,0.0,0.5780064668953566,0.5780064668953566,0.0,0.5507560799184469,0.5507560799184469,0.0
google__benzene__gin__seed2026,google,benzene,gin,2026,atom_occlusion,P20_frozen_cache,0.05,fixed_current_machine_q,57,57,0,1000,0,999,0,0.0562097812097812,0.0562097812097812,0.0,0.594486436330712,0.594486436330712,0.0,0.5780064668953566,0.5780064668953566,0.0,0.5507560799184469,0.5507560799184469,0.0
google__benzene__gin__seed2026,google,benzene,gin,2026,atom_occlusion,P20_frozen_cache,0.05,recalibrated,57,57,0,1000,0,999,0,0.0562097812097812,0.0562097812097812,0.0,0.594486436330712,0.594486436330712,0.0,0.5780064668953566,0.5780064668953566,0.0,0.5507560799184469,0.5507560799184469,0.0
google__benzene__gin__seed2026,google,benzene,gin,2026,atom_occlusion,P20_frozen_cache,0.1,fixed_historical_q,46,46,0,1000,0,999,0,0.1054721388054721,0.1054721388054721,0.0,0.4881133625549646,0.4881133625549646,0.0,0.6550172105727662,0.6550172105727662,0.0,0.5962660861826673,0.5962660861826673,0.0
google__benzene__gin__seed2026,google,benzene,gin,2026,atom_occlusion,P20_frozen_cache,0.1,fixed_current_machine_q,46,46,0,1000,0,999,0,0.1054721388054721,0.1054721388054721,0.0,0.4881133625549646,0.4881133625549646,0.0,0.6550172105727662,0.6550172105727662,0.0,0.5962660861826673,0.5962660861826673,0.0
google__benzene__gin__seed2026,google,benzene,gin,2026,atom_occlusion,P20_frozen_cache,0.1,recalibrated,46,46,0,1000,0,999,0,0.1054721388054721,0.1054721388054721,0.0,0.4881133625549646,0.4881133625549646,0.0,0.6550172105727662,0.6550172105727662,0.0,0.5962660861826673,0.5962660861826673,0.0
google__benzene__gin__seed2026,google,benzene,gin,2026,atom_occlusion,P20_frozen_cache,0.2,fixed_historical_q,34,34,0,1000,0,999,0,0.1946132640577085,0.1946132640577085,0.0,0.3654296724686067,0.3654296724686067,0.0,0.7629343629343633,0.7629343629343633,0.0,0.6373431819424248,0.6373431819424248,0.0
google__benzene__gin__seed2026,google,benzene,gin,2026,atom_occlusion,P20_frozen_cache,0.2,fixed_current_machine_q,34,34,0,1000,0,999,0,0.1946132640577085,0.1946132640577085,0.0,0.3654296724686067,0.3654296724686067,0.0,0.7629343629343633,0.7629343629343633,0.0,0.6373431819424248,0.6373431819424248,0.0
google__benzene__gin__seed2026,google,benzene,gin,2026,atom_occlusion,P20_frozen_cache,0.2,recalibrated,34,34,0,1000,0,999,0,0.1946132640577085,0.1946132640577085,0.0,0.3654296724686067,0.3654296724686067,0.0,0.7629343629343633,0.7629343629343633,0.0,0.6373431819424248,0.6373431819424248,0.0
google__benzene__gin__seed2026,google,benzene,gin,2026,saliency,P20_frozen_cache,0.05,fixed_historical_q,71,71,0,1000,0,999,0,0.0509348634348634,0.0509348634348634,0.0,0.7345822575546977,0.7345822575546977,0.0,0.4761722461068852,0.4761722461068852,0.0,0.4610249198075042,0.4610249198075042,0.0
google__benzene__gin__seed2026,google,benzene,gin,2026,saliency,P20_frozen_cache,0.05,fixed_current_machine_q,71,71,0,1000,0,999,0,0.0509348634348634,0.0509348634348634,0.0,0.7345822575546977,0.7345822575546977,0.0,0.4761722461068852,0.4761722461068852,0.0,0.4610249198075042,0.4610249198075042,0.0
google__benzene__gin__seed2026,google,benzene,gin,2026,saliency,P20_frozen_cache,0.05,recalibrated,71,71,0,1000,0,999,0,0.0509348634348634,0.0509348634348634,0.0,0.7345822575546977,0.7345822575546977,0.0,0.4761722461068852,0.4761722461068852,0.0,0.4610249198075042,0.4610249198075042,0.0
google__benzene__gin__seed2026,google,benzene,gin,2026,saliency,P20_frozen_cache,0.1,fixed_historical_q,61,61,0,1000,0,999,0,0.0937868423979534,0.0937868423979534,0.0,0.6361218790829436,0.6361218790829436,0.0,0.5208344958344953,0.5208344958344953,0.0,0.4898643249026871,0.4898643249026871,0.0
google__benzene__gin__seed2026,google,benzene,gin,2026,saliency,P20_frozen_cache,0.1,fixed_current_machine_q,61,61,0,1000,0,999,0,0.0937868423979534,0.0937868423979534,0.0,0.6361218790829436,0.6361218790829436,0.0,0.5208344958344953,0.5208344958344953,0.0,0.4898643249026871,0.4898643249026871,0.0
google__benzene__gin__seed2026,google,benzene,gin,2026,saliency,P20_frozen_cache,0.1,recalibrated,61,61,0,1000,0,999,0,0.0937868423979534,0.0937868423979534,0.0,0.6361218790829436,0.6361218790829436,0.0,0.5208344958344953,0.5208344958344953,0.0,0.4898643249026871,0.4898643249026871,0.0
google__benzene__gin__seed2026,google,benzene,gin,2026,saliency,P20_frozen_cache,0.2,fixed_historical_q,46,46,0,1000,0,999,0,0.2011863053529717,0.2011863053529717,0.0,0.4881133625549646,0.4881133625549646,0.0,0.586204855649301,0.586204855649301,0.0,0.5074037433815572,0.5074037433815572,0.0
google__benzene__gin__seed2026,google,benzene,gin,2026,saliency,P20_frozen_cache,0.2,fixed_current_machine_q,46,46,0,1000,0,999,0,0.2011863053529717,0.2011863053529717,0.0,0.4881133625549646,0.4881133625549646,0.0,0.586204855649301,0.586204855649301,0.0,0.5074037433815572,0.5074037433815572,0.0
google__benzene__gin__seed2026,google,benzene,gin,2026,saliency,P20_frozen_cache,0.2,recalibrated,46,46,0,1000,0,999,0,0.2011863053529717,0.2011863053529717,0.0,0.4881133625549646,0.4881133625549646,0.0,0.586204855649301,0.586204855649301,0.0,0.5074037433815572,0.5074037433815572,0.0
google__benzene__gin__seed42,google,benzene,gin,42,ig,P01_checkpoint_rerun,0.05,fixed_historical_q,84,84,0,1000,0,999,0,0.0523602968047412,0.0523602968047412,0.0,0.8611619070925718,0.8611619070925718,0.0,0.4090239749854472,0.4090239749854472,0.0,0.3995420758063406,0.3995420758063406,0.0
google__benzene__gin__seed42,google,benzene,gin,42,ig,P01_checkpoint_rerun,0.05,fixed_current_machine_q,84,84,0,1000,0,999,0,0.0523602968047412,0.0523602968047412,0.0,0.8611619070925718,0.8611619070925718,0.0,0.4090239749854472,0.4090239749854472,0.0,0.3995420758063406,0.3995420758063406,0.0
google__benzene__gin__seed42,google,benzene,gin,42,ig,P01_checkpoint_rerun,0.05,recalibrated,84,84,0,1000,0,999,0,0.0523602968047412,0.0523602968047412,0.0,0.8611619070925718,0.8611619070925718,0.0,0.4090239749854472,0.4090239749854472,0.0,0.3995420758063406,0.3995420758063406,0.0
google__benzene__gin__seed42,google,benzene,gin,42,ig,P01_checkpoint_rerun,0.1,fixed_historical_q,73,73,0,1000,0,999,0,0.1022534439201105,0.1022534439201105,0.0,0.7551707536987448,0.7551707536987448,0.0,0.4382200548781224,0.4382200548781224,0.0,0.4161341291619044,0.4161341291619044,0.0
google__benzene__gin__seed42,google,benzene,gin,42,ig,P01_checkpoint_rerun,0.1,fixed_current_machine_q,73,73,0,1000,0,999,0,0.1022534439201105,0.1022534439201105,0.0,0.7551707536987448,0.7551707536987448,0.0,0.4382200548781224,0.4382200548781224,0.0,0.4161341291619044,0.4161341291619044,0.0
google__benzene__gin__seed42,google,benzene,gin,42,ig,P01_checkpoint_rerun,0.1,recalibrated,73,73,0,1000,0,999,0,0.1022534439201105,0.1022534439201105,0.0,0.7551707536987448,0.7551707536987448,0.0,0.4382200548781224,0.4382200548781224,0.0,0.4161341291619044,0.4161341291619044,0.0
google__benzene__gin__seed42,google,benzene,gin,42,ig,P01_checkpoint_rerun,0.2,fixed_historical_q,58,58,0,1000,0,999,0,0.2010250329694772,0.2010250329694772,0.0,0.6016364434807195,0.6016364434807195,0.0,0.4795775212441872,0.4795775212441872,0.0,0.4259659146435445,0.4259659146435445,0.0
google__benzene__gin__seed42,google,benzene,gin,42,ig,P01_checkpoint_rerun,0.2,fixed_current_machine_q,58,58,0,1000,0,999,0,0.2010250329694772,0.2010250329694772,0.0,0.6016364434807195,0.6016364434807195,0.0,0.4795775212441872,0.4795775212441872,0.0,0.4259659146435445,0.4259659146435445,0.0
google__benzene__gin__seed42,google,benzene,gin,42,ig,P01_checkpoint_rerun,0.2,recalibrated,58,58,0,1000,0,999,0,0.2010250329694772,0.2010250329694772,0.0,0.6016364434807195,0.6016364434807195,0.0,0.4795775212441872,0.4795775212441872,0.0,0.4259659146435445,0.4259659146435445,0.0
google__benzene__gin__seed42,google,benzene,gin,42,gradinput,P01_checkpoint_rerun,0.05,fixed_historical_q,92,92,0,1000,0,999,0,0.0437252728919395,0.0437252728919395,0.0,0.9461096527706362,0.9461096527706362,0.0,0.3761486369120116,0.3761486369120116,0.0,0.3691062629325595,0.3691062629325595,0.0
google__benzene__gin__seed42,google,benzene,gin,42,gradinput,P01_checkpoint_rerun,0.05,fixed_current_machine_q,92,92,0,1000,0,999,0,0.0437252728919395,0.0437252728919395,0.0,0.9461096527706362,0.9461096527706362,0.0,0.3761486369120116,0.3761486369120116,0.0,0.3691062629325595,0.3691062629325595,0.0
google__benzene__gin__seed42,google,benzene,gin,42,gradinput,P01_checkpoint_rerun,0.05,recalibrated,92,92,0,1000,0,999,0,0.0437252728919395,0.0437252728919395,0.0,0.9461096527706362,0.9461096527706362,0.0,0.3761486369120116,0.3761486369120116,0.0,0.3691062629325595,0.3691062629325595,0.0
google__benzene__gin__seed42,google,benzene,gin,42,gradinput,P01_checkpoint_rerun,0.1,fixed_historical_q,83,83,0,1000,0,999,0,0.1092832912277356,0.1092832912277356,0.0,0.8503733407484515,0.8503733407484515,0.0,0.3884930443065985,0.3884930443065985,0.0,0.3711982206605765,0.3711982206605765,0.0
google__benzene__gin__seed42,google,benzene,gin,42,gradinput,P01_checkpoint_rerun,0.1,fixed_current_machine_q,83,83,0,1000,0,999,0,0.1092832912277356,0.1092832912277356,0.0,0.8503733407484515,0.8503733407484515,0.0,0.3884930443065985,0.3884930443065985,0.0,0.3711982206605765,0.3711982206605765,0.0
google__benzene__gin__seed42,google,benzene,gin,42,gradinput,P01_checkpoint_rerun,0.1,recalibrated,83,83,0,1000,0,999,0,0.1092832912277356,0.1092832912277356,0.0,0.8503733407484515,0.8503733407484515,0.0,0.3884930443065985,0.3884930443065985,0.0,0.3711982206605765,0.3711982206605765,0.0
google__benzene__gin__seed42,google,benzene,gin,42,gradinput,P01_checkpoint_rerun,0.2,fixed_historical_q,59,59,0,1000,0,999,0,0.2088270810493033,0.2088270810493033,0.0,0.6108220997251989,0.6108220997251989,0.0,0.4729567062900386,0.4729567062900386,0.0,0.4281939269749799,0.4281939269749799,0.0
google__benzene__gin__seed42,google,benzene,gin,42,gradinput,P01_checkpoint_rerun,0.2,fixed_current_machine_q,59,59,0,1000,0,999,0,0.2088270810493033,0.2088270810493033,0.0,0.6108220997251989,0.6108220997251989,0.0,0.4729567062900386,0.4729567062900386,0.0,0.4281939269749799,0.4281939269749799,0.0
google__benzene__gin__seed42,google,benzene,gin,42,gradinput,P01_checkpoint_rerun,0.2,recalibrated,59,59,0,1000,0,999,0,0.2088270810493033,0.2088270810493033,0.0,0.6108220997251989,0.6108220997251989,0.0,0.4729567062900386,0.4729567062900386,0.0,0.4281939269749799,0.4281939269749799,0.0
google__benzene__gin__seed42,google,benzene,gin,42,atom_occlusion,P20_frozen_cache,0.05,fixed_historical_q,51,51,0,1000,0,999,0,0.052259600870712,0.052259600870712,0.0,0.5344928656068199,0.5344928656068199,0.0,0.6430270708048472,0.6430270708048472,0.0,0.6087252357729537,0.6087252357729537,0.0
google__benzene__gin__seed42,google,benzene,gin,42,atom_occlusion,P20_frozen_cache,0.05,fixed_current_machine_q,51,51,0,1000,0,999,0,0.052259600870712,0.052259600870712,0.0,0.5344928656068199,0.5344928656068199,0.0,0.6430270708048472,0.6430270708048472,0.0,0.6087252357729537,0.6087252357729537,0.0
google__benzene__gin__seed42,google,benzene,gin,42,atom_occlusion,P20_frozen_cache,0.05,recalibrated,51,51,0,1000,0,999,0,0.052259600870712,0.052259600870712,0.0,0.5344928656068199,0.5344928656068199,0.0,0.6430270708048472,0.6430270708048472,0.0,0.6087252357729537,0.6087252357729537,0.0
google__benzene__gin__seed42,google,benzene,gin,42,atom_occlusion,P20_frozen_cache,0.1,fixed_historical_q,41,41,0,1000,0,999,0,0.1052320177320176,0.1052320177320176,0.0,0.435648403417655,0.435648403417655,0.0,0.7273319134430265,0.7273319134430265,0.0,0.6503162354813574,0.6503162354813574,0.0
google__benzene__gin__seed42,google,benzene,gin,42,atom_occlusion,P20_frozen_cache,0.1,fixed_current_machine_q,41,41,0,1000,0,999,0,0.1052320177320176,0.1052320177320176,0.0,0.435648403417655,0.435648403417655,0.0,0.7273319134430265,0.7273319134430265,0.0,0.6503162354813574,0.6503162354813574,0.0
google__benzene__gin__seed42,google,benzene,gin,42,atom_occlusion,P20_frozen_cache,0.1,recalibrated,41,41,0,1000,0,999,0,0.1052320177320176,0.1052320177320176,0.0,0.435648403417655,0.435648403417655,0.0,0.7273319134430265,0.7273319134430265,0.0,0.6503162354813574,0.6503162354813574,0.0
google__benzene__gin__seed42,google,benzene,gin,42,atom_occlusion,P20_frozen_cache,0.2,fixed_historical_q,29,29,0,1000,0,999,0,0.2087603476492363,0.2087603476492363,0.0,0.31188824558816,0.31188824558816,0.0,0.8641498641498663,0.8641498641498663,0.0,0.6965231112375931,0.6965231112375931,0.0
google__benzene__gin__seed42,google,benzene,gin,42,atom_occlusion,P20_frozen_cache,0.2,fixed_current_machine_q,29,29,0,1000,0,999,0,0.2087603476492363,0.2087603476492363,0.0,0.31188824558816,0.31188824558816,0.0,0.8641498641498663,0.8641498641498663,0.0,0.6965231112375931,0.6965231112375931,0.0
google__benzene__gin__seed42,google,benzene,gin,42,atom_occlusion,P20_frozen_cache,0.2,recalibrated,29,29,0,1000,0,999,0,0.2087603476492363,0.2087603476492363,0.0,0.31188824558816,0.31188824558816,0.0,0.8641498641498663,0.8641498641498663,0.0,0.6965231112375931,0.6965231112375931,0.0
google__benzene__gin__seed42,google,benzene,gin,42,saliency,P20_frozen_cache,0.05,fixed_historical_q,51,51,0,1000,0,999,0,0.0469542955654066,0.0469542955654066,0.0,0.5344928656068199,0.5344928656068199,0.0,0.6503964698409125,0.6503964698409125,0.0,0.6200110003773559,0.6200110003773559,0.0
google__benzene__gin__seed42,google,benzene,gin,42,saliency,P20_frozen_cache,0.05,fixed_current_machine_q,51,51,0,1000,0,999,0,0.0469542955654066,0.0469542955654066,0.0,0.5344928656068199,0.5344928656068199,0.0,0.6503964698409125,0.6503964698409125,0.0,0.6200110003773559,0.6200110003773559,0.0
google__benzene__gin__seed42,google,benzene,gin,42,saliency,P20_frozen_cache,0.05,recalibrated,51,51,0,1000,0,999,0,0.0469542955654066,0.0469542955654066,0.0,0.5344928656068199,0.5344928656068199,0.0,0.6503964698409125,0.6503964698409125,0.0,0.6200110003773559,0.6200110003773559,0.0
google__benzene__gin__seed42,google,benzene,gin,42,saliency,P20_frozen_cache,0.1,fixed_historical_q,42,42,0,1000,0,999,0,0.0984266012043789,0.0984266012043789,0.0,0.4448340596621328,0.4448340596621328,0.0,0.7256817423484094,0.7256817423484094,0.0,0.6551166317635186,0.6551166317635186,0.0
google__benzene__gin__seed42,google,benzene,gin,42,saliency,P20_frozen_cache,0.1,fixed_current_machine_q,42,42,0,1000,0,999,0,0.0984266012043789,0.0984266012043789,0.0,0.4448340596621328,0.4448340596621328,0.0,0.7256817423484094,0.7256817423484094,0.0,0.6551166317635186,0.6551166317635186,0.0
google__benzene__gin__seed42,google,benzene,gin,42,saliency,P20_frozen_cache,0.1,recalibrated,42,42,0,1000,0,999,0,0.0984266012043789,0.0984266012043789,0.0,0.4448340596621328,0.4448340596621328,0.0,0.7256817423484094,0.7256817423484094,0.0,0.6551166317635186,0.6551166317635186,0.0
google__benzene__gin__seed42,google,benzene,gin,42,saliency,P20_frozen_cache,0.2,fixed_historical_q,31,31,0,1000,0,999,0,0.1974476460587573,0.1974476460587573,0.0,0.3317141965309036,0.3317141965309036,0.0,0.8382275132275141,0.8382275132275141,0.0,0.6843241256252939,0.6843241256252939,0.0
google__benzene__gin__seed42,google,benzene,gin,42,saliency,P20_frozen_cache,0.2,fixed_current_machine_q,31,31,0,1000,0,999,0,0.1974476460587573,0.1974476460587573,0.0,0.3317141965309036,0.3317141965309036,0.0,0.8382275132275141,0.8382275132275141,0.0,0.6843241256252939,0.6843241256252939,0.0
google__benzene__gin__seed42,google,benzene,gin,42,saliency,P20_frozen_cache,0.2,recalibrated,31,31,0,1000,0,999,0,0.1974476460587573,0.1974476460587573,0.0,0.3317141965309036,0.3317141965309036,0.0,0.8382275132275141,0.8382275132275141,0.0,0.6843241256252939,0.6843241256252939,0.0
google__logic10__gcn__seed123,google,logic10,gcn,123,ig,P01_checkpoint_rerun,0.05,fixed_historical_q,77,77,0,192,0,112,0,0.0538800856881213,0.0538800856881213,0.0,0.793503514240944,0.793503514240944,0.0,0.5902212720752636,0.5902212720752636,0.0,0.5724684393218089,0.5724684393218089,0.0
google__logic10__gcn__seed123,google,logic10,gcn,123,ig,P01_checkpoint_rerun,0.05,fixed_current_machine_q,77,77,0,192,0,112,0,0.0538800856881213,0.0538800856881213,0.0,0.793503514240944,0.793503514240944,0.0,0.5902212720752636,0.5902212720752636,0.0,0.5724684393218089,0.5724684393218089,0.0
google__logic10__gcn__seed123,google,logic10,gcn,123,ig,P01_checkpoint_rerun,0.05,recalibrated,77,77,0,192,0,112,0,0.0538800856881213,0.0538800856881213,0.0,0.793503514240944,0.793503514240944,0.0,0.5902212720752636,0.5902212720752636,0.0,0.5724684393218089,0.5724684393218089,0.0
google__logic10__gcn__seed123,google,logic10,gcn,123,ig,P01_checkpoint_rerun,0.1,fixed_historical_q,67,67,0,192,0,112,0,0.1019980763284333,0.1019980763284333,0.0,0.697749768200515,0.697749768200515,0.0,0.6353337386819531,0.6353337386819531,0.0,0.5941403825055968,0.5941403825055968,0.0
google__logic10__gcn__seed123,google,logic10,gcn,123,ig,P01_checkpoint_rerun,0.1,fixed_current_machine_q,67,67,0,192,0,112,0,0.1019980763284333,0.1019980763284333,0.0,0.697749768200515,0.697749768200515,0.0,0.6353337386819531,0.6353337386819531,0.0,0.5941403825055968,0.5941403825055968,0.0
google__logic10__gcn__seed123,google,logic10,gcn,123,ig,P01_checkpoint_rerun,0.1,recalibrated,67,67,0,192,0,112,0,0.1019980763284333,0.1019980763284333,0.0,0.697749768200515,0.697749768200515,0.0,0.6353337386819531,0.6353337386819531,0.0,0.5941403825055968,0.5941403825055968,0.0
google__logic10__gcn__seed123,google,logic10,gcn,123,ig,P01_checkpoint_rerun,0.2,fixed_historical_q,53,53,0,192,0,112,0,0.1983454789258362,0.1983454789258362,0.0,0.5587607636297948,0.5587607636297948,0.0,0.7055876663019519,0.7055876663019519,0.0,0.6059682087317814,0.6059682087317814,0.0
google__logic10__gcn__seed123,google,logic10,gcn,123,ig,P01_checkpoint_rerun,0.2,fixed_current_machine_q,53,53,0,192,0,112,0,0.1983454789258362,0.1983454789258362,0.0,0.5587607636297948,0.5587607636297948,0.0,0.7055876663019519,0.7055876663019519,0.0,0.6059682087317814,0.6059682087317814,0.0
google__logic10__gcn__seed123,google,logic10,gcn,123,ig,P01_checkpoint_rerun,0.2,recalibrated,53,53,0,192,0,112,0,0.1983454789258362,0.1983454789258362,0.0,0.5587607636297948,0.5587607636297948,0.0,0.7055876663019519,0.7055876663019519,0.0,0.6059682087317814,0.6059682087317814,0.0
google__logic10__gcn__seed123,google,logic10,gcn,123,gradinput,P01_checkpoint_rerun,0.05,fixed_historical_q,89,89,0,192,0,112,0,0.0489378924646781,0.0489378924646781,0.0,0.9140376849550448,0.9140376849550448,0.0,0.5157499820613753,0.5157499820613753,0.0,0.5038079550598805,0.5038079550598805,0.0
google__logic10__gcn__seed123,google,logic10,gcn,123,gradinput,P01_checkpoint_rerun,0.05,fixed_current_machine_q,89,89,0,192,0,112,0,0.0489378924646781,0.0489378924646781,0.0,0.9140376849550448,0.9140376849550448,0.0,0.5157499820613753,0.5157499820613753,0.0,0.5038079550598805,0.5038079550598805,0.0
google__logic10__gcn__seed123,google,logic10,gcn,123,gradinput,P01_checkpoint_rerun,0.05,recalibrated,89,89,0,192,0,112,0,0.0489378924646781,0.0489378924646781,0.0,0.9140376849550448,0.9140376849550448,0.0,0.5157499820613753,0.5157499820613753,0.0,0.5038079550598805,0.5038079550598805,0.0
google__logic10__gcn__seed123,google,logic10,gcn,123,gradinput,P01_checkpoint_rerun,0.1,fixed_historical_q,81,81,0,192,0,112,0,0.0879145408163264,0.0879145408163264,0.0,0.8360362351772489,0.8360362351772489,0.0,0.5402046877209967,0.5402046877209967,0.0,0.5145585950287873,0.5145585950287873,0.0
google__logic10__gcn__seed123,google,logic10,gcn,123,gradinput,P01_checkpoint_rerun,0.1,fixed_current_machine_q,81,81,0,192,0,112,0,0.0879145408163264,0.0879145408163264,0.0,0.8360362351772489,0.8360362351772489,0.0,0.5402046877209967,0.5402046877209967,0.0,0.5145585950287873,0.5145585950287873,0.0
google__logic10__gcn__seed123,google,logic10,gcn,123,gradinput,P01_checkpoint_rerun,0.1,recalibrated,81,81,0,192,0,112,0,0.0879145408163264,0.0879145408163264,0.0,0.8360362351772489,0.8360362351772489,0.0,0.5402046877209967,0.5402046877209967,0.0,0.5145585950287873,0.5145585950287873,0.0
google__logic10__gcn__seed123,google,logic10,gcn,123,gradinput,P01_checkpoint_rerun,0.2,fixed_historical_q,64,64,0,192,0,112,0,0.1976271868012939,0.1976271868012939,0.0,0.662685584918506,0.662685584918506,0.0,0.5977584667316809,0.5977584667316809,0.0,0.5245299924963237,0.5245299924963237,0.0
google__logic10__gcn__seed123,google,logic10,gcn,123,gradinput,P01_checkpoint_rerun,0.2,fixed_current_machine_q,64,64,0,192,0,112,0,0.1976271868012939,0.1976271868012939,0.0,0.662685584918506,0.662685584918506,0.0,0.5977584667316809,0.5977584667316809,0.0,0.5245299924963237,0.5245299924963237,0.0
google__logic10__gcn__seed123,google,logic10,gcn,123,gradinput,P01_checkpoint_rerun,0.2,recalibrated,64,64,0,192,0,112,0,0.1976271868012939,0.1976271868012939,0.0,0.662685584918506,0.662685584918506,0.0,0.5977584667316809,0.5977584667316809,0.0,0.5245299924963237,0.5245299924963237,0.0
google__logic10__gcn__seed123,google,logic10,gcn,123,atom_occlusion,P20_frozen_cache,0.05,fixed_historical_q,71,71,0,192,0,112,0,0.0565786891679748,0.0565786891679748,0.0,0.7360773214928387,0.7360773214928387,0.0,0.6320334143272694,0.6320334143272694,0.0,0.608292239458966,0.608292239458966,0.0
google__logic10__gcn__seed123,google,logic10,gcn,123,atom_occlusion,P20_frozen_cache,0.05,fixed_current_machine_q,71,71,0,192,0,112,0,0.0565786891679748,0.0565786891679748,0.0,0.7360773214928387,0.7360773214928387,0.0,0.6320334143272694,0.6320334143272694,0.0,0.608292239458966,0.608292239458966,0.0
google__logic10__gcn__seed123,google,logic10,gcn,123,atom_occlusion,P20_frozen_cache,0.05,recalibrated,71,71,0,192,0,112,0,0.0565786891679748,0.0565786891679748,0.0,0.7360773214928387,0.7360773214928387,0.0,0.6320334143272694,0.6320334143272694,0.0,0.608292239458966,0.608292239458966,0.0
google__logic10__gcn__seed123,google,logic10,gcn,123,atom_occlusion,P20_frozen_cache,0.1,fixed_historical_q,61,61,0,192,0,112,0,0.1109928761714475,0.1109928761714475,0.0,0.6349217897381224,0.6349217897381224,0.0,0.6878640456765455,0.6878640456765455,0.0,0.6321691545437951,0.6321691545437951,0.0
google__logic10__gcn__seed123,google,logic10,gcn,123,atom_occlusion,P20_frozen_cache,0.1,fixed_current_machine_q,61,61,0,192,0,112,0,0.1109928761714475,0.1109928761714475,0.0,0.6349217897381224,0.6349217897381224,0.0,0.6878640456765455,0.6878640456765455,0.0,0.6321691545437951,0.6321691545437951,0.0
google__logic10__gcn__seed123,google,logic10,gcn,123,atom_occlusion,P20_frozen_cache,0.1,recalibrated,61,61,0,192,0,112,0,0.1109928761714475,0.1109928761714475,0.0,0.6349217897381224,0.6349217897381224,0.0,0.6878640456765455,0.6878640456765455,0.0,0.6321691545437951,0.6321691545437951,0.0
google__logic10__gcn__seed123,google,logic10,gcn,123,atom_occlusion,P20_frozen_cache,0.2,fixed_historical_q,48,48,0,192,0,112,0,0.2081321580205509,0.2081321580205509,0.0,0.5078102380716413,0.5078102380716413,0.0,0.7603908987837558,0.7603908987837558,0.0,0.6377257859728973,0.6377257859728973,0.0
google__logic10__gcn__seed123,google,logic10,gcn,123,atom_occlusion,P20_frozen_cache,0.2,fixed_current_machine_q,48,48,0,192,0,112,0,0.2081321580205509,0.2081321580205509,0.0,0.5078102380716413,0.5078102380716413,0.0,0.7603908987837558,0.7603908987837558,0.0,0.6377257859728973,0.6377257859728973,0.0
google__logic10__gcn__seed123,google,logic10,gcn,123,atom_occlusion,P20_frozen_cache,0.2,recalibrated,48,48,0,192,0,112,0,0.2081321580205509,0.2081321580205509,0.0,0.5078102380716413,0.5078102380716413,0.0,0.7603908987837558,0.7603908987837558,0.0,0.6377257859728973,0.6377257859728973,0.0
google__logic10__gcn__seed123,google,logic10,gcn,123,saliency,P20_frozen_cache,0.05,fixed_historical_q,95,95,0,192,0,112,0,0.030520260989011,0.030520260989011,0.0,0.9664182278642678,0.9664182278642678,0.0,0.4967968410460309,0.4967968410460309,0.0,0.4902400631965512,0.4902400631965512,0.0
google__logic10__gcn__seed123,google,logic10,gcn,123,saliency,P20_frozen_cache,0.05,fixed_current_machine_q,95,95,0,192,0,112,0,0.030520260989011,0.030520260989011,0.0,0.9664182278642678,0.9664182278642678,0.0,0.4967968410460309,0.4967968410460309,0.0,0.4902400631965512,0.4902400631965512,0.0
google__logic10__gcn__seed123,google,logic10,gcn,123,saliency,P20_frozen_cache,0.05,recalibrated,95,95,0,192,0,112,0,0.030520260989011,0.030520260989011,0.0,0.9664182278642678,0.9664182278642678,0.0,0.4967968410460309,0.4967968410460309,0.0,0.4902400631965512,0.4902400631965512,0.0
google__logic10__gcn__seed123,google,logic10,gcn,123,saliency,P20_frozen_cache,0.1,fixed_historical_q,86,86,0,192,0,112,0,0.0862437042124541,0.0862437042124541,0.0,0.8837175299661713,0.8837175299661713,0.0,0.511676331640189,0.511676331640189,0.0,0.4893945596029642,0.4893945596029642,0.0
google__logic10__gcn__seed123,google,logic10,gcn,123,saliency,P20_frozen_cache,0.1,fixed_current_machine_q,86,86,0,192,0,112,0,0.0862437042124541,0.0862437042124541,0.0,0.8837175299661713,0.8837175299661713,0.0,0.511676331640189,0.511676331640189,0.0,0.4893945596029642,0.4893945596029642,0.0
google__logic10__gcn__seed123,google,logic10,gcn,123,saliency,P20_frozen_cache,0.1,recalibrated,86,86,0,192,0,112,0,0.0862437042124541,0.0862437042124541,0.0,0.8837175299661713,0.8837175299661713,0.0,0.511676331640189,0.511676331640189,0.0,0.4893945596029642,0.4893945596029642,0.0
google__logic10__gcn__seed123,google,logic10,gcn,123,saliency,P20_frozen_cache,0.2,fixed_historical_q,72,72,0,192,0,112,0,0.1777682882593596,0.1777682882593596,0.0,0.7424548725132468,0.7424548725132468,0.0,0.5470227616104716,0.5470227616104716,0.0,0.4930890864044059,0.4930890864044059,0.0
google__logic10__gcn__seed123,google,logic10,gcn,123,saliency,P20_frozen_cache,0.2,fixed_current_machine_q,72,72,0,192,0,112,0,0.1777682882593596,0.1777682882593596,0.0,0.7424548725132468,0.7424548725132468,0.0,0.5470227616104716,0.5470227616104716,0.0,0.4930890864044059,0.4930890864044059,0.0
google__logic10__gcn__seed123,google,logic10,gcn,123,saliency,P20_frozen_cache,0.2,recalibrated,72,72,0,192,0,112,0,0.1777682882593596,0.1777682882593596,0.0,0.7424548725132468,0.7424548725132468,0.0,0.5470227616104716,0.5470227616104716,0.0,0.4930890864044059,0.4930890864044059,0.0
google__logic10__gcn__seed2026,google,logic10,gcn,2026,ig,P01_checkpoint_rerun,0.05,fixed_historical_q,95,95,0,192,0,112,0,0.0424103054683411,0.0424103054683411,0.0,0.9664182278642678,0.9664182278642678,0.0,0.49098782784745,0.49098782784745,0.0,0.4819260531219578,0.4819260531219578,0.0
google__logic10__gcn__seed2026,google,logic10,gcn,2026,ig,P01_checkpoint_rerun,0.05,fixed_current_machine_q,95,95,0,192,0,112,0,0.0424103054683411,0.0424103054683411,0.0,0.9664182278642678,0.9664182278642678,0.0,0.49098782784745,0.49098782784745,0.0,0.4819260531219578,0.4819260531219578,0.0
google__logic10__gcn__seed2026,google,logic10,gcn,2026,ig,P01_checkpoint_rerun,0.05,recalibrated,95,95,0,192,0,112,0,0.0424103054683411,0.0424103054683411,0.0,0.9664182278642678,0.9664182278642678,0.0,0.49098782784745,0.49098782784745,0.0,0.4819260531219578,0.4819260531219578,0.0
google__logic10__gcn__seed2026,google,logic10,gcn,2026,ig,P01_checkpoint_rerun,0.1,fixed_historical_q,89,89,0,192,0,112,0,0.0917081430474286,0.0917081430474286,0.0,0.9140376849550448,0.9140376849550448,0.0,0.4927292159139211,0.4927292159139211,0.0,0.4706043278588791,0.4706043278588791,0.0
google__logic10__gcn__seed2026,google,logic10,gcn,2026,ig,P01_checkpoint_rerun,0.1,fixed_current_machine_q,89,89,0,192,0,112,0,0.0917081430474286,0.0917081430474286,0.0,0.9140376849550448,0.9140376849550448,0.0,0.4927292159139211,0.4927292159139211,0.0,0.4706043278588791,0.4706043278588791,0.0
google__logic10__gcn__seed2026,google,logic10,gcn,2026,ig,P01_checkpoint_rerun,0.1,recalibrated,89,89,0,192,0,112,0,0.0917081430474286,0.0917081430474286,0.0,0.9140376849550448,0.9140376849550448,0.0,0.4927292159139211,0.4927292159139211,0.0,0.4706043278588791,0.4706043278588791,0.0
google__logic10__gcn__seed2026,google,logic10,gcn,2026,ig,P01_checkpoint_rerun,0.2,fixed_historical_q,64,64,0,192,0,112,0,0.1930727754388468,0.1930727754388468,0.0,0.662685584918506,0.662685584918506,0.0,0.6016518575670361,0.6016518575670361,0.0,0.5292375857609024,0.5292375857609024,0.0
google__logic10__gcn__seed2026,google,logic10,gcn,2026,ig,P01_checkpoint_rerun,0.2,fixed_current_machine_q,64,64,0,192,0,112,0,0.1930727754388468,0.1930727754388468,0.0,0.662685584918506,0.662685584918506,0.0,0.6016518575670361,0.6016518575670361,0.0,0.5292375857609024,0.5292375857609024,0.0
google__logic10__gcn__seed2026,google,logic10,gcn,2026,ig,P01_checkpoint_rerun,0.2,recalibrated,64,64,0,192,0,112,0,0.1930727754388468,0.1930727754388468,0.0,0.662685584918506,0.662685584918506,0.0,0.6016518575670361,0.6016518575670361,0.0,0.5292375857609024,0.5292375857609024,0.0
google__logic10__gcn__seed2026,google,logic10,gcn,2026,gradinput,P01_checkpoint_rerun,0.05,fixed_historical_q,88,88,0,192,0,112,0,0.0473381900837257,0.0473381900837257,0.0,0.9043177969998624,0.9043177969998624,0.0,0.5219646399306256,0.5219646399306256,0.0,0.5100231231533298,0.5100231231533298,0.0
google__logic10__gcn__seed2026,google,logic10,gcn,2026,gradinput,P01_checkpoint_rerun,0.05,fixed_current_machine_q,88,88,0,192,0,112,0,0.0473381900837257,0.0473381900837257,0.0,0.9043177969998624,0.9043177969998624,0.0,0.5219646399306256,0.5219646399306256,0.0,0.5100231231533298,0.5100231231533298,0.0
google__logic10__gcn__seed2026,google,logic10,gcn,2026,gradinput,P01_checkpoint_rerun,0.05,recalibrated,88,88,0,192,0,112,0,0.0473381900837257,0.0473381900837257,0.0,0.9043177969998624,0.9043177969998624,0.0,0.5219646399306256,0.5219646399306256,0.0,0.5100231231533298,0.5100231231533298,0.0
google__logic10__gcn__seed2026,google,logic10,gcn,2026,gradinput,P01_checkpoint_rerun,0.1,fixed_historical_q,80,80,0,192,0,112,0,0.0974240417320773,0.0974240417320773,0.0,0.8213806229323505,0.8213806229323505,0.0,0.5442948819127086,0.5442948819127086,0.0,0.5164096487954156,0.5164096487954156,0.0
google__logic10__gcn__seed2026,google,logic10,gcn,2026,gradinput,P01_checkpoint_rerun,0.1,fixed_current_machine_q,80,80,0,192,0,112,0,0.0974240417320773,0.0974240417320773,0.0,0.8213806229323505,0.8213806229323505,0.0,0.5442948819127086,0.5442948819127086,0.0,0.5164096487954156,0.5164096487954156,0.0
google__logic10__gcn__seed2026,google,logic10,gcn,2026,gradinput,P01_checkpoint_rerun,0.1,recalibrated,80,80,0,192,0,112,0,0.0974240417320773,0.0974240417320773,0.0,0.8213806229323505,0.8213806229323505,0.0,0.5442948819127086,0.5442948819127086,0.0,0.5164096487954156,0.5164096487954156,0.0
google__logic10__gcn__seed2026,google,logic10,gcn,2026,gradinput,P01_checkpoint_rerun,0.2,fixed_historical_q,63,63,0,192,0,112,0,0.1937581391822462,0.1937581391822462,0.0,0.6531162069280753,0.6531162069280753,0.0,0.6090633572776428,0.6090633572776428,0.0,0.5330984108540361,0.5330984108540361,0.0
google__logic10__gcn__seed2026,google,logic10,gcn,2026,gradinput,P01_checkpoint_rerun,0.2,fixed_current_machine_q,63,63,0,192,0,112,0,0.1937581391822462,0.1937581391822462,0.0,0.6531162069280753,0.6531162069280753,0.0,0.6090633572776428,0.6090633572776428,0.0,0.5330984108540361,0.5330984108540361,0.0
google__logic10__gcn__seed2026,google,logic10,gcn,2026,gradinput,P01_checkpoint_rerun,0.2,recalibrated,63,63,0,192,0,112,0,0.1937581391822462,0.1937581391822462,0.0,0.6531162069280753,0.6531162069280753,0.0,0.6090633572776428,0.6090633572776428,0.0,0.5330984108540361,0.5330984108540361,0.0
google__logic10__gcn__seed2026,google,logic10,gcn,2026,atom_occlusion,P20_frozen_cache,0.05,fixed_historical_q,69,69,0,192,0,112,0,0.0500696847795061,0.0500696847795061,0.0,0.7136361104766599,0.7136361104766599,0.0,0.6564368856516966,0.6564368856516966,0.0,0.6338840077268179,0.6338840077268179,0.0
google__logic10__gcn__seed2026,google,logic10,gcn,2026,atom_occlusion,P20_frozen_cache,0.05,fixed_current_machine_q,69,69,0,192,0,112,0,0.0500696847795061,0.0500696847795061,0.0,0.7136361104766599,0.7136361104766599,0.0,0.6564368856516966,0.6564368856516966,0.0,0.6338840077268179,0.6338840077268179,0.0
google__logic10__gcn__seed2026,google,logic10,gcn,2026,atom_occlusion,P20_frozen_cache,0.05,recalibrated,69,69,0,192,0,112,0,0.0500696847795061,0.0500696847795061,0.0,0.7136361104766599,0.7136361104766599,0.0,0.6564368856516966,0.6564368856516966,0.0,0.6338840077268179,0.6338840077268179,0.0
google__logic10__gcn__seed2026,google,logic10,gcn,2026,atom_occlusion,P20_frozen_cache,0.1,fixed_historical_q,58,58,0,192,0,112,0,0.1034951655487368,0.1034951655487368,0.0,0.6043412180825836,0.6043412180825836,0.0,0.7276448501894928,0.7276448501894928,0.0,0.6720450126437518,0.6720450126437518,0.0
google__logic10__gcn__seed2026,google,logic10,gcn,2026,atom_occlusion,P20_frozen_cache,0.1,fixed_current_machine_q,58,58,0,192,0,112,0,0.1034951655487368,0.1034951655487368,0.0,0.6043412180825836,0.6043412180825836,0.0,0.7276448501894928,0.7276448501894928,0.0,0.6720450126437518,0.6720450126437518,0.0
google__logic10__gcn__seed2026,google,logic10,gcn,2026,atom_occlusion,P20_frozen_cache,0.1,recalibrated,58,58,0,192,0,112,0,0.1034951655487368,0.1034951655487368,0.0,0.6043412180825836,0.6043412180825836,0.0,0.7276448501894928,0.7276448501894928,0.0,0.6720450126437518,0.6720450126437518,0.0
google__logic10__gcn__seed2026,google,logic10,gcn,2026,atom_occlusion,P20_frozen_cache,0.2,fixed_historical_q,46,46,0,192,0,112,0,0.1902979089363018,0.1902979089363018,0.0,0.4875469047855013,0.4875469047855013,0.0,0.8099025974025972,0.8099025974025972,0.0,0.6822291810080676,0.6822291810080676,0.0
google__logic10__gcn__seed2026,google,logic10,gcn,2026,atom_occlusion,P20_frozen_cache,0.2,fixed_current_machine_q,46,46,0,192,0,112,0,0.1902979089363018,0.1902979089363018,0.0,0.4875469047855013,0.4875469047855013,0.0,0.8099025974025972,0.8099025974025972,0.0,0.6822291810080676,0.6822291810080676,0.0
google__logic10__gcn__seed2026,google,logic10,gcn,2026,atom_occlusion,P20_frozen_cache,0.2,recalibrated,46,46,0,192,0,112,0,0.1902979089363018,0.1902979089363018,0.0,0.4875469047855013,0.4875469047855013,0.0,0.8099025974025972,0.8099025974025972,0.0,0.6822291810080676,0.6822291810080676,0.0
google__logic10__gcn__seed2026,google,logic10,gcn,2026,saliency,P20_frozen_cache,0.05,fixed_historical_q,92,92,0,192,0,112,0,0.0377918956043956,0.0377918956043956,0.0,0.94767584806822,0.94767584806822,0.0,0.5028825369590714,0.5028825369590714,0.0,0.4935628770298823,0.4935628770298823,0.0
google__logic10__gcn__seed2026,google,logic10,gcn,2026,saliency,P20_frozen_cache,0.05,fixed_current_machine_q,92,92,0,192,0,112,0,0.0377918956043956,0.0377918956043956,0.0,0.94767584806822,0.94767584806822,0.0,0.5028825369590714,0.5028825369590714,0.0,0.4935628770298823,0.4935628770298823,0.0
google__logic10__gcn__seed2026,google,logic10,gcn,2026,saliency,P20_frozen_cache,0.05,recalibrated,92,92,0,192,0,112,0,0.0377918956043956,0.0377918956043956,0.0,0.94767584806822,0.94767584806822,0.0,0.5028825369590714,0.5028825369590714,0.0,0.4935628770298823,0.4935628770298823,0.0
google__logic10__gcn__seed2026,google,logic10,gcn,2026,saliency,P20_frozen_cache,0.1,fixed_historical_q,85,85,0,192,0,112,0,0.0833533653846153,0.0833533653846153,0.0,0.8724292646600486,0.8724292646600486,0.0,0.5202208420250077,0.5202208420250077,0.0,0.4989330033993083,0.4989330033993083,0.0
google__logic10__gcn__seed2026,google,logic10,gcn,2026,saliency,P20_frozen_cache,0.1,fixed_current_machine_q,85,85,0,192,0,112,0,0.0833533653846153,0.0833533653846153,0.0,0.8724292646600486,0.8724292646600486,0.0,0.5202208420250077,0.5202208420250077,0.0,0.4989330033993083,0.4989330033993083,0.0
google__logic10__gcn__seed2026,google,logic10,gcn,2026,saliency,P20_frozen_cache,0.1,recalibrated,85,85,0,192,0,112,0,0.0833533653846153,0.0833533653846153,0.0,0.8724292646600486,0.8724292646600486,0.0,0.5202208420250077,0.5202208420250077,0.0,0.4989330033993083,0.4989330033993083,0.0
google__logic10__gcn__seed2026,google,logic10,gcn,2026,saliency,P20_frozen_cache,0.2,fixed_historical_q,70,70,0,192,14,112,11,0.1669152276295133,0.1719851576994433,0.00506993006993,0.7269080287757517,0.7219973144900377,-0.0049107142857139,0.5655945150496094,0.5657645830768203,0.0001700680272108,0.5114072214030538,0.5095994697936382,-0.0018077516094155
google__logic10__gcn__seed2026,google,logic10,gcn,2026,saliency,P20_frozen_cache,0.2,fixed_current_machine_q,70,70,0,192,14,112,11,0.1669152276295133,0.1719851576994433,0.00506993006993,0.7269080287757517,0.7219973144900377,-0.0049107142857139,0.5655945150496094,0.5657645830768203,0.0001700680272108,0.5114072214030538,0.5095994697936382,-0.0018077516094155
google__logic10__gcn__seed2026,google,logic10,gcn,2026,saliency,P20_frozen_cache,0.2,recalibrated,70,70,0,192,14,112,11,0.1669152276295133,0.1719851576994433,0.00506993006993,0.7269080287757517,0.7219973144900377,-0.0049107142857139,0.5655945150496094,0.5657645830768203,0.0001700680272108,0.5114072214030538,0.5095994697936382,-0.0018077516094155
google__logic10__gcn__seed42,google,logic10,gcn,42,ig,P01_checkpoint_rerun,0.05,fixed_historical_q,73,73,0,192,0,112,0,0.0562743060510917,0.0562743060510917,0.0,0.7549440500024239,0.7549440500024239,0.0,0.6172332726260058,0.6172332726260058,0.0,0.5960252613344444,0.5960252613344444,0.0
google__logic10__gcn__seed42,google,logic10,gcn,42,ig,P01_checkpoint_rerun,0.05,fixed_current_machine_q,73,73,0,192,0,112,0,0.0562743060510917,0.0562743060510917,0.0,0.7549440500024239,0.7549440500024239,0.0,0.6172332726260058,0.6172332726260058,0.0,0.5960252613344444,0.5960252613344444,0.0
google__logic10__gcn__seed42,google,logic10,gcn,42,ig,P01_checkpoint_rerun,0.05,recalibrated,73,73,0,192,0,112,0,0.0562743060510917,0.0562743060510917,0.0,0.7549440500024239,0.7549440500024239,0.0,0.6172332726260058,0.6172332726260058,0.0,0.5960252613344444,0.5960252613344444,0.0
google__logic10__gcn__seed42,google,logic10,gcn,42,ig,P01_checkpoint_rerun,0.1,fixed_historical_q,63,63,0,192,0,112,0,0.1044853212263925,0.1044853212263925,0.0,0.6531162069280753,0.6531162069280753,0.0,0.674796074461253,0.674796074461253,0.0,0.6267632635804905,0.6267632635804905,0.0
google__logic10__gcn__seed42,google,logic10,gcn,42,ig,P01_checkpoint_rerun,0.1,fixed_current_machine_q,63,63,0,192,0,112,0,0.1044853212263925,0.1044853212263925,0.0,0.6531162069280753,0.6531162069280753,0.0,0.674796074461253,0.674796074461253,0.0,0.6267632635804905,0.6267632635804905,0.0
google__logic10__gcn__seed42,google,logic10,gcn,42,ig,P01_checkpoint_rerun,0.1,recalibrated,63,63,0,192,0,112,0,0.1044853212263925,0.1044853212263925,0.0,0.6531162069280753,0.6531162069280753,0.0,0.674796074461253,0.674796074461253,0.0,0.6267632635804905,0.6267632635804905,0.0
google__logic10__gcn__seed42,google,logic10,gcn,42,ig,P01_checkpoint_rerun,0.2,fixed_historical_q,53,53,0,192,0,112,0,0.1958901217829791,0.1958901217829791,0.0,0.5587607636297948,0.5587607636297948,0.0,0.7054808534719248,0.7054808534719248,0.0,0.60424860576515,0.60424860576515,0.0
google__logic10__gcn__seed42,google,logic10,gcn,42,ig,P01_checkpoint_rerun,0.2,fixed_current_machine_q,53,53,0,192,0,112,0,0.1958901217829791,0.1958901217829791,0.0,0.5587607636297948,0.5587607636297948,0.0,0.7054808534719248,0.7054808534719248,0.0,0.60424860576515,0.60424860576515,0.0
google__logic10__gcn__seed42,google,logic10,gcn,42,ig,P01_checkpoint_rerun,0.2,recalibrated,53,53,0,192,0,112,0,0.1958901217829791,0.1958901217829791,0.0,0.5587607636297948,0.5587607636297948,0.0,0.7054808534719248,0.7054808534719248,0.0,0.60424860576515,0.60424860576515,0.0
google__logic10__gcn__seed42,google,logic10,gcn,42,gradinput,P01_checkpoint_rerun,0.05,fixed_historical_q,83,83,0,192,0,112,0,0.0395776098901098,0.0395776098901098,0.0,0.8516688901661219,0.8516688901661219,0.0,0.5581794385417645,0.5581794385417645,0.0,0.5467394074854822,0.5467394074854822,0.0
google__logic10__gcn__seed42,google,logic10,gcn,42,gradinput,P01_checkpoint_rerun,0.05,fixed_current_machine_q,83,83,0,192,0,112,0,0.0395776098901098,0.0395776098901098,0.0,0.8516688901661219,0.8516688901661219,0.0,0.5581794385417645,0.5581794385417645,0.0,0.5467394074854822,0.5467394074854822,0.0
google__logic10__gcn__seed42,google,logic10,gcn,42,gradinput,P01_checkpoint_rerun,0.05,recalibrated,83,83,0,192,0,112,0,0.0395776098901098,0.0395776098901098,0.0,0.8516688901661219,0.8516688901661219,0.0,0.5581794385417645,0.5581794385417645,0.0,0.5467394074854822,0.5467394074854822,0.0
google__logic10__gcn__seed42,google,logic10,gcn,42,gradinput,P01_checkpoint_rerun,0.1,fixed_historical_q,73,73,0,192,0,112,0,0.0786912120617477,0.0786912120617477,0.0,0.7549440500024239,0.7549440500024239,0.0,0.6029725607501621,0.6029725607501621,0.0,0.5747828558410851,0.5747828558410851,0.0
google__logic10__gcn__seed42,google,logic10,gcn,42,gradinput,P01_checkpoint_rerun,0.1,fixed_current_machine_q,73,73,0,192,0,112,0,0.0786912120617477,0.0786912120617477,0.0,0.7549440500024239,0.7549440500024239,0.0,0.6029725607501621,0.6029725607501621,0.0,0.5747828558410851,0.5747828558410851,0.0
google__logic10__gcn__seed42,google,logic10,gcn,42,gradinput,P01_checkpoint_rerun,0.1,recalibrated,73,73,0,192,0,112,0,0.0786912120617477,0.0786912120617477,0.0,0.7549440500024239,0.7549440500024239,0.0,0.6029725607501621,0.6029725607501621,0.0,0.5747828558410851,0.5747828558410851,0.0
google__logic10__gcn__seed42,google,logic10,gcn,42,gradinput,P01_checkpoint_rerun,0.2,fixed_historical_q,56,56,0,192,42,112,13,0.17849330728795,0.1829575930022358,0.0044642857142857,0.584602734159266,0.5799598770164088,-0.0046428571428571,0.6918954805115519,0.693723711804069,0.001828231292517,0.6030933935345697,0.6027197023914459,-0.0003736911431237
google__logic10__gcn__seed42,google,logic10,gcn,42,gradinput,P01_checkpoint_rerun,0.2,fixed_current_machine_q,56,56,0,192,42,112,13,0.17849330728795,0.1829575930022358,0.0044642857142857,0.584602734159266,0.5799598770164088,-0.0046428571428571,0.6918954805115519,0.693723711804069,0.001828231292517,0.6030933935345697,0.6027197023914459,-0.0003736911431237
google__logic10__gcn__seed42,google,logic10,gcn,42,gradinput,P01_checkpoint_rerun,0.2,recalibrated,56,57,1,192,32,112,21,0.17849330728795,0.1695647358593786,-0.0089285714285714,0.584602734159266,0.5932644189418744,0.0086616847826084,0.6918954805115519,0.6894371253746252,-0.0024583551369267,0.6030933935345697,0.6054393297237306,0.0023459361891609
google__logic10__gcn__seed42,google,logic10,gcn,42,atom_occlusion,P20_frozen_cache,0.05,fixed_historical_q,73,73,0,192,0,112,0,0.0365065737833595,0.0365065737833595,0.0,0.7549440500024239,0.7549440500024239,0.0,0.629417657597943,0.629417657597943,0.0,0.6144053233795053,0.6144053233795053,0.0
google__logic10__gcn__seed42,google,logic10,gcn,42,atom_occlusion,P20_frozen_cache,0.05,fixed_current_machine_q,73,73,0,192,0,112,0,0.0365065737833595,0.0365065737833595,0.0,0.7549440500024239,0.7549440500024239,0.0,0.629417657597943,0.629417657597943,0.0,0.6144053233795053,0.6144053233795053,0.0
google__logic10__gcn__seed42,google,logic10,gcn,42,atom_occlusion,P20_frozen_cache,0.05,recalibrated,73,73,0,192,0,112,0,0.0365065737833595,0.0365065737833595,0.0,0.7549440500024239,0.7549440500024239,0.0,0.629417657597943,0.629417657597943,0.0,0.6144053233795053,0.6144053233795053,0.0
google__logic10__gcn__seed42,google,logic10,gcn,42,atom_occlusion,P20_frozen_cache,0.1,fixed_historical_q,62,62,0,192,0,112,0,0.0987876334974548,0.0987876334974548,0.0,0.6443736474042657,0.6443736474042657,0.0,0.685851883731348,0.685851883731348,0.0,0.6374866609093031,0.6374866609093031,0.0
google__logic10__gcn__seed42,google,logic10,gcn,42,atom_occlusion,P20_frozen_cache,0.1,fixed_current_machine_q,62,62,0,192,0,112,0,0.0987876334974548,0.0987876334974548,0.0,0.6443736474042657,0.6443736474042657,0.0,0.685851883731348,0.685851883731348,0.0,0.6374866609093031,0.6374866609093031,0.0
google__logic10__gcn__seed42,google,logic10,gcn,42,atom_occlusion,P20_frozen_cache,0.1,recalibrated,62,62,0,192,0,112,0,0.0987876334974548,0.0987876334974548,0.0,0.6443736474042657,0.6443736474042657,0.0,0.685851883731348,0.685851883731348,0.0,0.6374866609093031,0.6374866609093031,0.0
google__logic10__gcn__seed42,google,logic10,gcn,42,atom_occlusion,P20_frozen_cache,0.2,fixed_historical_q,51,51,0,192,0,112,0,0.1932340353099281,0.1932340353099281,0.0,0.5352281995744245,0.5352281995744245,0.0,0.7343239102167674,0.7343239102167674,0.0,0.62753539571423,0.62753539571423,0.0
google__logic10__gcn__seed42,google,logic10,gcn,42,atom_occlusion,P20_frozen_cache,0.2,fixed_current_machine_q,51,51,0,192,0,112,0,0.1932340353099281,0.1932340353099281,0.0,0.5352281995744245,0.5352281995744245,0.0,0.7343239102167674,0.7343239102167674,0.0,0.62753539571423,0.62753539571423,0.0
google__logic10__gcn__seed42,google,logic10,gcn,42,atom_occlusion,P20_frozen_cache,0.2,recalibrated,51,51,0,192,0,112,0,0.1932340353099281,0.1932340353099281,0.0,0.5352281995744245,0.5352281995744245,0.0,0.7343239102167674,0.7343239102167674,0.0,0.62753539571423,0.62753539571423,0.0
google__logic10__gcn__seed42,google,logic10,gcn,42,saliency,P20_frozen_cache,0.05,fixed_historical_q,96,96,0,192,0,112,0,0.0062499999999999,0.0062499999999999,0.0,0.9953571428571424,0.9953571428571424,0.0,0.4947280684829175,0.4947280684829175,0.0,0.4937905684829176,0.4937905684829176,0.0
google__logic10__gcn__seed42,google,logic10,gcn,42,saliency,P20_frozen_cache,0.05,fixed_current_machine_q,96,96,0,192,0,112,0,0.0062499999999999,0.0062499999999999,0.0,0.9953571428571424,0.9953571428571424,0.0,0.4947280684829175,0.4947280684829175,0.0,0.4937905684829176,0.4937905684829176,0.0
google__logic10__gcn__seed42,google,logic10,gcn,42,saliency,P20_frozen_cache,0.05,recalibrated,96,96,0,192,0,112,0,0.0062499999999999,0.0062499999999999,0.0,0.9953571428571424,0.9953571428571424,0.0,0.4947280684829175,0.4947280684829175,0.0,0.4937905684829176,0.4937905684829176,0.0
google__logic10__gcn__seed42,google,logic10,gcn,42,saliency,P20_frozen_cache,0.1,fixed_historical_q,91,91,0,192,0,112,0,0.0750243060510916,0.0750243060510916,0.0,0.9336198180475164,0.9336198180475164,0.0,0.4916035494912255,0.4916035494912255,0.0,0.4747801501450088,0.4747801501450088,0.0
google__logic10__gcn__seed42,google,logic10,gcn,42,saliency,P20_frozen_cache,0.1,fixed_current_machine_q,91,91,0,192,0,112,0,0.0750243060510916,0.0750243060510916,0.0,0.9336198180475164,0.9336198180475164,0.0,0.4916035494912255,0.4916035494912255,0.0,0.4747801501450088,0.4747801501450088,0.0
google__logic10__gcn__seed42,google,logic10,gcn,42,saliency,P20_frozen_cache,0.1,recalibrated,91,91,0,192,0,112,0,0.0750243060510916,0.0750243060510916,0.0,0.9336198180475164,0.9336198180475164,0.0,0.4916035494912255,0.4916035494912255,0.0,0.4747801501450088,0.4747801501450088,0.0
google__logic10__gcn__seed42,google,logic10,gcn,42,saliency,P20_frozen_cache,0.2,fixed_historical_q,81,81,0,192,0,112,0,0.1570279422957993,0.1570279422957993,0.0,0.8360362351772489,0.8360362351772489,0.0,0.5003476883024096,0.5003476883024096,0.0,0.4596388063637999,0.4596388063637999,0.0
google__logic10__gcn__seed42,google,logic10,gcn,42,saliency,P20_frozen_cache,0.2,fixed_current_machine_q,81,81,0,192,0,112,0,0.1570279422957993,0.1570279422957993,0.0,0.8360362351772489,0.8360362351772489,0.0,0.5003476883024096,0.5003476883024096,0.0,0.4596388063637999,0.4596388063637999,0.0
google__logic10__gcn__seed42,google,logic10,gcn,42,saliency,P20_frozen_cache,0.2,recalibrated,81,81,0,192,0,112,0,0.1570279422957993,0.1570279422957993,0.0,0.8360362351772489,0.8360362351772489,0.0,0.5003476883024096,0.5003476883024096,0.0,0.4596388063637999,0.4596388063637999,0.0
google__logic10__gin__seed123,google,logic10,gin,123,ig,P01_checkpoint_rerun,0.05,fixed_historical_q,83,83,0,192,0,112,0,0.0417153159340659,0.0417153159340659,0.0,0.8516688901661219,0.8516688901661219,0.0,0.5564586365846179,0.5564586365846179,0.0,0.5434499393242759,0.5434499393242759,0.0
google__logic10__gin__seed123,google,logic10,gin,123,ig,P01_checkpoint_rerun,0.05,fixed_current_machine_q,83,83,0,192,0,112,0,0.0417153159340659,0.0417153159340659,0.0,0.8516688901661219,0.8516688901661219,0.0,0.5564586365846179,0.5564586365846179,0.0,0.5434499393242759,0.5434499393242759,0.0
google__logic10__gin__seed123,google,logic10,gin,123,ig,P01_checkpoint_rerun,0.05,recalibrated,83,83,0,192,0,112,0,0.0417153159340659,0.0417153159340659,0.0,0.8516688901661219,0.8516688901661219,0.0,0.5564586365846179,0.5564586365846179,0.0,0.5434499393242759,0.5434499393242759,0.0
google__logic10__gin__seed123,google,logic10,gin,123,ig,P01_checkpoint_rerun,0.1,fixed_historical_q,74,74,0,192,0,112,0,0.1040893630179342,0.1040893630179342,0.0,0.7666308757624759,0.7666308757624759,0.0,0.5775234135182721,0.5775234135182721,0.0,0.5412322807374083,0.5412322807374083,0.0
google__logic10__gin__seed123,google,logic10,gin,123,ig,P01_checkpoint_rerun,0.1,fixed_current_machine_q,74,74,0,192,0,112,0,0.1040893630179342,0.1040893630179342,0.0,0.7666308757624759,0.7666308757624759,0.0,0.5775234135182721,0.5775234135182721,0.0,0.5412322807374083,0.5412322807374083,0.0
google__logic10__gin__seed123,google,logic10,gin,123,ig,P01_checkpoint_rerun,0.1,recalibrated,74,74,0,192,0,112,0,0.1040893630179342,0.1040893630179342,0.0,0.7666308757624759,0.7666308757624759,0.0,0.5775234135182721,0.5775234135182721,0.0,0.5412322807374083,0.5412322807374083,0.0
google__logic10__gin__seed123,google,logic10,gin,123,ig,P01_checkpoint_rerun,0.2,fixed_historical_q,64,64,0,192,0,112,0,0.190863898006755,0.190863898006755,0.0,0.662685584918506,0.662685584918506,0.0,0.6010286340643483,0.6010286340643483,0.0,0.5282016676594574,0.5282016676594574,0.0
google__logic10__gin__seed123,google,logic10,gin,123,ig,P01_checkpoint_rerun,0.2,fixed_current_machine_q,64,64,0,192,0,112,0,0.190863898006755,0.190863898006755,0.0,0.662685584918506,0.662685584918506,0.0,0.6010286340643483,0.6010286340643483,0.0,0.5282016676594574,0.5282016676594574,0.0
google__logic10__gin__seed123,google,logic10,gin,123,ig,P01_checkpoint_rerun,0.2,recalibrated,64,64,0,192,0,112,0,0.190863898006755,0.190863898006755,0.0,0.662685584918506,0.662685584918506,0.0,0.6010286340643483,0.6010286340643483,0.0,0.5282016676594574,0.5282016676594574,0.0
google__logic10__gin__seed123,google,logic10,gin,123,gradinput,P01_checkpoint_rerun,0.05,fixed_historical_q,96,96,0,192,0,112,0,0.0069940476190476,0.0069940476190476,0.0,0.9953571428571424,0.9953571428571424,0.0,0.4943560446733938,0.4943560446733938,0.0,0.4932548541972034,0.4932548541972034,0.0
google__logic10__gin__seed123,google,logic10,gin,123,gradinput,P01_checkpoint_rerun,0.05,fixed_current_machine_q,96,96,0,192,0,112,0,0.0069940476190476,0.0069940476190476,0.0,0.9953571428571424,0.9953571428571424,0.0,0.4943560446733938,0.4943560446733938,0.0,0.4932548541972034,0.4932548541972034,0.0
google__logic10__gin__seed123,google,logic10,gin,123,gradinput,P01_checkpoint_rerun,0.05,recalibrated,96,96,0,192,0,112,0,0.0069940476190476,0.0069940476190476,0.0,0.9953571428571424,0.9953571428571424,0.0,0.4943560446733938,0.4943560446733938,0.0,0.4932548541972034,0.4932548541972034,0.0
google__logic10__gin__seed123,google,logic10,gin,123,gradinput,P01_checkpoint_rerun,0.1,fixed_historical_q,93,93,0,192,0,112,0,0.0765324333404689,0.0765324333404689,0.0,0.9549678417887848,0.9549678417887848,0.0,0.4792079568861677,0.4792079568861677,0.0,0.4612433736506477,0.4612433736506477,0.0
google__logic10__gin__seed123,google,logic10,gin,123,gradinput,P01_checkpoint_rerun,0.1,fixed_current_machine_q,93,93,0,192,0,112,0,0.0765324333404689,0.0765324333404689,0.0,0.9549678417887848,0.9549678417887848,0.0,0.4792079568861677,0.4792079568861677,0.0,0.4612433736506477,0.4612433736506477,0.0
google__logic10__gin__seed123,google,logic10,gin,123,gradinput,P01_checkpoint_rerun,0.1,recalibrated,93,93,0,192,0,112,0,0.0765324333404689,0.0765324333404689,0.0,0.9549678417887848,0.9549678417887848,0.0,0.4792079568861677,0.4792079568861677,0.0,0.4612433736506477,0.4612433736506477,0.0
google__logic10__gin__seed123,google,logic10,gin,123,gradinput,P01_checkpoint_rerun,0.2,fixed_historical_q,88,88,0,192,0,112,0,0.170292430783502,0.170292430783502,0.0,0.9043177969998624,0.9043177969998624,0.0,0.4560495673778652,0.4560495673778652,0.0,0.418316388554016,0.418316388554016,0.0
google__logic10__gin__seed123,google,logic10,gin,123,gradinput,P01_checkpoint_rerun,0.2,fixed_current_machine_q,88,88,0,192,0,112,0,0.170292430783502,0.170292430783502,0.0,0.9043177969998624,0.9043177969998624,0.0,0.4560495673778652,0.4560495673778652,0.0,0.418316388554016,0.418316388554016,0.0
google__logic10__gin__seed123,google,logic10,gin,123,gradinput,P01_checkpoint_rerun,0.2,recalibrated,88,88,0,192,0,112,0,0.170292430783502,0.170292430783502,0.0,0.9043177969998624,0.9043177969998624,0.0,0.4560495673778652,0.4560495673778652,0.0,0.418316388554016,0.418316388554016,0.0
google__logic10__gin__seed123,google,logic10,gin,123,atom_occlusion,P20_frozen_cache,0.05,fixed_historical_q,73,73,0,192,0,112,0,0.0309809981684981,0.0309809981684981,0.0,0.7549440500024239,0.7549440500024239,0.0,0.6331029660668097,0.6331029660668097,0.0,0.6198169772908552,0.6198169772908552,0.0
google__logic10__gin__seed123,google,logic10,gin,123,atom_occlusion,P20_frozen_cache,0.05,fixed_current_machine_q,73,73,0,192,0,112,0,0.0309809981684981,0.0309809981684981,0.0,0.7549440500024239,0.7549440500024239,0.0,0.6331029660668097,0.6331029660668097,0.0,0.6198169772908552,0.6198169772908552,0.0
google__logic10__gin__seed123,google,logic10,gin,123,atom_occlusion,P20_frozen_cache,0.05,recalibrated,73,73,0,192,0,112,0,0.0309809981684981,0.0309809981684981,0.0,0.7549440500024239,0.7549440500024239,0.0,0.6331029660668097,0.6331029660668097,0.0,0.6198169772908552,0.6198169772908552,0.0
google__logic10__gin__seed123,google,logic10,gin,123,atom_occlusion,P20_frozen_cache,0.1,fixed_historical_q,58,58,0,192,0,112,0,0.0933789796513009,0.0933789796513009,0.0,0.6043412180825836,0.6043412180825836,0.0,0.7359403493332063,0.7359403493332063,0.0,0.6819221416713538,0.6819221416713538,0.0
google__logic10__gin__seed123,google,logic10,gin,123,atom_occlusion,P20_frozen_cache,0.1,fixed_current_machine_q,58,58,0,192,0,112,0,0.0933789796513009,0.0933789796513009,0.0,0.6043412180825836,0.6043412180825836,0.0,0.7359403493332063,0.7359403493332063,0.0,0.6819221416713538,0.6819221416713538,0.0
google__logic10__gin__seed123,google,logic10,gin,123,atom_occlusion,P20_frozen_cache,0.1,recalibrated,58,58,0,192,0,112,0,0.0933789796513009,0.0933789796513009,0.0,0.6043412180825836,0.6043412180825836,0.0,0.7359403493332063,0.7359403493332063,0.0,0.6819221416713538,0.6819221416713538,0.0
google__logic10__gin__seed123,google,logic10,gin,123,atom_occlusion,P20_frozen_cache,0.2,fixed_historical_q,44,44,0,192,0,112,0,0.1976343225227153,0.1976343225227153,0.0,0.4630785606296572,0.4630785606296572,0.0,0.8447375541125535,0.8447375541125535,0.0,0.6977006995980207,0.6977006995980207,0.0
google__logic10__gin__seed123,google,logic10,gin,123,atom_occlusion,P20_frozen_cache,0.2,fixed_current_machine_q,44,44,0,192,0,112,0,0.1976343225227153,0.1976343225227153,0.0,0.4630785606296572,0.4630785606296572,0.0,0.8447375541125535,0.8447375541125535,0.0,0.6977006995980207,0.6977006995980207,0.0
google__logic10__gin__seed123,google,logic10,gin,123,atom_occlusion,P20_frozen_cache,0.2,recalibrated,44,44,0,192,0,112,0,0.1976343225227153,0.1976343225227153,0.0,0.4630785606296572,0.4630785606296572,0.0,0.8447375541125535,0.8447375541125535,0.0,0.6977006995980207,0.6977006995980207,0.0
google__logic10__gin__seed123,google,logic10,gin,123,saliency,P20_frozen_cache,0.05,fixed_historical_q,92,92,0,192,0,112,0,0.0331816620879121,0.0331816620879121,0.0,0.94767584806822,0.94767584806822,0.0,0.5054392464667771,0.5054392464667771,0.0,0.4972165552813993,0.4972165552813993,0.0
google__logic10__gin__seed123,google,logic10,gin,123,saliency,P20_frozen_cache,0.05,fixed_current_machine_q,92,92,0,192,0,112,0,0.0331816620879121,0.0331816620879121,0.0,0.94767584806822,0.94767584806822,0.0,0.5054392464667771,0.5054392464667771,0.0,0.4972165552813993,0.4972165552813993,0.0
google__logic10__gin__seed123,google,logic10,gin,123,saliency,P20_frozen_cache,0.05,recalibrated,92,92,0,192,0,112,0,0.0331816620879121,0.0331816620879121,0.0,0.94767584806822,0.94767584806822,0.0,0.5054392464667771,0.5054392464667771,0.0,0.4972165552813993,0.4972165552813993,0.0
google__logic10__gin__seed123,google,logic10,gin,123,saliency,P20_frozen_cache,0.1,fixed_historical_q,85,85,0,192,0,112,0,0.1012090587983444,0.1012090587983444,0.0,0.8724292646600486,0.8724292646600486,0.0,0.5104820476835072,0.5104820476835072,0.0,0.4847274449847707,0.4847274449847707,0.0
google__logic10__gin__seed123,google,logic10,gin,123,saliency,P20_frozen_cache,0.1,fixed_current_machine_q,85,85,0,192,0,112,0,0.1012090587983444,0.1012090587983444,0.0,0.8724292646600486,0.8724292646600486,0.0,0.5104820476835072,0.5104820476835072,0.0,0.4847274449847707,0.4847274449847707,0.0
google__logic10__gin__seed123,google,logic10,gin,123,saliency,P20_frozen_cache,0.1,recalibrated,85,85,0,192,0,112,0,0.1012090587983444,0.1012090587983444,0.0,0.8724292646600486,0.8724292646600486,0.0,0.5104820476835072,0.5104820476835072,0.0,0.4847274449847707,0.4847274449847707,0.0
google__logic10__gin__seed123,google,logic10,gin,123,saliency,P20_frozen_cache,0.2,fixed_historical_q,70,70,0,192,14,112,11,0.2014367700751629,0.2048021546905475,0.0033653846153846,0.7269080287757517,0.7219973144900377,-0.0049107142857139,0.5433755232862374,0.5446510334903191,0.0012755102040816,0.4807892409202666,0.4803769049332403,-0.0004123359870262
google__logic10__gin__seed123,google,logic10,gin,123,saliency,P20_frozen_cache,0.2,fixed_current_machine_q,70,70,0,192,14,112,11,0.2014367700751629,0.2048021546905475,0.0033653846153846,0.7269080287757517,0.7219973144900377,-0.0049107142857139,0.5433755232862374,0.5446510334903191,0.0012755102040816,0.4807892409202666,0.4803769049332403,-0.0004123359870262
google__logic10__gin__seed123,google,logic10,gin,123,saliency,P20_frozen_cache,0.2,recalibrated,70,70,0,192,14,112,11,0.2014367700751629,0.2048021546905475,0.0033653846153846,0.7269080287757517,0.7219973144900377,-0.0049107142857139,0.5433755232862374,0.5446510334903191,0.0012755102040816,0.4807892409202666,0.4803769049332403,-0.0004123359870262
google__logic10__gin__seed2026,google,logic10,gin,2026,ig,P01_checkpoint_rerun,0.05,fixed_historical_q,93,93,0,192,0,112,0,0.0487890829408686,0.0487890829408686,0.0,0.9549678417887848,0.9549678417887848,0.0,0.4934603882779045,0.4934603882779045,0.0,0.4818863332346268,0.4818863332346268,0.0
google__logic10__gin__seed2026,google,logic10,gin,2026,ig,P01_checkpoint_rerun,0.05,fixed_current_machine_q,93,93,0,192,0,112,0,0.0487890829408686,0.0487890829408686,0.0,0.9549678417887848,0.9549678417887848,0.0,0.4934603882779045,0.4934603882779045,0.0,0.4818863332346268,0.4818863332346268,0.0
google__logic10__gin__seed2026,google,logic10,gin,2026,ig,P01_checkpoint_rerun,0.05,recalibrated,93,93,0,192,0,112,0,0.0487890829408686,0.0487890829408686,0.0,0.9549678417887848,0.9549678417887848,0.0,0.4934603882779045,0.4934603882779045,0.0,0.4818863332346268,0.4818863332346268,0.0
google__logic10__gin__seed2026,google,logic10,gin,2026,ig,P01_checkpoint_rerun,0.1,fixed_historical_q,86,86,0,192,0,112,0,0.0974769649992862,0.0974769649992862,0.0,0.8837175299661713,0.8837175299661713,0.0,0.5056245319330653,0.5056245319330653,0.0,0.4796275466201481,0.4796275466201481,0.0
google__logic10__gin__seed2026,google,logic10,gin,2026,ig,P01_checkpoint_rerun,0.1,fixed_current_machine_q,86,86,0,192,0,112,0,0.0974769649992862,0.0974769649992862,0.0,0.8837175299661713,0.8837175299661713,0.0,0.5056245319330653,0.5056245319330653,0.0,0.4796275466201481,0.4796275466201481,0.0
google__logic10__gin__seed2026,google,logic10,gin,2026,ig,P01_checkpoint_rerun,0.1,recalibrated,86,86,0,192,0,112,0,0.0974769649992862,0.0974769649992862,0.0,0.8837175299661713,0.8837175299661713,0.0,0.5056245319330653,0.5056245319330653,0.0,0.4796275466201481,0.4796275466201481,0.0
google__logic10__gin__seed2026,google,logic10,gin,2026,ig,P01_checkpoint_rerun,0.2,fixed_historical_q,67,67,0,192,0,112,0,0.2055126421197847,0.2055126421197847,0.0,0.697749768200515,0.697749768200515,0.0,0.5621198238910946,0.5621198238910946,0.0,0.4903168953754974,0.4903168953754974,0.0
google__logic10__gin__seed2026,google,logic10,gin,2026,ig,P01_checkpoint_rerun,0.2,fixed_current_machine_q,67,67,0,192,0,112,0,0.2055126421197847,0.2055126421197847,0.0,0.697749768200515,0.697749768200515,0.0,0.5621198238910946,0.5621198238910946,0.0,0.4903168953754974,0.4903168953754974,0.0
google__logic10__gin__seed2026,google,logic10,gin,2026,ig,P01_checkpoint_rerun,0.2,recalibrated,67,67,0,192,0,112,0,0.2055126421197847,0.2055126421197847,0.0,0.697749768200515,0.697749768200515,0.0,0.5621198238910946,0.5621198238910946,0.0,0.4903168953754974,0.4903168953754974,0.0
google__logic10__gin__seed2026,google,logic10,gin,2026,gradinput,P01_checkpoint_rerun,0.05,fixed_historical_q,95,95,0,192,0,112,0,0.0431461767399267,0.0431461767399267,0.0,0.9664182278642678,0.9664182278642678,0.0,0.490856811872306,0.490856811872306,0.0,0.4818245695287285,0.4818245695287285,0.0
google__logic10__gin__seed2026,google,logic10,gin,2026,gradinput,P01_checkpoint_rerun,0.05,fixed_current_machine_q,95,95,0,192,0,112,0,0.0431461767399267,0.0431461767399267,0.0,0.9664182278642678,0.9664182278642678,0.0,0.490856811872306,0.490856811872306,0.0,0.4818245695287285,0.4818245695287285,0.0
google__logic10__gin__seed2026,google,logic10,gin,2026,gradinput,P01_checkpoint_rerun,0.05,recalibrated,95,95,0,192,0,112,0,0.0431461767399267,0.0431461767399267,0.0,0.9664182278642678,0.9664182278642678,0.0,0.490856811872306,0.490856811872306,0.0,0.4818245695287285,0.4818245695287285,0.0
google__logic10__gin__seed2026,google,logic10,gin,2026,gradinput,P01_checkpoint_rerun,0.1,fixed_historical_q,91,91,0,192,0,112,0,0.0956158424908423,0.0956158424908423,0.0,0.9336198180475164,0.9336198180475164,0.0,0.4806759704209731,0.4806759704209731,0.0,0.4593566320759074,0.4593566320759074,0.0
google__logic10__gin__seed2026,google,logic10,gin,2026,gradinput,P01_checkpoint_rerun,0.1,fixed_current_machine_q,91,91,0,192,0,112,0,0.0956158424908423,0.0956158424908423,0.0,0.9336198180475164,0.9336198180475164,0.0,0.4806759704209731,0.4806759704209731,0.0,0.4593566320759074,0.4593566320759074,0.0
google__logic10__gin__seed2026,google,logic10,gin,2026,gradinput,P01_checkpoint_rerun,0.1,recalibrated,91,91,0,192,0,112,0,0.0956158424908423,0.0956158424908423,0.0,0.9336198180475164,0.9336198180475164,0.0,0.4806759704209731,0.4806759704209731,0.0,0.4593566320759074,0.4593566320759074,0.0
google__logic10__gin__seed2026,google,logic10,gin,2026,gradinput,P01_checkpoint_rerun,0.2,fixed_historical_q,84,84,0,192,0,112,0,0.2002346240069454,0.2002346240069454,0.0,0.8617135330232646,0.8617135330232646,0.0,0.461583732376523,0.461583732376523,0.0,0.4167575473628639,0.4167575473628639,0.0
google__logic10__gin__seed2026,google,logic10,gin,2026,gradinput,P01_checkpoint_rerun,0.2,fixed_current_machine_q,84,84,0,192,0,112,0,0.2002346240069454,0.2002346240069454,0.0,0.8617135330232646,0.8617135330232646,0.0,0.461583732376523,0.461583732376523,0.0,0.4167575473628639,0.4167575473628639,0.0
google__logic10__gin__seed2026,google,logic10,gin,2026,gradinput,P01_checkpoint_rerun,0.2,recalibrated,84,84,0,192,0,112,0,0.2002346240069454,0.2002346240069454,0.0,0.8617135330232646,0.8617135330232646,0.0,0.461583732376523,0.461583732376523,0.0,0.4167575473628639,0.4167575473628639,0.0
google__logic10__gin__seed2026,google,logic10,gin,2026,atom_occlusion,P20_frozen_cache,0.05,fixed_historical_q,69,69,0,192,0,112,0,0.0465369080324437,0.0465369080324437,0.0,0.7136361104766599,0.7136361104766599,0.0,0.6583302712110486,0.6583302712110486,0.0,0.6374742640661345,0.6374742640661345,0.0
google__logic10__gin__seed2026,google,logic10,gin,2026,atom_occlusion,P20_frozen_cache,0.05,fixed_current_machine_q,69,69,0,192,0,112,0,0.0465369080324437,0.0465369080324437,0.0,0.7136361104766599,0.7136361104766599,0.0,0.6583302712110486,0.6583302712110486,0.0,0.6374742640661345,0.6374742640661345,0.0
google__logic10__gin__seed2026,google,logic10,gin,2026,atom_occlusion,P20_frozen_cache,0.05,recalibrated,69,69,0,192,0,112,0,0.0465369080324437,0.0465369080324437,0.0,0.7136361104766599,0.7136361104766599,0.0,0.6583302712110486,0.6583302712110486,0.0,0.6374742640661345,0.6374742640661345,0.0
google__logic10__gin__seed2026,google,logic10,gin,2026,atom_occlusion,P20_frozen_cache,0.1,fixed_historical_q,58,58,0,192,0,112,0,0.0994973404571618,0.0994973404571618,0.0,0.6043412180825836,0.6043412180825836,0.0,0.7303736689897401,0.7303736689897401,0.0,0.6760816986284143,0.6760816986284143,0.0
google__logic10__gin__seed2026,google,logic10,gin,2026,atom_occlusion,P20_frozen_cache,0.1,fixed_current_machine_q,58,58,0,192,0,112,0,0.0994973404571618,0.0994973404571618,0.0,0.6043412180825836,0.6043412180825836,0.0,0.7303736689897401,0.7303736689897401,0.0,0.6760816986284143,0.6760816986284143,0.0
google__logic10__gin__seed2026,google,logic10,gin,2026,atom_occlusion,P20_frozen_cache,0.1,recalibrated,58,58,0,192,0,112,0,0.0994973404571618,0.0994973404571618,0.0,0.6043412180825836,0.6043412180825836,0.0,0.7303736689897401,0.7303736689897401,0.0,0.6760816986284143,0.6760816986284143,0.0
google__logic10__gin__seed2026,google,logic10,gin,2026,atom_occlusion,P20_frozen_cache,0.2,fixed_historical_q,46,46,0,192,0,112,0,0.1888202199586127,0.1888202199586127,0.0,0.4875469047855013,0.4875469047855013,0.0,0.8098694212533498,0.8098694212533498,0.0,0.6843086965263959,0.6843086965263959,0.0
google__logic10__gin__seed2026,google,logic10,gin,2026,atom_occlusion,P20_frozen_cache,0.2,fixed_current_machine_q,46,46,0,192,0,112,0,0.1888202199586127,0.1888202199586127,0.0,0.4875469047855013,0.4875469047855013,0.0,0.8098694212533498,0.8098694212533498,0.0,0.6843086965263959,0.6843086965263959,0.0
google__logic10__gin__seed2026,google,logic10,gin,2026,atom_occlusion,P20_frozen_cache,0.2,recalibrated,46,46,0,192,0,112,0,0.1888202199586127,0.1888202199586127,0.0,0.4875469047855013,0.4875469047855013,0.0,0.8098694212533498,0.8098694212533498,0.0,0.6843086965263959,0.6843086965263959,0.0
google__logic10__gin__seed2026,google,logic10,gin,2026,saliency,P20_frozen_cache,0.05,fixed_historical_q,88,88,0,192,0,112,0,0.0374971382783882,0.0374971382783882,0.0,0.9043177969998624,0.9043177969998624,0.0,0.5266638906590116,0.5266638906590116,0.0,0.5162753778013954,0.5162753778013954,0.0
google__logic10__gin__seed2026,google,logic10,gin,2026,saliency,P20_frozen_cache,0.05,fixed_current_machine_q,88,88,0,192,0,112,0,0.0374971382783882,0.0374971382783882,0.0,0.9043177969998624,0.9043177969998624,0.0,0.5266638906590116,0.5266638906590116,0.0,0.5162753778013954,0.5162753778013954,0.0
google__logic10__gin__seed2026,google,logic10,gin,2026,saliency,P20_frozen_cache,0.05,recalibrated,88,88,0,192,0,112,0,0.0374971382783882,0.0374971382783882,0.0,0.9043177969998624,0.9043177969998624,0.0,0.5266638906590116,0.5266638906590116,0.0,0.5162753778013954,0.5162753778013954,0.0
google__logic10__gin__seed2026,google,logic10,gin,2026,saliency,P20_frozen_cache,0.1,fixed_historical_q,81,81,0,192,0,112,0,0.0793718929879643,0.0793718929879643,0.0,0.8360362351772489,0.8360362351772489,0.0,0.5449692991384997,0.5449692991384997,0.0,0.5217419452842319,0.5217419452842319,0.0
google__logic10__gin__seed2026,google,logic10,gin,2026,saliency,P20_frozen_cache,0.1,fixed_current_machine_q,81,81,0,192,0,112,0,0.0793718929879643,0.0793718929879643,0.0,0.8360362351772489,0.8360362351772489,0.0,0.5449692991384997,0.5449692991384997,0.0,0.5217419452842319,0.5217419452842319,0.0
google__logic10__gin__seed2026,google,logic10,gin,2026,saliency,P20_frozen_cache,0.1,recalibrated,81,81,0,192,0,112,0,0.0793718929879643,0.0793718929879643,0.0,0.8360362351772489,0.8360362351772489,0.0,0.5449692991384997,0.5449692991384997,0.0,0.5217419452842319,0.5217419452842319,0.0
google__logic10__gin__seed2026,google,logic10,gin,2026,saliency,P20_frozen_cache,0.2,fixed_historical_q,69,69,0,192,0,112,0,0.1850928461419533,0.1850928461419533,0.0,0.7136361104766599,0.7136361104766599,0.0,0.5647030607114641,0.5647030607114641,0.0,0.5032874747402334,0.5032874747402334,0.0
google__logic10__gin__seed2026,google,logic10,gin,2026,saliency,P20_frozen_cache,0.2,fixed_current_machine_q,69,69,0,192,0,112,0,0.1850928461419533,0.1850928461419533,0.0,0.7136361104766599,0.7136361104766599,0.0,0.5647030607114641,0.5647030607114641,0.0,0.5032874747402334,0.5032874747402334,0.0
google__logic10__gin__seed2026,google,logic10,gin,2026,saliency,P20_frozen_cache,0.2,recalibrated,69,69,0,192,0,112,0,0.1850928461419533,0.1850928461419533,0.0,0.7136361104766599,0.7136361104766599,0.0,0.5647030607114641,0.5647030607114641,0.0,0.5032874747402334,0.5032874747402334,0.0
google__logic10__gin__seed42,google,logic10,gin,42,ig,P01_checkpoint_rerun,0.05,fixed_historical_q,95,95,0,192,0,112,0,0.0433507712525569,0.0433507712525569,0.0,0.9664182278642678,0.9664182278642678,0.0,0.4905051311282379,0.4905051311282379,0.0,0.4812396767667558,0.4812396767667558,0.0
google__logic10__gin__seed42,google,logic10,gin,42,ig,P01_checkpoint_rerun,0.05,fixed_current_machine_q,95,95,0,192,0,112,0,0.0433507712525569,0.0433507712525569,0.0,0.9664182278642678,0.9664182278642678,0.0,0.4905051311282379,0.4905051311282379,0.0,0.4812396767667558,0.4812396767667558,0.0
google__logic10__gin__seed42,google,logic10,gin,42,ig,P01_checkpoint_rerun,0.05,recalibrated,95,95,0,192,0,112,0,0.0433507712525569,0.0433507712525569,0.0,0.9664182278642678,0.9664182278642678,0.0,0.4905051311282379,0.4905051311282379,0.0,0.4812396767667558,0.4812396767667558,0.0
google__logic10__gin__seed42,google,logic10,gin,42,ig,P01_checkpoint_rerun,0.1,fixed_historical_q,87,87,0,192,0,112,0,0.0914248326078681,0.0914248326078681,0.0,0.8955752374760529,0.8955752374760529,0.0,0.5021744865287546,0.5021744865287546,0.0,0.4778516872335978,0.4778516872335978,0.0
google__logic10__gin__seed42,google,logic10,gin,42,ig,P01_checkpoint_rerun,0.1,fixed_current_machine_q,87,87,0,192,0,112,0,0.0914248326078681,0.0914248326078681,0.0,0.8955752374760529,0.8955752374760529,0.0,0.5021744865287546,0.5021744865287546,0.0,0.4778516872335978,0.4778516872335978,0.0
google__logic10__gin__seed42,google,logic10,gin,42,ig,P01_checkpoint_rerun,0.1,recalibrated,87,87,0,192,0,112,0,0.0914248326078681,0.0914248326078681,0.0,0.8955752374760529,0.8955752374760529,0.0,0.5021744865287546,0.5021744865287546,0.0,0.4778516872335978,0.4778516872335978,0.0
google__logic10__gin__seed42,google,logic10,gin,42,ig,P01_checkpoint_rerun,0.2,fixed_historical_q,69,69,0,192,0,112,0,0.1989865045668615,0.1989865045668615,0.0,0.7136361104766599,0.7136361104766599,0.0,0.5540597168354521,0.5540597168354521,0.0,0.4871094646529327,0.4871094646529327,0.0
google__logic10__gin__seed42,google,logic10,gin,42,ig,P01_checkpoint_rerun,0.2,fixed_current_machine_q,69,69,0,192,0,112,0,0.1989865045668615,0.1989865045668615,0.0,0.7136361104766599,0.7136361104766599,0.0,0.5540597168354521,0.5540597168354521,0.0,0.4871094646529327,0.4871094646529327,0.0
google__logic10__gin__seed42,google,logic10,gin,42,ig,P01_checkpoint_rerun,0.2,recalibrated,69,69,0,192,0,112,0,0.1989865045668615,0.1989865045668615,0.0,0.7136361104766599,0.7136361104766599,0.0,0.5540597168354521,0.5540597168354521,0.0,0.4871094646529327,0.4871094646529327,0.0
google__logic10__gin__seed42,google,logic10,gin,42,gradinput,P01_checkpoint_rerun,0.05,fixed_historical_q,96,96,0,192,0,112,0,0.0087797619047619,0.0087797619047619,0.0,0.9953571428571424,0.9953571428571424,0.0,0.4936119970543462,0.4936119970543462,0.0,0.4922429494352985,0.4922429494352985,0.0
google__logic10__gin__seed42,google,logic10,gin,42,gradinput,P01_checkpoint_rerun,0.05,fixed_current_machine_q,96,96,0,192,0,112,0,0.0087797619047619,0.0087797619047619,0.0,0.9953571428571424,0.9953571428571424,0.0,0.4936119970543462,0.4936119970543462,0.0,0.4922429494352985,0.4922429494352985,0.0
google__logic10__gin__seed42,google,logic10,gin,42,gradinput,P01_checkpoint_rerun,0.05,recalibrated,96,96,0,192,0,112,0,0.0087797619047619,0.0087797619047619,0.0,0.9953571428571424,0.9953571428571424,0.0,0.4936119970543462,0.4936119970543462,0.0,0.4922429494352985,0.4922429494352985,0.0
google__logic10__gin__seed42,google,logic10,gin,42,gradinput,P01_checkpoint_rerun,0.1,fixed_historical_q,92,92,0,192,0,112,0,0.0813411662742018,0.0813411662742018,0.0,0.94767584806822,0.94767584806822,0.0,0.4811269323266076,0.4811269323266076,0.0,0.4623407328871978,0.4623407328871978,0.0
google__logic10__gin__seed42,google,logic10,gin,42,gradinput,P01_checkpoint_rerun,0.1,fixed_current_machine_q,92,92,0,192,0,112,0,0.0813411662742018,0.0813411662742018,0.0,0.94767584806822,0.94767584806822,0.0,0.4811269323266076,0.4811269323266076,0.0,0.4623407328871978,0.4623407328871978,0.0
google__logic10__gin__seed42,google,logic10,gin,42,gradinput,P01_checkpoint_rerun,0.1,recalibrated,92,92,0,192,0,112,0,0.0813411662742018,0.0813411662742018,0.0,0.94767584806822,0.94767584806822,0.0,0.4811269323266076,0.4811269323266076,0.0,0.4623407328871978,0.4623407328871978,0.0
google__logic10__gin__seed42,google,logic10,gin,42,gradinput,P01_checkpoint_rerun,0.2,fixed_historical_q,86,86,0,192,0,112,0,0.1767415620094191,0.1767415620094191,0.0,0.8837175299661713,0.8837175299661713,0.0,0.4635942433270081,0.4635942433270081,0.0,0.424982124571463,0.424982124571463,0.0
google__logic10__gin__seed42,google,logic10,gin,42,gradinput,P01_checkpoint_rerun,0.2,fixed_current_machine_q,86,86,0,192,0,112,0,0.1767415620094191,0.1767415620094191,0.0,0.8837175299661713,0.8837175299661713,0.0,0.4635942433270081,0.4635942433270081,0.0,0.424982124571463,0.424982124571463,0.0
google__logic10__gin__seed42,google,logic10,gin,42,gradinput,P01_checkpoint_rerun,0.2,recalibrated,86,86,0,192,0,112,0,0.1767415620094191,0.1767415620094191,0.0,0.8837175299661713,0.8837175299661713,0.0,0.4635942433270081,0.4635942433270081,0.0,0.424982124571463,0.424982124571463,0.0
google__logic10__gin__seed42,google,logic10,gin,42,atom_occlusion,P20_frozen_cache,0.05,fixed_historical_q,83,83,0,192,0,112,0,0.0444310897435897,0.0444310897435897,0.0,0.8516688901661219,0.8516688901661219,0.0,0.5544071705636004,0.5544071705636004,0.0,0.5408720290212253,0.5408720290212253,0.0
google__logic10__gin__seed42,google,logic10,gin,42,atom_occlusion,P20_frozen_cache,0.05,fixed_current_machine_q,83,83,0,192,0,112,0,0.0444310897435897,0.0444310897435897,0.0,0.8516688901661219,0.8516688901661219,0.0,0.5544071705636004,0.5544071705636004,0.0,0.5408720290212253,0.5408720290212253,0.0
google__logic10__gin__seed42,google,logic10,gin,42,atom_occlusion,P20_frozen_cache,0.05,recalibrated,83,83,0,192,0,112,0,0.0444310897435897,0.0444310897435897,0.0,0.8516688901661219,0.8516688901661219,0.0,0.5544071705636004,0.5544071705636004,0.0,0.5408720290212253,0.5408720290212253,0.0
google__logic10__gin__seed42,google,logic10,gin,42,atom_occlusion,P20_frozen_cache,0.1,fixed_historical_q,69,69,0,192,0,112,0,0.1010827342300555,0.1010827342300555,0.0,0.7136361104766599,0.7136361104766599,0.0,0.6207802191389374,0.6207802191389374,0.0,0.5804885925432005,0.5804885925432005,0.0
google__logic10__gin__seed42,google,logic10,gin,42,atom_occlusion,P20_frozen_cache,0.1,fixed_current_machine_q,69,69,0,192,0,112,0,0.1010827342300555,0.1010827342300555,0.0,0.7136361104766599,0.7136361104766599,0.0,0.6207802191389374,0.6207802191389374,0.0,0.5804885925432005,0.5804885925432005,0.0
google__logic10__gin__seed42,google,logic10,gin,42,atom_occlusion,P20_frozen_cache,0.1,recalibrated,69,69,0,192,0,112,0,0.1010827342300555,0.1010827342300555,0.0,0.7136361104766599,0.7136361104766599,0.0,0.6207802191389374,0.6207802191389374,0.0,0.5804885925432005,0.5804885925432005,0.0
google__logic10__gin__seed42,google,logic10,gin,42,atom_occlusion,P20_frozen_cache,0.2,fixed_historical_q,51,51,0,192,0,112,0,0.2081736344013129,0.2081736344013129,0.0,0.5352281995744245,0.5352281995744245,0.0,0.7242679443572299,0.7242679443572299,0.0,0.6113117358110589,0.6113117358110589,0.0
google__logic10__gin__seed42,google,logic10,gin,42,atom_occlusion,P20_frozen_cache,0.2,fixed_current_machine_q,51,51,0,192,0,112,0,0.2081736344013129,0.2081736344013129,0.0,0.5352281995744245,0.5352281995744245,0.0,0.7242679443572299,0.7242679443572299,0.0,0.6113117358110589,0.6113117358110589,0.0
google__logic10__gin__seed42,google,logic10,gin,42,atom_occlusion,P20_frozen_cache,0.2,recalibrated,51,51,0,192,0,112,0,0.2081736344013129,0.2081736344013129,0.0,0.5352281995744245,0.5352281995744245,0.0,0.7242679443572299,0.7242679443572299,0.0,0.6113117358110589,0.6113117358110589,0.0
google__logic10__gin__seed42,google,logic10,gin,42,saliency,P20_frozen_cache,0.05,fixed_historical_q,88,88,0,192,0,112,0,0.0325144721350078,0.0325144721350078,0.0,0.9043177969998624,0.9043177969998624,0.0,0.5297301787464462,0.5297301787464462,0.0,0.5210766316502703,0.5210766316502703,0.0
google__logic10__gin__seed42,google,logic10,gin,42,saliency,P20_frozen_cache,0.05,fixed_current_machine_q,88,88,0,192,0,112,0,0.0325144721350078,0.0325144721350078,0.0,0.9043177969998624,0.9043177969998624,0.0,0.5297301787464462,0.5297301787464462,0.0,0.5210766316502703,0.5210766316502703,0.0
google__logic10__gin__seed42,google,logic10,gin,42,saliency,P20_frozen_cache,0.05,recalibrated,88,88,0,192,0,112,0,0.0325144721350078,0.0325144721350078,0.0,0.9043177969998624,0.9043177969998624,0.0,0.5297301787464462,0.5297301787464462,0.0,0.5210766316502703,0.5210766316502703,0.0
google__logic10__gin__seed42,google,logic10,gin,42,saliency,P20_frozen_cache,0.1,fixed_historical_q,74,74,0,192,0,112,0,0.0923058340469053,0.0923058340469053,0.0,0.7666308757624759,0.7666308757624759,0.0,0.5847290574385197,0.5847290574385197,0.0,0.5519726730021539,0.5519726730021539,0.0
google__logic10__gin__seed42,google,logic10,gin,42,saliency,P20_frozen_cache,0.1,fixed_current_machine_q,74,74,0,192,0,112,0,0.0923058340469053,0.0923058340469053,0.0,0.7666308757624759,0.7666308757624759,0.0,0.5847290574385197,0.5847290574385197,0.0,0.5519726730021539,0.5519726730021539,0.0
google__logic10__gin__seed42,google,logic10,gin,42,saliency,P20_frozen_cache,0.1,recalibrated,74,74,0,192,0,112,0,0.0923058340469053,0.0923058340469053,0.0,0.7666308757624759,0.7666308757624759,0.0,0.5847290574385197,0.5847290574385197,0.0,0.5519726730021539,0.5519726730021539,0.0
google__logic10__gin__seed42,google,logic10,gin,42,saliency,P20_frozen_cache,0.2,fixed_historical_q,56,56,0,192,42,112,13,0.1897141177275106,0.1949224510608438,0.0052083333333332,0.584602734159266,0.5799598770164088,-0.0046428571428571,0.6829967899164326,0.6841022320933033,0.0011054421768706,0.5926093252753193,0.5915070093489488,-0.0011023159263704
google__logic10__gin__seed42,google,logic10,gin,42,saliency,P20_frozen_cache,0.2,fixed_current_machine_q,56,56,0,192,42,112,13,0.1897141177275106,0.1949224510608438,0.0052083333333332,0.584602734159266,0.5799598770164088,-0.0046428571428571,0.6829967899164326,0.6841022320933033,0.0011054421768706,0.5926093252753193,0.5915070093489488,-0.0011023159263704
google__logic10__gin__seed42,google,logic10,gin,42,saliency,P20_frozen_cache,0.2,recalibrated,56,57,1,192,32,112,21,0.1897141177275106,0.1834641177275105,-0.00625,0.584602734159266,0.5932644189418744,0.0086616847826084,0.6829967899164326,0.6787265561819131,-0.0042702337345195,0.5926093252753193,0.591976860751048,-0.0006324645242712
google__logic7__gcn__seed123,google,logic7,gcn,123,ig,P01_checkpoint_rerun,0.05,fixed_historical_q,81,81,0,66,0,47,0,0.0225177304964538,0.0225177304964538,0.0,0.8333296192565789,0.8333296192565789,0.0,0.2300884216494189,0.2300884216494189,0.0,0.2286756481959367,0.2286756481959367,0.0
google__logic7__gcn__seed123,google,logic7,gcn,123,ig,P01_checkpoint_rerun,0.05,fixed_current_machine_q,81,81,0,66,0,47,0,0.0225177304964538,0.0225177304964538,0.0,0.8333296192565789,0.8333296192565789,0.0,0.2300884216494189,0.2300884216494189,0.0,0.2286756481959367,0.2286756481959367,0.0
google__logic7__gcn__seed123,google,logic7,gcn,123,ig,P01_checkpoint_rerun,0.05,recalibrated,81,81,0,66,0,47,0,0.0225177304964538,0.0225177304964538,0.0,0.8333296192565789,0.8333296192565789,0.0,0.2300884216494189,0.2300884216494189,0.0,0.2286756481959367,0.2286756481959367,0.0
google__logic7__gcn__seed123,google,logic7,gcn,123,ig,P01_checkpoint_rerun,0.1,fixed_historical_q,72,72,0,66,0,47,0,0.0576241134751773,0.0576241134751773,0.0,0.7399967108726914,0.7399967108726914,0.0,0.2502119091449504,0.2502119091449504,0.0,0.246901039185803,0.246901039185803,0.0
google__logic7__gcn__seed123,google,logic7,gcn,123,ig,P01_checkpoint_rerun,0.1,fixed_current_machine_q,72,72,0,66,0,47,0,0.0576241134751773,0.0576241134751773,0.0,0.7399967108726914,0.7399967108726914,0.0,0.2502119091449504,0.2502119091449504,0.0,0.246901039185803,0.246901039185803,0.0
google__logic7__gcn__seed123,google,logic7,gcn,123,ig,P01_checkpoint_rerun,0.1,recalibrated,72,72,0,66,0,47,0,0.0576241134751773,0.0576241134751773,0.0,0.7399967108726914,0.7399967108726914,0.0,0.2502119091449504,0.2502119091449504,0.0,0.246901039185803,0.246901039185803,0.0
google__logic7__gcn__seed123,google,logic7,gcn,123,ig,P01_checkpoint_rerun,0.2,fixed_historical_q,51,51,0,66,0,47,0,0.128774062816616,0.128774062816616,0.0,0.5366178184953946,0.5366178184953946,0.0,0.3152027641389344,0.3152027641389344,0.0,0.3004164865866994,0.3004164865866994,0.0
google__logic7__gcn__seed123,google,logic7,gcn,123,ig,P01_checkpoint_rerun,0.2,fixed_current_machine_q,51,51,0,66,0,47,0,0.128774062816616,0.128774062816616,0.0,0.5366178184953946,0.5366178184953946,0.0,0.3152027641389344,0.3152027641389344,0.0,0.3004164865866994,0.3004164865866994,0.0
google__logic7__gcn__seed123,google,logic7,gcn,123,ig,P01_checkpoint_rerun,0.2,recalibrated,51,51,0,66,0,47,0,0.128774062816616,0.128774062816616,0.0,0.5366178184953946,0.5366178184953946,0.0,0.3152027641389344,0.3152027641389344,0.0,0.3004164865866994,0.3004164865866994,0.0
google__logic7__gcn__seed123,google,logic7,gcn,123,gradinput,P01_checkpoint_rerun,0.05,fixed_historical_q,88,88,0,66,0,47,0,0.0147163120567375,0.0147163120567375,0.0,0.9054155271605432,0.9054155271605432,0.0,0.2132749054954443,0.2132749054954443,0.0,0.2123994935191998,0.2123994935191998,0.0
google__logic7__gcn__seed123,google,logic7,gcn,123,gradinput,P01_checkpoint_rerun,0.05,fixed_current_machine_q,88,88,0,66,0,47,0,0.0147163120567375,0.0147163120567375,0.0,0.9054155271605432,0.9054155271605432,0.0,0.2132749054954443,0.2132749054954443,0.0,0.2123994935191998,0.2123994935191998,0.0
google__logic7__gcn__seed123,google,logic7,gcn,123,gradinput,P01_checkpoint_rerun,0.05,recalibrated,88,88,0,66,0,47,0,0.0147163120567375,0.0147163120567375,0.0,0.9054155271605432,0.9054155271605432,0.0,0.2132749054954443,0.2132749054954443,0.0,0.2123994935191998,0.2123994935191998,0.0
google__logic7__gcn__seed123,google,logic7,gcn,123,gradinput,P01_checkpoint_rerun,0.1,fixed_historical_q,81,81,0,66,0,47,0,0.0365248226950354,0.0365248226950354,0.0,0.8333296192565789,0.8333296192565789,0.0,0.2258508643644669,0.2258508643644669,0.0,0.2236231545204718,0.2236231545204718,0.0
google__logic7__gcn__seed123,google,logic7,gcn,123,gradinput,P01_checkpoint_rerun,0.1,fixed_current_machine_q,81,81,0,66,0,47,0,0.0365248226950354,0.0365248226950354,0.0,0.8333296192565789,0.8333296192565789,0.0,0.2258508643644669,0.2258508643644669,0.0,0.2236231545204718,0.2236231545204718,0.0
google__logic7__gcn__seed123,google,logic7,gcn,123,gradinput,P01_checkpoint_rerun,0.1,recalibrated,81,81,0,66,0,47,0,0.0365248226950354,0.0365248226950354,0.0,0.8333296192565789,0.8333296192565789,0.0,0.2258508643644669,0.2258508643644669,0.0,0.2236231545204718,0.2236231545204718,0.0
google__logic7__gcn__seed123,google,logic7,gcn,123,gradinput,P01_checkpoint_rerun,0.2,fixed_historical_q,65,65,0,66,0,47,0,0.1106889564336373,0.1106889564336373,0.0,0.6737756827697774,0.6737756827697774,0.0,0.2554154700118404,0.2554154700118404,0.0,0.2465095087048515,0.2465095087048515,0.0
google__logic7__gcn__seed123,google,logic7,gcn,123,gradinput,P01_checkpoint_rerun,0.2,fixed_current_machine_q,65,65,0,66,0,47,0,0.1106889564336373,0.1106889564336373,0.0,0.6737756827697774,0.6737756827697774,0.0,0.2554154700118404,0.2554154700118404,0.0,0.2465095087048515,0.2465095087048515,0.0
google__logic7__gcn__seed123,google,logic7,gcn,123,gradinput,P01_checkpoint_rerun,0.2,recalibrated,65,65,0,66,0,47,0,0.1106889564336373,0.1106889564336373,0.0,0.6737756827697774,0.6737756827697774,0.0,0.2554154700118404,0.2554154700118404,0.0,0.2465095087048515,0.2465095087048515,0.0
google__logic7__gcn__seed123,google,logic7,gcn,123,atom_occlusion,P20_frozen_cache,0.05,fixed_historical_q,43,43,0,66,0,47,0,0.0122340425531914,0.0122340425531914,0.0,0.4551702084637703,0.4551702084637703,0.0,0.4240520708605814,0.4240520708605814,0.0,0.4204599183322587,0.4204599183322587,0.0
google__logic7__gcn__seed123,google,logic7,gcn,123,atom_occlusion,P20_frozen_cache,0.05,fixed_current_machine_q,43,43,0,66,0,47,0,0.0122340425531914,0.0122340425531914,0.0,0.4551702084637703,0.4551702084637703,0.0,0.4240520708605814,0.4240520708605814,0.0,0.4204599183322587,0.4204599183322587,0.0
google__logic7__gcn__seed123,google,logic7,gcn,123,atom_occlusion,P20_frozen_cache,0.05,recalibrated,43,43,0,66,0,47,0,0.0122340425531914,0.0122340425531914,0.0,0.4551702084637703,0.4551702084637703,0.0,0.4240520708605814,0.4240520708605814,0.0,0.4204599183322587,0.4204599183322587,0.0
google__logic7__gcn__seed123,google,logic7,gcn,123,atom_occlusion,P20_frozen_cache,0.1,fixed_historical_q,31,31,0,66,0,47,0,0.069579533941236,0.069579533941236,0.0,0.3289956385246981,0.3289956385246981,0.0,0.5464285714285714,0.5464285714285714,0.0,0.5214070799177183,0.5214070799177183,0.0
google__logic7__gcn__seed123,google,logic7,gcn,123,atom_occlusion,P20_frozen_cache,0.1,fixed_current_machine_q,31,31,0,66,0,47,0,0.069579533941236,0.069579533941236,0.0,0.3289956385246981,0.3289956385246981,0.0,0.5464285714285714,0.5464285714285714,0.0,0.5214070799177183,0.5214070799177183,0.0
google__logic7__gcn__seed123,google,logic7,gcn,123,atom_occlusion,P20_frozen_cache,0.1,recalibrated,31,31,0,66,0,47,0,0.069579533941236,0.069579533941236,0.0,0.3289956385246981,0.3289956385246981,0.0,0.5464285714285714,0.5464285714285714,0.0,0.5214070799177183,0.5214070799177183,0.0
google__logic7__gcn__seed123,google,logic7,gcn,123,atom_occlusion,P20_frozen_cache,0.2,fixed_historical_q,23,23,0,66,0,47,0,0.2050911854103343,0.2050911854103343,0.0,0.256416662987491,0.256416662987491,0.0,0.5819148936170213,0.5819148936170213,0.0,0.5119323938472873,0.5119323938472873,0.0
google__logic7__gcn__seed123,google,logic7,gcn,123,atom_occlusion,P20_frozen_cache,0.2,fixed_current_machine_q,23,23,0,66,0,47,0,0.2050911854103343,0.2050911854103343,0.0,0.256416662987491,0.256416662987491,0.0,0.5819148936170213,0.5819148936170213,0.0,0.5119323938472873,0.5119323938472873,0.0
google__logic7__gcn__seed123,google,logic7,gcn,123,atom_occlusion,P20_frozen_cache,0.2,recalibrated,23,23,0,66,0,47,0,0.2050911854103343,0.2050911854103343,0.0,0.256416662987491,0.256416662987491,0.0,0.5819148936170213,0.5819148936170213,0.0,0.5119323938472873,0.5119323938472873,0.0
google__logic7__gcn__seed123,google,logic7,gcn,123,saliency,P20_frozen_cache,0.05,fixed_historical_q,97,97,0,66,0,47,0,0.0,0.0,0.0,1.0,1.0,0.0,0.1968166000515791,0.1968166000515791,0.0,0.1968166000515791,0.1968166000515791,0.0
google__logic7__gcn__seed123,google,logic7,gcn,123,saliency,P20_frozen_cache,0.05,fixed_current_machine_q,97,97,0,66,0,47,0,0.0,0.0,0.0,1.0,1.0,0.0,0.1968166000515791,0.1968166000515791,0.0,0.1968166000515791,0.1968166000515791,0.0
google__logic7__gcn__seed123,google,logic7,gcn,123,saliency,P20_frozen_cache,0.05,recalibrated,97,97,0,66,0,47,0,0.0,0.0,0.0,1.0,1.0,0.0,0.1968166000515791,0.1968166000515791,0.0,0.1968166000515791,0.1968166000515791,0.0
google__logic7__gcn__seed123,google,logic7,gcn,123,saliency,P20_frozen_cache,0.1,fixed_historical_q,96,96,0,66,0,47,0,0.0280141843971631,0.0280141843971631,0.0,0.9948936170212768,0.9948936170212768,0.0,0.1925258199097351,0.1925258199097351,0.0,0.1917102170728557,0.1917102170728557,0.0
google__logic7__gcn__seed123,google,logic7,gcn,123,saliency,P20_frozen_cache,0.1,fixed_current_machine_q,96,96,0,66,0,47,0,0.0280141843971631,0.0280141843971631,0.0,0.9948936170212768,0.9948936170212768,0.0,0.1925258199097351,0.1925258199097351,0.0,0.1917102170728557,0.1917102170728557,0.0
google__logic7__gcn__seed123,google,logic7,gcn,123,saliency,P20_frozen_cache,0.1,recalibrated,96,96,0,66,0,47,0,0.0280141843971631,0.0280141843971631,0.0,0.9948936170212768,0.9948936170212768,0.0,0.1925258199097351,0.1925258199097351,0.0,0.1917102170728557,0.1917102170728557,0.0
google__logic7__gcn__seed123,google,logic7,gcn,123,saliency,P20_frozen_cache,0.2,fixed_historical_q,96,96,0,66,0,47,0,0.0280141843971631,0.0280141843971631,0.0,0.9948936170212768,0.9948936170212768,0.0,0.1925258199097351,0.1925258199097351,0.0,0.1917102170728557,0.1917102170728557,0.0
google__logic7__gcn__seed123,google,logic7,gcn,123,saliency,P20_frozen_cache,0.2,fixed_current_machine_q,96,96,0,66,0,47,0,0.0280141843971631,0.0280141843971631,0.0,0.9948936170212768,0.9948936170212768,0.0,0.1925258199097351,0.1925258199097351,0.0,0.1917102170728557,0.1917102170728557,0.0
google__logic7__gcn__seed123,google,logic7,gcn,123,saliency,P20_frozen_cache,0.2,recalibrated,96,96,0,66,0,47,0,0.0280141843971631,0.0280141843971631,0.0,0.9948936170212768,0.9948936170212768,0.0,0.1925258199097351,0.1925258199097351,0.0,0.1917102170728557,0.1917102170728557,0.0
google__logic7__gcn__seed2026,google,logic7,gcn,2026,ig,P01_checkpoint_rerun,0.05,fixed_historical_q,69,69,0,66,0,47,0,0.0303444782168186,0.0303444782168186,0.0,0.717833072059164,0.717833072059164,0.0,0.2630500427121203,0.2630500427121203,0.0,0.2601201423750992,0.2601201423750992,0.0
google__logic7__gcn__seed2026,google,logic7,gcn,2026,ig,P01_checkpoint_rerun,0.05,fixed_current_machine_q,69,69,0,66,0,47,0,0.0303444782168186,0.0303444782168186,0.0,0.717833072059164,0.717833072059164,0.0,0.2630500427121203,0.2630500427121203,0.0,0.2601201423750992,0.2601201423750992,0.0
google__logic7__gcn__seed2026,google,logic7,gcn,2026,ig,P01_checkpoint_rerun,0.05,recalibrated,69,69,0,66,0,47,0,0.0303444782168186,0.0303444782168186,0.0,0.717833072059164,0.717833072059164,0.0,0.2630500427121203,0.2630500427121203,0.0,0.2601201423750992,0.2601201423750992,0.0
google__logic7__gcn__seed2026,google,logic7,gcn,2026,ig,P01_checkpoint_rerun,0.1,fixed_historical_q,60,60,0,66,0,47,0,0.0599797365754812,0.0599797365754812,0.0,0.621840589207192,0.621840589207192,0.0,0.2963698240293986,0.2963698240293986,0.0,0.2912789859285479,0.2912789859285479,0.0
google__logic7__gcn__seed2026,google,logic7,gcn,2026,ig,P01_checkpoint_rerun,0.1,fixed_current_machine_q,60,60,0,66,0,47,0,0.0599797365754812,0.0599797365754812,0.0,0.621840589207192,0.621840589207192,0.0,0.2963698240293986,0.2963698240293986,0.0,0.2912789859285479,0.2912789859285479,0.0
google__logic7__gcn__seed2026,google,logic7,gcn,2026,ig,P01_checkpoint_rerun,0.1,recalibrated,60,60,0,66,0,47,0,0.0599797365754812,0.0599797365754812,0.0,0.621840589207192,0.621840589207192,0.0,0.2963698240293986,0.2963698240293986,0.0,0.2912789859285479,0.2912789859285479,0.0
google__logic7__gcn__seed2026,google,logic7,gcn,2026,ig,P01_checkpoint_rerun,0.2,fixed_historical_q,48,48,0,66,0,47,0,0.1395896656534954,0.1395896656534954,0.0,0.5051045091097446,0.5051045091097446,0.0,0.3338191949894079,0.3338191949894079,0.0,0.3181342888789698,0.3181342888789698,0.0
google__logic7__gcn__seed2026,google,logic7,gcn,2026,ig,P01_checkpoint_rerun,0.2,fixed_current_machine_q,48,48,0,66,0,47,0,0.1395896656534954,0.1395896656534954,0.0,0.5051045091097446,0.5051045091097446,0.0,0.3338191949894079,0.3338191949894079,0.0,0.3181342888789698,0.3181342888789698,0.0
google__logic7__gcn__seed2026,google,logic7,gcn,2026,ig,P01_checkpoint_rerun,0.2,recalibrated,48,48,0,66,0,47,0,0.1395896656534954,0.1395896656534954,0.0,0.5051045091097446,0.5051045091097446,0.0,0.3338191949894079,0.3338191949894079,0.0,0.3181342888789698,0.3181342888789698,0.0
google__logic7__gcn__seed2026,google,logic7,gcn,2026,gradinput,P01_checkpoint_rerun,0.05,fixed_historical_q,96,96,0,66,0,47,0,0.0148936170212765,0.0148936170212765,0.0,0.9948936170212768,0.9948936170212768,0.0,0.1951853943778203,0.1951853943778203,0.0,0.1947953234558344,0.1947953234558344,0.0
google__logic7__gcn__seed2026,google,logic7,gcn,2026,gradinput,P01_checkpoint_rerun,0.05,fixed_current_machine_q,96,96,0,66,0,47,0,0.0148936170212765,0.0148936170212765,0.0,0.9948936170212768,0.9948936170212768,0.0,0.1951853943778203,0.1951853943778203,0.0,0.1947953234558344,0.1947953234558344,0.0
google__logic7__gcn__seed2026,google,logic7,gcn,2026,gradinput,P01_checkpoint_rerun,0.05,recalibrated,96,96,0,66,0,47,0,0.0148936170212765,0.0148936170212765,0.0,0.9948936170212768,0.9948936170212768,0.0,0.1951853943778203,0.1951853943778203,0.0,0.1947953234558344,0.1947953234558344,0.0
google__logic7__gcn__seed2026,google,logic7,gcn,2026,gradinput,P01_checkpoint_rerun,0.1,fixed_historical_q,93,93,0,66,0,47,0,0.0813829787234042,0.0813829787234042,0.0,0.9546910462550432,0.9546910462550432,0.0,0.190107325471754,0.190107325471754,0.0,0.1874794061935597,0.1874794061935597,0.0
google__logic7__gcn__seed2026,google,logic7,gcn,2026,gradinput,P01_checkpoint_rerun,0.1,fixed_current_machine_q,93,93,0,66,0,47,0,0.0813829787234042,0.0813829787234042,0.0,0.9546910462550432,0.9546910462550432,0.0,0.190107325471754,0.190107325471754,0.0,0.1874794061935597,0.1874794061935597,0.0
google__logic7__gcn__seed2026,google,logic7,gcn,2026,gradinput,P01_checkpoint_rerun,0.1,recalibrated,93,93,0,66,0,47,0,0.0813829787234042,0.0813829787234042,0.0,0.9546910462550432,0.9546910462550432,0.0,0.190107325471754,0.190107325471754,0.0,0.1874794061935597,0.1874794061935597,0.0
google__logic7__gcn__seed2026,google,logic7,gcn,2026,gradinput,P01_checkpoint_rerun,0.2,fixed_historical_q,87,87,0,66,0,47,0,0.1931104356636271,0.1931104356636271,0.0,0.898323328578983,0.898323328578983,0.0,0.1772306381159553,0.1772306381159553,0.0,0.1705612689340562,0.1705612689340562,0.0
google__logic7__gcn__seed2026,google,logic7,gcn,2026,gradinput,P01_checkpoint_rerun,0.2,fixed_current_machine_q,87,87,0,66,0,47,0,0.1931104356636271,0.1931104356636271,0.0,0.898323328578983,0.898323328578983,0.0,0.1772306381159553,0.1772306381159553,0.0,0.1705612689340562,0.1705612689340562,0.0
google__logic7__gcn__seed2026,google,logic7,gcn,2026,gradinput,P01_checkpoint_rerun,0.2,recalibrated,87,87,0,66,0,47,0,0.1931104356636271,0.1931104356636271,0.0,0.898323328578983,0.898323328578983,0.0,0.1772306381159553,0.1772306381159553,0.0,0.1705612689340562,0.1705612689340562,0.0
google__logic7__gcn__seed2026,google,logic7,gcn,2026,atom_occlusion,P20_frozen_cache,0.05,fixed_historical_q,51,51,0,66,0,47,0,0.0053191489361702,0.0053191489361702,0.0,0.5366178184953946,0.5366178184953946,0.0,0.3633441617484171,0.3633441617484171,0.0,0.3620348327795136,0.3620348327795136,0.0
google__logic7__gcn__seed2026,google,logic7,gcn,2026,atom_occlusion,P20_frozen_cache,0.05,fixed_current_machine_q,51,51,0,66,0,47,0,0.0053191489361702,0.0053191489361702,0.0,0.5366178184953946,0.5366178184953946,0.0,0.3633441617484171,0.3633441617484171,0.0,0.3620348327795136,0.3620348327795136,0.0
google__logic7__gcn__seed2026,google,logic7,gcn,2026,atom_occlusion,P20_frozen_cache,0.05,recalibrated,51,51,0,66,0,47,0,0.0053191489361702,0.0053191489361702,0.0,0.5366178184953946,0.5366178184953946,0.0,0.3633441617484171,0.3633441617484171,0.0,0.3620348327795136,0.3620348327795136,0.0
google__logic7__gcn__seed2026,google,logic7,gcn,2026,atom_occlusion,P20_frozen_cache,0.1,fixed_historical_q,37,37,0,66,0,47,0,0.054305977710233,0.054305977710233,0.0,0.39782984641081,0.39782984641081,0.0,0.4638129010469436,0.4638129010469436,0.0,0.4494719228761783,0.4494719228761783,0.0
google__logic7__gcn__seed2026,google,logic7,gcn,2026,atom_occlusion,P20_frozen_cache,0.1,fixed_current_machine_q,37,37,0,66,0,47,0,0.054305977710233,0.054305977710233,0.0,0.39782984641081,0.39782984641081,0.0,0.4638129010469436,0.4638129010469436,0.0,0.4494719228761783,0.4494719228761783,0.0
google__logic7__gcn__seed2026,google,logic7,gcn,2026,atom_occlusion,P20_frozen_cache,0.1,recalibrated,37,37,0,66,0,47,0,0.054305977710233,0.054305977710233,0.0,0.39782984641081,0.39782984641081,0.0,0.4638129010469436,0.4638129010469436,0.0,0.4494719228761783,0.4494719228761783,0.0
google__logic7__gcn__seed2026,google,logic7,gcn,2026,atom_occlusion,P20_frozen_cache,0.2,fixed_historical_q,28,28,0,66,14,47,6,0.1426545086119554,0.1522289766970618,0.0095744680851063,0.3068319997111708,0.3017256167324474,-0.0051063829787234,0.5329787234042552,0.5360182370820668,0.0030395136778115,0.4902766264468391,0.4901837524177949,-9.287402904428754e-05
google__logic7__gcn__seed2026,google,logic7,gcn,2026,atom_occlusion,P20_frozen_cache,0.2,fixed_current_machine_q,28,28,0,66,14,47,6,0.1426545086119554,0.1522289766970618,0.0095744680851063,0.3068319997111708,0.3017256167324474,-0.0051063829787234,0.5329787234042552,0.5360182370820668,0.0030395136778115,0.4902766264468391,0.4901837524177949,-9.287402904428754e-05
google__logic7__gcn__seed2026,google,logic7,gcn,2026,atom_occlusion,P20_frozen_cache,0.2,recalibrated,28,29,1,66,11,47,7,0.1426545086119554,0.1342958459979736,-0.0083586626139817,0.3068319997111708,0.3144307839056998,0.0075987841945289,0.5329787234042552,0.526241134751773,-0.0067375886524821,0.4902766264468391,0.4859199901753093,-0.0043566362715298
google__logic7__gcn__seed2026,google,logic7,gcn,2026,saliency,P20_frozen_cache,0.05,fixed_historical_q,97,97,0,66,0,47,0,0.0,0.0,0.0,1.0,1.0,0.0,0.1968166000515791,0.1968166000515791,0.0,0.1968166000515791,0.1968166000515791,0.0
google__logic7__gcn__seed2026,google,logic7,gcn,2026,saliency,P20_frozen_cache,0.05,fixed_current_machine_q,97,97,0,66,0,47,0,0.0,0.0,0.0,1.0,1.0,0.0,0.1968166000515791,0.1968166000515791,0.0,0.1968166000515791,0.1968166000515791,0.0
google__logic7__gcn__seed2026,google,logic7,gcn,2026,saliency,P20_frozen_cache,0.05,recalibrated,97,97,0,66,0,47,0,0.0,0.0,0.0,1.0,1.0,0.0,0.1968166000515791,0.1968166000515791,0.0,0.1968166000515791,0.1968166000515791,0.0
google__logic7__gcn__seed2026,google,logic7,gcn,2026,saliency,P20_frozen_cache,0.1,fixed_historical_q,96,96,0,66,0,47,0,0.0166666666666666,0.0166666666666666,0.0,0.9948936170212768,0.9948936170212768,0.0,0.1942988695551252,0.1942988695551252,0.0,0.1936960326756926,0.1936960326756926,0.0
google__logic7__gcn__seed2026,google,logic7,gcn,2026,saliency,P20_frozen_cache,0.1,fixed_current_machine_q,96,96,0,66,0,47,0,0.0166666666666666,0.0166666666666666,0.0,0.9948936170212768,0.9948936170212768,0.0,0.1942988695551252,0.1942988695551252,0.0,0.1936960326756926,0.1936960326756926,0.0
google__logic7__gcn__seed2026,google,logic7,gcn,2026,saliency,P20_frozen_cache,0.1,recalibrated,96,96,0,66,0,47,0,0.0166666666666666,0.0166666666666666,0.0,0.9948936170212768,0.9948936170212768,0.0,0.1942988695551252,0.1942988695551252,0.0,0.1936960326756926,0.1936960326756926,0.0
google__logic7__gcn__seed2026,google,logic7,gcn,2026,saliency,P20_frozen_cache,0.2,fixed_historical_q,96,96,0,66,0,47,0,0.0166666666666666,0.0166666666666666,0.0,0.9948936170212768,0.9948936170212768,0.0,0.1942988695551252,0.1942988695551252,0.0,0.1936960326756926,0.1936960326756926,0.0
google__logic7__gcn__seed2026,google,logic7,gcn,2026,saliency,P20_frozen_cache,0.2,fixed_current_machine_q,96,96,0,66,0,47,0,0.0166666666666666,0.0166666666666666,0.0,0.9948936170212768,0.9948936170212768,0.0,0.1942988695551252,0.1942988695551252,0.0,0.1936960326756926,0.1936960326756926,0.0
google__logic7__gcn__seed2026,google,logic7,gcn,2026,saliency,P20_frozen_cache,0.2,recalibrated,96,96,0,66,0,47,0,0.0166666666666666,0.0166666666666666,0.0,0.9948936170212768,0.9948936170212768,0.0,0.1942988695551252,0.1942988695551252,0.0,0.1936960326756926,0.1936960326756926,0.0
google__logic7__gcn__seed42,google,logic7,gcn,42,ig,P01_checkpoint_rerun,0.05,fixed_historical_q,74,74,0,66,0,47,0,0.0235815602836879,0.0235815602836879,0.0,0.766627555075959,0.766627555075959,0.0,0.2503358893081244,0.2503358893081244,0.0,0.2487397716351672,0.2487397716351672,0.0
google__logic7__gcn__seed42,google,logic7,gcn,42,ig,P01_checkpoint_rerun,0.05,fixed_current_machine_q,74,74,0,66,0,47,0,0.0235815602836879,0.0235815602836879,0.0,0.766627555075959,0.766627555075959,0.0,0.2503358893081244,0.2503358893081244,0.0,0.2487397716351672,0.2487397716351672,0.0
google__logic7__gcn__seed42,google,logic7,gcn,42,ig,P01_checkpoint_rerun,0.05,recalibrated,74,74,0,66,0,47,0,0.0235815602836879,0.0235815602836879,0.0,0.766627555075959,0.766627555075959,0.0,0.2503358893081244,0.2503358893081244,0.0,0.2487397716351672,0.2487397716351672,0.0
google__logic7__gcn__seed42,google,logic7,gcn,42,ig,P01_checkpoint_rerun,0.1,fixed_historical_q,56,56,0,66,14,47,6,0.0679331306990881,0.0679331306990881,0.0,0.5843735807509891,0.5792671977722657,-0.0051063829787234,0.3117994298845363,0.3145349921945667,0.0027355623100304,0.3044657174976324,0.3070872980447449,0.0026215805471124
google__logic7__gcn__seed42,google,logic7,gcn,42,ig,P01_checkpoint_rerun,0.1,fixed_current_machine_q,56,56,0,66,14,47,6,0.0679331306990881,0.0679331306990881,0.0,0.5843735807509891,0.5792671977722657,-0.0051063829787234,0.3117994298845363,0.3145349921945667,0.0027355623100304,0.3044657174976324,0.3070872980447449,0.0026215805471124
google__logic7__gcn__seed42,google,logic7,gcn,42,ig,P01_checkpoint_rerun,0.1,recalibrated,56,57,1,66,12,47,7,0.0679331306990881,0.0636778115501519,-0.0042553191489361,0.5843735807509891,0.591658502120092,0.0072849213691028,0.3117994298845363,0.3095808446872278,-0.0022185851973085,0.3044657174976324,0.3033646908646909,-0.0011010266329414
google__logic7__gcn__seed42,google,logic7,gcn,42,ig,P01_checkpoint_rerun,0.2,fixed_historical_q,41,41,0,66,0,47,0,0.1564336372847011,0.1564336372847011,0.0,0.4385277732141946,0.4385277732141946,0.0,0.3741556906450524,0.3741556906450524,0.0,0.3499343446151959,0.3499343446151959,0.0
google__logic7__gcn__seed42,google,logic7,gcn,42,ig,P01_checkpoint_rerun,0.2,fixed_current_machine_q,41,41,0,66,0,47,0,0.1564336372847011,0.1564336372847011,0.0,0.4385277732141946,0.4385277732141946,0.0,0.3741556906450524,0.3741556906450524,0.0,0.3499343446151959,0.3499343446151959,0.0
google__logic7__gcn__seed42,google,logic7,gcn,42,ig,P01_checkpoint_rerun,0.2,recalibrated,41,41,0,66,0,47,0,0.1564336372847011,0.1564336372847011,0.0,0.4385277732141946,0.4385277732141946,0.0,0.3741556906450524,0.3741556906450524,0.0,0.3499343446151959,0.3499343446151959,0.0
google__logic7__gcn__seed42,google,logic7,gcn,42,gradinput,P01_checkpoint_rerun,0.05,fixed_historical_q,90,90,0,66,0,47,0,0.0111702127659574,0.0111702127659574,0.0,0.915132937080838,0.915132937080838,0.0,0.2115905976512627,0.2115905976512627,0.0,0.2107874692348133,0.2107874692348133,0.0
google__logic7__gcn__seed42,google,logic7,gcn,42,gradinput,P01_checkpoint_rerun,0.05,fixed_current_machine_q,90,90,0,66,0,47,0,0.0111702127659574,0.0111702127659574,0.0,0.915132937080838,0.915132937080838,0.0,0.2115905976512627,0.2115905976512627,0.0,0.2107874692348133,0.2107874692348133,0.0
google__logic7__gcn__seed42,google,logic7,gcn,42,gradinput,P01_checkpoint_rerun,0.05,recalibrated,90,90,0,66,0,47,0,0.0111702127659574,0.0111702127659574,0.0,0.915132937080838,0.915132937080838,0.0,0.2115905976512627,0.2115905976512627,0.0,0.2107874692348133,0.2107874692348133,0.0
google__logic7__gcn__seed42,google,logic7,gcn,42,gradinput,P01_checkpoint_rerun,0.1,fixed_historical_q,71,71,0,66,0,47,0,0.0551418439716312,0.0551418439716312,0.0,0.7323979266781626,0.7323979266781626,0.0,0.2527016180176381,0.2527016180176381,0.0,0.249134268230507,0.249134268230507,0.0
google__logic7__gcn__seed42,google,logic7,gcn,42,gradinput,P01_checkpoint_rerun,0.1,fixed_current_machine_q,71,71,0,66,0,47,0,0.0551418439716312,0.0551418439716312,0.0,0.7323979266781626,0.7323979266781626,0.0,0.2527016180176381,0.2527016180176381,0.0,0.249134268230507,0.249134268230507,0.0
google__logic7__gcn__seed42,google,logic7,gcn,42,gradinput,P01_checkpoint_rerun,0.1,recalibrated,71,71,0,66,0,47,0,0.0551418439716312,0.0551418439716312,0.0,0.7323979266781626,0.7323979266781626,0.0,0.2527016180176381,0.2527016180176381,0.0,0.249134268230507,0.249134268230507,0.0
google__logic7__gcn__seed42,google,logic7,gcn,42,gradinput,P01_checkpoint_rerun,0.2,fixed_historical_q,51,51,0,66,0,47,0,0.1507598784194528,0.1507598784194528,0.0,0.5366178184953946,0.5366178184953946,0.0,0.306721883317628,0.306721883317628,0.0,0.2904544627948883,0.2904544627948883,0.0
google__logic7__gcn__seed42,google,logic7,gcn,42,gradinput,P01_checkpoint_rerun,0.2,fixed_current_machine_q,51,51,0,66,0,47,0,0.1507598784194528,0.1507598784194528,0.0,0.5366178184953946,0.5366178184953946,0.0,0.306721883317628,0.306721883317628,0.0,0.2904544627948883,0.2904544627948883,0.0
google__logic7__gcn__seed42,google,logic7,gcn,42,gradinput,P01_checkpoint_rerun,0.2,recalibrated,51,51,0,66,0,47,0,0.1507598784194528,0.1507598784194528,0.0,0.5366178184953946,0.5366178184953946,0.0,0.306721883317628,0.306721883317628,0.0,0.2904544627948883,0.2904544627948883,0.0
google__logic7__gcn__seed42,google,logic7,gcn,42,atom_occlusion,P20_frozen_cache,0.05,fixed_historical_q,35,35,0,66,3,47,4,0.0168693009118541,0.0168693009118541,0.0,0.373053027814085,0.3687977086651487,-0.0042553191489362,0.5136946977372511,0.5193937858831477,0.0056990881458965,0.5052899818857266,0.5109890700316233,0.0056990881458967
google__logic7__gcn__seed42,google,logic7,gcn,42,atom_occlusion,P20_frozen_cache,0.05,fixed_current_machine_q,35,35,0,66,3,47,4,0.0168693009118541,0.0168693009118541,0.0,0.373053027814085,0.3687977086651487,-0.0042553191489362,0.5136946977372511,0.5193937858831477,0.0056990881458965,0.5052899818857266,0.5109890700316233,0.0056990881458967
google__logic7__gcn__seed42,google,logic7,gcn,42,atom_occlusion,P20_frozen_cache,0.05,recalibrated,35,35,0,66,3,47,4,0.0168693009118541,0.0168693009118541,0.0,0.373053027814085,0.3687977086651487,-0.0042553191489362,0.5136946977372511,0.5193937858831477,0.0056990881458965,0.5052899818857266,0.5109890700316233,0.0056990881458967
google__logic7__gcn__seed42,google,logic7,gcn,42,atom_occlusion,P20_frozen_cache,0.1,fixed_historical_q,27,27,0,66,0,47,0,0.0626646403242147,0.0626646403242147,0.0,0.2881859648949233,0.2881859648949233,0.0,0.6278115501519759,0.6278115501519759,0.0,0.60171701820638,0.60171701820638,0.0
google__logic7__gcn__seed42,google,logic7,gcn,42,atom_occlusion,P20_frozen_cache,0.1,fixed_current_machine_q,27,27,0,66,0,47,0,0.0626646403242147,0.0626646403242147,0.0,0.2881859648949233,0.2881859648949233,0.0,0.6278115501519759,0.6278115501519759,0.0,0.60171701820638,0.60171701820638,0.0
google__logic7__gcn__seed42,google,logic7,gcn,42,atom_occlusion,P20_frozen_cache,0.1,recalibrated,27,27,0,66,0,47,0,0.0626646403242147,0.0626646403242147,0.0,0.2881859648949233,0.2881859648949233,0.0,0.6278115501519759,0.6278115501519759,0.0,0.60171701820638,0.60171701820638,0.0
google__logic7__gcn__seed42,google,logic7,gcn,42,atom_occlusion,P20_frozen_cache,0.2,fixed_historical_q,18,18,0,66,0,47,0,0.1770516717325228,0.1770516717325228,0.0,0.197299865021674,0.197299865021674,0.0,0.7851063829787235,0.7851063829787235,0.0,0.6701198919284027,0.6701198919284027,0.0
google__logic7__gcn__seed42,google,logic7,gcn,42,atom_occlusion,P20_frozen_cache,0.2,fixed_current_machine_q,18,18,0,66,0,47,0,0.1770516717325228,0.1770516717325228,0.0,0.197299865021674,0.197299865021674,0.0,0.7851063829787235,0.7851063829787235,0.0,0.6701198919284027,0.6701198919284027,0.0
google__logic7__gcn__seed42,google,logic7,gcn,42,atom_occlusion,P20_frozen_cache,0.2,recalibrated,18,18,0,66,0,47,0,0.1770516717325228,0.1770516717325228,0.0,0.197299865021674,0.197299865021674,0.0,0.7851063829787235,0.7851063829787235,0.0,0.6701198919284027,0.6701198919284027,0.0
google__logic7__gcn__seed42,google,logic7,gcn,42,saliency,P20_frozen_cache,0.05,fixed_historical_q,97,97,0,66,0,47,0,0.0,0.0,0.0,1.0,1.0,0.0,0.1968166000515791,0.1968166000515791,0.0,0.1968166000515791,0.1968166000515791,0.0
google__logic7__gcn__seed42,google,logic7,gcn,42,saliency,P20_frozen_cache,0.05,fixed_current_machine_q,97,97,0,66,0,47,0,0.0,0.0,0.0,1.0,1.0,0.0,0.1968166000515791,0.1968166000515791,0.0,0.1968166000515791,0.1968166000515791,0.0
google__logic7__gcn__seed42,google,logic7,gcn,42,saliency,P20_frozen_cache,0.05,recalibrated,97,97,0,66,0,47,0,0.0,0.0,0.0,1.0,1.0,0.0,0.1968166000515791,0.1968166000515791,0.0,0.1968166000515791,0.1968166000515791,0.0
google__logic7__gcn__seed42,google,logic7,gcn,42,saliency,P20_frozen_cache,0.1,fixed_historical_q,96,96,0,66,0,47,0,0.0280141843971631,0.0280141843971631,0.0,0.9948936170212768,0.9948936170212768,0.0,0.1925258199097351,0.1925258199097351,0.0,0.1917102170728557,0.1917102170728557,0.0
google__logic7__gcn__seed42,google,logic7,gcn,42,saliency,P20_frozen_cache,0.1,fixed_current_machine_q,96,96,0,66,0,47,0,0.0280141843971631,0.0280141843971631,0.0,0.9948936170212768,0.9948936170212768,0.0,0.1925258199097351,0.1925258199097351,0.0,0.1917102170728557,0.1917102170728557,0.0
google__logic7__gcn__seed42,google,logic7,gcn,42,saliency,P20_frozen_cache,0.1,recalibrated,96,96,0,66,0,47,0,0.0280141843971631,0.0280141843971631,0.0,0.9948936170212768,0.9948936170212768,0.0,0.1925258199097351,0.1925258199097351,0.0,0.1917102170728557,0.1917102170728557,0.0
google__logic7__gcn__seed42,google,logic7,gcn,42,saliency,P20_frozen_cache,0.2,fixed_historical_q,93,93,0,66,0,47,0,0.2042806484295845,0.2042806484295845,0.0,0.9546910462550432,0.9546910462550432,0.0,0.1665108426744826,0.1665108426744826,0.0,0.1603087621922521,0.1603087621922521,0.0
google__logic7__gcn__seed42,google,logic7,gcn,42,saliency,P20_frozen_cache,0.2,fixed_current_machine_q,93,93,0,66,0,47,0,0.2042806484295845,0.2042806484295845,0.0,0.9546910462550432,0.9546910462550432,0.0,0.1665108426744826,0.1665108426744826,0.0,0.1603087621922521,0.1603087621922521,0.0
google__logic7__gcn__seed42,google,logic7,gcn,42,saliency,P20_frozen_cache,0.2,recalibrated,93,93,0,66,0,47,0,0.2042806484295845,0.2042806484295845,0.0,0.9546910462550432,0.9546910462550432,0.0,0.1665108426744826,0.1665108426744826,0.0,0.1603087621922521,0.1603087621922521,0.0
google__logic7__gin__seed123,google,logic7,gin,123,ig,P01_checkpoint_rerun,0.05,fixed_historical_q,79,79,0,66,0,47,0,0.0349290780141844,0.0349290780141844,0.0,0.813456265659821,0.813456265659821,0.0,0.2336479647419309,0.2336479647419309,0.0,0.2320330205186275,0.2320330205186275,0.0
google__logic7__gin__seed123,google,logic7,gin,123,ig,P01_checkpoint_rerun,0.05,fixed_current_machine_q,79,79,0,66,0,47,0,0.0349290780141844,0.0349290780141844,0.0,0.813456265659821,0.813456265659821,0.0,0.2336479647419309,0.2336479647419309,0.0,0.2320330205186275,0.2320330205186275,0.0
google__logic7__gin__seed123,google,logic7,gin,123,ig,P01_checkpoint_rerun,0.05,recalibrated,79,79,0,66,0,47,0,0.0349290780141844,0.0349290780141844,0.0,0.813456265659821,0.813456265659821,0.0,0.2336479647419309,0.2336479647419309,0.0,0.2320330205186275,0.2320330205186275,0.0
google__logic7__gin__seed123,google,logic7,gin,123,ig,P01_checkpoint_rerun,0.1,fixed_historical_q,67,67,0,66,0,47,0,0.0622340425531914,0.0622340425531914,0.0,0.6931680002888293,0.6931680002888293,0.0,0.2663452682069703,0.2663452682069703,0.0,0.2625378202662308,0.2625378202662308,0.0
google__logic7__gin__seed123,google,logic7,gin,123,ig,P01_checkpoint_rerun,0.1,fixed_current_machine_q,67,67,0,66,0,47,0,0.0622340425531914,0.0622340425531914,0.0,0.6931680002888293,0.6931680002888293,0.0,0.2663452682069703,0.2663452682069703,0.0,0.2625378202662308,0.2625378202662308,0.0
google__logic7__gin__seed123,google,logic7,gin,123,ig,P01_checkpoint_rerun,0.1,recalibrated,67,67,0,66,0,47,0,0.0622340425531914,0.0622340425531914,0.0,0.6931680002888293,0.6931680002888293,0.0,0.2663452682069703,0.2663452682069703,0.0,0.2625378202662308,0.2625378202662308,0.0
google__logic7__gin__seed123,google,logic7,gin,123,ig,P01_checkpoint_rerun,0.2,fixed_historical_q,42,42,0,66,0,47,0,0.1544326241134751,0.1544326241134751,0.0,0.4442119617832392,0.4442119617832392,0.0,0.3749930920143686,0.3749930920143686,0.0,0.3539125177423051,0.3539125177423051,0.0
google__logic7__gin__seed123,google,logic7,gin,123,ig,P01_checkpoint_rerun,0.2,fixed_current_machine_q,42,42,0,66,0,47,0,0.1544326241134751,0.1544326241134751,0.0,0.4442119617832392,0.4442119617832392,0.0,0.3749930920143686,0.3749930920143686,0.0,0.3539125177423051,0.3539125177423051,0.0
google__logic7__gin__seed123,google,logic7,gin,123,ig,P01_checkpoint_rerun,0.2,recalibrated,42,42,0,66,0,47,0,0.1544326241134751,0.1544326241134751,0.0,0.4442119617832392,0.4442119617832392,0.0,0.3749930920143686,0.3749930920143686,0.0,0.3539125177423051,0.3539125177423051,0.0
google__logic7__gin__seed123,google,logic7,gin,123,gradinput,P01_checkpoint_rerun,0.05,fixed_historical_q,97,97,0,66,0,47,0,0.0,0.0,0.0,1.0,1.0,0.0,0.1968166000515791,0.1968166000515791,0.0,0.1968166000515791,0.1968166000515791,0.0
google__logic7__gin__seed123,google,logic7,gin,123,gradinput,P01_checkpoint_rerun,0.05,fixed_current_machine_q,97,97,0,66,0,47,0,0.0,0.0,0.0,1.0,1.0,0.0,0.1968166000515791,0.1968166000515791,0.0,0.1968166000515791,0.1968166000515791,0.0
google__logic7__gin__seed123,google,logic7,gin,123,gradinput,P01_checkpoint_rerun,0.05,recalibrated,97,97,0,66,0,47,0,0.0,0.0,0.0,1.0,1.0,0.0,0.1968166000515791,0.1968166000515791,0.0,0.1968166000515791,0.1968166000515791,0.0
google__logic7__gin__seed123,google,logic7,gin,123,gradinput,P01_checkpoint_rerun,0.1,fixed_historical_q,96,96,0,66,0,47,0,0.0166666666666666,0.0166666666666666,0.0,0.9948936170212768,0.9948936170212768,0.0,0.1942988695551252,0.1942988695551252,0.0,0.1936960326756926,0.1936960326756926,0.0
google__logic7__gin__seed123,google,logic7,gin,123,gradinput,P01_checkpoint_rerun,0.1,fixed_current_machine_q,96,96,0,66,0,47,0,0.0166666666666666,0.0166666666666666,0.0,0.9948936170212768,0.9948936170212768,0.0,0.1942988695551252,0.1942988695551252,0.0,0.1936960326756926,0.1936960326756926,0.0
google__logic7__gin__seed123,google,logic7,gin,123,gradinput,P01_checkpoint_rerun,0.1,recalibrated,96,96,0,66,0,47,0,0.0166666666666666,0.0166666666666666,0.0,0.9948936170212768,0.9948936170212768,0.0,0.1942988695551252,0.1942988695551252,0.0,0.1936960326756926,0.1936960326756926,0.0
google__logic7__gin__seed123,google,logic7,gin,123,gradinput,P01_checkpoint_rerun,0.2,fixed_historical_q,93,93,0,66,0,47,0,0.1567629179331306,0.1567629179331306,0.0,0.9546910462550432,0.9546910462550432,0.0,0.1779281173598083,0.1779281173598083,0.0,0.173968137652162,0.173968137652162,0.0
google__logic7__gin__seed123,google,logic7,gin,123,gradinput,P01_checkpoint_rerun,0.2,fixed_current_machine_q,93,93,0,66,0,47,0,0.1567629179331306,0.1567629179331306,0.0,0.9546910462550432,0.9546910462550432,0.0,0.1779281173598083,0.1779281173598083,0.0,0.173968137652162,0.173968137652162,0.0
google__logic7__gin__seed123,google,logic7,gin,123,gradinput,P01_checkpoint_rerun,0.2,recalibrated,93,93,0,66,0,47,0,0.1567629179331306,0.1567629179331306,0.0,0.9546910462550432,0.9546910462550432,0.0,0.1779281173598083,0.1779281173598083,0.0,0.173968137652162,0.173968137652162,0.0
google__logic7__gin__seed123,google,logic7,gin,123,atom_occlusion,P20_frozen_cache,0.05,fixed_historical_q,80,80,0,66,0,47,0,0.0365501519756838,0.0365501519756838,0.0,0.8178888897732962,0.8178888897732962,0.0,0.230332965730008,0.230332965730008,0.0,0.2280954294993225,0.2280954294993225,0.0
google__logic7__gin__seed123,google,logic7,gin,123,atom_occlusion,P20_frozen_cache,0.05,fixed_current_machine_q,80,80,0,66,0,47,0,0.0365501519756838,0.0365501519756838,0.0,0.8178888897732962,0.8178888897732962,0.0,0.230332965730008,0.230332965730008,0.0,0.2280954294993225,0.2280954294993225,0.0
google__logic7__gin__seed123,google,logic7,gin,123,atom_occlusion,P20_frozen_cache,0.05,recalibrated,80,80,0,66,0,47,0,0.0365501519756838,0.0365501519756838,0.0,0.8178888897732962,0.8178888897732962,0.0,0.230332965730008,0.230332965730008,0.0,0.2280954294993225,0.2280954294993225,0.0
google__logic7__gin__seed123,google,logic7,gin,123,atom_occlusion,P20_frozen_cache,0.1,fixed_historical_q,69,69,0,66,0,47,0,0.0828267477203647,0.0828267477203647,0.0,0.717833072059164,0.717833072059164,0.0,0.2476143294197111,0.2476143294197111,0.0,0.2432986931241328,0.2432986931241328,0.0
google__logic7__gin__seed123,google,logic7,gin,123,atom_occlusion,P20_frozen_cache,0.1,fixed_current_machine_q,69,69,0,66,0,47,0,0.0828267477203647,0.0828267477203647,0.0,0.717833072059164,0.717833072059164,0.0,0.2476143294197111,0.2476143294197111,0.0,0.2432986931241328,0.2432986931241328,0.0
google__logic7__gin__seed123,google,logic7,gin,123,atom_occlusion,P20_frozen_cache,0.1,recalibrated,69,69,0,66,0,47,0,0.0828267477203647,0.0828267477203647,0.0,0.717833072059164,0.717833072059164,0.0,0.2476143294197111,0.2476143294197111,0.0,0.2432986931241328,0.2432986931241328,0.0
google__logic7__gin__seed123,google,logic7,gin,123,atom_occlusion,P20_frozen_cache,0.2,fixed_historical_q,49,49,0,66,0,47,0,0.1872593718338399,0.1872593718338399,0.0,0.510210892088468,0.510210892088468,0.0,0.30274453678709,0.30274453678709,0.0,0.2854971860291009,0.2854971860291009,0.0
google__logic7__gin__seed123,google,logic7,gin,123,atom_occlusion,P20_frozen_cache,0.2,fixed_current_machine_q,49,49,0,66,0,47,0,0.1872593718338399,0.1872593718338399,0.0,0.510210892088468,0.510210892088468,0.0,0.30274453678709,0.30274453678709,0.0,0.2854971860291009,0.2854971860291009,0.0
google__logic7__gin__seed123,google,logic7,gin,123,atom_occlusion,P20_frozen_cache,0.2,recalibrated,49,49,0,66,0,47,0,0.1872593718338399,0.1872593718338399,0.0,0.510210892088468,0.510210892088468,0.0,0.30274453678709,0.30274453678709,0.0,0.2854971860291009,0.2854971860291009,0.0
google__logic7__gin__seed123,google,logic7,gin,123,saliency,P20_frozen_cache,0.05,fixed_historical_q,96,96,0,66,0,47,0,0.0106382978723404,0.0106382978723404,0.0,0.9948936170212768,0.9948936170212768,0.0,0.1960719192005153,0.1960719192005153,0.0,0.1958236922501607,0.1958236922501607,0.0
google__logic7__gin__seed123,google,logic7,gin,123,saliency,P20_frozen_cache,0.05,fixed_current_machine_q,96,96,0,66,0,47,0,0.0106382978723404,0.0106382978723404,0.0,0.9948936170212768,0.9948936170212768,0.0,0.1960719192005153,0.1960719192005153,0.0,0.1958236922501607,0.1958236922501607,0.0
google__logic7__gin__seed123,google,logic7,gin,123,saliency,P20_frozen_cache,0.05,recalibrated,96,96,0,66,0,47,0,0.0106382978723404,0.0106382978723404,0.0,0.9948936170212768,0.9948936170212768,0.0,0.1960719192005153,0.1960719192005153,0.0,0.1958236922501607,0.1958236922501607,0.0
google__logic7__gin__seed123,google,logic7,gin,123,saliency,P20_frozen_cache,0.1,fixed_historical_q,94,94,0,66,0,47,0,0.0652482269503546,0.0652482269503546,0.0,0.9573506207231284,0.9573506207231284,0.0,0.1930927265954531,0.1930927265954531,0.0,0.1913282691220359,0.1913282691220359,0.0
google__logic7__gin__seed123,google,logic7,gin,123,saliency,P20_frozen_cache,0.1,fixed_current_machine_q,94,94,0,66,0,47,0,0.0652482269503546,0.0652482269503546,0.0,0.9573506207231284,0.9573506207231284,0.0,0.1930927265954531,0.1930927265954531,0.0,0.1913282691220359,0.1913282691220359,0.0
google__logic7__gin__seed123,google,logic7,gin,123,saliency,P20_frozen_cache,0.1,recalibrated,94,94,0,66,0,47,0,0.0652482269503546,0.0652482269503546,0.0,0.9573506207231284,0.9573506207231284,0.0,0.1930927265954531,0.1930927265954531,0.0,0.1913282691220359,0.1913282691220359,0.0
google__logic7__gin__seed123,google,logic7,gin,123,saliency,P20_frozen_cache,0.2,fixed_historical_q,88,88,0,66,0,47,0,0.1296099290780142,0.1296099290780142,0.0,0.9054155271605432,0.9054155271605432,0.0,0.1891058765210665,0.1891058765210665,0.0,0.1844463873135654,0.1844463873135654,0.0
google__logic7__gin__seed123,google,logic7,gin,123,saliency,P20_frozen_cache,0.2,fixed_current_machine_q,88,88,0,66,0,47,0,0.1296099290780142,0.1296099290780142,0.0,0.9054155271605432,0.9054155271605432,0.0,0.1891058765210665,0.1891058765210665,0.0,0.1844463873135654,0.1844463873135654,0.0
google__logic7__gin__seed123,google,logic7,gin,123,saliency,P20_frozen_cache,0.2,recalibrated,88,88,0,66,0,47,0,0.1296099290780142,0.1296099290780142,0.0,0.9054155271605432,0.9054155271605432,0.0,0.1891058765210665,0.1891058765210665,0.0,0.1844463873135654,0.1844463873135654,0.0
google__logic7__gin__seed2026,google,logic7,gin,2026,ig,P01_checkpoint_rerun,0.05,fixed_historical_q,96,96,0,66,0,47,0,0.0042553191489361,0.0042553191489361,0.0,0.9948936170212768,0.9948936170212768,0.0,0.1969584440232103,0.1969584440232103,0.0,0.1968166000515791,0.1968166000515791,0.0
google__logic7__gin__seed2026,google,logic7,gin,2026,ig,P01_checkpoint_rerun,0.05,fixed_current_machine_q,96,96,0,66,0,47,0,0.0042553191489361,0.0042553191489361,0.0,0.9948936170212768,0.9948936170212768,0.0,0.1969584440232103,0.1969584440232103,0.0,0.1968166000515791,0.1968166000515791,0.0
google__logic7__gin__seed2026,google,logic7,gin,2026,ig,P01_checkpoint_rerun,0.05,recalibrated,96,96,0,66,0,47,0,0.0042553191489361,0.0042553191489361,0.0,0.9948936170212768,0.9948936170212768,0.0,0.1969584440232103,0.1969584440232103,0.0,0.1968166000515791,0.1968166000515791,0.0
google__logic7__gin__seed2026,google,logic7,gin,2026,ig,P01_checkpoint_rerun,0.1,fixed_historical_q,92,92,0,66,0,47,0,0.0960992907801418,0.0960992907801418,0.0,0.948064906437414,0.948064906437414,0.0,0.1905303458598408,0.1905303458598408,0.0,0.1882794534360421,0.1882794534360421,0.0
google__logic7__gin__seed2026,google,logic7,gin,2026,ig,P01_checkpoint_rerun,0.1,fixed_current_machine_q,92,92,0,66,0,47,0,0.0960992907801418,0.0960992907801418,0.0,0.948064906437414,0.948064906437414,0.0,0.1905303458598408,0.1905303458598408,0.0,0.1882794534360421,0.1882794534360421,0.0
google__logic7__gin__seed2026,google,logic7,gin,2026,ig,P01_checkpoint_rerun,0.1,recalibrated,92,92,0,66,0,47,0,0.0960992907801418,0.0960992907801418,0.0,0.948064906437414,0.948064906437414,0.0,0.1905303458598408,0.1905303458598408,0.0,0.1882794534360421,0.1882794534360421,0.0
google__logic7__gin__seed2026,google,logic7,gin,2026,ig,P01_checkpoint_rerun,0.2,fixed_historical_q,81,81,0,66,0,47,0,0.1986068895643363,0.1986068895643363,0.0,0.8333296192565789,0.8333296192565789,0.0,0.193709845037162,0.193709845037162,0.0,0.1870580858408893,0.1870580858408893,0.0
google__logic7__gin__seed2026,google,logic7,gin,2026,ig,P01_checkpoint_rerun,0.2,fixed_current_machine_q,81,81,0,66,0,47,0,0.1986068895643363,0.1986068895643363,0.0,0.8333296192565789,0.8333296192565789,0.0,0.193709845037162,0.193709845037162,0.0,0.1870580858408893,0.1870580858408893,0.0
google__logic7__gin__seed2026,google,logic7,gin,2026,ig,P01_checkpoint_rerun,0.2,recalibrated,81,81,0,66,0,47,0,0.1986068895643363,0.1986068895643363,0.0,0.8333296192565789,0.8333296192565789,0.0,0.193709845037162,0.193709845037162,0.0,0.1870580858408893,0.1870580858408893,0.0
google__logic7__gin__seed2026,google,logic7,gin,2026,gradinput,P01_checkpoint_rerun,0.05,fixed_historical_q,95,95,0,66,0,47,0,0.0556737588652482,0.0556737588652482,0.0,0.9619616476647002,0.9619616476647002,0.0,0.1954510699197993,0.1954510699197993,0.0,0.1944087523691318,0.1944087523691318,0.0
google__logic7__gin__seed2026,google,logic7,gin,2026,gradinput,P01_checkpoint_rerun,0.05,fixed_current_machine_q,95,95,0,66,0,47,0,0.0556737588652482,0.0556737588652482,0.0,0.9619616476647002,0.9619616476647002,0.0,0.1954510699197993,0.1954510699197993,0.0,0.1944087523691318,0.1944087523691318,0.0
google__logic7__gin__seed2026,google,logic7,gin,2026,gradinput,P01_checkpoint_rerun,0.05,recalibrated,95,95,0,66,0,47,0,0.0556737588652482,0.0556737588652482,0.0,0.9619616476647002,0.9619616476647002,0.0,0.1954510699197993,0.1954510699197993,0.0,0.1944087523691318,0.1944087523691318,0.0
google__logic7__gin__seed2026,google,logic7,gin,2026,gradinput,P01_checkpoint_rerun,0.1,fixed_historical_q,89,89,0,66,0,47,0,0.1067629179331307,0.1067629179331307,0.0,0.911773474594836,0.911773474594836,0.0,0.1949044262389677,0.1949044262389677,0.0,0.1917775759447127,0.1917775759447127,0.0
google__logic7__gin__seed2026,google,logic7,gin,2026,gradinput,P01_checkpoint_rerun,0.1,fixed_current_machine_q,89,89,0,66,0,47,0,0.1067629179331307,0.1067629179331307,0.0,0.911773474594836,0.911773474594836,0.0,0.1949044262389677,0.1949044262389677,0.0,0.1917775759447127,0.1917775759447127,0.0
google__logic7__gin__seed2026,google,logic7,gin,2026,gradinput,P01_checkpoint_rerun,0.1,recalibrated,89,89,0,66,0,47,0,0.1067629179331307,0.1067629179331307,0.0,0.911773474594836,0.911773474594836,0.0,0.1949044262389677,0.1949044262389677,0.0,0.1917775759447127,0.1917775759447127,0.0
google__logic7__gin__seed2026,google,logic7,gin,2026,gradinput,P01_checkpoint_rerun,0.2,fixed_historical_q,79,79,0,66,0,47,0,0.1695542046605876,0.1695542046605876,0.0,0.813456265659821,0.813456265659821,0.0,0.2018343802045469,0.2018343802045469,0.0,0.1950786862172805,0.1950786862172805,0.0
google__logic7__gin__seed2026,google,logic7,gin,2026,gradinput,P01_checkpoint_rerun,0.2,fixed_current_machine_q,79,79,0,66,0,47,0,0.1695542046605876,0.1695542046605876,0.0,0.813456265659821,0.813456265659821,0.0,0.2018343802045469,0.2018343802045469,0.0,0.1950786862172805,0.1950786862172805,0.0
google__logic7__gin__seed2026,google,logic7,gin,2026,gradinput,P01_checkpoint_rerun,0.2,recalibrated,79,79,0,66,0,47,0,0.1695542046605876,0.1695542046605876,0.0,0.813456265659821,0.813456265659821,0.0,0.2018343802045469,0.2018343802045469,0.0,0.1950786862172805,0.1950786862172805,0.0
google__logic7__gin__seed2026,google,logic7,gin,2026,atom_occlusion,P20_frozen_cache,0.05,fixed_historical_q,96,96,0,66,0,47,0,0.0042553191489361,0.0042553191489361,0.0,0.9948936170212768,0.9948936170212768,0.0,0.1969584440232103,0.1969584440232103,0.0,0.1968166000515791,0.1968166000515791,0.0
google__logic7__gin__seed2026,google,logic7,gin,2026,atom_occlusion,P20_frozen_cache,0.05,fixed_current_machine_q,96,96,0,66,0,47,0,0.0042553191489361,0.0042553191489361,0.0,0.9948936170212768,0.9948936170212768,0.0,0.1969584440232103,0.1969584440232103,0.0,0.1968166000515791,0.1968166000515791,0.0
google__logic7__gin__seed2026,google,logic7,gin,2026,atom_occlusion,P20_frozen_cache,0.05,recalibrated,96,96,0,66,0,47,0,0.0042553191489361,0.0042553191489361,0.0,0.9948936170212768,0.9948936170212768,0.0,0.1969584440232103,0.1969584440232103,0.0,0.1968166000515791,0.1968166000515791,0.0
google__logic7__gin__seed2026,google,logic7,gin,2026,atom_occlusion,P20_frozen_cache,0.1,fixed_historical_q,88,88,0,66,0,47,0,0.0886524822695035,0.0886524822695035,0.0,0.9054155271605432,0.9054155271605432,0.0,0.2002828356823482,0.2002828356823482,0.0,0.1980347331606628,0.1980347331606628,0.0
google__logic7__gin__seed2026,google,logic7,gin,2026,atom_occlusion,P20_frozen_cache,0.1,fixed_current_machine_q,88,88,0,66,0,47,0,0.0886524822695035,0.0886524822695035,0.0,0.9054155271605432,0.9054155271605432,0.0,0.2002828356823482,0.2002828356823482,0.0,0.1980347331606628,0.1980347331606628,0.0
google__logic7__gin__seed2026,google,logic7,gin,2026,atom_occlusion,P20_frozen_cache,0.1,recalibrated,88,88,0,66,0,47,0,0.0886524822695035,0.0886524822695035,0.0,0.9054155271605432,0.9054155271605432,0.0,0.2002828356823482,0.2002828356823482,0.0,0.1980347331606628,0.1980347331606628,0.0
google__logic7__gin__seed2026,google,logic7,gin,2026,atom_occlusion,P20_frozen_cache,0.2,fixed_historical_q,77,77,0,66,0,47,0,0.1794579533941236,0.1794579533941236,0.0,0.7904120475963715,0.7904120475963715,0.0,0.2059832692869053,0.2059832692869053,0.0,0.1986131294361977,0.1986131294361977,0.0
google__logic7__gin__seed2026,google,logic7,gin,2026,atom_occlusion,P20_frozen_cache,0.2,fixed_current_machine_q,77,77,0,66,0,47,0,0.1794579533941236,0.1794579533941236,0.0,0.7904120475963715,0.7904120475963715,0.0,0.2059832692869053,0.2059832692869053,0.0,0.1986131294361977,0.1986131294361977,0.0
google__logic7__gin__seed2026,google,logic7,gin,2026,atom_occlusion,P20_frozen_cache,0.2,recalibrated,77,77,0,66,0,47,0,0.1794579533941236,0.1794579533941236,0.0,0.7904120475963715,0.7904120475963715,0.0,0.2059832692869053,0.2059832692869053,0.0,0.1986131294361977,0.1986131294361977,0.0
google__logic7__gin__seed2026,google,logic7,gin,2026,saliency,P20_frozen_cache,0.05,fixed_historical_q,96,96,0,66,0,47,0,0.0148936170212765,0.0148936170212765,0.0,0.9948936170212768,0.9948936170212768,0.0,0.1951853943778202,0.1951853943778202,0.0,0.1947953234558344,0.1947953234558344,0.0
google__logic7__gin__seed2026,google,logic7,gin,2026,saliency,P20_frozen_cache,0.05,fixed_current_machine_q,96,96,0,66,0,47,0,0.0148936170212765,0.0148936170212765,0.0,0.9948936170212768,0.9948936170212768,0.0,0.1951853943778202,0.1951853943778202,0.0,0.1947953234558344,0.1947953234558344,0.0
google__logic7__gin__seed2026,google,logic7,gin,2026,saliency,P20_frozen_cache,0.05,recalibrated,96,96,0,66,0,47,0,0.0148936170212765,0.0148936170212765,0.0,0.9948936170212768,0.9948936170212768,0.0,0.1951853943778202,0.1951853943778202,0.0,0.1947953234558344,0.1947953234558344,0.0
google__logic7__gin__seed2026,google,logic7,gin,2026,saliency,P20_frozen_cache,0.1,fixed_historical_q,92,92,0,66,0,47,0,0.0982269503546099,0.0982269503546099,0.0,0.948064906437414,0.948064906437414,0.0,0.1910290987339528,0.1910290987339528,0.0,0.1889031604475394,0.1889031604475394,0.0
google__logic7__gin__seed2026,google,logic7,gin,2026,saliency,P20_frozen_cache,0.1,fixed_current_machine_q,92,92,0,66,0,47,0,0.0982269503546099,0.0982269503546099,0.0,0.948064906437414,0.948064906437414,0.0,0.1910290987339528,0.1910290987339528,0.0,0.1889031604475394,0.1889031604475394,0.0
google__logic7__gin__seed2026,google,logic7,gin,2026,saliency,P20_frozen_cache,0.1,recalibrated,92,92,0,66,0,47,0,0.0982269503546099,0.0982269503546099,0.0,0.948064906437414,0.948064906437414,0.0,0.1910290987339528,0.1910290987339528,0.0,0.1889031604475394,0.1889031604475394,0.0
google__logic7__gin__seed2026,google,logic7,gin,2026,saliency,P20_frozen_cache,0.2,fixed_historical_q,85,85,0,66,0,47,0,0.2101570415400202,0.2101570415400202,0.0,0.868304226496976,0.868304226496976,0.0,0.1826368743567873,0.1826368743567873,0.0,0.1764555724448739,0.1764555724448739,0.0
google__logic7__gin__seed2026,google,logic7,gin,2026,saliency,P20_frozen_cache,0.2,fixed_current_machine_q,85,85,0,66,0,47,0,0.2101570415400202,0.2101570415400202,0.0,0.868304226496976,0.868304226496976,0.0,0.1826368743567873,0.1826368743567873,0.0,0.1764555724448739,0.1764555724448739,0.0
google__logic7__gin__seed2026,google,logic7,gin,2026,saliency,P20_frozen_cache,0.2,recalibrated,85,85,0,66,0,47,0,0.2101570415400202,0.2101570415400202,0.0,0.868304226496976,0.868304226496976,0.0,0.1826368743567873,0.1826368743567873,0.0,0.1764555724448739,0.1764555724448739,0.0
google__logic7__gin__seed42,google,logic7,gin,42,ig,P01_checkpoint_rerun,0.05,fixed_historical_q,91,91,0,66,0,47,0,0.0306737588652482,0.0306737588652482,0.0,0.9390069354229212,0.9390069354229212,0.0,0.203557054735301,0.203557054735301,0.0,0.2025519595118893,0.2025519595118893,0.0
google__logic7__gin__seed42,google,logic7,gin,42,ig,P01_checkpoint_rerun,0.05,fixed_current_machine_q,91,91,0,66,0,47,0,0.0306737588652482,0.0306737588652482,0.0,0.9390069354229212,0.9390069354229212,0.0,0.203557054735301,0.203557054735301,0.0,0.2025519595118893,0.2025519595118893,0.0
google__logic7__gin__seed42,google,logic7,gin,42,ig,P01_checkpoint_rerun,0.05,recalibrated,91,91,0,66,0,47,0,0.0306737588652482,0.0306737588652482,0.0,0.9390069354229212,0.9390069354229212,0.0,0.203557054735301,0.203557054735301,0.0,0.2025519595118893,0.2025519595118893,0.0
google__logic7__gin__seed42,google,logic7,gin,42,ig,P01_checkpoint_rerun,0.1,fixed_historical_q,74,74,0,66,0,47,0,0.0916919959473151,0.0916919959473151,0.0,0.766627555075959,0.766627555075959,0.0,0.2326523265213075,0.2326523265213075,0.0,0.2278632556685715,0.2278632556685715,0.0
google__logic7__gin__seed42,google,logic7,gin,42,ig,P01_checkpoint_rerun,0.1,fixed_current_machine_q,74,74,0,66,0,47,0,0.0916919959473151,0.0916919959473151,0.0,0.766627555075959,0.766627555075959,0.0,0.2326523265213075,0.2326523265213075,0.0,0.2278632556685715,0.2278632556685715,0.0
google__logic7__gin__seed42,google,logic7,gin,42,ig,P01_checkpoint_rerun,0.1,recalibrated,74,74,0,66,0,47,0,0.0916919959473151,0.0916919959473151,0.0,0.766627555075959,0.766627555075959,0.0,0.2326523265213075,0.2326523265213075,0.0,0.2278632556685715,0.2278632556685715,0.0
google__logic7__gin__seed42,google,logic7,gin,42,ig,P01_checkpoint_rerun,0.2,fixed_historical_q,53,53,0,66,0,47,0,0.1511144883485309,0.1511144883485309,0.0,0.5570396026723303,0.5570396026723303,0.0,0.2990265644520963,0.2990265644520963,0.0,0.2865808888649939,0.2865808888649939,0.0
google__logic7__gin__seed42,google,logic7,gin,42,ig,P01_checkpoint_rerun,0.2,fixed_current_machine_q,53,53,0,66,0,47,0,0.1511144883485309,0.1511144883485309,0.0,0.5570396026723303,0.5570396026723303,0.0,0.2990265644520963,0.2990265644520963,0.0,0.2865808888649939,0.2865808888649939,0.0
google__logic7__gin__seed42,google,logic7,gin,42,ig,P01_checkpoint_rerun,0.2,recalibrated,53,53,0,66,0,47,0,0.1511144883485309,0.1511144883485309,0.0,0.5570396026723303,0.5570396026723303,0.0,0.2990265644520963,0.2990265644520963,0.0,0.2865808888649939,0.2865808888649939,0.0
google__logic7__gin__seed42,google,logic7,gin,42,gradinput,P01_checkpoint_rerun,0.05,fixed_historical_q,96,96,0,66,0,47,0,0.0166666666666666,0.0166666666666666,0.0,0.9948936170212768,0.9948936170212768,0.0,0.1942988695551252,0.1942988695551252,0.0,0.1936960326756926,0.1936960326756926,0.0
google__logic7__gin__seed42,google,logic7,gin,42,gradinput,P01_checkpoint_rerun,0.05,fixed_current_machine_q,96,96,0,66,0,47,0,0.0166666666666666,0.0166666666666666,0.0,0.9948936170212768,0.9948936170212768,0.0,0.1942988695551252,0.1942988695551252,0.0,0.1936960326756926,0.1936960326756926,0.0
google__logic7__gin__seed42,google,logic7,gin,42,gradinput,P01_checkpoint_rerun,0.05,recalibrated,96,96,0,66,0,47,0,0.0166666666666666,0.0166666666666666,0.0,0.9948936170212768,0.9948936170212768,0.0,0.1942988695551252,0.1942988695551252,0.0,0.1936960326756926,0.1936960326756926,0.0
google__logic7__gin__seed42,google,logic7,gin,42,gradinput,P01_checkpoint_rerun,0.1,fixed_historical_q,93,93,0,66,0,47,0,0.0727203647416413,0.0727203647416413,0.0,0.9546910462550432,0.9546910462550432,0.0,0.1909843366651147,0.1909843366651147,0.0,0.188422025293644,0.188422025293644,0.0
google__logic7__gin__seed42,google,logic7,gin,42,gradinput,P01_checkpoint_rerun,0.1,fixed_current_machine_q,93,93,0,66,0,47,0,0.0727203647416413,0.0727203647416413,0.0,0.9546910462550432,0.9546910462550432,0.0,0.1909843366651147,0.1909843366651147,0.0,0.188422025293644,0.188422025293644,0.0
google__logic7__gin__seed42,google,logic7,gin,42,gradinput,P01_checkpoint_rerun,0.1,recalibrated,93,93,0,66,0,47,0,0.0727203647416413,0.0727203647416413,0.0,0.9546910462550432,0.9546910462550432,0.0,0.1909843366651147,0.1909843366651147,0.0,0.188422025293644,0.188422025293644,0.0
google__logic7__gin__seed42,google,logic7,gin,42,gradinput,P01_checkpoint_rerun,0.2,fixed_historical_q,89,89,0,66,0,47,0,0.1674265450861195,0.1674265450861195,0.0,0.911773474594836,0.911773474594836,0.0,0.1792366484626618,0.1792366484626618,0.0,0.1739468363095437,0.1739468363095437,0.0
google__logic7__gin__seed42,google,logic7,gin,42,gradinput,P01_checkpoint_rerun,0.2,fixed_current_machine_q,89,89,0,66,0,47,0,0.1674265450861195,0.1674265450861195,0.0,0.911773474594836,0.911773474594836,0.0,0.1792366484626618,0.1792366484626618,0.0,0.1739468363095437,0.1739468363095437,0.0
google__logic7__gin__seed42,google,logic7,gin,42,gradinput,P01_checkpoint_rerun,0.2,recalibrated,89,89,0,66,0,47,0,0.1674265450861195,0.1674265450861195,0.0,0.911773474594836,0.911773474594836,0.0,0.1792366484626618,0.1792366484626618,0.0,0.1739468363095437,0.1739468363095437,0.0
google__logic7__gin__seed42,google,logic7,gin,42,atom_occlusion,P20_frozen_cache,0.05,fixed_historical_q,93,93,0,66,0,47,0,0.04080547112462,0.04080547112462,0.0,0.9546910462550432,0.9546910462550432,0.0,0.197935048003211,0.197935048003211,0.0,0.1965455283851992,0.1965455283851992,0.0
google__logic7__gin__seed42,google,logic7,gin,42,atom_occlusion,P20_frozen_cache,0.05,fixed_current_machine_q,93,93,0,66,0,47,0,0.04080547112462,0.04080547112462,0.0,0.9546910462550432,0.9546910462550432,0.0,0.197935048003211,0.197935048003211,0.0,0.1965455283851992,0.1965455283851992,0.0
google__logic7__gin__seed42,google,logic7,gin,42,atom_occlusion,P20_frozen_cache,0.05,recalibrated,93,93,0,66,0,47,0,0.04080547112462,0.04080547112462,0.0,0.9546910462550432,0.9546910462550432,0.0,0.197935048003211,0.197935048003211,0.0,0.1965455283851992,0.1965455283851992,0.0
google__logic7__gin__seed42,google,logic7,gin,42,atom_occlusion,P20_frozen_cache,0.1,fixed_historical_q,89,89,0,66,0,47,0,0.0796352583586626,0.0796352583586626,0.0,0.911773474594836,0.911773474594836,0.0,0.1976618268487681,0.1976618268487681,0.0,0.1944517824977667,0.1944517824977667,0.0
google__logic7__gin__seed42,google,logic7,gin,42,atom_occlusion,P20_frozen_cache,0.1,fixed_current_machine_q,89,89,0,66,0,47,0,0.0796352583586626,0.0796352583586626,0.0,0.911773474594836,0.911773474594836,0.0,0.1976618268487681,0.1976618268487681,0.0,0.1944517824977667,0.1944517824977667,0.0
google__logic7__gin__seed42,google,logic7,gin,42,atom_occlusion,P20_frozen_cache,0.1,recalibrated,89,89,0,66,0,47,0,0.0796352583586626,0.0796352583586626,0.0,0.911773474594836,0.911773474594836,0.0,0.1976618268487681,0.1976618268487681,0.0,0.1944517824977667,0.1944517824977667,0.0
google__logic7__gin__seed42,google,logic7,gin,42,atom_occlusion,P20_frozen_cache,0.2,fixed_historical_q,79,79,0,66,0,47,0,0.1892350557244174,0.1892350557244174,0.0,0.813456265659821,0.813456265659821,0.0,0.1911474073650478,0.1911474073650478,0.0,0.1837116839677606,0.1837116839677606,0.0
google__logic7__gin__seed42,google,logic7,gin,42,atom_occlusion,P20_frozen_cache,0.2,fixed_current_machine_q,79,79,0,66,0,47,0,0.1892350557244174,0.1892350557244174,0.0,0.813456265659821,0.813456265659821,0.0,0.1911474073650478,0.1911474073650478,0.0,0.1837116839677606,0.1837116839677606,0.0
google__logic7__gin__seed42,google,logic7,gin,42,atom_occlusion,P20_frozen_cache,0.2,recalibrated,79,79,0,66,0,47,0,0.1892350557244174,0.1892350557244174,0.0,0.813456265659821,0.813456265659821,0.0,0.1911474073650478,0.1911474073650478,0.0,0.1837116839677606,0.1837116839677606,0.0
google__logic7__gin__seed42,google,logic7,gin,42,saliency,P20_frozen_cache,0.05,fixed_historical_q,96,96,0,66,0,47,0,0.0141843971631205,0.0141843971631205,0.0,0.9948936170212768,0.9948936170212768,0.0,0.1951853943778203,0.1951853943778203,0.0,0.1947598624629266,0.1947598624629266,0.0
google__logic7__gin__seed42,google,logic7,gin,42,saliency,P20_frozen_cache,0.05,fixed_current_machine_q,96,96,0,66,0,47,0,0.0141843971631205,0.0141843971631205,0.0,0.9948936170212768,0.9948936170212768,0.0,0.1951853943778203,0.1951853943778203,0.0,0.1947598624629266,0.1947598624629266,0.0
google__logic7__gin__seed42,google,logic7,gin,42,saliency,P20_frozen_cache,0.05,recalibrated,96,96,0,66,0,47,0,0.0141843971631205,0.0141843971631205,0.0,0.9948936170212768,0.9948936170212768,0.0,0.1951853943778203,0.1951853943778203,0.0,0.1947598624629266,0.1947598624629266,0.0
google__logic7__gin__seed42,google,logic7,gin,42,saliency,P20_frozen_cache,0.1,fixed_historical_q,96,96,0,66,0,47,0,0.0141843971631205,0.0141843971631205,0.0,0.9948936170212768,0.9948936170212768,0.0,0.1951853943778203,0.1951853943778203,0.0,0.1947598624629266,0.1947598624629266,0.0
google__logic7__gin__seed42,google,logic7,gin,42,saliency,P20_frozen_cache,0.1,fixed_current_machine_q,96,96,0,66,0,47,0,0.0141843971631205,0.0141843971631205,0.0,0.9948936170212768,0.9948936170212768,0.0,0.1951853943778203,0.1951853943778203,0.0,0.1947598624629266,0.1947598624629266,0.0
google__logic7__gin__seed42,google,logic7,gin,42,saliency,P20_frozen_cache,0.1,recalibrated,96,96,0,66,0,47,0,0.0141843971631205,0.0141843971631205,0.0,0.9948936170212768,0.9948936170212768,0.0,0.1951853943778203,0.1951853943778203,0.0,0.1947598624629266,0.1947598624629266,0.0
google__logic7__gin__seed42,google,logic7,gin,42,saliency,P20_frozen_cache,0.2,fixed_historical_q,90,90,0,66,0,47,0,0.1423758865248226,0.1423758865248226,0.0,0.915132937080838,0.915132937080838,0.0,0.1853570567657183,0.1853570567657183,0.0,0.1810563431696971,0.1810563431696971,0.0
google__logic7__gin__seed42,google,logic7,gin,42,saliency,P20_frozen_cache,0.2,fixed_current_machine_q,90,90,0,66,0,47,0,0.1423758865248226,0.1423758865248226,0.0,0.915132937080838,0.915132937080838,0.0,0.1853570567657183,0.1853570567657183,0.0,0.1810563431696971,0.1810563431696971,0.0
google__logic7__gin__seed42,google,logic7,gin,42,saliency,P20_frozen_cache,0.2,recalibrated,90,90,0,66,0,47,0,0.1423758865248226,0.1423758865248226,0.0,0.915132937080838,0.915132937080838,0.0,0.1853570567657183,0.1853570567657183,0.0,0.1810563431696971,0.1810563431696971,0.0
google__logic8__gcn__seed123,google,logic8,gcn,123,ig,P01_checkpoint_rerun,0.05,fixed_historical_q,93,93,0,269,0,184,0,0.0333031400966183,0.0333031400966183,0.0,0.9552677229464128,0.9552677229464128,0.0,0.309111922139928,0.309111922139928,0.0,0.3061141604898555,0.3061141604898555,0.0
google__logic8__gcn__seed123,google,logic8,gcn,123,ig,P01_checkpoint_rerun,0.05,fixed_current_machine_q,93,93,0,269,0,184,0,0.0333031400966183,0.0333031400966183,0.0,0.9552677229464128,0.9552677229464128,0.0,0.309111922139928,0.309111922139928,0.0,0.3061141604898555,0.3061141604898555,0.0
google__logic8__gcn__seed123,google,logic8,gcn,123,ig,P01_checkpoint_rerun,0.05,recalibrated,93,93,0,269,0,184,0,0.0333031400966183,0.0333031400966183,0.0,0.9552677229464128,0.9552677229464128,0.0,0.309111922139928,0.309111922139928,0.0,0.3061141604898555,0.3061141604898555,0.0
google__logic8__gcn__seed123,google,logic8,gcn,123,ig,P01_checkpoint_rerun,0.1,fixed_historical_q,84,84,0,269,0,184,0,0.0846281134324611,0.0846281134324611,0.0,0.8602399673880893,0.8602399673880893,0.0,0.3234493928423545,0.3234493928423545,0.0,0.3137801346905505,0.3137801346905505,0.0
google__logic8__gcn__seed123,google,logic8,gcn,123,ig,P01_checkpoint_rerun,0.1,fixed_current_machine_q,84,84,0,269,0,184,0,0.0846281134324611,0.0846281134324611,0.0,0.8602399673880893,0.8602399673880893,0.0,0.3234493928423545,0.3234493928423545,0.0,0.3137801346905505,0.3137801346905505,0.0
google__logic8__gcn__seed123,google,logic8,gcn,123,ig,P01_checkpoint_rerun,0.1,recalibrated,84,84,0,269,0,184,0,0.0846281134324611,0.0846281134324611,0.0,0.8602399673880893,0.8602399673880893,0.0,0.3234493928423545,0.3234493928423545,0.0,0.3137801346905505,0.3137801346905505,0.0
google__logic8__gcn__seed123,google,logic8,gcn,123,ig,P01_checkpoint_rerun,0.2,fixed_historical_q,66,66,0,269,0,184,0,0.1731046881862097,0.1731046881862097,0.0,0.6815097985819879,0.6815097985819879,0.0,0.3671355028532138,0.3671355028532138,0.0,0.3418298403737644,0.3418298403737644,0.0
google__logic8__gcn__seed123,google,logic8,gcn,123,ig,P01_checkpoint_rerun,0.2,fixed_current_machine_q,66,66,0,269,0,184,0,0.1731046881862097,0.1731046881862097,0.0,0.6815097985819879,0.6815097985819879,0.0,0.3671355028532138,0.3671355028532138,0.0,0.3418298403737644,0.3418298403737644,0.0
google__logic8__gcn__seed123,google,logic8,gcn,123,ig,P01_checkpoint_rerun,0.2,recalibrated,66,66,0,269,0,184,0,0.1731046881862097,0.1731046881862097,0.0,0.6815097985819879,0.6815097985819879,0.0,0.3671355028532138,0.3671355028532138,0.0,0.3418298403737644,0.3418298403737644,0.0
google__logic8__gcn__seed123,google,logic8,gcn,123,gradinput,P01_checkpoint_rerun,0.05,fixed_historical_q,93,93,0,269,0,184,0,0.039359236777715,0.039359236777715,0.0,0.9552677229464128,0.9552677229464128,0.0,0.3066069272236478,0.3066069272236478,0.0,0.3026306220862823,0.3026306220862823,0.0
google__logic8__gcn__seed123,google,logic8,gcn,123,gradinput,P01_checkpoint_rerun,0.05,fixed_current_machine_q,93,93,0,269,0,184,0,0.039359236777715,0.039359236777715,0.0,0.9552677229464128,0.9552677229464128,0.0,0.3066069272236478,0.3066069272236478,0.0,0.3026306220862823,0.3026306220862823,0.0
google__logic8__gcn__seed123,google,logic8,gcn,123,gradinput,P01_checkpoint_rerun,0.05,recalibrated,93,93,0,269,0,184,0,0.039359236777715,0.039359236777715,0.0,0.9552677229464128,0.9552677229464128,0.0,0.3066069272236478,0.3066069272236478,0.0,0.3026306220862823,0.3026306220862823,0.0
google__logic8__gcn__seed123,google,logic8,gcn,123,gradinput,P01_checkpoint_rerun,0.1,fixed_historical_q,88,88,0,269,0,184,0,0.095029291360813,0.095029291360813,0.0,0.9024191886597196,0.9024191886597196,0.0,0.3067597209488363,0.3067597209488363,0.0,0.298180784375458,0.298180784375458,0.0
google__logic8__gcn__seed123,google,logic8,gcn,123,gradinput,P01_checkpoint_rerun,0.1,fixed_current_machine_q,88,88,0,269,0,184,0,0.095029291360813,0.095029291360813,0.0,0.9024191886597196,0.9024191886597196,0.0,0.3067597209488363,0.3067597209488363,0.0,0.298180784375458,0.298180784375458,0.0
google__logic8__gcn__seed123,google,logic8,gcn,123,gradinput,P01_checkpoint_rerun,0.1,recalibrated,88,88,0,269,0,184,0,0.095029291360813,0.095029291360813,0.0,0.9024191886597196,0.9024191886597196,0.0,0.3067597209488363,0.3067597209488363,0.0,0.298180784375458,0.298180784375458,0.0
google__logic8__gcn__seed123,google,logic8,gcn,123,gradinput,P01_checkpoint_rerun,0.2,fixed_historical_q,78,78,0,269,0,184,0,0.1738771645021643,0.1738771645021643,0.0,0.8022864282947143,0.8022864282947143,0.0,0.315575368670082,0.315575368670082,0.0,0.2985226124987605,0.2985226124987605,0.0
google__logic8__gcn__seed123,google,logic8,gcn,123,gradinput,P01_checkpoint_rerun,0.2,fixed_current_machine_q,78,78,0,269,0,184,0,0.1738771645021643,0.1738771645021643,0.0,0.8022864282947143,0.8022864282947143,0.0,0.315575368670082,0.315575368670082,0.0,0.2985226124987605,0.2985226124987605,0.0
google__logic8__gcn__seed123,google,logic8,gcn,123,gradinput,P01_checkpoint_rerun,0.2,recalibrated,78,78,0,269,0,184,0,0.1738771645021643,0.1738771645021643,0.0,0.8022864282947143,0.8022864282947143,0.0,0.315575368670082,0.315575368670082,0.0,0.2985226124987605,0.2985226124987605,0.0
google__logic8__gcn__seed123,google,logic8,gcn,123,atom_occlusion,P20_frozen_cache,0.05,fixed_historical_q,71,71,0,269,0,184,0,0.0458909749670619,0.0458909749670619,0.0,0.7345103773821358,0.7345103773821358,0.0,0.3926707656686875,0.3926707656686875,0.0,0.384650435064143,0.384650435064143,0.0
google__logic8__gcn__seed123,google,logic8,gcn,123,atom_occlusion,P20_frozen_cache,0.05,fixed_current_machine_q,71,71,0,269,0,184,0,0.0458909749670619,0.0458909749670619,0.0,0.7345103773821358,0.7345103773821358,0.0,0.3926707656686875,0.3926707656686875,0.0,0.384650435064143,0.384650435064143,0.0
google__logic8__gcn__seed123,google,logic8,gcn,123,atom_occlusion,P20_frozen_cache,0.05,recalibrated,71,71,0,269,0,184,0,0.0458909749670619,0.0458909749670619,0.0,0.7345103773821358,0.7345103773821358,0.0,0.3926707656686875,0.3926707656686875,0.0,0.384650435064143,0.384650435064143,0.0
google__logic8__gcn__seed123,google,logic8,gcn,123,atom_occlusion,P20_frozen_cache,0.1,fixed_historical_q,59,59,0,269,0,184,0,0.1004603488299139,0.1004603488299139,0.0,0.6105970266924211,0.6105970266924211,0.0,0.4408397309212531,0.4408397309212531,0.0,0.4191807358588305,0.4191807358588305,0.0
google__logic8__gcn__seed123,google,logic8,gcn,123,atom_occlusion,P20_frozen_cache,0.1,fixed_current_machine_q,59,59,0,269,0,184,0,0.1004603488299139,0.1004603488299139,0.0,0.6105970266924211,0.6105970266924211,0.0,0.4408397309212531,0.4408397309212531,0.0,0.4191807358588305,0.4191807358588305,0.0
google__logic8__gcn__seed123,google,logic8,gcn,123,atom_occlusion,P20_frozen_cache,0.1,recalibrated,59,59,0,269,0,184,0,0.1004603488299139,0.1004603488299139,0.0,0.6105970266924211,0.6105970266924211,0.0,0.4408397309212531,0.4408397309212531,0.0,0.4191807358588305,0.4191807358588305,0.0
google__logic8__gcn__seed123,google,logic8,gcn,123,atom_occlusion,P20_frozen_cache,0.2,fixed_historical_q,45,45,0,269,0,184,0,0.1993228088336783,0.1993228088336783,0.0,0.4700484177804256,0.4700484177804256,0.0,0.5055202647593953,0.5055202647593953,0.0,0.4516550651267638,0.4516550651267638,0.0
google__logic8__gcn__seed123,google,logic8,gcn,123,atom_occlusion,P20_frozen_cache,0.2,fixed_current_machine_q,45,45,0,269,0,184,0,0.1993228088336783,0.1993228088336783,0.0,0.4700484177804256,0.4700484177804256,0.0,0.5055202647593953,0.5055202647593953,0.0,0.4516550651267638,0.4516550651267638,0.0
google__logic8__gcn__seed123,google,logic8,gcn,123,atom_occlusion,P20_frozen_cache,0.2,recalibrated,45,45,0,269,0,184,0,0.1993228088336783,0.1993228088336783,0.0,0.4700484177804256,0.4700484177804256,0.0,0.5055202647593953,0.5055202647593953,0.0,0.4516550651267638,0.4516550651267638,0.0
google__logic8__gcn__seed123,google,logic8,gcn,123,saliency,P20_frozen_cache,0.05,fixed_historical_q,86,86,0,269,0,184,0,0.0463183857205596,0.0463183857205596,0.0,0.8816677529892152,0.8816677529892152,0.0,0.3285207905606009,0.3285207905606009,0.0,0.3232434558959962,0.3232434558959962,0.0
google__logic8__gcn__seed123,google,logic8,gcn,123,saliency,P20_frozen_cache,0.05,fixed_current_machine_q,86,86,0,269,0,184,0,0.0463183857205596,0.0463183857205596,0.0,0.8816677529892152,0.8816677529892152,0.0,0.3285207905606009,0.3285207905606009,0.0,0.3232434558959962,0.3232434558959962,0.0
google__logic8__gcn__seed123,google,logic8,gcn,123,saliency,P20_frozen_cache,0.05,recalibrated,86,86,0,269,0,184,0,0.0463183857205596,0.0463183857205596,0.0,0.8816677529892152,0.8816677529892152,0.0,0.3285207905606009,0.3285207905606009,0.0,0.3232434558959962,0.3232434558959962,0.0
google__logic8__gcn__seed123,google,logic8,gcn,123,saliency,P20_frozen_cache,0.1,fixed_historical_q,72,72,0,269,0,184,0,0.1028912965054268,0.1028912965054268,0.0,0.7399451599908313,0.7399451599908313,0.0,0.3652173762228111,0.3652173762228111,0.0,0.3513026943713694,0.3513026943713694,0.0
google__logic8__gcn__seed123,google,logic8,gcn,123,saliency,P20_frozen_cache,0.1,fixed_current_machine_q,72,72,0,269,0,184,0,0.1028912965054268,0.1028912965054268,0.0,0.7399451599908313,0.7399451599908313,0.0,0.3652173762228111,0.3652173762228111,0.0,0.3513026943713694,0.3513026943713694,0.0
google__logic8__gcn__seed123,google,logic8,gcn,123,saliency,P20_frozen_cache,0.1,recalibrated,72,72,0,269,0,184,0,0.1028912965054268,0.1028912965054268,0.0,0.7399451599908313,0.7399451599908313,0.0,0.3652173762228111,0.3652173762228111,0.0,0.3513026943713694,0.3513026943713694,0.0
google__logic8__gcn__seed123,google,logic8,gcn,123,saliency,P20_frozen_cache,0.2,fixed_historical_q,53,53,0,269,0,184,0,0.2002264492753623,0.2002264492753623,0.0,0.5568200503767443,0.5568200503767443,0.0,0.429120381430164,0.429120381430164,0.0,0.3921028777608109,0.3921028777608109,0.0
google__logic8__gcn__seed123,google,logic8,gcn,123,saliency,P20_frozen_cache,0.2,fixed_current_machine_q,53,53,0,269,0,184,0,0.2002264492753623,0.2002264492753623,0.0,0.5568200503767443,0.5568200503767443,0.0,0.429120381430164,0.429120381430164,0.0,0.3921028777608109,0.3921028777608109,0.0
google__logic8__gcn__seed123,google,logic8,gcn,123,saliency,P20_frozen_cache,0.2,recalibrated,53,53,0,269,0,184,0,0.2002264492753623,0.2002264492753623,0.0,0.5568200503767443,0.5568200503767443,0.0,0.429120381430164,0.429120381430164,0.0,0.3921028777608109,0.3921028777608109,0.0
google__logic8__gcn__seed2026,google,logic8,gcn,2026,ig,P01_checkpoint_rerun,0.05,fixed_historical_q,95,95,0,269,0,184,0,0.0531489193173975,0.0531489193173975,0.0,0.9635620995261828,0.9635620995261828,0.0,0.300847444957621,0.300847444957621,0.0,0.2967687449747199,0.2967687449747199,0.0
google__logic8__gcn__seed2026,google,logic8,gcn,2026,ig,P01_checkpoint_rerun,0.05,fixed_current_machine_q,95,95,0,269,0,184,0,0.0531489193173975,0.0531489193173975,0.0,0.9635620995261828,0.9635620995261828,0.0,0.300847444957621,0.300847444957621,0.0,0.2967687449747199,0.2967687449747199,0.0
google__logic8__gcn__seed2026,google,logic8,gcn,2026,ig,P01_checkpoint_rerun,0.05,recalibrated,95,95,0,269,0,184,0,0.0531489193173975,0.0531489193173975,0.0,0.9635620995261828,0.9635620995261828,0.0,0.300847444957621,0.300847444957621,0.0,0.2967687449747199,0.2967687449747199,0.0
google__logic8__gcn__seed2026,google,logic8,gcn,2026,ig,P01_checkpoint_rerun,0.1,fixed_historical_q,91,91,0,269,0,184,0,0.0917946938327372,0.0917946938327372,0.0,0.932932748532043,0.932932748532043,0.0,0.298370174223003,0.298370174223003,0.0,0.2908402062775291,0.2908402062775291,0.0
google__logic8__gcn__seed2026,google,logic8,gcn,2026,ig,P01_checkpoint_rerun,0.1,fixed_current_machine_q,91,91,0,269,0,184,0,0.0917946938327372,0.0917946938327372,0.0,0.932932748532043,0.932932748532043,0.0,0.298370174223003,0.298370174223003,0.0,0.2908402062775291,0.2908402062775291,0.0
google__logic8__gcn__seed2026,google,logic8,gcn,2026,ig,P01_checkpoint_rerun,0.1,recalibrated,91,91,0,269,0,184,0,0.0917946938327372,0.0917946938327372,0.0,0.932932748532043,0.932932748532043,0.0,0.298370174223003,0.298370174223003,0.0,0.2908402062775291,0.2908402062775291,0.0
google__logic8__gcn__seed2026,google,logic8,gcn,2026,ig,P01_checkpoint_rerun,0.2,fixed_historical_q,83,83,0,269,0,184,0,0.2031824455737498,0.2031824455737498,0.0,0.8514839287407462,0.8514839287407462,0.0,0.2864390110364501,0.2864390110364501,0.0,0.2680672185481022,0.2680672185481022,0.0
google__logic8__gcn__seed2026,google,logic8,gcn,2026,ig,P01_checkpoint_rerun,0.2,fixed_current_machine_q,83,83,0,269,0,184,0,0.2031824455737498,0.2031824455737498,0.0,0.8514839287407462,0.8514839287407462,0.0,0.2864390110364501,0.2864390110364501,0.0,0.2680672185481022,0.2680672185481022,0.0
google__logic8__gcn__seed2026,google,logic8,gcn,2026,ig,P01_checkpoint_rerun,0.2,recalibrated,83,83,0,269,0,184,0,0.2031824455737498,0.2031824455737498,0.0,0.8514839287407462,0.8514839287407462,0.0,0.2864390110364501,0.2864390110364501,0.0,0.2680672185481022,0.2680672185481022,0.0
google__logic8__gcn__seed2026,google,logic8,gcn,2026,gradinput,P01_checkpoint_rerun,0.05,fixed_historical_q,95,95,0,269,0,184,0,0.0337042788129744,0.0337042788129744,0.0,0.9635620995261828,0.9635620995261828,0.0,0.3061101156186351,0.3061101156186351,0.0,0.3032331630765995,0.3032331630765995,0.0
google__logic8__gcn__seed2026,google,logic8,gcn,2026,gradinput,P01_checkpoint_rerun,0.05,fixed_current_machine_q,95,95,0,269,0,184,0,0.0337042788129744,0.0337042788129744,0.0,0.9635620995261828,0.9635620995261828,0.0,0.3061101156186351,0.3061101156186351,0.0,0.3032331630765995,0.3032331630765995,0.0
google__logic8__gcn__seed2026,google,logic8,gcn,2026,gradinput,P01_checkpoint_rerun,0.05,recalibrated,95,95,0,269,0,184,0,0.0337042788129744,0.0337042788129744,0.0,0.9635620995261828,0.9635620995261828,0.0,0.3061101156186351,0.3061101156186351,0.0,0.3032331630765995,0.3032331630765995,0.0
google__logic8__gcn__seed2026,google,logic8,gcn,2026,gradinput,P01_checkpoint_rerun,0.1,fixed_historical_q,89,89,0,269,0,184,0,0.0817811264822133,0.0817811264822133,0.0,0.9154662190660856,0.9154662190660856,0.0,0.3058428315912298,0.3058428315912298,0.0,0.2981185568666108,0.2981185568666108,0.0
google__logic8__gcn__seed2026,google,logic8,gcn,2026,gradinput,P01_checkpoint_rerun,0.1,fixed_current_machine_q,89,89,0,269,0,184,0,0.0817811264822133,0.0817811264822133,0.0,0.9154662190660856,0.9154662190660856,0.0,0.3058428315912298,0.3058428315912298,0.0,0.2981185568666108,0.2981185568666108,0.0
google__logic8__gcn__seed2026,google,logic8,gcn,2026,gradinput,P01_checkpoint_rerun,0.1,recalibrated,89,89,0,269,0,184,0,0.0817811264822133,0.0817811264822133,0.0,0.9154662190660856,0.9154662190660856,0.0,0.3058428315912298,0.3058428315912298,0.0,0.2981185568666108,0.2981185568666108,0.0
google__logic8__gcn__seed2026,google,logic8,gcn,2026,gradinput,P01_checkpoint_rerun,0.2,fixed_historical_q,76,76,0,269,0,184,0,0.1707143249262812,0.1707143249262812,0.0,0.7782340988395715,0.7782340988395715,0.0,0.3247251122135443,0.3247251122135443,0.0,0.3055721876779793,0.3055721876779793,0.0
google__logic8__gcn__seed2026,google,logic8,gcn,2026,gradinput,P01_checkpoint_rerun,0.2,fixed_current_machine_q,76,76,0,269,0,184,0,0.1707143249262812,0.1707143249262812,0.0,0.7782340988395715,0.7782340988395715,0.0,0.3247251122135443,0.3247251122135443,0.0,0.3055721876779793,0.3055721876779793,0.0
google__logic8__gcn__seed2026,google,logic8,gcn,2026,gradinput,P01_checkpoint_rerun,0.2,recalibrated,76,76,0,269,0,184,0,0.1707143249262812,0.1707143249262812,0.0,0.7782340988395715,0.7782340988395715,0.0,0.3247251122135443,0.3247251122135443,0.0,0.3055721876779793,0.3055721876779793,0.0
google__logic8__gcn__seed2026,google,logic8,gcn,2026,atom_occlusion,P20_frozen_cache,0.05,fixed_historical_q,84,84,0,269,0,184,0,0.038415404040404,0.038415404040404,0.0,0.8602399673880893,0.8602399673880893,0.0,0.3400475579547883,0.3400475579547883,0.0,0.3352068718457309,0.3352068718457309,0.0
google__logic8__gcn__seed2026,google,logic8,gcn,2026,atom_occlusion,P20_frozen_cache,0.05,fixed_current_machine_q,84,84,0,269,0,184,0,0.038415404040404,0.038415404040404,0.0,0.8602399673880893,0.8602399673880893,0.0,0.3400475579547883,0.3400475579547883,0.0,0.3352068718457309,0.3352068718457309,0.0
google__logic8__gcn__seed2026,google,logic8,gcn,2026,atom_occlusion,P20_frozen_cache,0.05,recalibrated,84,84,0,269,0,184,0,0.038415404040404,0.038415404040404,0.0,0.8602399673880893,0.8602399673880893,0.0,0.3400475579547883,0.3400475579547883,0.0,0.3352068718457309,0.3352068718457309,0.0
google__logic8__gcn__seed2026,google,logic8,gcn,2026,atom_occlusion,P20_frozen_cache,0.1,fixed_historical_q,69,69,0,269,0,184,0,0.0831504093732354,0.0831504093732354,0.0,0.7146994560672671,0.7146994560672671,0.0,0.3878924907857132,0.3878924907857132,0.0,0.3749150648681513,0.3749150648681513,0.0
google__logic8__gcn__seed2026,google,logic8,gcn,2026,atom_occlusion,P20_frozen_cache,0.1,fixed_current_machine_q,69,69,0,269,0,184,0,0.0831504093732354,0.0831504093732354,0.0,0.7146994560672671,0.7146994560672671,0.0,0.3878924907857132,0.3878924907857132,0.0,0.3749150648681513,0.3749150648681513,0.0
google__logic8__gcn__seed2026,google,logic8,gcn,2026,atom_occlusion,P20_frozen_cache,0.1,recalibrated,69,69,0,269,0,184,0,0.0831504093732354,0.0831504093732354,0.0,0.7146994560672671,0.7146994560672671,0.0,0.3878924907857132,0.3878924907857132,0.0,0.3749150648681513,0.3749150648681513,0.0
google__logic8__gcn__seed2026,google,logic8,gcn,2026,atom_occlusion,P20_frozen_cache,0.2,fixed_historical_q,48,48,0,269,0,184,0,0.1781879352531525,0.1781879352531525,0.0,0.5039744192858895,0.5039744192858895,0.0,0.4865567554426249,0.4865567554426249,0.0,0.4438747731027142,0.4438747731027142,0.0
google__logic8__gcn__seed2026,google,logic8,gcn,2026,atom_occlusion,P20_frozen_cache,0.2,fixed_current_machine_q,48,48,0,269,0,184,0,0.1781879352531525,0.1781879352531525,0.0,0.5039744192858895,0.5039744192858895,0.0,0.4865567554426249,0.4865567554426249,0.0,0.4438747731027142,0.4438747731027142,0.0
google__logic8__gcn__seed2026,google,logic8,gcn,2026,atom_occlusion,P20_frozen_cache,0.2,recalibrated,48,48,0,269,0,184,0,0.1781879352531525,0.1781879352531525,0.0,0.5039744192858895,0.5039744192858895,0.0,0.4865567554426249,0.4865567554426249,0.0,0.4438747731027142,0.4438747731027142,0.0
google__logic8__gcn__seed2026,google,logic8,gcn,2026,saliency,P20_frozen_cache,0.05,fixed_historical_q,85,85,0,269,0,184,0,0.0394553061672626,0.0394553061672626,0.0,0.8710699269022583,0.8710699269022583,0.0,0.3344719563286583,0.3344719563286583,0.0,0.3293196045653789,0.3293196045653789,0.0
google__logic8__gcn__seed2026,google,logic8,gcn,2026,saliency,P20_frozen_cache,0.05,fixed_current_machine_q,85,85,0,269,0,184,0,0.0394553061672626,0.0394553061672626,0.0,0.8710699269022583,0.8710699269022583,0.0,0.3344719563286583,0.3344719563286583,0.0,0.3293196045653789,0.3293196045653789,0.0
google__logic8__gcn__seed2026,google,logic8,gcn,2026,saliency,P20_frozen_cache,0.05,recalibrated,85,85,0,269,0,184,0,0.0394553061672626,0.0394553061672626,0.0,0.8710699269022583,0.8710699269022583,0.0,0.3344719563286583,0.3344719563286583,0.0,0.3293196045653789,0.3293196045653789,0.0
google__logic8__gcn__seed2026,google,logic8,gcn,2026,saliency,P20_frozen_cache,0.1,fixed_historical_q,70,70,0,269,21,184,19,0.0924761983185895,0.0954717987326682,0.0029956004140786,0.7254790474588618,0.720316003980601,-0.0051630434782607,0.3770631848437155,0.3785383401232186,0.001475155279503,0.364374292764638,0.3652385424500193,0.0008642496853812
google__logic8__gcn__seed2026,google,logic8,gcn,2026,saliency,P20_frozen_cache,0.1,fixed_current_machine_q,70,70,0,269,21,184,19,0.0924761983185895,0.0954717987326682,0.0029956004140786,0.7254790474588618,0.720316003980601,-0.0051630434782607,0.3770631848437155,0.3785383401232186,0.001475155279503,0.364374292764638,0.3652385424500193,0.0008642496853812
google__logic8__gcn__seed2026,google,logic8,gcn,2026,saliency,P20_frozen_cache,0.1,recalibrated,70,71,1,269,51,184,37,0.0924761983185895,0.0882814950749732,-0.0041947032436162,0.7254790474588618,0.7345103773821358,0.0090313299232739,0.3770631848437155,0.3743266666020821,-0.0027365182416334,0.364374292764638,0.3620671496116542,-0.0023071431529837
google__logic8__gcn__seed2026,google,logic8,gcn,2026,saliency,P20_frozen_cache,0.2,fixed_historical_q,57,57,0,269,0,184,0,0.1861887508626638,0.1861887508626638,0.0,0.5939617684701389,0.5939617684701389,0.0,0.4118381316750881,0.4118381316750881,0.0,0.3810163461390913,0.3810163461390913,0.0
google__logic8__gcn__seed2026,google,logic8,gcn,2026,saliency,P20_frozen_cache,0.2,fixed_current_machine_q,57,57,0,269,0,184,0,0.1861887508626638,0.1861887508626638,0.0,0.5939617684701389,0.5939617684701389,0.0,0.4118381316750881,0.4118381316750881,0.0,0.3810163461390913,0.3810163461390913,0.0
google__logic8__gcn__seed2026,google,logic8,gcn,2026,saliency,P20_frozen_cache,0.2,recalibrated,57,57,0,269,0,184,0,0.1861887508626638,0.1861887508626638,0.0,0.5939617684701389,0.5939617684701389,0.0,0.4118381316750881,0.4118381316750881,0.0,0.3810163461390913,0.3810163461390913,0.0
google__logic8__gcn__seed42,google,logic8,gcn,42,ig,P01_checkpoint_rerun,0.05,fixed_historical_q,96,96,0,269,0,184,0,0.0272541015747537,0.0272541015747537,0.0,0.9913043478260868,0.9913043478260868,0.0,0.3006255786403414,0.3006255786403414,0.0,0.2989498540026601,0.2989498540026601,0.0
google__logic8__gcn__seed42,google,logic8,gcn,42,ig,P01_checkpoint_rerun,0.05,fixed_current_machine_q,96,96,0,269,0,184,0,0.0272541015747537,0.0272541015747537,0.0,0.9913043478260868,0.9913043478260868,0.0,0.3006255786403414,0.3006255786403414,0.0,0.2989498540026601,0.2989498540026601,0.0
google__logic8__gcn__seed42,google,logic8,gcn,42,ig,P01_checkpoint_rerun,0.05,recalibrated,96,96,0,269,0,184,0,0.0272541015747537,0.0272541015747537,0.0,0.9913043478260868,0.9913043478260868,0.0,0.3006255786403414,0.3006255786403414,0.0,0.2989498540026601,0.2989498540026601,0.0
google__logic8__gcn__seed42,google,logic8,gcn,42,ig,P01_checkpoint_rerun,0.1,fixed_historical_q,96,96,0,269,0,184,0,0.0272541015747537,0.0272541015747537,0.0,0.9913043478260868,0.9913043478260868,0.0,0.3006255786403414,0.3006255786403414,0.0,0.2989498540026601,0.2989498540026601,0.0
google__logic8__gcn__seed42,google,logic8,gcn,42,ig,P01_checkpoint_rerun,0.1,fixed_current_machine_q,96,96,0,269,0,184,0,0.0272541015747537,0.0272541015747537,0.0,0.9913043478260868,0.9913043478260868,0.0,0.3006255786403414,0.3006255786403414,0.0,0.2989498540026601,0.2989498540026601,0.0
google__logic8__gcn__seed42,google,logic8,gcn,42,ig,P01_checkpoint_rerun,0.1,recalibrated,96,96,0,269,0,184,0,0.0272541015747537,0.0272541015747537,0.0,0.9913043478260868,0.9913043478260868,0.0,0.3006255786403414,0.3006255786403414,0.0,0.2989498540026601,0.2989498540026601,0.0
google__logic8__gcn__seed42,google,logic8,gcn,42,ig,P01_checkpoint_rerun,0.2,fixed_historical_q,89,89,0,269,0,184,0,0.1819689519417779,0.1819689519417779,0.0,0.9154662190660856,0.9154662190660856,0.0,0.2748072531582693,0.2748072531582693,0.0,0.2601988730373031,0.2601988730373031,0.0
google__logic8__gcn__seed42,google,logic8,gcn,42,ig,P01_checkpoint_rerun,0.2,fixed_current_machine_q,89,89,0,269,0,184,0,0.1819689519417779,0.1819689519417779,0.0,0.9154662190660856,0.9154662190660856,0.0,0.2748072531582693,0.2748072531582693,0.0,0.2601988730373031,0.2601988730373031,0.0
google__logic8__gcn__seed42,google,logic8,gcn,42,ig,P01_checkpoint_rerun,0.2,recalibrated,89,89,0,269,0,184,0,0.1819689519417779,0.1819689519417779,0.0,0.9154662190660856,0.9154662190660856,0.0,0.2748072531582693,0.2748072531582693,0.0,0.2601988730373031,0.2601988730373031,0.0
google__logic8__gcn__seed42,google,logic8,gcn,42,gradinput,P01_checkpoint_rerun,0.05,fixed_historical_q,96,96,0,269,0,184,0,0.0137638026224982,0.0137638026224982,0.0,0.9913043478260868,0.9913043478260868,0.0,0.3042487670461384,0.3042487670461384,0.0,0.3034335496548341,0.3034335496548341,0.0
google__logic8__gcn__seed42,google,logic8,gcn,42,gradinput,P01_checkpoint_rerun,0.05,fixed_current_machine_q,96,96,0,269,0,184,0,0.0137638026224982,0.0137638026224982,0.0,0.9913043478260868,0.9913043478260868,0.0,0.3042487670461384,0.3042487670461384,0.0,0.3034335496548341,0.3034335496548341,0.0
google__logic8__gcn__seed42,google,logic8,gcn,42,gradinput,P01_checkpoint_rerun,0.05,recalibrated,96,96,0,269,0,184,0,0.0137638026224982,0.0137638026224982,0.0,0.9913043478260868,0.9913043478260868,0.0,0.3042487670461384,0.3042487670461384,0.0,0.3034335496548341,0.3034335496548341,0.0
google__logic8__gcn__seed42,google,logic8,gcn,42,gradinput,P01_checkpoint_rerun,0.1,fixed_historical_q,91,91,0,269,0,184,0,0.0812198067632849,0.0812198067632849,0.0,0.932932748532043,0.932932748532043,0.0,0.3017496749071508,0.3017496749071508,0.0,0.2953173607787082,0.2953173607787082,0.0
google__logic8__gcn__seed42,google,logic8,gcn,42,gradinput,P01_checkpoint_rerun,0.1,fixed_current_machine_q,91,91,0,269,0,184,0,0.0812198067632849,0.0812198067632849,0.0,0.932932748532043,0.932932748532043,0.0,0.3017496749071508,0.3017496749071508,0.0,0.2953173607787082,0.2953173607787082,0.0
google__logic8__gcn__seed42,google,logic8,gcn,42,gradinput,P01_checkpoint_rerun,0.1,recalibrated,91,91,0,269,0,184,0,0.0812198067632849,0.0812198067632849,0.0,0.932932748532043,0.932932748532043,0.0,0.3017496749071508,0.3017496749071508,0.0,0.2953173607787082,0.2953173607787082,0.0
google__logic8__gcn__seed42,google,logic8,gcn,42,gradinput,P01_checkpoint_rerun,0.2,fixed_historical_q,81,81,0,269,0,184,0,0.1705145398080178,0.1705145398080178,0.0,0.8370997138716053,0.8370997138716053,0.0,0.303987857094559,0.303987857094559,0.0,0.2889090046747756,0.2889090046747756,0.0
google__logic8__gcn__seed42,google,logic8,gcn,42,gradinput,P01_checkpoint_rerun,0.2,fixed_current_machine_q,81,81,0,269,0,184,0,0.1705145398080178,0.1705145398080178,0.0,0.8370997138716053,0.8370997138716053,0.0,0.303987857094559,0.303987857094559,0.0,0.2889090046747756,0.2889090046747756,0.0
google__logic8__gcn__seed42,google,logic8,gcn,42,gradinput,P01_checkpoint_rerun,0.2,recalibrated,81,81,0,269,0,184,0,0.1705145398080178,0.1705145398080178,0.0,0.8370997138716053,0.8370997138716053,0.0,0.303987857094559,0.303987857094559,0.0,0.2889090046747756,0.2889090046747756,0.0
google__logic8__gcn__seed42,google,logic8,gcn,42,atom_occlusion,P20_frozen_cache,0.05,fixed_historical_q,79,79,0,269,0,184,0,0.0435313931237844,0.0435313931237844,0.0,0.8099775606624956,0.8099775606624956,0.0,0.3583520497072961,0.3583520497072961,0.0,0.3522100112388174,0.3522100112388174,0.0
google__logic8__gcn__seed42,google,logic8,gcn,42,atom_occlusion,P20_frozen_cache,0.05,fixed_current_machine_q,79,79,0,269,0,184,0,0.0435313931237844,0.0435313931237844,0.0,0.8099775606624956,0.8099775606624956,0.0,0.3583520497072961,0.3583520497072961,0.0,0.3522100112388174,0.3522100112388174,0.0
google__logic8__gcn__seed42,google,logic8,gcn,42,atom_occlusion,P20_frozen_cache,0.05,recalibrated,79,79,0,269,0,184,0,0.0435313931237844,0.0435313931237844,0.0,0.8099775606624956,0.8099775606624956,0.0,0.3583520497072961,0.3583520497072961,0.0,0.3522100112388174,0.3522100112388174,0.0
google__logic8__gcn__seed42,google,logic8,gcn,42,atom_occlusion,P20_frozen_cache,0.1,fixed_historical_q,65,65,0,269,0,184,0,0.0865989083380387,0.0865989083380387,0.0,0.6711482673910617,0.6711482673910617,0.0,0.40892042562439,0.40892042562439,0.0,0.3929735167111499,0.3929735167111499,0.0
google__logic8__gcn__seed42,google,logic8,gcn,42,atom_occlusion,P20_frozen_cache,0.1,fixed_current_machine_q,65,65,0,269,0,184,0,0.0865989083380387,0.0865989083380387,0.0,0.6711482673910617,0.6711482673910617,0.0,0.40892042562439,0.40892042562439,0.0,0.3929735167111499,0.3929735167111499,0.0
google__logic8__gcn__seed42,google,logic8,gcn,42,atom_occlusion,P20_frozen_cache,0.1,recalibrated,65,65,0,269,0,184,0,0.0865989083380387,0.0865989083380387,0.0,0.6711482673910617,0.6711482673910617,0.0,0.40892042562439,0.40892042562439,0.0,0.3929735167111499,0.3929735167111499,0.0
google__logic8__gcn__seed42,google,logic8,gcn,42,atom_occlusion,P20_frozen_cache,0.2,fixed_historical_q,48,48,0,269,0,184,0,0.1876380262249827,0.1876380262249827,0.0,0.5039744192858895,0.5039744192858895,0.0,0.4800618765292678,0.4800618765292678,0.0,0.4362914636458349,0.4362914636458349,0.0
google__logic8__gcn__seed42,google,logic8,gcn,42,atom_occlusion,P20_frozen_cache,0.2,fixed_current_machine_q,48,48,0,269,0,184,0,0.1876380262249827,0.1876380262249827,0.0,0.5039744192858895,0.5039744192858895,0.0,0.4800618765292678,0.4800618765292678,0.0,0.4362914636458349,0.4362914636458349,0.0
google__logic8__gcn__seed42,google,logic8,gcn,42,atom_occlusion,P20_frozen_cache,0.2,recalibrated,48,48,0,269,0,184,0,0.1876380262249827,0.1876380262249827,0.0,0.5039744192858895,0.5039744192858895,0.0,0.4800618765292678,0.4800618765292678,0.0,0.4362914636458349,0.4362914636458349,0.0
google__logic8__gcn__seed42,google,logic8,gcn,42,saliency,P20_frozen_cache,0.05,fixed_historical_q,80,80,0,269,0,184,0,0.0430684955141476,0.0430684955141476,0.0,0.816771038923365,0.816771038923365,0.0,0.3550979010445292,0.3550979010445292,0.0,0.3492300850962047,0.3492300850962047,0.0
google__logic8__gcn__seed42,google,logic8,gcn,42,saliency,P20_frozen_cache,0.05,fixed_current_machine_q,80,80,0,269,0,184,0,0.0430684955141476,0.0430684955141476,0.0,0.816771038923365,0.816771038923365,0.0,0.3550979010445292,0.3550979010445292,0.0,0.3492300850962047,0.3492300850962047,0.0
google__logic8__gcn__seed42,google,logic8,gcn,42,saliency,P20_frozen_cache,0.05,recalibrated,80,80,0,269,0,184,0,0.0430684955141476,0.0430684955141476,0.0,0.816771038923365,0.816771038923365,0.0,0.3550979010445292,0.3550979010445292,0.0,0.3492300850962047,0.3492300850962047,0.0
google__logic8__gcn__seed42,google,logic8,gcn,42,saliency,P20_frozen_cache,0.1,fixed_historical_q,65,65,0,269,0,184,0,0.0921552481335089,0.0921552481335089,0.0,0.6711482673910617,0.6711482673910617,0.0,0.4070024768674067,0.4070024768674067,0.0,0.3914503040025068,0.3914503040025068,0.0
google__logic8__gcn__seed42,google,logic8,gcn,42,saliency,P20_frozen_cache,0.1,fixed_current_machine_q,65,65,0,269,0,184,0,0.0921552481335089,0.0921552481335089,0.0,0.6711482673910617,0.6711482673910617,0.0,0.4070024768674067,0.4070024768674067,0.0,0.3914503040025068,0.3914503040025068,0.0
google__logic8__gcn__seed42,google,logic8,gcn,42,saliency,P20_frozen_cache,0.1,recalibrated,65,65,0,269,0,184,0,0.0921552481335089,0.0921552481335089,0.0,0.6711482673910617,0.6711482673910617,0.0,0.4070024768674067,0.4070024768674067,0.0,0.3914503040025068,0.3914503040025068,0.0
google__logic8__gcn__seed42,google,logic8,gcn,42,saliency,P20_frozen_cache,0.2,fixed_historical_q,48,48,0,269,0,184,0,0.2017772837066314,0.2017772837066314,0.0,0.5039744192858895,0.5039744192858895,0.0,0.4749941182006402,0.4749941182006402,0.0,0.4310956613186473,0.4310956613186473,0.0
google__logic8__gcn__seed42,google,logic8,gcn,42,saliency,P20_frozen_cache,0.2,fixed_current_machine_q,48,48,0,269,0,184,0,0.2017772837066314,0.2017772837066314,0.0,0.5039744192858895,0.5039744192858895,0.0,0.4749941182006402,0.4749941182006402,0.0,0.4310956613186473,0.4310956613186473,0.0
google__logic8__gcn__seed42,google,logic8,gcn,42,saliency,P20_frozen_cache,0.2,recalibrated,48,48,0,269,0,184,0,0.2017772837066314,0.2017772837066314,0.0,0.5039744192858895,0.5039744192858895,0.0,0.4749941182006402,0.4749941182006402,0.0,0.4310956613186473,0.4310956613186473,0.0
google__logic8__gin__seed123,google,logic8,gin,123,ig,P01_checkpoint_rerun,0.05,fixed_historical_q,89,89,0,269,0,184,0,0.0394129572118702,0.0394129572118702,0.0,0.9154662190660856,0.9154662190660856,0.0,0.3200512972780109,0.3200512972780109,0.0,0.3163001557303212,0.3163001557303212,0.0
google__logic8__gin__seed123,google,logic8,gin,123,ig,P01_checkpoint_rerun,0.05,fixed_current_machine_q,89,89,0,269,0,184,0,0.0394129572118702,0.0394129572118702,0.0,0.9154662190660856,0.9154662190660856,0.0,0.3200512972780109,0.3200512972780109,0.0,0.3163001557303212,0.3163001557303212,0.0
google__logic8__gin__seed123,google,logic8,gin,123,ig,P01_checkpoint_rerun,0.05,recalibrated,89,89,0,269,0,184,0,0.0394129572118702,0.0394129572118702,0.0,0.9154662190660856,0.9154662190660856,0.0,0.3200512972780109,0.3200512972780109,0.0,0.3163001557303212,0.3163001557303212,0.0
google__logic8__gin__seed123,google,logic8,gin,123,ig,P01_checkpoint_rerun,0.1,fixed_historical_q,85,85,0,269,0,184,0,0.0939964473931864,0.0939964473931864,0.0,0.8710699269022583,0.8710699269022583,0.0,0.3171126144499075,0.3171126144499075,0.0,0.3073827029358781,0.3073827029358781,0.0
google__logic8__gin__seed123,google,logic8,gin,123,ig,P01_checkpoint_rerun,0.1,fixed_current_machine_q,85,85,0,269,0,184,0,0.0939964473931864,0.0939964473931864,0.0,0.8710699269022583,0.8710699269022583,0.0,0.3171126144499075,0.3171126144499075,0.0,0.3073827029358781,0.3073827029358781,0.0
google__logic8__gin__seed123,google,logic8,gin,123,ig,P01_checkpoint_rerun,0.1,recalibrated,85,85,0,269,0,184,0,0.0939964473931864,0.0939964473931864,0.0,0.8710699269022583,0.8710699269022583,0.0,0.3171126144499075,0.3171126144499075,0.0,0.3073827029358781,0.3073827029358781,0.0
google__logic8__gin__seed123,google,logic8,gin,123,ig,P01_checkpoint_rerun,0.2,fixed_historical_q,77,77,0,269,0,184,0,0.1950861487546269,0.1950861487546269,0.0,0.7942440479697253,0.7942440479697253,0.0,0.3102742192401383,0.3102742192401383,0.0,0.2896874441763886,0.2896874441763886,0.0
google__logic8__gin__seed123,google,logic8,gin,123,ig,P01_checkpoint_rerun,0.2,fixed_current_machine_q,77,77,0,269,0,184,0,0.1950861487546269,0.1950861487546269,0.0,0.7942440479697253,0.7942440479697253,0.0,0.3102742192401383,0.3102742192401383,0.0,0.2896874441763886,0.2896874441763886,0.0
google__logic8__gin__seed123,google,logic8,gin,123,ig,P01_checkpoint_rerun,0.2,recalibrated,77,77,0,269,0,184,0,0.1950861487546269,0.1950861487546269,0.0,0.7942440479697253,0.7942440479697253,0.0,0.3102742192401383,0.3102742192401383,0.0,0.2896874441763886,0.2896874441763886,0.0
google__logic8__gin__seed123,google,logic8,gin,123,gradinput,P01_checkpoint_rerun,0.05,fixed_historical_q,96,96,0,269,0,184,0,0.0218389249639249,0.0218389249639249,0.0,0.9913043478260868,0.9913043478260868,0.0,0.3015313757417907,0.3015313757417907,0.0,0.2999009409591819,0.2999009409591819,0.0
google__logic8__gin__seed123,google,logic8,gin,123,gradinput,P01_checkpoint_rerun,0.05,fixed_current_machine_q,96,96,0,269,0,184,0,0.0218389249639249,0.0218389249639249,0.0,0.9913043478260868,0.9913043478260868,0.0,0.3015313757417907,0.3015313757417907,0.0,0.2999009409591819,0.2999009409591819,0.0
google__logic8__gin__seed123,google,logic8,gin,123,gradinput,P01_checkpoint_rerun,0.05,recalibrated,96,96,0,269,0,184,0,0.0218389249639249,0.0218389249639249,0.0,0.9913043478260868,0.9913043478260868,0.0,0.3015313757417907,0.3015313757417907,0.0,0.2999009409591819,0.2999009409591819,0.0
google__logic8__gin__seed123,google,logic8,gin,123,gradinput,P01_checkpoint_rerun,0.1,fixed_historical_q,95,95,0,269,0,184,0,0.0828098531902878,0.0828098531902878,0.0,0.9635620995261828,0.9635620995261828,0.0,0.2916067586052044,0.2916067586052044,0.0,0.2850446181083185,0.2850446181083185,0.0
google__logic8__gin__seed123,google,logic8,gin,123,gradinput,P01_checkpoint_rerun,0.1,fixed_current_machine_q,95,95,0,269,0,184,0,0.0828098531902878,0.0828098531902878,0.0,0.9635620995261828,0.9635620995261828,0.0,0.2916067586052044,0.2916067586052044,0.0,0.2850446181083185,0.2850446181083185,0.0
google__logic8__gin__seed123,google,logic8,gin,123,gradinput,P01_checkpoint_rerun,0.1,recalibrated,95,95,0,269,0,184,0,0.0828098531902878,0.0828098531902878,0.0,0.9635620995261828,0.9635620995261828,0.0,0.2916067586052044,0.2916067586052044,0.0,0.2850446181083185,0.2850446181083185,0.0
google__logic8__gin__seed123,google,logic8,gin,123,gradinput,P01_checkpoint_rerun,0.2,fixed_historical_q,89,89,0,269,0,184,0,0.1823944020954888,0.1823944020954888,0.0,0.9154662190660856,0.9154662190660856,0.0,0.2748911477351305,0.2748911477351305,0.0,0.2608563632318658,0.2608563632318658,0.0
google__logic8__gin__seed123,google,logic8,gin,123,gradinput,P01_checkpoint_rerun,0.2,fixed_current_machine_q,89,89,0,269,0,184,0,0.1823944020954888,0.1823944020954888,0.0,0.9154662190660856,0.9154662190660856,0.0,0.2748911477351305,0.2748911477351305,0.0,0.2608563632318658,0.2608563632318658,0.0
google__logic8__gin__seed123,google,logic8,gin,123,gradinput,P01_checkpoint_rerun,0.2,recalibrated,89,89,0,269,0,184,0,0.1823944020954888,0.1823944020954888,0.0,0.9154662190660856,0.9154662190660856,0.0,0.2748911477351305,0.2748911477351305,0.0,0.2608563632318658,0.2608563632318658,0.0
google__logic8__gin__seed123,google,logic8,gin,123,atom_occlusion,P20_frozen_cache,0.05,fixed_historical_q,85,85,0,269,0,184,0,0.0353570644331514,0.0353570644331514,0.0,0.8710699269022583,0.8710699269022583,0.0,0.3364431683111016,0.3364431683111016,0.0,0.3316490242520066,0.3316490242520066,0.0
google__logic8__gin__seed123,google,logic8,gin,123,atom_occlusion,P20_frozen_cache,0.05,fixed_current_machine_q,85,85,0,269,0,184,0,0.0353570644331514,0.0353570644331514,0.0,0.8710699269022583,0.8710699269022583,0.0,0.3364431683111016,0.3364431683111016,0.0,0.3316490242520066,0.3316490242520066,0.0
google__logic8__gin__seed123,google,logic8,gin,123,atom_occlusion,P20_frozen_cache,0.05,recalibrated,85,85,0,269,0,184,0,0.0353570644331514,0.0353570644331514,0.0,0.8710699269022583,0.8710699269022583,0.0,0.3364431683111016,0.3364431683111016,0.0,0.3316490242520066,0.3316490242520066,0.0
google__logic8__gin__seed123,google,logic8,gin,123,atom_occlusion,P20_frozen_cache,0.1,fixed_historical_q,73,73,0,269,0,184,0,0.0859107378129116,0.0859107378129116,0.0,0.7560793277554333,0.7560793277554333,0.0,0.3658724851243192,0.3658724851243192,0.0,0.3536801389736257,0.3536801389736257,0.0
google__logic8__gin__seed123,google,logic8,gin,123,atom_occlusion,P20_frozen_cache,0.1,fixed_current_machine_q,73,73,0,269,0,184,0,0.0859107378129116,0.0859107378129116,0.0,0.7560793277554333,0.7560793277554333,0.0,0.3658724851243192,0.3658724851243192,0.0,0.3536801389736257,0.3536801389736257,0.0
google__logic8__gin__seed123,google,logic8,gin,123,atom_occlusion,P20_frozen_cache,0.1,recalibrated,73,73,0,269,0,184,0,0.0859107378129116,0.0859107378129116,0.0,0.7560793277554333,0.7560793277554333,0.0,0.3658724851243192,0.3658724851243192,0.0,0.3536801389736257,0.3536801389736257,0.0
google__logic8__gin__seed123,google,logic8,gin,123,atom_occlusion,P20_frozen_cache,0.2,fixed_historical_q,56,56,0,269,59,184,40,0.1704527809147372,0.1760820550222722,0.0056292741075349,0.5877442590183434,0.5790486068444307,-0.0086956521739126,0.424380872750438,0.4274605828953655,0.0030797101449274,0.3935725685208288,0.3954389004845829,0.0018663319637541
google__logic8__gin__seed123,google,logic8,gin,123,atom_occlusion,P20_frozen_cache,0.2,fixed_current_machine_q,56,56,0,269,59,184,40,0.1704527809147372,0.1760820550222722,0.0056292741075349,0.5877442590183434,0.5790486068444307,-0.0086956521739126,0.424380872750438,0.4274605828953655,0.0030797101449274,0.3935725685208288,0.3954389004845829,0.0018663319637541
google__logic8__gin__seed123,google,logic8,gin,123,atom_occlusion,P20_frozen_cache,0.2,recalibrated,56,56,0,269,59,184,40,0.1704527809147372,0.1760820550222722,0.0056292741075349,0.5877442590183434,0.5790486068444307,-0.0086956521739126,0.424380872750438,0.4274605828953655,0.0030797101449274,0.3935725685208288,0.3954389004845829,0.0018663319637541
google__logic8__gin__seed123,google,logic8,gin,123,saliency,P20_frozen_cache,0.05,fixed_historical_q,89,89,0,269,0,184,0,0.047949604743083,0.047949604743083,0.0,0.9154662190660856,0.9154662190660856,0.0,0.3174437252839699,0.3174437252839699,0.0,0.313007214858653,0.313007214858653,0.0
google__logic8__gin__seed123,google,logic8,gin,123,saliency,P20_frozen_cache,0.05,fixed_current_machine_q,89,89,0,269,0,184,0,0.047949604743083,0.047949604743083,0.0,0.9154662190660856,0.9154662190660856,0.0,0.3174437252839699,0.3174437252839699,0.0,0.313007214858653,0.313007214858653,0.0
google__logic8__gin__seed123,google,logic8,gin,123,saliency,P20_frozen_cache,0.05,recalibrated,89,89,0,269,0,184,0,0.047949604743083,0.047949604743083,0.0,0.9154662190660856,0.9154662190660856,0.0,0.3174437252839699,0.3174437252839699,0.0,0.313007214858653,0.313007214858653,0.0
google__logic8__gin__seed123,google,logic8,gin,123,saliency,P20_frozen_cache,0.1,fixed_historical_q,80,80,0,269,0,184,0,0.1099200467406988,0.1099200467406988,0.0,0.816771038923365,0.816771038923365,0.0,0.3320652003953928,0.3320652003953928,0.0,0.3202441550864777,0.3202441550864777,0.0
google__logic8__gin__seed123,google,logic8,gin,123,saliency,P20_frozen_cache,0.1,fixed_current_machine_q,80,80,0,269,0,184,0,0.1099200467406988,0.1099200467406988,0.0,0.816771038923365,0.816771038923365,0.0,0.3320652003953928,0.3320652003953928,0.0,0.3202441550864777,0.3202441550864777,0.0
google__logic8__gin__seed123,google,logic8,gin,123,saliency,P20_frozen_cache,0.1,recalibrated,80,80,0,269,0,184,0,0.1099200467406988,0.1099200467406988,0.0,0.816771038923365,0.816771038923365,0.0,0.3320652003953928,0.3320652003953928,0.0,0.3202441550864777,0.3202441550864777,0.0
google__logic8__gin__seed123,google,logic8,gin,123,saliency,P20_frozen_cache,0.2,fixed_historical_q,65,65,0,269,0,184,0,0.2187584305790826,0.2187584305790826,0.0,0.6711482673910617,0.6711482673910617,0.0,0.3560121233554739,0.3560121233554739,0.0,0.3301370830406115,0.3301370830406115,0.0
google__logic8__gin__seed123,google,logic8,gin,123,saliency,P20_frozen_cache,0.2,fixed_current_machine_q,65,65,0,269,0,184,0,0.2187584305790826,0.2187584305790826,0.0,0.6711482673910617,0.6711482673910617,0.0,0.3560121233554739,0.3560121233554739,0.0,0.3301370830406115,0.3301370830406115,0.0
google__logic8__gin__seed123,google,logic8,gin,123,saliency,P20_frozen_cache,0.2,recalibrated,65,65,0,269,0,184,0,0.2187584305790826,0.2187584305790826,0.0,0.6711482673910617,0.6711482673910617,0.0,0.3560121233554739,0.3560121233554739,0.0,0.3301370830406115,0.3301370830406115,0.0
google__logic8__gin__seed2026,google,logic8,gin,2026,ig,P01_checkpoint_rerun,0.05,fixed_historical_q,85,85,0,269,0,184,0,0.0391437668611581,0.0391437668611581,0.0,0.8710699269022583,0.8710699269022583,0.0,0.3361413532577637,0.3361413532577637,0.0,0.3313487216043737,0.3313487216043737,0.0
google__logic8__gin__seed2026,google,logic8,gin,2026,ig,P01_checkpoint_rerun,0.05,fixed_current_machine_q,85,85,0,269,0,184,0,0.0391437668611581,0.0391437668611581,0.0,0.8710699269022583,0.8710699269022583,0.0,0.3361413532577637,0.3361413532577637,0.0,0.3313487216043737,0.3313487216043737,0.0
google__logic8__gin__seed2026,google,logic8,gin,2026,ig,P01_checkpoint_rerun,0.05,recalibrated,85,85,0,269,0,184,0,0.0391437668611581,0.0391437668611581,0.0,0.8710699269022583,0.8710699269022583,0.0,0.3361413532577637,0.3361413532577637,0.0,0.3313487216043737,0.3313487216043737,0.0
google__logic8__gin__seed2026,google,logic8,gin,2026,ig,P01_checkpoint_rerun,0.1,fixed_historical_q,76,76,0,269,0,184,0,0.0872982542819498,0.0872982542819498,0.0,0.7782340988395715,0.7782340988395715,0.0,0.3563398464112727,0.3563398464112727,0.0,0.3441797757999468,0.3441797757999468,0.0
google__logic8__gin__seed2026,google,logic8,gin,2026,ig,P01_checkpoint_rerun,0.1,fixed_current_machine_q,76,76,0,269,0,184,0,0.0872982542819498,0.0872982542819498,0.0,0.7782340988395715,0.7782340988395715,0.0,0.3563398464112727,0.3563398464112727,0.0,0.3441797757999468,0.3441797757999468,0.0
google__logic8__gin__seed2026,google,logic8,gin,2026,ig,P01_checkpoint_rerun,0.1,recalibrated,76,76,0,269,0,184,0,0.0872982542819498,0.0872982542819498,0.0,0.7782340988395715,0.7782340988395715,0.0,0.3563398464112727,0.3563398464112727,0.0,0.3441797757999468,0.3441797757999468,0.0
google__logic8__gin__seed2026,google,logic8,gin,2026,ig,P01_checkpoint_rerun,0.2,fixed_historical_q,58,58,0,269,0,184,0,0.187519409937888,0.187519409937888,0.0,0.6011127982184228,0.6011127982184228,0.0,0.4091274667361625,0.4091274667361625,0.0,0.3738992946263438,0.3738992946263438,0.0
google__logic8__gin__seed2026,google,logic8,gin,2026,ig,P01_checkpoint_rerun,0.2,fixed_current_machine_q,58,58,0,269,0,184,0,0.187519409937888,0.187519409937888,0.0,0.6011127982184228,0.6011127982184228,0.0,0.4091274667361625,0.4091274667361625,0.0,0.3738992946263438,0.3738992946263438,0.0
google__logic8__gin__seed2026,google,logic8,gin,2026,ig,P01_checkpoint_rerun,0.2,recalibrated,58,58,0,269,0,184,0,0.187519409937888,0.187519409937888,0.0,0.6011127982184228,0.6011127982184228,0.0,0.4091274667361625,0.4091274667361625,0.0,0.3738992946263438,0.3738992946263438,0.0
google__logic8__gin__seed2026,google,logic8,gin,2026,gradinput,P01_checkpoint_rerun,0.05,fixed_historical_q,96,96,0,269,0,184,0,0.0144780491247882,0.0144780491247882,0.0,0.9913043478260868,0.9913043478260868,0.0,0.3035694192200515,0.3035694192200515,0.0,0.3024462308142544,0.3024462308142544,0.0
google__logic8__gin__seed2026,google,logic8,gin,2026,gradinput,P01_checkpoint_rerun,0.05,fixed_current_machine_q,96,96,0,269,0,184,0,0.0144780491247882,0.0144780491247882,0.0,0.9913043478260868,0.9913043478260868,0.0,0.3035694192200515,0.3035694192200515,0.0,0.3024462308142544,0.3024462308142544,0.0
google__logic8__gin__seed2026,google,logic8,gin,2026,gradinput,P01_checkpoint_rerun,0.05,recalibrated,96,96,0,269,0,184,0,0.0144780491247882,0.0144780491247882,0.0,0.9913043478260868,0.9913043478260868,0.0,0.3035694192200515,0.3035694192200515,0.0,0.3024462308142544,0.3024462308142544,0.0
google__logic8__gin__seed2026,google,logic8,gin,2026,gradinput,P01_checkpoint_rerun,0.1,fixed_historical_q,93,93,0,269,0,184,0,0.0625782279314887,0.0625782279314887,0.0,0.9552677229464128,0.9552677229464128,0.0,0.2993921829174449,0.2993921829174449,0.0,0.2934756652199422,0.2934756652199422,0.0
google__logic8__gin__seed2026,google,logic8,gin,2026,gradinput,P01_checkpoint_rerun,0.1,fixed_current_machine_q,93,93,0,269,0,184,0,0.0625782279314887,0.0625782279314887,0.0,0.9552677229464128,0.9552677229464128,0.0,0.2993921829174449,0.2993921829174449,0.0,0.2934756652199422,0.2934756652199422,0.0
google__logic8__gin__seed2026,google,logic8,gin,2026,gradinput,P01_checkpoint_rerun,0.1,recalibrated,93,93,0,269,0,184,0,0.0625782279314887,0.0625782279314887,0.0,0.9552677229464128,0.9552677229464128,0.0,0.2993921829174449,0.2993921829174449,0.0,0.2934756652199422,0.2934756652199422,0.0
google__logic8__gin__seed2026,google,logic8,gin,2026,gradinput,P01_checkpoint_rerun,0.2,fixed_historical_q,87,87,0,269,0,184,0,0.1597410439801742,0.1597410439801742,0.0,0.8946066886597199,0.8946066886597199,0.0,0.2875123648057419,0.2875123648057419,0.0,0.2738405778737255,0.2738405778737255,0.0
google__logic8__gin__seed2026,google,logic8,gin,2026,gradinput,P01_checkpoint_rerun,0.2,fixed_current_machine_q,87,87,0,269,0,184,0,0.1597410439801742,0.1597410439801742,0.0,0.8946066886597199,0.8946066886597199,0.0,0.2875123648057419,0.2875123648057419,0.0,0.2738405778737255,0.2738405778737255,0.0
google__logic8__gin__seed2026,google,logic8,gin,2026,gradinput,P01_checkpoint_rerun,0.2,recalibrated,87,87,0,269,0,184,0,0.1597410439801742,0.1597410439801742,0.0,0.8946066886597199,0.8946066886597199,0.0,0.2875123648057419,0.2875123648057419,0.0,0.2738405778737255,0.2738405778737255,0.0
google__logic8__gin__seed2026,google,logic8,gin,2026,atom_occlusion,P20_frozen_cache,0.05,fixed_historical_q,87,87,0,269,0,184,0,0.0323261732229123,0.0323261732229123,0.0,0.8946066886597199,0.8946066886597199,0.0,0.3299114155771765,0.3299114155771765,0.0,0.3265555587658179,0.3265555587658179,0.0
google__logic8__gin__seed2026,google,logic8,gin,2026,atom_occlusion,P20_frozen_cache,0.05,fixed_current_machine_q,87,87,0,269,0,184,0,0.0323261732229123,0.0323261732229123,0.0,0.8946066886597199,0.8946066886597199,0.0,0.3299114155771765,0.3299114155771765,0.0,0.3265555587658179,0.3265555587658179,0.0
google__logic8__gin__seed2026,google,logic8,gin,2026,atom_occlusion,P20_frozen_cache,0.05,recalibrated,87,87,0,269,0,184,0,0.0323261732229123,0.0323261732229123,0.0,0.8946066886597199,0.8946066886597199,0.0,0.3299114155771765,0.3299114155771765,0.0,0.3265555587658179,0.3265555587658179,0.0
google__logic8__gin__seed2026,google,logic8,gin,2026,atom_occlusion,P20_frozen_cache,0.1,fixed_historical_q,77,77,0,269,0,184,0,0.0844624427504861,0.0844624427504861,0.0,0.7942440479697253,0.7942440479697253,0.0,0.3503004321978109,0.3503004321978109,0.0,0.3394240102507536,0.3394240102507536,0.0
google__logic8__gin__seed2026,google,logic8,gin,2026,atom_occlusion,P20_frozen_cache,0.1,fixed_current_machine_q,77,77,0,269,0,184,0,0.0844624427504861,0.0844624427504861,0.0,0.7942440479697253,0.7942440479697253,0.0,0.3503004321978109,0.3503004321978109,0.0,0.3394240102507536,0.3394240102507536,0.0
google__logic8__gin__seed2026,google,logic8,gin,2026,atom_occlusion,P20_frozen_cache,0.1,recalibrated,77,77,0,269,0,184,0,0.0844624427504861,0.0844624427504861,0.0,0.7942440479697253,0.7942440479697253,0.0,0.3503004321978109,0.3503004321978109,0.0,0.3394240102507536,0.3394240102507536,0.0
google__logic8__gin__seed2026,google,logic8,gin,2026,atom_occlusion,P20_frozen_cache,0.2,fixed_historical_q,61,61,0,269,0,184,0,0.1812894080557122,0.1812894080557122,0.0,0.6373946580151013,0.6373946580151013,0.0,0.3895951497174323,0.3895951497174323,0.0,0.3615440778467431,0.3615440778467431,0.0
google__logic8__gin__seed2026,google,logic8,gin,2026,atom_occlusion,P20_frozen_cache,0.2,fixed_current_machine_q,61,61,0,269,0,184,0,0.1812894080557122,0.1812894080557122,0.0,0.6373946580151013,0.6373946580151013,0.0,0.3895951497174323,0.3895951497174323,0.0,0.3615440778467431,0.3615440778467431,0.0
google__logic8__gin__seed2026,google,logic8,gin,2026,atom_occlusion,P20_frozen_cache,0.2,recalibrated,61,61,0,269,0,184,0,0.1812894080557122,0.1812894080557122,0.0,0.6373946580151013,0.6373946580151013,0.0,0.3895951497174323,0.3895951497174323,0.0,0.3615440778467431,0.3615440778467431,0.0
google__logic8__gin__seed2026,google,logic8,gin,2026,saliency,P20_frozen_cache,0.05,fixed_historical_q,92,92,0,269,0,184,0,0.0412555288913984,0.0412555288913984,0.0,0.9453776130563026,0.9453776130563026,0.0,0.3082449670361429,0.3082449670361429,0.0,0.3036148462673715,0.3036148462673715,0.0
google__logic8__gin__seed2026,google,logic8,gin,2026,saliency,P20_frozen_cache,0.05,fixed_current_machine_q,92,92,0,269,0,184,0,0.0412555288913984,0.0412555288913984,0.0,0.9453776130563026,0.9453776130563026,0.0,0.3082449670361429,0.3082449670361429,0.0,0.3036148462673715,0.3036148462673715,0.0
google__logic8__gin__seed2026,google,logic8,gin,2026,saliency,P20_frozen_cache,0.05,recalibrated,92,92,0,269,0,184,0,0.0412555288913984,0.0412555288913984,0.0,0.9453776130563026,0.9453776130563026,0.0,0.3082449670361429,0.3082449670361429,0.0,0.3036148462673715,0.3036148462673715,0.0
google__logic8__gin__seed2026,google,logic8,gin,2026,saliency,P20_frozen_cache,0.1,fixed_historical_q,84,84,0,269,0,184,0,0.090343849990589,0.090343849990589,0.0,0.8602399673880893,0.8602399673880893,0.0,0.3213745568577563,0.3213745568577563,0.0,0.3115927403041432,0.3115927403041432,0.0
google__logic8__gin__seed2026,google,logic8,gin,2026,saliency,P20_frozen_cache,0.1,fixed_current_machine_q,84,84,0,269,0,184,0,0.090343849990589,0.090343849990589,0.0,0.8602399673880893,0.8602399673880893,0.0,0.3213745568577563,0.3213745568577563,0.0,0.3115927403041432,0.3115927403041432,0.0
google__logic8__gin__seed2026,google,logic8,gin,2026,saliency,P20_frozen_cache,0.1,recalibrated,84,84,0,269,0,184,0,0.090343849990589,0.090343849990589,0.0,0.8602399673880893,0.8602399673880893,0.0,0.3213745568577563,0.3213745568577563,0.0,0.3115927403041432,0.3115927403041432,0.0
google__logic8__gin__seed2026,google,logic8,gin,2026,saliency,P20_frozen_cache,0.2,fixed_historical_q,71,71,0,269,0,184,0,0.1968371604241168,0.1968371604241168,0.0,0.7345103773821358,0.7345103773821358,0.0,0.3313923772483555,0.3313923772483555,0.0,0.3079804746318578,0.3079804746318578,0.0
google__logic8__gin__seed2026,google,logic8,gin,2026,saliency,P20_frozen_cache,0.2,fixed_current_machine_q,71,71,0,269,0,184,0,0.1968371604241168,0.1968371604241168,0.0,0.7345103773821358,0.7345103773821358,0.0,0.3313923772483555,0.3313923772483555,0.0,0.3079804746318578,0.3079804746318578,0.0
google__logic8__gin__seed2026,google,logic8,gin,2026,saliency,P20_frozen_cache,0.2,recalibrated,71,71,0,269,0,184,0,0.1968371604241168,0.1968371604241168,0.0,0.7345103773821358,0.7345103773821358,0.0,0.3313923772483555,0.3313923772483555,0.0,0.3079804746318578,0.3079804746318578,0.0
google__logic8__gin__seed42,google,logic8,gin,42,ig,P01_checkpoint_rerun,0.05,fixed_historical_q,91,91,0,269,0,184,0,0.0379534867306606,0.0379534867306606,0.0,0.932932748532043,0.932932748532043,0.0,0.314040968628464,0.314040968628464,0.0,0.3101130171819967,0.3101130171819967,0.0
google__logic8__gin__seed42,google,logic8,gin,42,ig,P01_checkpoint_rerun,0.05,fixed_current_machine_q,91,91,0,269,0,184,0,0.0379534867306606,0.0379534867306606,0.0,0.932932748532043,0.932932748532043,0.0,0.314040968628464,0.314040968628464,0.0,0.3101130171819967,0.3101130171819967,0.0
google__logic8__gin__seed42,google,logic8,gin,42,ig,P01_checkpoint_rerun,0.05,recalibrated,91,91,0,269,0,184,0,0.0379534867306606,0.0379534867306606,0.0,0.932932748532043,0.932932748532043,0.0,0.314040968628464,0.314040968628464,0.0,0.3101130171819967,0.3101130171819967,0.0
google__logic8__gin__seed42,google,logic8,gin,42,ig,P01_checkpoint_rerun,0.1,fixed_historical_q,86,86,0,269,0,184,0,0.0905652017065059,0.0905652017065059,0.0,0.8816677529892152,0.8816677529892152,0.0,0.3149575669148458,0.3149575669148458,0.0,0.3060177022898028,0.3060177022898028,0.0
google__logic8__gin__seed42,google,logic8,gin,42,ig,P01_checkpoint_rerun,0.1,fixed_current_machine_q,86,86,0,269,0,184,0,0.0905652017065059,0.0905652017065059,0.0,0.8816677529892152,0.8816677529892152,0.0,0.3149575669148458,0.3149575669148458,0.0,0.3060177022898028,0.3060177022898028,0.0
google__logic8__gin__seed42,google,logic8,gin,42,ig,P01_checkpoint_rerun,0.1,recalibrated,86,86,0,269,0,184,0,0.0905652017065059,0.0905652017065059,0.0,0.8816677529892152,0.8816677529892152,0.0,0.3149575669148458,0.3149575669148458,0.0,0.3060177022898028,0.3060177022898028,0.0
google__logic8__gin__seed42,google,logic8,gin,42,ig,P01_checkpoint_rerun,0.2,fixed_historical_q,76,76,0,269,0,184,0,0.1943030851998242,0.1943030851998242,0.0,0.7782340988395715,0.7782340988395715,0.0,0.3168712087257651,0.3168712087257651,0.0,0.2963917473949401,0.2963917473949401,0.0
google__logic8__gin__seed42,google,logic8,gin,42,ig,P01_checkpoint_rerun,0.2,fixed_current_machine_q,76,76,0,269,0,184,0,0.1943030851998242,0.1943030851998242,0.0,0.7782340988395715,0.7782340988395715,0.0,0.3168712087257651,0.3168712087257651,0.0,0.2963917473949401,0.2963917473949401,0.0
google__logic8__gin__seed42,google,logic8,gin,42,ig,P01_checkpoint_rerun,0.2,recalibrated,76,76,0,269,0,184,0,0.1943030851998242,0.1943030851998242,0.0,0.7782340988395715,0.7782340988395715,0.0,0.3168712087257651,0.3168712087257651,0.0,0.2963917473949401,0.2963917473949401,0.0
google__logic8__gin__seed42,google,logic8,gin,42,gradinput,P01_checkpoint_rerun,0.05,fixed_historical_q,95,95,0,269,0,184,0,0.0403793368467281,0.0403793368467281,0.0,0.9635620995261828,0.9635620995261828,0.0,0.3041225654362536,0.3041225654362536,0.0,0.3007451972111712,0.3007451972111712,0.0
google__logic8__gin__seed42,google,logic8,gin,42,gradinput,P01_checkpoint_rerun,0.05,fixed_current_machine_q,95,95,0,269,0,184,0,0.0403793368467281,0.0403793368467281,0.0,0.9635620995261828,0.9635620995261828,0.0,0.3041225654362536,0.3041225654362536,0.0,0.3007451972111712,0.3007451972111712,0.0
google__logic8__gin__seed42,google,logic8,gin,42,gradinput,P01_checkpoint_rerun,0.05,recalibrated,95,95,0,269,0,184,0,0.0403793368467281,0.0403793368467281,0.0,0.9635620995261828,0.9635620995261828,0.0,0.3041225654362536,0.3041225654362536,0.0,0.3007451972111712,0.3007451972111712,0.0
google__logic8__gin__seed42,google,logic8,gin,42,gradinput,P01_checkpoint_rerun,0.1,fixed_historical_q,91,91,0,269,0,184,0,0.076471626199887,0.076471626199887,0.0,0.932932748532043,0.932932748532043,0.0,0.3024215984493478,0.3024215984493478,0.0,0.2957819818793321,0.2957819818793321,0.0
google__logic8__gin__seed42,google,logic8,gin,42,gradinput,P01_checkpoint_rerun,0.1,fixed_current_machine_q,91,91,0,269,0,184,0,0.076471626199887,0.076471626199887,0.0,0.932932748532043,0.932932748532043,0.0,0.3024215984493478,0.3024215984493478,0.0,0.2957819818793321,0.2957819818793321,0.0
google__logic8__gin__seed42,google,logic8,gin,42,gradinput,P01_checkpoint_rerun,0.1,recalibrated,91,91,0,269,0,184,0,0.076471626199887,0.076471626199887,0.0,0.932932748532043,0.932932748532043,0.0,0.3024215984493478,0.3024215984493478,0.0,0.2957819818793321,0.2957819818793321,0.0
google__logic8__gin__seed42,google,logic8,gin,42,gradinput,P01_checkpoint_rerun,0.2,fixed_historical_q,82,82,0,269,0,184,0,0.1788682633791327,0.1788682633791327,0.0,0.8440475893656769,0.8440475893656769,0.0,0.29651986513042,0.29651986513042,0.0,0.2800469315809463,0.2800469315809463,0.0
google__logic8__gin__seed42,google,logic8,gin,42,gradinput,P01_checkpoint_rerun,0.2,fixed_current_machine_q,82,82,0,269,0,184,0,0.1788682633791327,0.1788682633791327,0.0,0.8440475893656769,0.8440475893656769,0.0,0.29651986513042,0.29651986513042,0.0,0.2800469315809463,0.2800469315809463,0.0
google__logic8__gin__seed42,google,logic8,gin,42,gradinput,P01_checkpoint_rerun,0.2,recalibrated,82,82,0,269,0,184,0,0.1788682633791327,0.1788682633791327,0.0,0.8440475893656769,0.8440475893656769,0.0,0.29651986513042,0.29651986513042,0.0,0.2800469315809463,0.2800469315809463,0.0
google__logic8__gin__seed42,google,logic8,gin,42,atom_occlusion,P20_frozen_cache,0.05,fixed_historical_q,87,87,0,269,0,184,0,0.029302536231884,0.029302536231884,0.0,0.8946066886597199,0.8946066886597199,0.0,0.3311364807120462,0.3311364807120462,0.0,0.3281705390536658,0.3281705390536658,0.0
google__logic8__gin__seed42,google,logic8,gin,42,atom_occlusion,P20_frozen_cache,0.05,fixed_current_machine_q,87,87,0,269,0,184,0,0.029302536231884,0.029302536231884,0.0,0.8946066886597199,0.8946066886597199,0.0,0.3311364807120462,0.3311364807120462,0.0,0.3281705390536658,0.3281705390536658,0.0
google__logic8__gin__seed42,google,logic8,gin,42,atom_occlusion,P20_frozen_cache,0.05,recalibrated,87,87,0,269,0,184,0,0.029302536231884,0.029302536231884,0.0,0.8946066886597199,0.8946066886597199,0.0,0.3311364807120462,0.3311364807120462,0.0,0.3281705390536658,0.3281705390536658,0.0
google__logic8__gin__seed42,google,logic8,gin,42,atom_occlusion,P20_frozen_cache,0.1,fixed_historical_q,78,78,0,269,0,184,0,0.0749053030303029,0.0749053030303029,0.0,0.8022864282947143,0.8022864282947143,0.0,0.3513047835004022,0.3513047835004022,0.0,0.3424844836985478,0.3424844836985478,0.0
google__logic8__gin__seed42,google,logic8,gin,42,atom_occlusion,P20_frozen_cache,0.1,fixed_current_machine_q,78,78,0,269,0,184,0,0.0749053030303029,0.0749053030303029,0.0,0.8022864282947143,0.8022864282947143,0.0,0.3513047835004022,0.3513047835004022,0.0,0.3424844836985478,0.3424844836985478,0.0
google__logic8__gin__seed42,google,logic8,gin,42,atom_occlusion,P20_frozen_cache,0.1,recalibrated,78,78,0,269,0,184,0,0.0749053030303029,0.0749053030303029,0.0,0.8022864282947143,0.8022864282947143,0.0,0.3513047835004022,0.3513047835004022,0.0,0.3424844836985478,0.3424844836985478,0.0
google__logic8__gin__seed42,google,logic8,gin,42,atom_occlusion,P20_frozen_cache,0.2,fixed_historical_q,63,63,0,269,0,184,0,0.1698514649601605,0.1698514649601605,0.0,0.651793265144687,0.651793265144687,0.0,0.3860086471499514,0.3860086471499514,0.0,0.3597217278466439,0.3597217278466439,0.0
google__logic8__gin__seed42,google,logic8,gin,42,atom_occlusion,P20_frozen_cache,0.2,fixed_current_machine_q,63,63,0,269,0,184,0,0.1698514649601605,0.1698514649601605,0.0,0.651793265144687,0.651793265144687,0.0,0.3860086471499514,0.3860086471499514,0.0,0.3597217278466439,0.3597217278466439,0.0
google__logic8__gin__seed42,google,logic8,gin,42,atom_occlusion,P20_frozen_cache,0.2,recalibrated,63,63,0,269,0,184,0,0.1698514649601605,0.1698514649601605,0.0,0.651793265144687,0.651793265144687,0.0,0.3860086471499514,0.3860086471499514,0.0,0.3597217278466439,0.3597217278466439,0.0
google__logic8__gin__seed42,google,logic8,gin,42,saliency,P20_frozen_cache,0.05,fixed_historical_q,96,96,0,269,0,184,0,0.021777950310559,0.021777950310559,0.0,0.9913043478260868,0.9913043478260868,0.0,0.3022107235678776,0.3022107235678776,0.0,0.300951665596863,0.300951665596863,0.0
google__logic8__gin__seed42,google,logic8,gin,42,saliency,P20_frozen_cache,0.05,fixed_current_machine_q,96,96,0,269,0,184,0,0.021777950310559,0.021777950310559,0.0,0.9913043478260868,0.9913043478260868,0.0,0.3022107235678776,0.3022107235678776,0.0,0.300951665596863,0.300951665596863,0.0
google__logic8__gin__seed42,google,logic8,gin,42,saliency,P20_frozen_cache,0.05,recalibrated,96,96,0,269,0,184,0,0.021777950310559,0.021777950310559,0.0,0.9913043478260868,0.9913043478260868,0.0,0.3022107235678776,0.3022107235678776,0.0,0.300951665596863,0.300951665596863,0.0
google__logic8__gin__seed42,google,logic8,gin,42,saliency,P20_frozen_cache,0.1,fixed_historical_q,93,93,0,269,0,184,0,0.0906446059978667,0.0906446059978667,0.0,0.9552677229464128,0.9552677229464128,0.0,0.2931305001284776,0.2931305001284776,0.0,0.2862819002551475,0.2862819002551475,0.0
google__logic8__gin__seed42,google,logic8,gin,42,saliency,P20_frozen_cache,0.1,fixed_current_machine_q,93,93,0,269,0,184,0,0.0906446059978667,0.0906446059978667,0.0,0.9552677229464128,0.9552677229464128,0.0,0.2931305001284776,0.2931305001284776,0.0,0.2862819002551475,0.2862819002551475,0.0
google__logic8__gin__seed42,google,logic8,gin,42,saliency,P20_frozen_cache,0.1,recalibrated,93,93,0,269,0,184,0,0.0906446059978667,0.0906446059978667,0.0,0.9552677229464128,0.9552677229464128,0.0,0.2931305001284776,0.2931305001284776,0.0,0.2862819002551475,0.2862819002551475,0.0
google__logic8__gin__seed42,google,logic8,gin,42,saliency,P20_frozen_cache,0.2,fixed_historical_q,87,87,0,269,0,184,0,0.2014030052073529,0.2014030052073529,0.0,0.8946066886597199,0.8946066886597199,0.0,0.2758492070663966,0.2758492070663966,0.0,0.2604276139372642,0.2604276139372642,0.0
google__logic8__gin__seed42,google,logic8,gin,42,saliency,P20_frozen_cache,0.2,fixed_current_machine_q,87,87,0,269,0,184,0,0.2014030052073529,0.2014030052073529,0.0,0.8946066886597199,0.8946066886597199,0.0,0.2758492070663966,0.2758492070663966,0.0,0.2604276139372642,0.2604276139372642,0.0
google__logic8__gin__seed42,google,logic8,gin,42,saliency,P20_frozen_cache,0.2,recalibrated,87,87,0,269,0,184,0,0.2014030052073529,0.2014030052073529,0.0,0.8946066886597199,0.8946066886597199,0.0,0.2758492070663966,0.2758492070663966,0.0,0.2604276139372642,0.2604276139372642,0.0
