cell_id,family,task,model,seed,method,score_origin,alpha,q,risk,mean_atom_fraction,precision,iou
bxaic__B__gcn__seed123,bxaic,B,gcn,123,ig,P01_historical,0.05,1,0.0290519877675841,0.0386003571497199,0.9908256880733946,0.9617737003058104
bxaic__B__gcn__seed123,bxaic,B,gcn,123,ig,P01_historical,0.1,1,0.0290519877675841,0.0386003571497199,0.9908256880733946,0.9617737003058104
bxaic__B__gcn__seed123,bxaic,B,gcn,123,ig,P01_historical,0.2,1,0.0290519877675841,0.0386003571497199,0.9908256880733946,0.9617737003058104
bxaic__B__gcn__seed123,bxaic,B,gcn,123,gradinput,P01_historical,0.05,1,0.0290519877675841,0.0386003571497199,0.9908256880733946,0.9617737003058104
bxaic__B__gcn__seed123,bxaic,B,gcn,123,gradinput,P01_historical,0.1,1,0.0290519877675841,0.0386003571497199,0.9908256880733946,0.9617737003058104
bxaic__B__gcn__seed123,bxaic,B,gcn,123,gradinput,P01_historical,0.2,1,0.0290519877675841,0.0386003571497199,0.9908256880733946,0.9617737003058104
bxaic__B__gcn__seed123,bxaic,B,gcn,123,atom_occlusion,P20_historical,0.05,1,0.0290519877675841,0.0386003571497199,0.9908256880733946,0.9617737003058104
bxaic__B__gcn__seed123,bxaic,B,gcn,123,atom_occlusion,P20_historical,0.1,1,0.0290519877675841,0.0386003571497199,0.9908256880733946,0.9617737003058104
bxaic__B__gcn__seed123,bxaic,B,gcn,123,atom_occlusion,P20_historical,0.2,1,0.0290519877675841,0.0386003571497199,0.9908256880733946,0.9617737003058104
bxaic__B__gcn__seed123,bxaic,B,gcn,123,saliency,P20_historical,0.05,20,0.0275229357798165,0.2153567335816146,0.1825219397342451,0.1825219397342451
bxaic__B__gcn__seed123,bxaic,B,gcn,123,saliency,P20_historical,0.1,5,0.091743119266055,0.0690404773475921,0.5037461773700306,0.5037461773700306
bxaic__B__gcn__seed123,bxaic,B,gcn,123,saliency,P20_historical,0.2,1,0.1697247706422018,0.0386003571497199,0.8348623853211009,0.8211009174311926
bxaic__B__gcn__seed2026,bxaic,B,gcn,2026,ig,P01_historical,0.05,1,0.0290519877675841,0.0386003571497199,0.9908256880733946,0.9617737003058104
bxaic__B__gcn__seed2026,bxaic,B,gcn,2026,ig,P01_historical,0.1,1,0.0290519877675841,0.0386003571497199,0.9908256880733946,0.9617737003058104
bxaic__B__gcn__seed2026,bxaic,B,gcn,2026,ig,P01_historical,0.2,1,0.0290519877675841,0.0386003571497199,0.9908256880733946,0.9617737003058104
bxaic__B__gcn__seed2026,bxaic,B,gcn,2026,gradinput,P01_historical,0.05,1,0.0290519877675841,0.0386003571497199,0.9908256880733946,0.9617737003058104
bxaic__B__gcn__seed2026,bxaic,B,gcn,2026,gradinput,P01_historical,0.1,1,0.0290519877675841,0.0386003571497199,0.9908256880733946,0.9617737003058104
bxaic__B__gcn__seed2026,bxaic,B,gcn,2026,gradinput,P01_historical,0.2,1,0.0290519877675841,0.0386003571497199,0.9908256880733946,0.9617737003058104
bxaic__B__gcn__seed2026,bxaic,B,gcn,2026,atom_occlusion,P20_historical,0.05,1,0.0290519877675841,0.0386003571497199,0.9908256880733946,0.9617737003058104
bxaic__B__gcn__seed2026,bxaic,B,gcn,2026,atom_occlusion,P20_historical,0.1,1,0.0290519877675841,0.0386003571497199,0.9908256880733946,0.9617737003058104
bxaic__B__gcn__seed2026,bxaic,B,gcn,2026,atom_occlusion,P20_historical,0.2,1,0.0290519877675841,0.0386003571497199,0.9908256880733946,0.9617737003058104
bxaic__B__gcn__seed2026,bxaic,B,gcn,2026,saliency,P20_historical,0.05,26,0.0458715596330275,0.2789442424776348,0.1366082084515617,0.1366082084515617
bxaic__B__gcn__seed2026,bxaic,B,gcn,2026,saliency,P20_historical,0.1,18,0.073394495412844,0.1980496506979957,0.1865046194095544,0.1865046194095544
bxaic__B__gcn__seed2026,bxaic,B,gcn,2026,saliency,P20_historical,0.2,6,0.2140672782874617,0.0797090741330351,0.3766928789864569,0.3736347750109217
bxaic__B__gcn__seed42,bxaic,B,gcn,42,ig,P01_historical,0.05,1,0.0290519877675841,0.0386003571497199,0.9908256880733946,0.9617737003058104
bxaic__B__gcn__seed42,bxaic,B,gcn,42,ig,P01_historical,0.1,1,0.0290519877675841,0.0386003571497199,0.9908256880733946,0.9617737003058104
bxaic__B__gcn__seed42,bxaic,B,gcn,42,ig,P01_historical,0.2,1,0.0290519877675841,0.0386003571497199,0.9908256880733946,0.9617737003058104
bxaic__B__gcn__seed42,bxaic,B,gcn,42,gradinput,P01_historical,0.05,1,0.0290519877675841,0.0386003571497199,0.9908256880733946,0.9617737003058104
bxaic__B__gcn__seed42,bxaic,B,gcn,42,gradinput,P01_historical,0.1,1,0.0290519877675841,0.0386003571497199,0.9908256880733946,0.9617737003058104
bxaic__B__gcn__seed42,bxaic,B,gcn,42,gradinput,P01_historical,0.2,1,0.0290519877675841,0.0386003571497199,0.9908256880733946,0.9617737003058104
bxaic__B__gcn__seed42,bxaic,B,gcn,42,atom_occlusion,P20_historical,0.05,1,0.0290519877675841,0.0386003571497199,0.9908256880733946,0.9617737003058104
bxaic__B__gcn__seed42,bxaic,B,gcn,42,atom_occlusion,P20_historical,0.1,1,0.0290519877675841,0.0386003571497199,0.9908256880733946,0.9617737003058104
bxaic__B__gcn__seed42,bxaic,B,gcn,42,atom_occlusion,P20_historical,0.2,1,0.0290519877675841,0.0386003571497199,0.9908256880733946,0.9617737003058104
bxaic__B__gcn__seed42,bxaic,B,gcn,42,saliency,P20_historical,0.05,24,0.0275229357798165,0.2594518041916703,0.1520280550434354,0.1520280550434354
bxaic__B__gcn__seed42,bxaic,B,gcn,42,saliency,P20_historical,0.1,7,0.073394495412844,0.0883642941029018,0.4137723896898209,0.4122433377020533
bxaic__B__gcn__seed42,bxaic,B,gcn,42,saliency,P20_historical,0.2,5,0.1177370030581039,0.0690404773475921,0.4945718654434251,0.4869266055045871
bxaic__B__gin__seed123,bxaic,B,gin,123,ig,P01_historical,0.05,1,0.0290519877675841,0.0386003571497199,0.9908256880733946,0.9617737003058104
bxaic__B__gin__seed123,bxaic,B,gin,123,ig,P01_historical,0.1,1,0.0290519877675841,0.0386003571497199,0.9908256880733946,0.9617737003058104
bxaic__B__gin__seed123,bxaic,B,gin,123,ig,P01_historical,0.2,1,0.0290519877675841,0.0386003571497199,0.9908256880733946,0.9617737003058104
bxaic__B__gin__seed123,bxaic,B,gin,123,gradinput,P01_historical,0.05,1,0.0290519877675841,0.0386003571497199,0.9908256880733946,0.9617737003058104
bxaic__B__gin__seed123,bxaic,B,gin,123,gradinput,P01_historical,0.1,1,0.0290519877675841,0.0386003571497199,0.9908256880733946,0.9617737003058104
bxaic__B__gin__seed123,bxaic,B,gin,123,gradinput,P01_historical,0.2,1,0.0290519877675841,0.0386003571497199,0.9908256880733946,0.9617737003058104
bxaic__B__gin__seed123,bxaic,B,gin,123,atom_occlusion,P20_historical,0.05,1,0.0290519877675841,0.0386003571497199,0.9908256880733946,0.9617737003058104
bxaic__B__gin__seed123,bxaic,B,gin,123,atom_occlusion,P20_historical,0.1,1,0.0290519877675841,0.0386003571497199,0.9908256880733946,0.9617737003058104
bxaic__B__gin__seed123,bxaic,B,gin,123,atom_occlusion,P20_historical,0.2,1,0.0290519877675841,0.0386003571497199,0.9908256880733946,0.9617737003058104
bxaic__B__gin__seed123,bxaic,B,gin,123,saliency,P20_historical,0.05,7,0.036697247706422,0.0883642941029018,0.4382372214941023,0.4382372214941023
bxaic__B__gin__seed123,bxaic,B,gin,123,saliency,P20_historical,0.1,1,0.0795107033639143,0.0386003571497199,0.9357798165137616,0.91131498470948
bxaic__B__gin__seed123,bxaic,B,gin,123,saliency,P20_historical,0.2,1,0.0795107033639143,0.0386003571497199,0.9357798165137616,0.91131498470948
bxaic__B__gin__seed2026,bxaic,B,gin,2026,ig,P01_historical,0.05,1,0.0290519877675841,0.0386003571497199,0.9908256880733946,0.9617737003058104
bxaic__B__gin__seed2026,bxaic,B,gin,2026,ig,P01_historical,0.1,1,0.0290519877675841,0.0386003571497199,0.9908256880733946,0.9617737003058104
bxaic__B__gin__seed2026,bxaic,B,gin,2026,ig,P01_historical,0.2,1,0.0290519877675841,0.0386003571497199,0.9908256880733946,0.9617737003058104
bxaic__B__gin__seed2026,bxaic,B,gin,2026,gradinput,P01_historical,0.05,1,0.0290519877675841,0.0386003571497199,0.9908256880733946,0.9617737003058104
bxaic__B__gin__seed2026,bxaic,B,gin,2026,gradinput,P01_historical,0.1,1,0.0290519877675841,0.0386003571497199,0.9908256880733946,0.9617737003058104
bxaic__B__gin__seed2026,bxaic,B,gin,2026,gradinput,P01_historical,0.2,1,0.0290519877675841,0.0386003571497199,0.9908256880733946,0.9617737003058104
bxaic__B__gin__seed2026,bxaic,B,gin,2026,atom_occlusion,P20_historical,0.05,1,0.0290519877675841,0.0386003571497199,0.9908256880733946,0.9617737003058104
bxaic__B__gin__seed2026,bxaic,B,gin,2026,atom_occlusion,P20_historical,0.1,1,0.0290519877675841,0.0386003571497199,0.9908256880733946,0.9617737003058104
bxaic__B__gin__seed2026,bxaic,B,gin,2026,atom_occlusion,P20_historical,0.2,1,0.0290519877675841,0.0386003571497199,0.9908256880733946,0.9617737003058104
bxaic__B__gin__seed2026,bxaic,B,gin,2026,saliency,P20_historical,0.05,7,0.0275229357798165,0.0883642941029018,0.4474115334207078,0.4474115334207078
bxaic__B__gin__seed2026,bxaic,B,gin,2026,saliency,P20_historical,0.1,1,0.0565749235474006,0.0386003571497199,0.963302752293578,0.934250764525994
bxaic__B__gin__seed2026,bxaic,B,gin,2026,saliency,P20_historical,0.2,1,0.0565749235474006,0.0386003571497199,0.963302752293578,0.934250764525994
bxaic__B__gin__seed42,bxaic,B,gin,42,ig,P01_historical,0.05,1,0.0290519877675841,0.0386003571497199,0.9908256880733946,0.9617737003058104
bxaic__B__gin__seed42,bxaic,B,gin,42,ig,P01_historical,0.1,1,0.0290519877675841,0.0386003571497199,0.9908256880733946,0.9617737003058104
bxaic__B__gin__seed42,bxaic,B,gin,42,ig,P01_historical,0.2,1,0.0290519877675841,0.0386003571497199,0.9908256880733946,0.9617737003058104
bxaic__B__gin__seed42,bxaic,B,gin,42,gradinput,P01_historical,0.05,1,0.0290519877675841,0.0386003571497199,0.9908256880733946,0.9617737003058104
bxaic__B__gin__seed42,bxaic,B,gin,42,gradinput,P01_historical,0.1,1,0.0290519877675841,0.0386003571497199,0.9908256880733946,0.9617737003058104
bxaic__B__gin__seed42,bxaic,B,gin,42,gradinput,P01_historical,0.2,1,0.0290519877675841,0.0386003571497199,0.9908256880733946,0.9617737003058104
bxaic__B__gin__seed42,bxaic,B,gin,42,atom_occlusion,P20_historical,0.05,1,0.0290519877675841,0.0386003571497199,0.9908256880733946,0.9617737003058104
bxaic__B__gin__seed42,bxaic,B,gin,42,atom_occlusion,P20_historical,0.1,1,0.0290519877675841,0.0386003571497199,0.9908256880733946,0.9617737003058104
bxaic__B__gin__seed42,bxaic,B,gin,42,atom_occlusion,P20_historical,0.2,1,0.0290519877675841,0.0386003571497199,0.9908256880733946,0.9617737003058104
bxaic__B__gin__seed42,bxaic,B,gin,42,saliency,P20_historical,0.05,8,0.0428134556574923,0.0979195711911851,0.3874284482082648,0.3862052066180507
bxaic__B__gin__seed42,bxaic,B,gin,42,saliency,P20_historical,0.1,1,0.1009174311926605,0.0386003571497199,0.908256880733945,0.8899082568807339
bxaic__B__gin__seed42,bxaic,B,gin,42,saliency,P20_historical,0.2,1,0.1009174311926605,0.0386003571497199,0.908256880733945,0.8899082568807339
bxaic__indole__gcn__seed123,bxaic,indole,gcn,123,ig,P01_historical,0.05,93,0.0481432699827394,0.9462280636892684,0.3167980070305904,0.3122500064326534
bxaic__indole__gcn__seed123,bxaic,indole,gcn,123,ig,P01_historical,0.1,76,0.0941371200236928,0.7755804835294008,0.3656777795867114,0.3508058121191153
bxaic__indole__gcn__seed123,bxaic,indole,gcn,123,ig,P01_historical,0.2,51,0.1874788291477517,0.5254579598587015,0.4732278704302137,0.4209108154000651
bxaic__indole__gcn__seed123,bxaic,indole,gcn,123,gradinput,P01_historical,0.05,96,0.0476337234323157,0.9747994993281844,0.3085712242486335,0.3050688470168435
bxaic__indole__gcn__seed123,bxaic,indole,gcn,123,gradinput,P01_historical,0.1,83,0.0977287608919986,0.8468982391419475,0.3340872922759832,0.3214103922293006
bxaic__indole__gcn__seed123,bxaic,indole,gcn,123,gradinput,P01_historical,0.2,51,0.1939799582598717,0.5254579598587015,0.4712638135334977,0.4175845053394764
bxaic__indole__gcn__seed123,bxaic,indole,gcn,123,atom_occlusion,P20_historical,0.05,67,0.042981284041111,0.6886269315023922,0.4315733031393808,0.4219955522750513
bxaic__indole__gcn__seed123,bxaic,indole,gcn,123,atom_occlusion,P20_historical,0.1,56,0.0926729184309052,0.5771687133266318,0.4832019378062315,0.4575426484298666
bxaic__indole__gcn__seed123,bxaic,indole,gcn,123,atom_occlusion,P20_historical,0.2,43,0.1954820668613308,0.4472760748792189,0.5416887048259439,0.4746752487966044
bxaic__indole__gcn__seed123,bxaic,indole,gcn,123,saliency,P20_historical,0.05,92,0.0412151953502797,0.9357253254577884,0.3204483841652983,0.3158142344396046
bxaic__indole__gcn__seed123,bxaic,indole,gcn,123,saliency,P20_historical,0.1,85,0.0905276825282251,0.8652452057581667,0.3270188650935088,0.3161918670794107
bxaic__indole__gcn__seed123,bxaic,indole,gcn,123,saliency,P20_historical,0.2,74,0.1855329617443857,0.756226167854029,0.3318303253671757,0.3085820519664705
bxaic__indole__gcn__seed2026,bxaic,indole,gcn,2026,ig,P01_historical,0.05,81,0.043453116395726,0.8271643980179285,0.3604422114540685,0.3537663166617913
bxaic__indole__gcn__seed2026,bxaic,indole,gcn,2026,ig,P01_historical,0.1,71,0.092807636777588,0.727164883610353,0.3862174933141384,0.3689884617232105
bxaic__indole__gcn__seed2026,bxaic,indole,gcn,2026,ig,P01_historical,0.2,58,0.1929748055289474,0.5961126805626655,0.415093631483567,0.3731174415802027
bxaic__indole__gcn__seed2026,bxaic,indole,gcn,2026,gradinput,P01_historical,0.05,97,0.019608373939722,0.9902939499285958,0.3115275479318494,0.3104401909897879
bxaic__indole__gcn__seed2026,bxaic,indole,gcn,2026,gradinput,P01_historical,0.1,87,0.0977877037839139,0.886845717303693,0.3190296115702059,0.3073286263132065
bxaic__indole__gcn__seed2026,bxaic,indole,gcn,2026,gradinput,P01_historical,0.2,51,0.1902333536943716,0.5254579598587015,0.4763970209392375,0.4232903100074968
bxaic__indole__gcn__seed2026,bxaic,indole,gcn,2026,atom_occlusion,P20_historical,0.05,66,0.0417276919374918,0.6771674344541084,0.4382758326115218,0.4273496893175493
bxaic__indole__gcn__seed2026,bxaic,indole,gcn,2026,atom_occlusion,P20_historical,0.1,55,0.0914381448626178,0.565655995935434,0.49220644033771,0.4643033771531127
bxaic__indole__gcn__seed2026,bxaic,indole,gcn,2026,atom_occlusion,P20_historical,0.2,42,0.1896713042016233,0.4364188837908413,0.5620473401373309,0.491689624513804
bxaic__indole__gcn__seed2026,bxaic,indole,gcn,2026,saliency,P20_historical,0.05,79,0.0413869337664685,0.8060574077896853,0.3706803336983484,0.3638091524213213
bxaic__indole__gcn__seed2026,bxaic,indole,gcn,2026,saliency,P20_historical,0.1,70,0.0945475222004742,0.7179879589860199,0.3907315663706389,0.3738886705616405
bxaic__indole__gcn__seed2026,bxaic,indole,gcn,2026,saliency,P20_historical,0.2,60,0.1941168746731813,0.6127240769996649,0.4039938368291099,0.3669359816796519
bxaic__indole__gcn__seed42,bxaic,indole,gcn,42,ig,P01_historical,0.05,77,0.0485283943933104,0.7868792996495827,0.3766791323480038,0.3684999131190914
bxaic__indole__gcn__seed42,bxaic,indole,gcn,42,ig,P01_historical,0.1,68,0.0951195979620451,0.6955214960377726,0.4027538760795683,0.383703439869766
bxaic__indole__gcn__seed42,bxaic,indole,gcn,42,ig,P01_historical,0.2,55,0.192736990144949,0.5656559959354353,0.4356004699759479,0.3884825210757748
bxaic__indole__gcn__seed42,bxaic,indole,gcn,42,gradinput,P01_historical,0.05,83,0.0470045557823034,0.8468982391419475,0.3514705181308801,0.3444815832831954
bxaic__indole__gcn__seed42,bxaic,indole,gcn,42,gradinput,P01_historical,0.1,69,0.0921602483121162,0.7066609235190675,0.3997637105943275,0.381720920487301
bxaic__indole__gcn__seed42,bxaic,indole,gcn,42,gradinput,P01_historical,0.2,51,0.1878853750672917,0.5254579598587015,0.4723861281492882,0.4202403164091188
bxaic__indole__gcn__seed42,bxaic,indole,gcn,42,atom_occlusion,P20_historical,0.05,64,0.0448949902590945,0.6552994324012759,0.4513202787364967,0.438727394174761
bxaic__indole__gcn__seed42,bxaic,indole,gcn,42,atom_occlusion,P20_historical,0.1,54,0.0927572740580331,0.5561347932755574,0.4998783380518389,0.4704997266994719
bxaic__indole__gcn__seed42,bxaic,indole,gcn,42,atom_occlusion,P20_historical,0.2,41,0.1945211646822371,0.426605049899327,0.5680877361622839,0.4928505582569342
bxaic__indole__gcn__seed42,bxaic,indole,gcn,42,saliency,P20_historical,0.05,92,0.0476607943581419,0.9357253254577884,0.3180229938212578,0.3125503511510072
bxaic__indole__gcn__seed42,bxaic,indole,gcn,42,saliency,P20_historical,0.1,86,0.0936084657186456,0.875910682771859,0.323237449104889,0.3125549310016823
bxaic__indole__gcn__seed42,bxaic,indole,gcn,42,saliency,P20_historical,0.2,73,0.1925771290010589,0.7459979052719905,0.3364767159036362,0.3109825262701711
bxaic__indole__gin__seed123,bxaic,indole,gin,123,ig,P01_historical,0.05,69,0.0481613172666231,0.7066609235190675,0.4203993133329708,0.411174460682171
bxaic__indole__gin__seed123,bxaic,indole,gin,123,ig,P01_historical,0.1,55,0.0965217330945539,0.5656559959354353,0.4933413549778935,0.4656706507652158
bxaic__indole__gin__seed123,bxaic,indole,gin,123,ig,P01_historical,0.2,39,0.1948047924022477,0.4058785626735883,0.5992745718432677,0.5158515464680629
bxaic__indole__gin__seed123,bxaic,indole,gin,123,gradinput,P01_historical,0.05,96,0.0464803940169397,0.9747994993281844,0.3077692844083043,0.3039383124693608
bxaic__indole__gin__seed123,bxaic,indole,gin,123,gradinput,P01_historical,0.1,93,0.0900985775038292,0.9462280636892684,0.3023874583842541,0.2937886658694099
bxaic__indole__gin__seed123,bxaic,indole,gin,123,gradinput,P01_historical,0.2,85,0.1891435753983128,0.8652452057581679,0.294462187572334,0.2761394313494971
bxaic__indole__gin__seed123,bxaic,indole,gin,123,atom_occlusion,P20_historical,0.05,41,0.0411338090412267,0.426605049899327,0.6863241131345527,0.6559210220135089
bxaic__indole__gin__seed123,bxaic,indole,gin,123,atom_occlusion,P20_historical,0.1,33,0.0898791757481533,0.3440056976408639,0.7918831797012768,0.7157909375473435
bxaic__indole__gin__seed123,bxaic,indole,gin,123,atom_occlusion,P20_historical,0.2,26,0.1711695796833863,0.2763053964994718,0.8736562136739254,0.7177229689982614
bxaic__indole__gin__seed123,bxaic,indole,gin,123,saliency,P20_historical,0.05,67,0.0480846163101176,0.6886269315023922,0.4282186274456903,0.4165455962514122
bxaic__indole__gin__seed123,bxaic,indole,gin,123,saliency,P20_historical,0.1,55,0.0927304730702144,0.565655995935434,0.4922018125282941,0.4634595318769516
bxaic__indole__gin__seed123,bxaic,indole,gin,123,saliency,P20_historical,0.2,39,0.1947720142157069,0.4058785626735846,0.5957711364715068,0.5112832945971666
bxaic__indole__gin__seed2026,bxaic,indole,gin,2026,ig,P01_historical,0.05,88,0.0481353260928247,0.8954710135035089,0.3322173799843174,0.325932927596297
bxaic__indole__gin__seed2026,bxaic,indole,gin,2026,ig,P01_historical,0.1,66,0.0950887671854104,0.6771674344541085,0.4150012599111202,0.3946820273522162
bxaic__indole__gin__seed2026,bxaic,indole,gin,2026,ig,P01_historical,0.2,44,0.1870168688116712,0.4554649986536597,0.5449065892310208,0.4766685766777129
bxaic__indole__gin__seed2026,bxaic,indole,gin,2026,gradinput,P01_historical,0.05,97,0.0505745823287783,0.9902939499285958,0.3073198805103379,0.3055802206595275
bxaic__indole__gin__seed2026,bxaic,indole,gin,2026,gradinput,P01_historical,0.1,96,0.0988452823320176,0.9747994993281844,0.2976899691448798,0.2916663100285164
bxaic__indole__gin__seed2026,bxaic,indole,gin,2026,gradinput,P01_historical,0.2,93,0.178875480682465,0.9462280636892684,0.2819476761177785,0.2689078394726386
bxaic__indole__gin__seed2026,bxaic,indole,gin,2026,atom_occlusion,P20_historical,0.05,47,0.0430821637305127,0.4859745523486533,0.6050230394148074,0.5805035912508623
bxaic__indole__gin__seed2026,bxaic,indole,gin,2026,atom_occlusion,P20_historical,0.1,37,0.0892699835106451,0.3856673704178531,0.713128755268573,0.6518451693270098
bxaic__indole__gin__seed2026,bxaic,indole,gin,2026,atom_occlusion,P20_historical,0.2,27,0.1910711255797877,0.2866347238712632,0.8302809381063192,0.6753981263926109
bxaic__indole__gin__seed2026,bxaic,indole,gin,2026,saliency,P20_historical,0.05,76,0.0409917445245006,0.7755804835293979,0.3846428139446537,0.3767261126345091
bxaic__indole__gin__seed2026,bxaic,indole,gin,2026,saliency,P20_historical,0.1,63,0.0969467697675617,0.6469652587254012,0.431016509339045,0.4086132805380003
bxaic__indole__gin__seed2026,bxaic,indole,gin,2026,saliency,P20_historical,0.2,44,0.1971906009128543,0.4554649986536656,0.5346192799306503,0.4636745448974465
bxaic__indole__gin__seed42,bxaic,indole,gin,42,ig,P01_historical,0.05,79,0.0491426383278034,0.8060574077896909,0.3689063948135434,0.361453099412478
bxaic__indole__gin__seed42,bxaic,indole,gin,42,ig,P01_historical,0.1,67,0.0980146445224951,0.6886269315023926,0.4092258497899259,0.3905567755889931
bxaic__indole__gin__seed42,bxaic,indole,gin,42,ig,P01_historical,0.2,47,0.198500185871599,0.4859745523486496,0.5060478751268158,0.4427403648296496
bxaic__indole__gin__seed42,bxaic,indole,gin,42,gradinput,P01_historical,0.05,96,0.0490741126366464,0.9747994993281844,0.3075204872019427,0.3036279059380937
bxaic__indole__gin__seed42,bxaic,indole,gin,42,gradinput,P01_historical,0.1,93,0.0921752491527803,0.9462280636892684,0.3024850796968595,0.2939082949413037
bxaic__indole__gin__seed42,bxaic,indole,gin,42,gradinput,P01_historical,0.2,85,0.2060787146940368,0.8652452057581679,0.289793930854149,0.270375900771881
bxaic__indole__gin__seed42,bxaic,indole,gin,42,atom_occlusion,P20_historical,0.05,44,0.0456926956317864,0.4554649986536656,0.6414726743558677,0.6132150966707766
bxaic__indole__gin__seed42,bxaic,indole,gin,42,atom_occlusion,P20_historical,0.1,35,0.0921819976029515,0.3678004329265359,0.7414573409404206,0.674430063899986
bxaic__indole__gin__seed42,bxaic,indole,gin,42,atom_occlusion,P20_historical,0.2,27,0.1791344669187118,0.2866347238712632,0.8380004888701552,0.6886127863029134
bxaic__indole__gin__seed42,bxaic,indole,gin,42,saliency,P20_historical,0.05,66,0.0417471274739822,0.6771674344541084,0.4396044806400717,0.429116282236358
bxaic__indole__gin__seed42,bxaic,indole,gin,42,saliency,P20_historical,0.1,56,0.0867166784668149,0.5771687133266318,0.4872282069646197,0.4619173808242405
bxaic__indole__gin__seed42,bxaic,indole,gin,42,saliency,P20_historical,0.2,43,0.1751980573718529,0.4472760748792189,0.5584179271563924,0.4941303925731432
bxaic__P__gcn__seed123,bxaic,P,gcn,123,ig,P01_historical,0.05,4,0.0423878015155905,0.0560134724761788,0.7105022850712506,0.6681144835556599
bxaic__P__gcn__seed123,bxaic,P,gcn,123,ig,P01_historical,0.1,2,0.1097649062474804,0.0365457382575857,0.961206896551724,0.8514419903042437
bxaic__P__gcn__seed123,bxaic,P,gcn,123,ig,P01_historical,0.2,1,0.1261095019369959,0.0347549874610954,0.9929467084639498,0.8668372065269538
bxaic__P__gcn__seed123,bxaic,P,gcn,123,gradinput,P01_historical,0.05,4,0.0423878015155905,0.0560134724761788,0.7105022850712506,0.6681144835556599
bxaic__P__gcn__seed123,bxaic,P,gcn,123,gradinput,P01_historical,0.1,2,0.1097649062474804,0.0365457382575857,0.961206896551724,0.8514419903042437
bxaic__P__gcn__seed123,bxaic,P,gcn,123,gradinput,P01_historical,0.2,1,0.1261095019369959,0.0347549874610954,0.9929467084639498,0.8668372065269538
bxaic__P__gcn__seed123,bxaic,P,gcn,123,atom_occlusion,P20_historical,0.05,4,0.0423878015155905,0.0560134724761789,0.7105022850712505,0.6681144835556599
bxaic__P__gcn__seed123,bxaic,P,gcn,123,atom_occlusion,P20_historical,0.1,2,0.1097649062474804,0.0365457382575857,0.9612068965517244,0.851441990304244
bxaic__P__gcn__seed123,bxaic,P,gcn,123,atom_occlusion,P20_historical,0.2,1,0.1261095019369959,0.0347549874610955,0.9929467084639498,0.8668372065269537
bxaic__P__gcn__seed123,bxaic,P,gcn,123,saliency,P20_historical,0.05,6,0.0348820719510374,0.0772656620816479,0.5266535353773433,0.5115206797272466
bxaic__P__gcn__seed123,bxaic,P,gcn,123,saliency,P20_historical,0.1,4,0.0709928171895717,0.0560134724761789,0.681244186847635,0.6434018398774991
bxaic__P__gcn__seed123,bxaic,P,gcn,123,saliency,P20_historical,0.2,1,0.1735232950404442,0.0347549874610955,0.9349529780564264,0.8194234134235057
bxaic__P__gcn__seed2026,bxaic,P,gcn,2026,ig,P01_historical,0.05,4,0.0423878015155905,0.0560134724761788,0.7105022850712506,0.6681144835556599
bxaic__P__gcn__seed2026,bxaic,P,gcn,2026,ig,P01_historical,0.1,2,0.1097649062474804,0.0365457382575857,0.961206896551724,0.8514419903042437
bxaic__P__gcn__seed2026,bxaic,P,gcn,2026,ig,P01_historical,0.2,1,0.1261095019369959,0.0347549874610954,0.9929467084639498,0.8668372065269538
bxaic__P__gcn__seed2026,bxaic,P,gcn,2026,gradinput,P01_historical,0.05,4,0.0423878015155905,0.0560134724761788,0.7105022850712506,0.6681144835556599
bxaic__P__gcn__seed2026,bxaic,P,gcn,2026,gradinput,P01_historical,0.1,2,0.1097649062474804,0.0365457382575857,0.961206896551724,0.8514419903042437
bxaic__P__gcn__seed2026,bxaic,P,gcn,2026,gradinput,P01_historical,0.2,1,0.1261095019369959,0.0347549874610954,0.9929467084639498,0.8668372065269538
bxaic__P__gcn__seed2026,bxaic,P,gcn,2026,atom_occlusion,P20_historical,0.05,4,0.0423878015155905,0.0560134724761789,0.7105022850712505,0.6681144835556599
bxaic__P__gcn__seed2026,bxaic,P,gcn,2026,atom_occlusion,P20_historical,0.1,2,0.1097649062474804,0.0365457382575857,0.9612068965517244,0.851441990304244
bxaic__P__gcn__seed2026,bxaic,P,gcn,2026,atom_occlusion,P20_historical,0.2,1,0.1261095019369959,0.0347549874610955,0.9929467084639498,0.8668372065269537
bxaic__P__gcn__seed2026,bxaic,P,gcn,2026,saliency,P20_historical,0.05,9,0.0598932676518883,0.1069868638561791,0.3778979476316254,0.374901231703875
bxaic__P__gcn__seed2026,bxaic,P,gcn,2026,saliency,P20_historical,0.1,7,0.1028026571130019,0.0876095521611401,0.4377302972420191,0.4287538330931414
bxaic__P__gcn__seed2026,bxaic,P,gcn,2026,saliency,P20_historical,0.2,4,0.2103784446237885,0.0560134724761789,0.5851757437964332,0.5433543429647983
bxaic__P__gcn__seed42,bxaic,P,gcn,42,ig,P01_historical,0.05,4,0.0423878015155905,0.0560134724761788,0.7105022850712506,0.6681144835556599
bxaic__P__gcn__seed42,bxaic,P,gcn,42,ig,P01_historical,0.1,2,0.1097649062474804,0.0365457382575857,0.961206896551724,0.8514419903042437
bxaic__P__gcn__seed42,bxaic,P,gcn,42,ig,P01_historical,0.2,1,0.1261095019369959,0.0347549874610954,0.9929467084639498,0.8668372065269538
bxaic__P__gcn__seed42,bxaic,P,gcn,42,gradinput,P01_historical,0.05,4,0.0423878015155905,0.0560134724761788,0.7105022850712506,0.6681144835556599
bxaic__P__gcn__seed42,bxaic,P,gcn,42,gradinput,P01_historical,0.1,2,0.1097649062474804,0.0365457382575857,0.961206896551724,0.8514419903042437
bxaic__P__gcn__seed42,bxaic,P,gcn,42,gradinput,P01_historical,0.2,1,0.1261095019369959,0.0347549874610954,0.9929467084639498,0.8668372065269538
bxaic__P__gcn__seed42,bxaic,P,gcn,42,atom_occlusion,P20_historical,0.05,4,0.0423878015155905,0.0560134724761789,0.7105022850712505,0.6681144835556599
bxaic__P__gcn__seed42,bxaic,P,gcn,42,atom_occlusion,P20_historical,0.1,2,0.1097649062474804,0.0365457382575857,0.9612068965517244,0.851441990304244
bxaic__P__gcn__seed42,bxaic,P,gcn,42,atom_occlusion,P20_historical,0.2,1,0.1261095019369959,0.0347549874610955,0.9929467084639498,0.8668372065269537
bxaic__P__gcn__seed42,bxaic,P,gcn,42,saliency,P20_historical,0.05,6,0.0395842663084042,0.0772656620816479,0.5199920933710738,0.5043367716812694
bxaic__P__gcn__seed42,bxaic,P,gcn,42,saliency,P20_historical,0.1,4,0.0858830993212332,0.0560134724761789,0.6676600698152421,0.6300789558649599
bxaic__P__gcn__seed42,bxaic,P,gcn,42,saliency,P20_historical,0.2,1,0.1837113828147389,0.0347549874610955,0.9224137931034484,0.809235325649211
bxaic__P__gin__seed123,bxaic,P,gin,123,ig,P01_historical,0.05,4,0.0423878015155905,0.0560134724761788,0.7105022850712506,0.6681144835556599
bxaic__P__gin__seed123,bxaic,P,gin,123,ig,P01_historical,0.1,2,0.1128997024857249,0.0365457382575857,0.9580721003134796,0.8483071940659993
bxaic__P__gin__seed123,bxaic,P,gin,123,ig,P01_historical,0.2,1,0.1292442981752404,0.0347549874610954,0.9898119122257052,0.8637024102887094
bxaic__P__gin__seed123,bxaic,P,gin,123,gradinput,P01_historical,0.05,4,0.0423878015155905,0.0560134724761788,0.7105022850712506,0.6681144835556599
bxaic__P__gin__seed123,bxaic,P,gin,123,gradinput,P01_historical,0.1,2,0.1128997024857249,0.0365457382575857,0.9580721003134796,0.8483071940659993
bxaic__P__gin__seed123,bxaic,P,gin,123,gradinput,P01_historical,0.2,1,0.1292442981752404,0.0347549874610954,0.9898119122257052,0.8637024102887094
bxaic__P__gin__seed123,bxaic,P,gin,123,atom_occlusion,P20_historical,0.05,4,0.0423878015155905,0.0560134724761789,0.7105022850712505,0.6681144835556599
bxaic__P__gin__seed123,bxaic,P,gin,123,atom_occlusion,P20_historical,0.1,2,0.1097649062474804,0.0365457382575857,0.9612068965517244,0.851441990304244
bxaic__P__gin__seed123,bxaic,P,gin,123,atom_occlusion,P20_historical,0.2,1,0.1261095019369959,0.0347549874610955,0.9929467084639498,0.8668372065269537
bxaic__P__gin__seed123,bxaic,P,gin,123,saliency,P20_historical,0.05,6,0.0573219883564711,0.0772656620816479,0.4958541623365911,0.4782321291973166
bxaic__P__gin__seed123,bxaic,P,gin,123,saliency,P20_historical,0.1,4,0.1057368088301151,0.0560134724761789,0.6310874470357228,0.59734645847729
bxaic__P__gin__seed123,bxaic,P,gin,123,saliency,P20_historical,0.2,1,0.1907385510488037,0.0347549874610955,0.8832288401253918,0.8022081574151461
bxaic__P__gin__seed2026,bxaic,P,gin,2026,ig,P01_historical,0.05,4,0.0423878015155905,0.0560134724761788,0.7105022850712506,0.6681144835556599
bxaic__P__gin__seed2026,bxaic,P,gin,2026,ig,P01_historical,0.1,2,0.1097649062474804,0.0365457382575857,0.961206896551724,0.8514419903042437
bxaic__P__gin__seed2026,bxaic,P,gin,2026,ig,P01_historical,0.2,1,0.1261095019369959,0.0347549874610954,0.9929467084639498,0.8668372065269538
bxaic__P__gin__seed2026,bxaic,P,gin,2026,gradinput,P01_historical,0.05,4,0.0423878015155905,0.0560134724761788,0.7105022850712506,0.6681144835556599
bxaic__P__gin__seed2026,bxaic,P,gin,2026,gradinput,P01_historical,0.1,2,0.1097649062474804,0.0365457382575857,0.961206896551724,0.8514419903042437
bxaic__P__gin__seed2026,bxaic,P,gin,2026,gradinput,P01_historical,0.2,1,0.1261095019369959,0.0347549874610954,0.9929467084639498,0.8668372065269538
bxaic__P__gin__seed2026,bxaic,P,gin,2026,atom_occlusion,P20_historical,0.05,4,0.0423878015155905,0.0560134724761789,0.7105022850712505,0.6681144835556599
bxaic__P__gin__seed2026,bxaic,P,gin,2026,atom_occlusion,P20_historical,0.1,2,0.1097649062474804,0.0365457382575857,0.9612068965517244,0.851441990304244
bxaic__P__gin__seed2026,bxaic,P,gin,2026,atom_occlusion,P20_historical,0.2,1,0.1261095019369959,0.0347549874610955,0.9929467084639498,0.8668372065269537
bxaic__P__gin__seed2026,bxaic,P,gin,2026,saliency,P20_historical,0.05,4,0.0528371223097389,0.0560134724761789,0.7034489935352003,0.6615836580593172
bxaic__P__gin__seed2026,bxaic,P,gin,2026,saliency,P20_historical,0.1,2,0.1212591591210437,0.0365457382575857,0.9486677115987464,0.8399477374306806
bxaic__P__gin__seed2026,bxaic,P,gin,2026,saliency,P20_historical,0.2,1,0.1376037548105592,0.0347549874610955,0.9804075235109718,0.8553429536533904
bxaic__P__gin__seed42,bxaic,P,gin,42,ig,P01_historical,0.05,4,0.0423878015155905,0.0560134724761788,0.7105022850712506,0.6681144835556599
bxaic__P__gin__seed42,bxaic,P,gin,42,ig,P01_historical,0.1,2,0.1097649062474804,0.0365457382575857,0.961206896551724,0.8514419903042437
bxaic__P__gin__seed42,bxaic,P,gin,42,ig,P01_historical,0.2,1,0.1261095019369959,0.0347549874610954,0.9929467084639498,0.8668372065269538
bxaic__P__gin__seed42,bxaic,P,gin,42,gradinput,P01_historical,0.05,4,0.0423878015155905,0.0560134724761788,0.7105022850712506,0.6681144835556599
bxaic__P__gin__seed42,bxaic,P,gin,42,gradinput,P01_historical,0.1,2,0.1128997024857249,0.0365457382575857,0.9580721003134796,0.8483071940659993
bxaic__P__gin__seed42,bxaic,P,gin,42,gradinput,P01_historical,0.2,1,0.1292442981752404,0.0347549874610954,0.9898119122257052,0.8637024102887094
bxaic__P__gin__seed42,bxaic,P,gin,42,atom_occlusion,P20_historical,0.05,4,0.0423878015155905,0.0560134724761789,0.7105022850712505,0.6681144835556599
bxaic__P__gin__seed42,bxaic,P,gin,42,atom_occlusion,P20_historical,0.1,2,0.1128997024857249,0.0365457382575857,0.9580721003134798,0.8483071940659994
bxaic__P__gin__seed42,bxaic,P,gin,42,atom_occlusion,P20_historical,0.2,1,0.1292442981752404,0.0347549874610955,0.9898119122257052,0.8637024102887092
bxaic__P__gin__seed42,bxaic,P,gin,42,saliency,P20_historical,0.05,4,0.0568862341174714,0.0560134724761789,0.6903873425425148,0.6535899276517937
bxaic__P__gin__seed42,bxaic,P,gin,42,saliency,P20_historical,0.1,3,0.0851478052035861,0.0455320413013177,0.8057471264367815,0.7434572104703949
bxaic__P__gin__seed42,bxaic,P,gin,42,saliency,P20_historical,0.2,1,0.1391711529296814,0.0347549874610955,0.969435736677116,0.8537755555342682
bxaic__PAINS__gcn__seed123,bxaic,PAINS,gcn,123,ig,P01_historical,0.05,92,0.0428976273526749,0.9380635432447604,0.3483760832565716,0.3422034010625798
bxaic__PAINS__gcn__seed123,bxaic,PAINS,gcn,123,ig,P01_historical,0.1,86,0.0886264400404617,0.8782821505199192,0.3524390040803632,0.3387256119351242
bxaic__PAINS__gcn__seed123,bxaic,PAINS,gcn,123,ig,P01_historical,0.2,73,0.1929290403522624,0.7480814401090432,0.362185031793497,0.3291642015722779
bxaic__PAINS__gcn__seed123,bxaic,PAINS,gcn,123,gradinput,P01_historical,0.05,94,0.041011763462845,0.9576176765857716,0.3437213942683835,0.3387817935630285
bxaic__PAINS__gcn__seed123,bxaic,PAINS,gcn,123,gradinput,P01_historical,0.1,89,0.0957696367424396,0.9091218677307265,0.3433532474922704,0.3322930462208286
bxaic__PAINS__gcn__seed123,bxaic,PAINS,gcn,123,gradinput,P01_historical,0.2,80,0.1956617947862849,0.8149319138164086,0.343866816658333,0.3192060528113081
bxaic__PAINS__gcn__seed123,bxaic,PAINS,gcn,123,atom_occlusion,P20_historical,0.05,89,0.0475336289606379,0.9091218677307292,0.3572354834054299,0.3500319710861613
bxaic__PAINS__gcn__seed123,bxaic,PAINS,gcn,123,atom_occlusion,P20_historical,0.1,81,0.0964159739453662,0.8288222076854068,0.3699986088545349,0.354315310687975
bxaic__PAINS__gcn__seed123,bxaic,PAINS,gcn,123,atom_occlusion,P20_historical,0.2,67,0.1885872705098547,0.6909636668174082,0.3952818188802289,0.3600556403110245
bxaic__PAINS__gcn__seed123,bxaic,PAINS,gcn,123,saliency,P20_historical,0.05,92,0.0443661241467366,0.9380635432447644,0.3472997818364733,0.3406571635976509
bxaic__PAINS__gcn__seed123,bxaic,PAINS,gcn,123,saliency,P20_historical,0.1,85,0.0916858961416572,0.8667805796968743,0.3549005442517099,0.3404343850352224
bxaic__PAINS__gcn__seed123,bxaic,PAINS,gcn,123,saliency,P20_historical,0.2,71,0.204005145747317,0.7294184524174623,0.3640788322579816,0.3295257489437463
bxaic__PAINS__gcn__seed2026,bxaic,PAINS,gcn,2026,ig,P01_historical,0.05,90,0.0469790931793556,0.9157370192095664,0.3547343909510085,0.3473907363300771
bxaic__PAINS__gcn__seed2026,bxaic,PAINS,gcn,2026,ig,P01_historical,0.1,83,0.0958013357071782,0.8488238590750994,0.3609632802117175,0.3449371098529565
bxaic__PAINS__gcn__seed2026,bxaic,PAINS,gcn,2026,ig,P01_historical,0.2,72,0.1941034548408181,0.7376837897989358,0.3659937773877899,0.3315369846438644
bxaic__PAINS__gcn__seed2026,bxaic,PAINS,gcn,2026,gradinput,P01_historical,0.05,93,0.046817146911601,0.9485539954456153,0.3443439989157796,0.3386051173193659
bxaic__PAINS__gcn__seed2026,bxaic,PAINS,gcn,2026,gradinput,P01_historical,0.1,88,0.0984274178653966,0.8975096610559893,0.3438501072994472,0.3312258666054371
bxaic__PAINS__gcn__seed2026,bxaic,PAINS,gcn,2026,gradinput,P01_historical,0.2,79,0.1898926940172476,0.8085992408466761,0.3425001359511213,0.3166914710685927
bxaic__PAINS__gcn__seed2026,bxaic,PAINS,gcn,2026,atom_occlusion,P20_historical,0.05,89,0.0524725757165069,0.9091218677307292,0.3552409632480955,0.3473880696863142
bxaic__PAINS__gcn__seed2026,bxaic,PAINS,gcn,2026,atom_occlusion,P20_historical,0.1,81,0.0986186575553909,0.8288222076854068,0.3686365915415233,0.3526662646666467
bxaic__PAINS__gcn__seed2026,bxaic,PAINS,gcn,2026,atom_occlusion,P20_historical,0.2,66,0.1960376796636149,0.6786990675017398,0.3967350914696989,0.3592388762660051
bxaic__PAINS__gcn__seed2026,bxaic,PAINS,gcn,2026,saliency,P20_historical,0.05,91,0.0418996728549056,0.92914280718448,0.3514547406069206,0.3451623391554342
bxaic__PAINS__gcn__seed2026,bxaic,PAINS,gcn,2026,saliency,P20_historical,0.1,83,0.0953357647904807,0.8488238590750934,0.3603319569077057,0.3450966403998567
bxaic__PAINS__gcn__seed2026,bxaic,PAINS,gcn,2026,saliency,P20_historical,0.2,69,0.2015899711684837,0.7087151266394004,0.3748297718762481,0.340814566712336
bxaic__PAINS__gcn__seed42,bxaic,PAINS,gcn,42,ig,P01_historical,0.05,94,0.0479667774149113,0.9576176765857716,0.3400722665637739,0.3337297855036174
bxaic__PAINS__gcn__seed42,bxaic,PAINS,gcn,42,ig,P01_historical,0.1,89,0.0973045327452572,0.9091218677307265,0.3411192816040406,0.328711801357458
bxaic__PAINS__gcn__seed42,bxaic,PAINS,gcn,42,ig,P01_historical,0.2,77,0.2025901444398695,0.7885640718930422,0.3543435119057974,0.3268306154129889
bxaic__PAINS__gcn__seed42,bxaic,PAINS,gcn,42,gradinput,P01_historical,0.05,94,0.0446333737564444,0.9576176765857716,0.3419964460996483,0.3365809737738719
bxaic__PAINS__gcn__seed42,bxaic,PAINS,gcn,42,gradinput,P01_historical,0.1,89,0.0993197759423381,0.9091218677307265,0.3399115894154874,0.3281042733649751
bxaic__PAINS__gcn__seed42,bxaic,PAINS,gcn,42,gradinput,P01_historical,0.2,81,0.1857484349328107,0.8288222076854092,0.3372539904816607,0.3144253562008703
bxaic__PAINS__gcn__seed42,bxaic,PAINS,gcn,42,atom_occlusion,P20_historical,0.05,89,0.0421502425899221,0.9091218677307292,0.3592200095801663,0.3526272938135837
bxaic__PAINS__gcn__seed42,bxaic,PAINS,gcn,42,atom_occlusion,P20_historical,0.1,79,0.0981634468369235,0.80859924084667,0.3778026367103884,0.3608810106723533
bxaic__PAINS__gcn__seed42,bxaic,PAINS,gcn,42,atom_occlusion,P20_historical,0.2,64,0.1925303908804638,0.6571995997874026,0.4103264728334336,0.3695525619673048
bxaic__PAINS__gcn__seed42,bxaic,PAINS,gcn,42,saliency,P20_historical,0.05,91,0.0407564853979201,0.92914280718448,0.3517385597524008,0.345390321612667
bxaic__PAINS__gcn__seed42,bxaic,PAINS,gcn,42,saliency,P20_historical,0.1,82,0.0938394297323687,0.8380970842735934,0.3650826927366623,0.3493592339823509
bxaic__PAINS__gcn__seed42,bxaic,PAINS,gcn,42,saliency,P20_historical,0.2,67,0.1936517187105102,0.6909636668174082,0.3865683029934378,0.3497994298423164
bxaic__PAINS__gin__seed123,bxaic,PAINS,gin,123,ig,P01_historical,0.05,89,0.0487361873799468,0.9091218677307265,0.3558990014168983,0.3479916636116127
bxaic__PAINS__gin__seed123,bxaic,PAINS,gin,123,ig,P01_historical,0.1,80,0.0977704662515104,0.8149319138164086,0.3733151696420775,0.3556918886306996
bxaic__PAINS__gin__seed123,bxaic,PAINS,gin,123,ig,P01_historical,0.2,62,0.1932415149147892,0.6384061278452975,0.4173839828897844,0.3729514069045948
bxaic__PAINS__gin__seed123,bxaic,PAINS,gin,123,gradinput,P01_historical,0.05,96,0.0476551065659574,0.9776360379657538,0.3385759994041145,0.3352842898407533
bxaic__PAINS__gin__seed123,bxaic,PAINS,gin,123,gradinput,P01_historical,0.1,94,0.0850178819165395,0.9576176765857716,0.3355240825582011,0.3286465148796221
bxaic__PAINS__gin__seed123,bxaic,PAINS,gin,123,gradinput,P01_historical,0.2,87,0.1899895921872473,0.888724311517938,0.3284848401611209,0.3124233026098075
bxaic__PAINS__gin__seed123,bxaic,PAINS,gin,123,atom_occlusion,P20_historical,0.05,81,0.047443764178026,0.8288222076854068,0.3906698652593638,0.3816980114013185
bxaic__PAINS__gin__seed123,bxaic,PAINS,gin,123,atom_occlusion,P20_historical,0.1,63,0.0982683293809033,0.649009236961634,0.4656226749268946,0.4401962323501089
bxaic__PAINS__gin__seed123,bxaic,PAINS,gin,123,atom_occlusion,P20_historical,0.2,40,0.1978212683948853,0.4147760998413445,0.6267870822177314,0.5393168054185705
bxaic__PAINS__gin__seed123,bxaic,PAINS,gin,123,saliency,P20_historical,0.05,81,0.0466707772277139,0.8288222076854068,0.3906758560315681,0.381186290752265
bxaic__PAINS__gin__seed123,bxaic,PAINS,gin,123,saliency,P20_historical,0.1,70,0.0942656850277937,0.7197916353793983,0.424028532548421,0.402429098459265
bxaic__PAINS__gin__seed123,bxaic,PAINS,gin,123,saliency,P20_historical,0.2,54,0.1907575321016546,0.557642303290396,0.4812622751537259,0.4259777427356281
bxaic__PAINS__gin__seed2026,bxaic,PAINS,gin,2026,ig,P01_historical,0.05,86,0.0461726249976444,0.8782821505199192,0.3697064496980019,0.3616518489881076
bxaic__PAINS__gin__seed2026,bxaic,PAINS,gin,2026,ig,P01_historical,0.1,74,0.0963529289767679,0.75809815428355,0.4019899014248568,0.3813499600702026
bxaic__PAINS__gin__seed2026,bxaic,PAINS,gin,2026,ig,P01_historical,0.2,55,0.1934745148372029,0.5674997794069838,0.4701937266664582,0.4136481442477295
bxaic__PAINS__gin__seed2026,bxaic,PAINS,gin,2026,gradinput,P01_historical,0.05,97,0.0176816672345375,0.99311715273399,0.3414445596449708,0.3406181725418272
bxaic__PAINS__gin__seed2026,bxaic,PAINS,gin,2026,gradinput,P01_historical,0.1,94,0.0838261015186042,0.9576176765857716,0.3351763811529857,0.3282285973504502
bxaic__PAINS__gin__seed2026,bxaic,PAINS,gin,2026,gradinput,P01_historical,0.2,88,0.1872264465508474,0.8975096610559893,0.3257669698797182,0.3099900812007868
bxaic__PAINS__gin__seed2026,bxaic,PAINS,gin,2026,atom_occlusion,P20_historical,0.05,81,0.0505338568652111,0.8288222076854068,0.3899561130566736,0.3806487875184111
bxaic__PAINS__gin__seed2026,bxaic,PAINS,gin,2026,atom_occlusion,P20_historical,0.1,64,0.0988970126359327,0.6571995997874026,0.4622232640806196,0.4371383192481278
bxaic__PAINS__gin__seed2026,bxaic,PAINS,gin,2026,atom_occlusion,P20_historical,0.2,42,0.1970323196470274,0.4382121052667012,0.6013403413181534,0.5201716634026281
bxaic__PAINS__gin__seed2026,bxaic,PAINS,gin,2026,saliency,P20_historical,0.05,82,0.0458675460462498,0.8380970842735934,0.3869518145813762,0.3780573106473088
bxaic__PAINS__gin__seed2026,bxaic,PAINS,gin,2026,saliency,P20_historical,0.1,72,0.0933470426179633,0.7376837897989411,0.4148577902265409,0.3946438548160197
bxaic__PAINS__gin__seed2026,bxaic,PAINS,gin,2026,saliency,P20_historical,0.2,56,0.1894209002412779,0.5790848800081908,0.4637584902180363,0.4132597730639095
bxaic__PAINS__gin__seed42,bxaic,PAINS,gin,42,ig,P01_historical,0.05,93,0.0471564132173496,0.9485539954456153,0.3433884398630175,0.3369695100092716
bxaic__PAINS__gin__seed42,bxaic,PAINS,gin,42,ig,P01_historical,0.1,84,0.10021768040983,0.8573713715364746,0.3568805125034744,0.3410907834325408
bxaic__PAINS__gin__seed42,bxaic,PAINS,gin,42,ig,P01_historical,0.2,61,0.1996400810578032,0.628566785665255,0.4299777157061603,0.3842764735724339
bxaic__PAINS__gin__seed42,bxaic,PAINS,gin,42,gradinput,P01_historical,0.05,96,0.0461519215800545,0.9776360379657538,0.3381102999451615,0.3346190626010596
bxaic__PAINS__gin__seed42,bxaic,PAINS,gin,42,gradinput,P01_historical,0.1,93,0.097590076394263,0.9485539954456153,0.3323817028493914,0.3235254959569587
bxaic__PAINS__gin__seed42,bxaic,PAINS,gin,42,gradinput,P01_historical,0.2,87,0.1891333924625192,0.888724311517938,0.3231302419098198,0.3054892541426751
bxaic__PAINS__gin__seed42,bxaic,PAINS,gin,42,atom_occlusion,P20_historical,0.05,76,0.0454035895593714,0.7771510750062881,0.4186840839726573,0.4094350492914251
bxaic__PAINS__gin__seed42,bxaic,PAINS,gin,42,atom_occlusion,P20_historical,0.1,56,0.0987371107451729,0.5790848800081908,0.522991889507502,0.4919348648631834
bxaic__PAINS__gin__seed42,bxaic,PAINS,gin,42,atom_occlusion,P20_historical,0.2,37,0.1990925568511033,0.387491476592661,0.675393494394972,0.5754991321459805
bxaic__PAINS__gin__seed42,bxaic,PAINS,gin,42,saliency,P20_historical,0.05,78,0.0457990935647515,0.7978589195873704,0.4056445030470522,0.3956001715295217
bxaic__PAINS__gin__seed42,bxaic,PAINS,gin,42,saliency,P20_historical,0.1,66,0.0981368425523997,0.6786990675017398,0.44739113155917,0.4232778393104793
bxaic__PAINS__gin__seed42,bxaic,PAINS,gin,42,saliency,P20_historical,0.2,51,0.194334737370594,0.5281548142925443,0.5050088215867906,0.4461295860893167
bxaic__rings-count__gcn__seed123,bxaic,rings-count,gcn,123,ig,P01_historical,0.05,91,0.0494438178848419,0.9282105650069856,0.655609468284451,0.6333517503694953
bxaic__rings-count__gcn__seed123,bxaic,rings-count,gcn,123,ig,P01_historical,0.1,86,0.097189238292311,0.8772717462941478,0.6593838241892481,0.6160138859771437
bxaic__rings-count__gcn__seed123,bxaic,rings-count,gcn,123,ig,P01_historical,0.2,77,0.1954818976062163,0.788029965494949,0.6568600708198775,0.5695995397365956
bxaic__rings-count__gcn__seed123,bxaic,rings-count,gcn,123,gradinput,P01_historical,0.05,93,0.0453607703294851,0.9473877485874485,0.6461945143702064,0.6271752261357594
bxaic__rings-count__gcn__seed123,bxaic,rings-count,gcn,123,gradinput,P01_historical,0.1,88,0.0927757386435866,0.8966978540680908,0.6495155359045426,0.6101146792817989
bxaic__rings-count__gcn__seed123,bxaic,rings-count,gcn,123,gradinput,P01_historical,0.2,78,0.1937092871626025,0.7971579104548313,0.6515443130496709,0.5675046620514834
bxaic__rings-count__gcn__seed123,bxaic,rings-count,gcn,123,atom_occlusion,P20_historical,0.05,93,0.0455223321653958,0.9473877485874408,0.6475785791012396,0.6302922124653776
bxaic__rings-count__gcn__seed123,bxaic,rings-count,gcn,123,atom_occlusion,P20_historical,0.1,88,0.0951042143925409,0.8966978540681062,0.6502051168234663,0.6128367639091339
bxaic__rings-count__gcn__seed123,bxaic,rings-count,gcn,123,atom_occlusion,P20_historical,0.2,79,0.1942832276224763,0.8073361241949207,0.6469157601796062,0.5689187069974881
bxaic__rings-count__gcn__seed123,bxaic,rings-count,gcn,123,saliency,P20_historical,0.05,93,0.0433740522740311,0.9473877485874408,0.6476347461404329,0.6293904294708368
bxaic__rings-count__gcn__seed123,bxaic,rings-count,gcn,123,saliency,P20_historical,0.1,88,0.0927606254039044,0.8966978540681062,0.6488718550091633,0.608305949602302
bxaic__rings-count__gcn__seed123,bxaic,rings-count,gcn,123,saliency,P20_historical,0.2,79,0.1893393823155084,0.8073361241949207,0.6449777483671237,0.5612177748618646
bxaic__rings-count__gcn__seed2026,bxaic,rings-count,gcn,2026,ig,P01_historical,0.05,94,0.0425220287634681,0.9571779041803892,0.6410204811493598,0.6227457570632307
bxaic__rings-count__gcn__seed2026,bxaic,rings-count,gcn,2026,ig,P01_historical,0.1,89,0.0923034634026344,0.9084471118578896,0.6408107614211386,0.6014790294993325
bxaic__rings-count__gcn__seed2026,bxaic,rings-count,gcn,2026,ig,P01_historical,0.2,78,0.2013644546414471,0.7971579104548313,0.6448780746368926,0.5574414259520198
bxaic__rings-count__gcn__seed2026,bxaic,rings-count,gcn,2026,gradinput,P01_historical,0.05,94,0.0490932089612864,0.9571779041803892,0.6375586145861882,0.6175340221732538
bxaic__rings-count__gcn__seed2026,bxaic,rings-count,gcn,2026,gradinput,P01_historical,0.1,91,0.0852556938192245,0.9282105650069856,0.6334656451120676,0.5991413669066097
bxaic__rings-count__gcn__seed2026,bxaic,rings-count,gcn,2026,gradinput,P01_historical,0.2,82,0.1927760969343692,0.8372809697384443,0.6246715855058675,0.5494033555128862
bxaic__rings-count__gcn__seed2026,bxaic,rings-count,gcn,2026,atom_occlusion,P20_historical,0.05,94,0.0432589022328359,0.9571779041803794,0.6432255235945321,0.627573520283498
bxaic__rings-count__gcn__seed2026,bxaic,rings-count,gcn,2026,atom_occlusion,P20_historical,0.1,89,0.0947877812436581,0.9084471118579232,0.6438872881945176,0.6089854470829025
bxaic__rings-count__gcn__seed2026,bxaic,rings-count,gcn,2026,atom_occlusion,P20_historical,0.2,81,0.1868466206606779,0.8282350484191191,0.6385034150977482,0.568073229373765
bxaic__rings-count__gcn__seed2026,bxaic,rings-count,gcn,2026,saliency,P20_historical,0.05,85,0.0480161072801292,0.8662810335360724,0.701677812442008,0.6753718770177067
bxaic__rings-count__gcn__seed2026,bxaic,rings-count,gcn,2026,saliency,P20_historical,0.1,78,0.0939137297001626,0.797157910454846,0.7238202563559274,0.6698657680572685
bxaic__rings-count__gcn__seed2026,bxaic,rings-count,gcn,2026,saliency,P20_historical,0.2,66,0.1968705240942225,0.6779201401145637,0.7511696552387148,0.6303392917537155
bxaic__rings-count__gcn__seed42,bxaic,rings-count,gcn,42,ig,P01_historical,0.05,94,0.0453134509248121,0.9571779041803892,0.6393385745677991,0.6201231589313404
bxaic__rings-count__gcn__seed42,bxaic,rings-count,gcn,42,ig,P01_historical,0.1,89,0.099682117926628,0.9084471118578896,0.6361404579511645,0.5943229360448445
bxaic__rings-count__gcn__seed42,bxaic,rings-count,gcn,42,ig,P01_historical,0.2,79,0.2006906516601632,0.807336124194903,0.6386090292025909,0.5537839709520572
bxaic__rings-count__gcn__seed42,bxaic,rings-count,gcn,42,gradinput,P01_historical,0.05,94,0.0415969590950688,0.9571779041803892,0.6417366389050948,0.6239062296264352
bxaic__rings-count__gcn__seed42,bxaic,rings-count,gcn,42,gradinput,P01_historical,0.1,89,0.0928589086419125,0.9084471118578896,0.64073363042045,0.6013627524947756
bxaic__rings-count__gcn__seed42,bxaic,rings-count,gcn,42,gradinput,P01_historical,0.2,81,0.1830272975528062,0.8282350484191051,0.635378388080807,0.5583404311428298
bxaic__rings-count__gcn__seed42,bxaic,rings-count,gcn,42,atom_occlusion,P20_historical,0.05,94,0.0423080072622056,0.9571779041803794,0.64349519558217,0.6279436634078734
bxaic__rings-count__gcn__seed42,bxaic,rings-count,gcn,42,atom_occlusion,P20_historical,0.1,89,0.0926488587903388,0.9084471118579232,0.6448959524964702,0.6104671714681509
bxaic__rings-count__gcn__seed42,bxaic,rings-count,gcn,42,atom_occlusion,P20_historical,0.2,80,0.1973017408124841,0.8137950848970038,0.6403940192654496,0.5638082079518689
bxaic__rings-count__gcn__seed42,bxaic,rings-count,gcn,42,saliency,P20_historical,0.05,93,0.0491773535737137,0.9473877485874408,0.6455321990349487,0.6267042403194982
bxaic__rings-count__gcn__seed42,bxaic,rings-count,gcn,42,saliency,P20_historical,0.1,89,0.0936042298940672,0.9084471118579232,0.6430951001210005,0.6061258378359262
bxaic__rings-count__gcn__seed42,bxaic,rings-count,gcn,42,saliency,P20_historical,0.2,81,0.1919199840944447,0.8282350484191191,0.6316280134122895,0.5543087158244971
bxaic__rings-count__gin__seed123,bxaic,rings-count,gin,123,ig,P01_historical,0.05,94,0.042238806918599,0.9571779041803892,0.6439080919785283,0.6288593129671894
bxaic__rings-count__gin__seed123,bxaic,rings-count,gin,123,ig,P01_historical,0.1,89,0.0918283153527798,0.9084471118578896,0.6457072121745934,0.6123853625155222
bxaic__rings-count__gin__seed123,bxaic,rings-count,gin,123,ig,P01_historical,0.2,80,0.196273099410152,0.8137950848969696,0.6410391764358965,0.5655468868045386
bxaic__rings-count__gin__seed123,bxaic,rings-count,gin,123,gradinput,P01_historical,0.05,94,0.0436473140377441,0.9571779041803892,0.6414771924265213,0.6241959234434876
bxaic__rings-count__gin__seed123,bxaic,rings-count,gin,123,gradinput,P01_historical,0.1,89,0.0961332083265786,0.9084471118578896,0.6404115441928311,0.6025083358481167
bxaic__rings-count__gin__seed123,bxaic,rings-count,gin,123,gradinput,P01_historical,0.2,81,0.1855502745561187,0.8282350484191051,0.6353299376840538,0.5612242014003658
bxaic__rings-count__gin__seed123,bxaic,rings-count,gin,123,atom_occlusion,P20_historical,0.05,94,0.044923609201886,0.9571779041803794,0.6418971163149355,0.6256686732501824
bxaic__rings-count__gin__seed123,bxaic,rings-count,gin,123,atom_occlusion,P20_historical,0.1,89,0.0983422979774658,0.9084471118579232,0.641250151085719,0.6058326088830243
bxaic__rings-count__gin__seed123,bxaic,rings-count,gin,123,atom_occlusion,P20_historical,0.2,81,0.1872367548055334,0.8282350484191191,0.6369043204413463,0.5675385415956624
bxaic__rings-count__gin__seed123,bxaic,rings-count,gin,123,saliency,P20_historical,0.05,86,0.0453785247492098,0.8772717462941669,0.6961371445206013,0.6734271469256711
bxaic__rings-count__gin__seed123,bxaic,rings-count,gin,123,saliency,P20_historical,0.1,78,0.0966297224757432,0.797157910454846,0.7229112328121364,0.6700299222644066
bxaic__rings-count__gin__seed123,bxaic,rings-count,gin,123,saliency,P20_historical,0.2,67,0.1888955835778462,0.6901920253936527,0.7476658280732682,0.6360535590183017
bxaic__rings-count__gin__seed2026,bxaic,rings-count,gin,2026,ig,P01_historical,0.05,94,0.0433870254658761,0.9571779041803892,0.6426329005769882,0.6266642992082985
bxaic__rings-count__gin__seed2026,bxaic,rings-count,gin,2026,ig,P01_historical,0.1,90,0.0934265968985688,0.915205996412866,0.6400567764970337,0.6063204895471188
bxaic__rings-count__gin__seed2026,bxaic,rings-count,gin,2026,ig,P01_historical,0.2,81,0.1964359819287547,0.8282350484191051,0.6324131648463877,0.5614548320161823
bxaic__rings-count__gin__seed2026,bxaic,rings-count,gin,2026,gradinput,P01_historical,0.05,94,0.0450576657082193,0.9571779041803892,0.6420928065363228,0.6258592102748759
bxaic__rings-count__gin__seed2026,bxaic,rings-count,gin,2026,gradinput,P01_historical,0.1,90,0.0914995197334544,0.915205996412866,0.6410228185337978,0.6073130659055345
bxaic__rings-count__gin__seed2026,bxaic,rings-count,gin,2026,gradinput,P01_historical,0.2,81,0.1931410749091925,0.8282350484191051,0.6340480610558081,0.5618945504262153
bxaic__rings-count__gin__seed2026,bxaic,rings-count,gin,2026,atom_occlusion,P20_historical,0.05,94,0.0464858965643429,0.9571779041803794,0.6413876365817872,0.625018049814428
bxaic__rings-count__gin__seed2026,bxaic,rings-count,gin,2026,atom_occlusion,P20_historical,0.1,90,0.0942352641694782,0.9152059964128934,0.6403486386298105,0.6073742703507441
bxaic__rings-count__gin__seed2026,bxaic,rings-count,gin,2026,atom_occlusion,P20_historical,0.2,81,0.191284090659572,0.8282350484191191,0.6355067312272551,0.5662693795123481
bxaic__rings-count__gin__seed2026,bxaic,rings-count,gin,2026,saliency,P20_historical,0.05,81,0.0431457524224229,0.8282350484191191,0.73596132601841,0.7084946384053479
bxaic__rings-count__gin__seed2026,bxaic,rings-count,gin,2026,saliency,P20_historical,0.1,74,0.0915002051679495,0.7572472903866901,0.7604072848988078,0.6997501084634816
bxaic__rings-count__gin__seed2026,bxaic,rings-count,gin,2026,saliency,P20_historical,0.2,63,0.1908935080569678,0.6482546863347516,0.7852319906436471,0.6536408979588284
bxaic__rings-count__gin__seed42,bxaic,rings-count,gin,42,ig,P01_historical,0.05,94,0.0452827972845441,0.9571779041803892,0.642094802427738,0.6260878003419377
bxaic__rings-count__gin__seed42,bxaic,rings-count,gin,42,ig,P01_historical,0.1,90,0.0941799224407364,0.915205996412866,0.6406271058561605,0.6078680865814945
bxaic__rings-count__gin__seed42,bxaic,rings-count,gin,42,ig,P01_historical,0.2,81,0.1973407693262567,0.8282350484191051,0.6331144005007621,0.5638799998765506
bxaic__rings-count__gin__seed42,bxaic,rings-count,gin,42,gradinput,P01_historical,0.05,94,0.0427851077822938,0.9571779041803892,0.6419034256296074,0.6247764246675911
bxaic__rings-count__gin__seed42,bxaic,rings-count,gin,42,gradinput,P01_historical,0.1,89,0.0946094555782003,0.9084471118578896,0.641086522072392,0.6031558145495367
bxaic__rings-count__gin__seed42,bxaic,rings-count,gin,42,gradinput,P01_historical,0.2,80,0.1976397630455538,0.8137950848969696,0.636759358578589,0.5562782679549926
bxaic__rings-count__gin__seed42,bxaic,rings-count,gin,42,atom_occlusion,P20_historical,0.05,94,0.0453280111383138,0.9571779041803794,0.6418955181424577,0.6257283697953964
bxaic__rings-count__gin__seed42,bxaic,rings-count,gin,42,atom_occlusion,P20_historical,0.1,89,0.099492550400703,0.9084471118579232,0.6413402247419868,0.6061524343691148
bxaic__rings-count__gin__seed42,bxaic,rings-count,gin,42,atom_occlusion,P20_historical,0.2,80,0.1984957091612846,0.8137950848970038,0.6392101195880736,0.5643979776509327
bxaic__rings-count__gin__seed42,bxaic,rings-count,gin,42,saliency,P20_historical,0.05,89,0.042736394148358,0.9084471118579232,0.6745344419775035,0.6545740069222968
bxaic__rings-count__gin__seed42,bxaic,rings-count,gin,42,saliency,P20_historical,0.1,81,0.0930449892736111,0.8282350484191191,0.6992800732741586,0.652146741591251
bxaic__rings-count__gin__seed42,bxaic,rings-count,gin,42,saliency,P20_historical,0.2,68,0.1994598130219038,0.696708399448192,0.7307037775287859,0.6176912838879476
bxaic__rings-max__gcn__seed123,bxaic,rings-max,gcn,123,ig,P01_historical,0.05,95,0.0427131151903236,0.9611511715338094,0.2685983499723741,0.2654955281827999
bxaic__rings-max__gcn__seed123,bxaic,rings-max,gcn,123,ig,P01_historical,0.1,91,0.0910966984479162,0.9234847698070427,0.2657521726725466,0.2590777611527485
bxaic__rings-max__gcn__seed123,bxaic,rings-max,gcn,123,ig,P01_historical,0.2,76,0.1880490397080842,0.7722412088975928,0.283316360801918,0.2661067967420805
bxaic__rings-max__gcn__seed123,bxaic,rings-max,gcn,123,gradinput,P01_historical,0.05,94,0.0431101119150759,0.9522828292781326,0.2711722130868556,0.2679634394503317
bxaic__rings-max__gcn__seed123,bxaic,rings-max,gcn,123,gradinput,P01_historical,0.1,90,0.0885172217278208,0.9101407650316404,0.2702047616046774,0.2635047603689398
bxaic__rings-max__gcn__seed123,bxaic,rings-max,gcn,123,gradinput,P01_historical,0.2,75,0.1888626817067881,0.7587833363641836,0.2869182071326191,0.2682520101981524
bxaic__rings-max__gcn__seed123,bxaic,rings-max,gcn,123,atom_occlusion,P20_historical,0.05,87,0.0375913129011339,0.8831394062523956,0.2916585266976696,0.28763863443299
bxaic__rings-max__gcn__seed123,bxaic,rings-max,gcn,123,atom_occlusion,P20_historical,0.1,77,0.0767009328167971,0.7824028583906255,0.3153817441615488,0.30706092063503
bxaic__rings-max__gcn__seed123,bxaic,rings-max,gcn,123,atom_occlusion,P20_historical,0.2,63,0.1675340096827924,0.6425050116896911,0.3461385930799328,0.3260400154037362
bxaic__rings-max__gcn__seed123,bxaic,rings-max,gcn,123,saliency,P20_historical,0.05,92,0.0442088978733969,0.933100423119931,0.2760344648006489,0.2728408861555343
bxaic__rings-max__gcn__seed123,bxaic,rings-max,gcn,123,saliency,P20_historical,0.1,85,0.1022089656995758,0.8615419215079451,0.280457559295134,0.2726413752230454
bxaic__rings-max__gcn__seed123,bxaic,rings-max,gcn,123,saliency,P20_historical,0.2,73,0.1979377990257853,0.7431959531128983,0.2888801777453076,0.2725414611738457
bxaic__rings-max__gcn__seed2026,bxaic,rings-max,gcn,2026,ig,P01_historical,0.05,91,0.037604298088109,0.9234847698070427,0.2798341621199454,0.2764379772866155
bxaic__rings-max__gcn__seed2026,bxaic,rings-max,gcn,2026,ig,P01_historical,0.1,87,0.0837812893650215,0.8831394062523965,0.2782224786458664,0.2709427678530432
bxaic__rings-max__gcn__seed2026,bxaic,rings-max,gcn,2026,ig,P01_historical,0.2,79,0.1810989173337769,0.8031415724851435,0.2729378768299423,0.2570031536557337
bxaic__rings-max__gcn__seed2026,bxaic,rings-max,gcn,2026,gradinput,P01_historical,0.05,94,0.0417963666764612,0.9522828292781326,0.2708448823395945,0.2674756030345646
bxaic__rings-max__gcn__seed2026,bxaic,rings-max,gcn,2026,gradinput,P01_historical,0.1,90,0.0889605242754416,0.9101407650316404,0.2691092508635427,0.2619082784160796
bxaic__rings-max__gcn__seed2026,bxaic,rings-max,gcn,2026,gradinput,P01_historical,0.2,81,0.1865078812805784,0.8221096957600588,0.2650472564364936,0.2492104334558631
bxaic__rings-max__gcn__seed2026,bxaic,rings-max,gcn,2026,atom_occlusion,P20_historical,0.05,88,0.0399362214390331,0.8925835780059945,0.2889675881232775,0.2852689868940309
bxaic__rings-max__gcn__seed2026,bxaic,rings-max,gcn,2026,atom_occlusion,P20_historical,0.1,81,0.0713413781329335,0.8221096957600584,0.3030819192344294,0.296261339514966
bxaic__rings-max__gcn__seed2026,bxaic,rings-max,gcn,2026,atom_occlusion,P20_historical,0.2,66,0.1559487869858945,0.6732538741590821,0.3345983710433101,0.3168299049161683
bxaic__rings-max__gcn__seed2026,bxaic,rings-max,gcn,2026,saliency,P20_historical,0.05,94,0.0528822472490998,0.9522828292781328,0.2681387393200583,0.2641993780932419
bxaic__rings-max__gcn__seed2026,bxaic,rings-max,gcn,2026,saliency,P20_historical,0.1,90,0.0943053792758557,0.9101407650316404,0.26846319545034,0.2616694981832106
bxaic__rings-max__gcn__seed2026,bxaic,rings-max,gcn,2026,saliency,P20_historical,0.2,80,0.2151078567795715,0.8103803802045467,0.262442110182767,0.24713774707598
bxaic__rings-max__gcn__seed42,bxaic,rings-max,gcn,42,ig,P01_historical,0.05,95,0.0502348858003402,0.9611511715338094,0.2664129484777612,0.2627029201335996
bxaic__rings-max__gcn__seed42,bxaic,rings-max,gcn,42,ig,P01_historical,0.1,92,0.0874985845798144,0.93310042311993,0.2637204207080502,0.2573218213892817
bxaic__rings-max__gcn__seed42,bxaic,rings-max,gcn,42,ig,P01_historical,0.2,75,0.1980430805411494,0.7587833363641836,0.2850041212999806,0.266631382516981
bxaic__rings-max__gcn__seed42,bxaic,rings-max,gcn,42,gradinput,P01_historical,0.05,94,0.046286866350622,0.9522828292781326,0.270142126727957,0.2666433972284623
bxaic__rings-max__gcn__seed42,bxaic,rings-max,gcn,42,gradinput,P01_historical,0.1,90,0.0948870730361377,0.9101407650316404,0.2677495660832309,0.2603001872047862
bxaic__rings-max__gcn__seed42,bxaic,rings-max,gcn,42,gradinput,P01_historical,0.2,79,0.1823665578565829,0.8031415724851435,0.2738162937968594,0.2579440746697803
bxaic__rings-max__gcn__seed42,bxaic,rings-max,gcn,42,atom_occlusion,P20_historical,0.05,86,0.034665292699312,0.8718650583306669,0.2969464623953577,0.2933072663744553
bxaic__rings-max__gcn__seed42,bxaic,rings-max,gcn,42,atom_occlusion,P20_historical,0.1,77,0.0799261677812091,0.7824028583906255,0.3144729226208186,0.3057347253486653
bxaic__rings-max__gcn__seed42,bxaic,rings-max,gcn,42,atom_occlusion,P20_historical,0.2,61,0.1640646176939323,0.6232921475008869,0.3570116333060037,0.3365785926462178
bxaic__rings-max__gcn__seed42,bxaic,rings-max,gcn,42,saliency,P20_historical,0.05,95,0.0526129371112499,0.9611511715338104,0.26720808389224,0.2641127188508828
bxaic__rings-max__gcn__seed42,bxaic,rings-max,gcn,42,saliency,P20_historical,0.1,91,0.1028463037671248,0.9234847698070427,0.2648879059358017,0.2589088643645602
bxaic__rings-max__gcn__seed42,bxaic,rings-max,gcn,42,saliency,P20_historical,0.2,82,0.1981820218782507,0.832134641666069,0.2638212284203945,0.251255278072693
bxaic__rings-max__gin__seed123,bxaic,rings-max,gin,123,ig,P01_historical,0.05,96,0.0451529640086548,0.9726840117864036,0.26531110430169,0.262456159203033
bxaic__rings-max__gin__seed123,bxaic,rings-max,gin,123,ig,P01_historical,0.1,93,0.0976589238473058,0.9416332553306368,0.2587622034362641,0.2517864121655203
bxaic__rings-max__gin__seed123,bxaic,rings-max,gin,123,ig,P01_historical,0.2,81,0.1980217375125351,0.8221096957600588,0.2627943407722141,0.2467410249021257
bxaic__rings-max__gin__seed123,bxaic,rings-max,gin,123,gradinput,P01_historical,0.05,95,0.0506642639528286,0.9611511715338094,0.265932981718858,0.2620338552039697
bxaic__rings-max__gin__seed123,bxaic,rings-max,gin,123,gradinput,P01_historical,0.1,91,0.0971703556572489,0.9234847698070427,0.2629437681963416,0.2558072003850142
bxaic__rings-max__gin__seed123,bxaic,rings-max,gin,123,gradinput,P01_historical,0.2,79,0.2127767762608498,0.8031415724851435,0.2638894983929084,0.2478147140882711
bxaic__rings-max__gin__seed123,bxaic,rings-max,gin,123,atom_occlusion,P20_historical,0.05,86,0.0460176091711163,0.8718650583306669,0.2944358226199681,0.2903368174105545
bxaic__rings-max__gin__seed123,bxaic,rings-max,gin,123,atom_occlusion,P20_historical,0.1,74,0.089833425501603,0.7529948994520317,0.3254572059470787,0.3160996861776153
bxaic__rings-max__gin__seed123,bxaic,rings-max,gin,123,atom_occlusion,P20_historical,0.2,56,0.1998419005409903,0.5725357786729879,0.374692686206298,0.3438247537593142
bxaic__rings-max__gin__seed123,bxaic,rings-max,gin,123,saliency,P20_historical,0.05,82,0.0477717515882785,0.832134641666069,0.307348901639336,0.3026760669432065
bxaic__rings-max__gin__seed123,bxaic,rings-max,gin,123,saliency,P20_historical,0.1,75,0.097604490278025,0.7587833363641833,0.3196649749799715,0.3098137683911686
bxaic__rings-max__gin__seed123,bxaic,rings-max,gin,123,saliency,P20_historical,0.2,63,0.1919163027816937,0.6425050116896911,0.337868627905436,0.3153020165586085
bxaic__rings-max__gin__seed2026,bxaic,rings-max,gin,2026,ig,P01_historical,0.05,95,0.0357791324376755,0.9611511715338094,0.2699878435753075,0.2671090880696289
bxaic__rings-max__gin__seed2026,bxaic,rings-max,gin,2026,ig,P01_historical,0.1,91,0.0885167967924274,0.9234847698070427,0.2658443098954486,0.2592408555449086
bxaic__rings-max__gin__seed2026,bxaic,rings-max,gin,2026,ig,P01_historical,0.2,83,0.1888401641330676,0.843407121398564,0.2586423362373919,0.2443339884141044
bxaic__rings-max__gin__seed2026,bxaic,rings-max,gin,2026,gradinput,P01_historical,0.05,96,0.0358188390547792,0.9726840117864036,0.267273964948217,0.2648297314713551
bxaic__rings-max__gin__seed2026,bxaic,rings-max,gin,2026,gradinput,P01_historical,0.1,92,0.0883316423615617,0.93310042311993,0.2640773686291316,0.2579304585890513
bxaic__rings-max__gin__seed2026,bxaic,rings-max,gin,2026,gradinput,P01_historical,0.2,84,0.1751916771914878,0.8519921301052331,0.2613543829190849,0.2483091956602196
bxaic__rings-max__gin__seed2026,bxaic,rings-max,gin,2026,atom_occlusion,P20_historical,0.05,93,0.0354250257630973,0.9416332553306374,0.2757212078046149,0.2729470458460388
bxaic__rings-max__gin__seed2026,bxaic,rings-max,gin,2026,atom_occlusion,P20_historical,0.1,85,0.0839681602187992,0.8615419215079451,0.28567744898902,0.2787015016578753
bxaic__rings-max__gin__seed2026,bxaic,rings-max,gin,2026,atom_occlusion,P20_historical,0.2,70,0.1671794447868888,0.7136702784746064,0.3142081402537638,0.2977546335660852
bxaic__rings-max__gin__seed2026,bxaic,rings-max,gin,2026,saliency,P20_historical,0.05,83,0.0383540897190636,0.8434071213985642,0.3071967802933495,0.3036454074359003
bxaic__rings-max__gin__seed2026,bxaic,rings-max,gin,2026,saliency,P20_historical,0.1,73,0.0967280630224076,0.7431959531128983,0.3268234432088546,0.3163422673705787
bxaic__rings-max__gin__seed2026,bxaic,rings-max,gin,2026,saliency,P20_historical,0.2,61,0.1976142191148774,0.6232921475008869,0.3472218459291334,0.3228701622021473
bxaic__rings-max__gin__seed42,bxaic,rings-max,gin,42,ig,P01_historical,0.05,96,0.0486210577239634,0.9726840117864036,0.2636590471589408,0.2602146327301342
bxaic__rings-max__gin__seed42,bxaic,rings-max,gin,42,ig,P01_historical,0.1,93,0.0999492544118747,0.9416332553306368,0.2573365857304291,0.2500505049036156
bxaic__rings-max__gin__seed42,bxaic,rings-max,gin,42,ig,P01_historical,0.2,87,0.1954754427088589,0.8831394062523965,0.2454380419101886,0.2321425918147257
bxaic__rings-max__gin__seed42,bxaic,rings-max,gin,42,gradinput,P01_historical,0.05,97,0.0287985221182812,0.9844822175393216,0.2666648031031413,0.264896861623863
bxaic__rings-max__gin__seed42,bxaic,rings-max,gin,42,gradinput,P01_historical,0.1,94,0.0824161707487337,0.9522828292781326,0.260999538210218,0.2554669819741191
bxaic__rings-max__gin__seed42,bxaic,rings-max,gin,42,gradinput,P01_historical,0.2,87,0.1795005280483485,0.8831394062523965,0.252496486912296,0.2409219931333758
bxaic__rings-max__gin__seed42,bxaic,rings-max,gin,42,atom_occlusion,P20_historical,0.05,88,0.0322349371202717,0.8925835780059945,0.2912726330985826,0.2880451323649162
bxaic__rings-max__gin__seed42,bxaic,rings-max,gin,42,atom_occlusion,P20_historical,0.1,79,0.0809388624779209,0.8031415724851438,0.3059075755121927,0.297059183885563
bxaic__rings-max__gin__seed42,bxaic,rings-max,gin,42,atom_occlusion,P20_historical,0.2,65,0.186806887671021,0.6619593598266713,0.3267775299887656,0.303842023723148
bxaic__rings-max__gin__seed42,bxaic,rings-max,gin,42,saliency,P20_historical,0.05,85,0.0442519154411706,0.8615419215079451,0.2985055516786801,0.294522522968242
bxaic__rings-max__gin__seed42,bxaic,rings-max,gin,42,saliency,P20_historical,0.1,76,0.0979859937762553,0.7722412088975923,0.3139736540374317,0.3039086772486506
bxaic__rings-max__gin__seed42,bxaic,rings-max,gin,42,saliency,P20_historical,0.2,62,0.1989877118880859,0.6327239763446235,0.3395614493232756,0.3153914816497795
bxaic__X__gcn__seed123,bxaic,X,gcn,123,ig,P01_historical,0.05,7,0.0471796148178146,0.0880659152983921,0.6167122391701824,0.5695326243523676
bxaic__X__gcn__seed123,bxaic,X,gcn,123,ig,P01_historical,0.1,5,0.0921681122248096,0.0681479369393897,0.7275108622380061,0.6353427500131965
bxaic__X__gcn__seed123,bxaic,X,gcn,123,ig,P01_historical,0.2,3,0.1982543619857581,0.0432521799187031,0.92427651783605,0.726022155850292
bxaic__X__gcn__seed123,bxaic,X,gcn,123,gradinput,P01_historical,0.05,7,0.0471796148178146,0.0880659152983921,0.6167122391701824,0.5695326243523676
bxaic__X__gcn__seed123,bxaic,X,gcn,123,gradinput,P01_historical,0.1,5,0.0921681122248096,0.0681479369393897,0.7275108622380061,0.6353427500131965
bxaic__X__gcn__seed123,bxaic,X,gcn,123,gradinput,P01_historical,0.2,3,0.1982543619857581,0.0432521799187031,0.92427651783605,0.726022155850292
bxaic__X__gcn__seed123,bxaic,X,gcn,123,atom_occlusion,P20_historical,0.05,7,0.0471796148178146,0.0880659152983928,0.6167122391701807,0.5695326243523681
bxaic__X__gcn__seed123,bxaic,X,gcn,123,atom_occlusion,P20_historical,0.1,5,0.0921681122248098,0.0681479369393903,0.7275108622380058,0.6353427500131997
bxaic__X__gcn__seed123,bxaic,X,gcn,123,atom_occlusion,P20_historical,0.2,3,0.1982543619857586,0.0432521799187035,0.92427651783605,0.7260221558502902
bxaic__X__gcn__seed123,bxaic,X,gcn,123,saliency,P20_historical,0.05,21,0.0396044964170407,0.2282375905422301,0.2415445044522819,0.2365518816132735
bxaic__X__gcn__seed123,bxaic,X,gcn,123,saliency,P20_historical,0.1,16,0.0868035165873578,0.1763927049093881,0.2814198429456445,0.2720128097079942
bxaic__X__gcn__seed123,bxaic,X,gcn,123,saliency,P20_historical,0.2,11,0.1825748371637809,0.1269292735646751,0.317718875708263,0.2994408744749102
bxaic__X__gcn__seed2026,bxaic,X,gcn,2026,ig,P01_historical,0.05,7,0.0471796148178146,0.0880659152983921,0.6167122391701824,0.5695326243523676
bxaic__X__gcn__seed2026,bxaic,X,gcn,2026,ig,P01_historical,0.1,5,0.0921681122248096,0.0681479369393897,0.7275108622380061,0.6353427500131965
bxaic__X__gcn__seed2026,bxaic,X,gcn,2026,ig,P01_historical,0.2,3,0.1982543619857581,0.0432521799187031,0.92427651783605,0.726022155850292
bxaic__X__gcn__seed2026,bxaic,X,gcn,2026,gradinput,P01_historical,0.05,7,0.0471796148178146,0.0880659152983921,0.6167122391701824,0.5695326243523676
bxaic__X__gcn__seed2026,bxaic,X,gcn,2026,gradinput,P01_historical,0.1,5,0.0921681122248096,0.0681479369393897,0.7275108622380061,0.6353427500131965
bxaic__X__gcn__seed2026,bxaic,X,gcn,2026,gradinput,P01_historical,0.2,3,0.1982543619857581,0.0432521799187031,0.92427651783605,0.726022155850292
bxaic__X__gcn__seed2026,bxaic,X,gcn,2026,atom_occlusion,P20_historical,0.05,7,0.0471796148178146,0.0880659152983928,0.6167122391701807,0.5695326243523681
bxaic__X__gcn__seed2026,bxaic,X,gcn,2026,atom_occlusion,P20_historical,0.1,5,0.0921681122248098,0.0681479369393903,0.7275108622380058,0.6353427500131997
bxaic__X__gcn__seed2026,bxaic,X,gcn,2026,atom_occlusion,P20_historical,0.2,3,0.1982543619857586,0.0432521799187035,0.92427651783605,0.7260221558502902
bxaic__X__gcn__seed2026,bxaic,X,gcn,2026,saliency,P20_historical,0.05,22,0.0437631478294128,0.2380654051923716,0.2301848132637327,0.2256193186158498
bxaic__X__gcn__seed2026,bxaic,X,gcn,2026,saliency,P20_historical,0.1,17,0.0902416388242044,0.1875275203171704,0.2644504833230063,0.2558375748518403
bxaic__X__gcn__seed2026,bxaic,X,gcn,2026,saliency,P20_historical,0.2,12,0.1808587290337821,0.1362871195666886,0.3008533723670228,0.2848202303771119
bxaic__X__gcn__seed42,bxaic,X,gcn,42,ig,P01_historical,0.05,7,0.0471796148178146,0.0880659152983921,0.6167122391701824,0.5695326243523676
bxaic__X__gcn__seed42,bxaic,X,gcn,42,ig,P01_historical,0.1,5,0.0921681122248096,0.0681479369393897,0.7275108622380061,0.6353427500131965
bxaic__X__gcn__seed42,bxaic,X,gcn,42,ig,P01_historical,0.2,3,0.1982543619857581,0.0432521799187031,0.92427651783605,0.726022155850292
bxaic__X__gcn__seed42,bxaic,X,gcn,42,gradinput,P01_historical,0.05,7,0.0471796148178146,0.0880659152983921,0.6167122391701824,0.5695326243523676
bxaic__X__gcn__seed42,bxaic,X,gcn,42,gradinput,P01_historical,0.1,5,0.0921681122248096,0.0681479369393897,0.7275108622380061,0.6353427500131965
bxaic__X__gcn__seed42,bxaic,X,gcn,42,gradinput,P01_historical,0.2,3,0.1982543619857581,0.0432521799187031,0.92427651783605,0.726022155850292
bxaic__X__gcn__seed42,bxaic,X,gcn,42,atom_occlusion,P20_historical,0.05,7,0.0471796148178146,0.0880659152983928,0.6167122391701807,0.5695326243523681
bxaic__X__gcn__seed42,bxaic,X,gcn,42,atom_occlusion,P20_historical,0.1,5,0.0921681122248098,0.0681479369393903,0.7275108622380058,0.6353427500131997
bxaic__X__gcn__seed42,bxaic,X,gcn,42,atom_occlusion,P20_historical,0.2,3,0.1982543619857586,0.0432521799187035,0.92427651783605,0.7260221558502902
bxaic__X__gcn__seed42,bxaic,X,gcn,42,saliency,P20_historical,0.05,25,0.0469903423216676,0.2631365358313075,0.2067818041439277,0.2032172104643758
bxaic__X__gcn__seed42,bxaic,X,gcn,42,saliency,P20_historical,0.1,19,0.0941134285039317,0.2072333673447334,0.2370280794512644,0.2303442876150979
bxaic__X__gcn__seed42,bxaic,X,gcn,42,saliency,P20_historical,0.2,13,0.1787418581890586,0.1477955649448495,0.2757844404845932,0.2636182284778419
bxaic__X__gin__seed123,bxaic,X,gin,123,ig,P01_historical,0.05,7,0.0471796148178146,0.0880659152983921,0.6167122391701824,0.5695326243523676
bxaic__X__gin__seed123,bxaic,X,gin,123,ig,P01_historical,0.1,5,0.0921681122248096,0.0681479369393897,0.7275108622380061,0.6353427500131965
bxaic__X__gin__seed123,bxaic,X,gin,123,ig,P01_historical,0.2,3,0.1982543619857581,0.0432521799187031,0.92427651783605,0.726022155850292
bxaic__X__gin__seed123,bxaic,X,gin,123,gradinput,P01_historical,0.05,8,0.044821723870271,0.0963204415530172,0.5686331575838132,0.5327771284251617
bxaic__X__gin__seed123,bxaic,X,gin,123,gradinput,P01_historical,0.1,6,0.0800894052400076,0.0777160805543746,0.6541456569849553,0.5871527554066532
bxaic__X__gin__seed123,bxaic,X,gin,123,gradinput,P01_historical,0.2,4,0.1471067744366823,0.0570402522274434,0.7871843945683421,0.6584059755702208
bxaic__X__gin__seed123,bxaic,X,gin,123,atom_occlusion,P20_historical,0.05,7,0.0472091447020574,0.0880659152983928,0.6165350598647236,0.5695008229385681
bxaic__X__gin__seed123,bxaic,X,gin,123,atom_occlusion,P20_historical,0.1,5,0.0921976421090527,0.0681479369393903,0.7271565036270915,0.6353132201289569
bxaic__X__gin__seed123,bxaic,X,gin,123,atom_occlusion,P20_historical,0.2,3,0.1982838918700014,0.0432521799187035,0.9239221592251357,0.7259926259660474
bxaic__X__gin__seed123,bxaic,X,gin,123,saliency,P20_historical,0.05,30,0.0397545363526936,0.3162317963074243,0.1762298097793782,0.1737781938198697
bxaic__X__gin__seed123,bxaic,X,gin,123,saliency,P20_historical,0.1,24,0.0886339475549256,0.2564868080467718,0.1960891047900572,0.191622498870581
bxaic__X__gin__seed123,bxaic,X,gin,123,saliency,P20_historical,0.2,18,0.1804908710472141,0.1979390304297622,0.2115321157158714,0.2046987195085433
bxaic__X__gin__seed2026,bxaic,X,gin,2026,ig,P01_historical,0.05,7,0.0473567941232717,0.0880659152983921,0.6165350598647252,0.5692963852784249
bxaic__X__gin__seed2026,bxaic,X,gin,2026,ig,P01_historical,0.1,5,0.0923452915302667,0.0681479369393897,0.7271565036270918,0.6351655707077394
bxaic__X__gin__seed2026,bxaic,X,gin,2026,ig,P01_historical,0.2,3,0.1984315412912153,0.0432521799187031,0.923922159225136,0.7258449765448348
bxaic__X__gin__seed2026,bxaic,X,gin,2026,gradinput,P01_historical,0.05,7,0.0526105823855646,0.0880659152983921,0.6088277600773404,0.5634017985280622
bxaic__X__gin__seed2026,bxaic,X,gin,2026,gradinput,P01_historical,0.1,5,0.0981483356394766,0.0681479369393897,0.7163485659942074,0.629389103494348
bxaic__X__gin__seed2026,bxaic,X,gin,2026,gradinput,P01_historical,0.2,3,0.2034752455198947,0.0432521799187031,0.9115196078431372,0.7206595288717896
bxaic__X__gin__seed2026,bxaic,X,gin,2026,atom_occlusion,P20_historical,0.05,7,0.0474158538917574,0.0880659152983928,0.6161807012538093,0.5692373255099394
bxaic__X__gin__seed2026,bxaic,X,gin,2026,atom_occlusion,P20_historical,0.1,5,0.0923748214145098,0.0681479369393903,0.7268021450161772,0.6351360408234997
bxaic__X__gin__seed2026,bxaic,X,gin,2026,atom_occlusion,P20_historical,0.2,3,0.1988154297863728,0.0432521799187035,0.9233906213087644,0.7256382673551333
bxaic__X__gin__seed2026,bxaic,X,gin,2026,saliency,P20_historical,0.05,30,0.0376709920916157,0.3162317963074243,0.1773456489575013,0.1750311817362614
bxaic__X__gin__seed2026,bxaic,X,gin,2026,saliency,P20_historical,0.1,24,0.0884812358678411,0.2564868080467718,0.197702476849921,0.1930586188573744
bxaic__X__gin__seed2026,bxaic,X,gin,2026,saliency,P20_historical,0.2,17,0.2053060983429515,0.1875275203171704,0.2178374204271644,0.2091945090822685
bxaic__X__gin__seed42,bxaic,X,gin,42,ig,P01_historical,0.05,7,0.0471796148178146,0.0880659152983921,0.6167122391701824,0.5695326243523676
bxaic__X__gin__seed42,bxaic,X,gin,42,ig,P01_historical,0.1,5,0.0921681122248096,0.0681479369393897,0.7275108622380061,0.6353427500131965
bxaic__X__gin__seed42,bxaic,X,gin,42,ig,P01_historical,0.2,3,0.1982543619857581,0.0432521799187031,0.92427651783605,0.726022155850292
bxaic__X__gin__seed42,bxaic,X,gin,42,gradinput,P01_historical,0.05,7,0.0474960064347024,0.0880659152983921,0.6158263426428968,0.5691315371334208
bxaic__X__gin__seed42,bxaic,X,gin,42,gradinput,P01_historical,0.1,5,0.0924549739574544,0.0681479369393897,0.7264477864052633,0.6350093219246302
bxaic__X__gin__seed42,bxaic,X,gin,42,gradinput,P01_historical,0.2,3,0.1984906010597009,0.0432521799187031,0.9230362626978502,0.7257563868921063
bxaic__X__gin__seed42,bxaic,X,gin,42,atom_occlusion,P20_historical,0.05,7,0.0471796148178146,0.0880659152983928,0.6167122391701807,0.5695326243523681
bxaic__X__gin__seed42,bxaic,X,gin,42,atom_occlusion,P20_historical,0.1,5,0.0921681122248098,0.0681479369393903,0.7275108622380058,0.6353427500131997
bxaic__X__gin__seed42,bxaic,X,gin,42,atom_occlusion,P20_historical,0.2,3,0.1982543619857586,0.0432521799187035,0.92427651783605,0.7260221558502902
bxaic__X__gin__seed42,bxaic,X,gin,42,saliency,P20_historical,0.05,31,0.0448369106678816,0.3271727555300784,0.168530236449881,0.1665454123022705
bxaic__X__gin__seed42,bxaic,X,gin,42,saliency,P20_historical,0.1,26,0.084288414160845,0.278386701173016,0.1830133350412559,0.179445457332698
bxaic__X__gin__seed42,bxaic,X,gin,42,saliency,P20_historical,0.2,20,0.1929410920994904,0.2141407961866613,0.1931104253870668,0.1867195153285449
google__benzene__gcn__seed123,google,benzene,gcn,123,ig,P01_historical,0.05,65,0.0480728744617633,0.670445452687567,0.5235078958118174,0.5064195414298613
google__benzene__gcn__seed123,google,benzene,gcn,123,ig,P01_historical,0.1,55,0.0948621240287907,0.5716810705784846,0.5779763890875002,0.5389114533593379
google__benzene__gcn__seed123,google,benzene,gcn,123,ig,P01_historical,0.2,42,0.1952970827970828,0.4448340596621358,0.6477129366018254,0.5549922441348311
google__benzene__gcn__seed123,google,benzene,gcn,123,gradinput,P01_historical,0.05,53,0.0565305384749829,0.5567606723247531,0.6187353492909048,0.5880105724919967
google__benzene__gcn__seed123,google,benzene,gcn,123,gradinput,P01_historical,0.1,45,0.1100648267314934,0.4706352784102144,0.6792763542763541,0.6139630635459669
google__benzene__gcn__seed123,google,benzene,gcn,123,gradinput,P01_historical,0.2,34,0.216842437675771,0.3654296724686039,0.7518431129542241,0.6167664510328769
google__benzene__gcn__seed123,google,benzene,gcn,123,atom_occlusion,P20_historical,0.05,54,0.055285444174333,0.5583571405878894,0.6159183520294617,0.5846118590614636
google__benzene__gcn__seed123,google,benzene,gcn,123,atom_occlusion,P20_historical,0.1,45,0.1072534836423724,0.4706352784102114,0.6781817892929005,0.613161406844758
google__benzene__gcn__seed123,google,benzene,gcn,123,atom_occlusion,P20_historical,0.2,34,0.2080292594181481,0.3654296724686067,0.7527916805694586,0.6199709927178099
google__benzene__gcn__seed123,google,benzene,gcn,123,saliency,P20_historical,0.05,55,0.0481821106821106,0.5716810705784842,0.608991828436273,0.582292190612624
google__benzene__gcn__seed123,google,benzene,gcn,123,saliency,P20_historical,0.1,46,0.0946585474363252,0.4881133625549646,0.669226297004075,0.6137120917134685
google__benzene__gcn__seed123,google,benzene,gcn,123,saliency,P20_historical,0.2,35,0.2001104278882054,0.3760250504552883,0.7493656354767456,0.6228384423903857
google__benzene__gcn__seed2026,google,benzene,gcn,2026,ig,P01_historical,0.05,61,0.0502109252109252,0.6361218790829477,0.5491232282898949,0.5288291213385813
google__benzene__gcn__seed2026,google,benzene,gcn,2026,ig,P01_historical,0.1,51,0.1047190047190047,0.5344928656068183,0.6075252158585491,0.5609350794378314
google__benzene__gcn__seed2026,google,benzene,gcn,2026,ig,P01_historical,0.2,39,0.2082779207779208,0.4103486240599057,0.6830334302556524,0.5753465861996993
google__benzene__gcn__seed2026,google,benzene,gcn,2026,gradinput,P01_historical,0.05,59,0.0472116958228069,0.6108220997251971,0.5714877075988187,0.549198863096352
google__benzene__gcn__seed2026,google,benzene,gcn,2026,gradinput,P01_historical,0.1,49,0.1034220728665173,0.5119776375360348,0.6314577286799509,0.5790425040726038
google__benzene__gcn__seed2026,google,benzene,gcn,2026,gradinput,P01_historical,0.2,39,0.2047875256208589,0.4103486240599057,0.6834358167691501,0.5754664262146202
google__benzene__gcn__seed2026,google,benzene,gcn,2026,atom_occlusion,P20_historical,0.05,54,0.0521142173919951,0.5583571405878894,0.6185005490561031,0.5885990012151003
google__benzene__gcn__seed2026,google,benzene,gcn,2026,atom_occlusion,P20_historical,0.1,45,0.1038917886140108,0.4706352784102114,0.68166987333654,0.6173425984399503
google__benzene__gcn__seed2026,google,benzene,gcn,2026,atom_occlusion,P20_historical,0.2,33,0.2169701447479223,0.3497886346053451,0.7745177717399947,0.6303344194211066
google__benzene__gcn__seed2026,google,benzene,gcn,2026,saliency,P20_historical,0.05,56,0.0493410076743409,0.5865437109966837,0.5948712865379513,0.5708524626481268
google__benzene__gcn__seed2026,google,benzene,gcn,2026,saliency,P20_historical,0.1,46,0.1011970303636969,0.4881133625549646,0.6654368654368654,0.6083670891462436
google__benzene__gcn__seed2026,google,benzene,gcn,2026,saliency,P20_historical,0.2,34,0.2136128191683745,0.3654296724686067,0.7578503106280886,0.6212468550230845
google__benzene__gcn__seed42,google,benzene,gcn,42,ig,P01_historical,0.05,57,0.0506931534709312,0.5944864363307101,0.5852234324456547,0.5608445089568241
google__benzene__gcn__seed42,google,benzene,gcn,42,ig,P01_historical,0.1,47,0.1028022069688736,0.4897098308181002,0.6599771488660378,0.6037253316450083
google__benzene__gcn__seed42,google,benzene,gcn,42,ig,P01_historical,0.2,35,0.2023390453946009,0.3760250504552863,0.7444043249598805,0.6193029029802335
google__benzene__gcn__seed42,google,benzene,gcn,42,gradinput,P01_historical,0.05,57,0.0523322926100703,0.5944864363307101,0.5850600350600351,0.5598355665908126
google__benzene__gcn__seed42,google,benzene,gcn,42,gradinput,P01_historical,0.1,48,0.1005318810874366,0.5040497096081068,0.6459440320551432,0.5915181873730206
google__benzene__gcn__seed42,google,benzene,gcn,42,gradinput,P01_historical,0.2,37,0.1934198086975865,0.3942956357846952,0.7220915359804249,0.6039205540280532
google__benzene__gcn__seed42,google,benzene,gcn,42,atom_occlusion,P20_historical,0.05,53,0.0460434640990196,0.5567606723247545,0.6255483727705933,0.5981134359402327
google__benzene__gcn__seed42,google,benzene,gcn,42,atom_occlusion,P20_historical,0.1,43,0.1044818628151962,0.4519840668121395,0.7060484727151406,0.6354303663342202
google__benzene__gcn__seed42,google,benzene,gcn,42,atom_occlusion,P20_historical,0.2,32,0.2068906207795092,0.3418607066774147,0.7988702988702997,0.6521868467688898
google__benzene__gcn__seed42,google,benzene,gcn,42,saliency,P20_historical,0.05,51,0.0457989735767513,0.5344928656068199,0.6515429682096332,0.621595882053397
google__benzene__gcn__seed42,google,benzene,gcn,42,saliency,P20_historical,0.1,41,0.109021918744141,0.435648403417655,0.7308726475393158,0.6536376755847033
google__benzene__gcn__seed42,google,benzene,gcn,42,saliency,P20_historical,0.2,32,0.2033467991801326,0.3418607066774147,0.8112183612183611,0.6618701668409259
google__benzene__gin__seed123,google,benzene,gin,123,ig,P01_historical,0.05,63,0.0530546419435308,0.6521748673581581,0.5330796844685735,0.5123303657918381
google__benzene__gin__seed123,google,benzene,gin,123,ig,P01_historical,0.1,51,0.1002665363776474,0.5344928656068183,0.6092161703272814,0.5605841587523734
google__benzene__gin__seed123,google,benzene,gin,123,ig,P01_historical,0.2,38,0.1992945326278659,0.4033880615437876,0.6981938287493843,0.5853471949705179
google__benzene__gin__seed123,google,benzene,gin,123,gradinput,P01_historical,0.05,96,0.018115337559782,0.9920720720720722,0.3698031303036462,0.3677827766166259
google__benzene__gin__seed123,google,benzene,gin,123,gradinput,P01_historical,0.1,94,0.0944192208081096,0.9575645508922008,0.3556615195535867,0.34419030361867
google__benzene__gin__seed123,google,benzene,gin,123,gradinput,P01_historical,0.2,89,0.1750850056405612,0.9150522543219332,0.3415831331224834,0.321059495362527
google__benzene__gin__seed123,google,benzene,gin,123,atom_occlusion,P20_historical,0.05,46,0.0489354433798878,0.4881133625549646,0.7064147480814134,0.6666733157015229
google__benzene__gin__seed123,google,benzene,gin,123,atom_occlusion,P20_historical,0.1,38,0.1026818485151819,0.4033880615437886,0.786360964138743,0.6968799356871269
google__benzene__gin__seed123,google,benzene,gin,123,atom_occlusion,P20_historical,0.2,26,0.2150489775489772,0.2807210548074433,0.9454168454168476,0.7460025081757121
google__benzene__gin__seed123,google,benzene,gin,123,saliency,P20_historical,0.05,51,0.0560383796494907,0.5344928656068199,0.642057342057341,0.6078130534700875
google__benzene__gin__seed123,google,benzene,gin,123,saliency,P20_historical,0.1,44,0.1009187759187759,0.4599267921461687,0.6988109321442654,0.6316989645679012
google__benzene__gin__seed123,google,benzene,gin,123,saliency,P20_historical,0.2,33,0.2015005084449527,0.3497886346053451,0.7913163163163162,0.6514807497693628
google__benzene__gin__seed2026,google,benzene,gin,2026,ig,P01_historical,0.05,85,0.0423737229292784,0.8725548384855007,0.4060869603654261,0.3965961601707402
google__benzene__gin__seed2026,google,benzene,gin,2026,ig,P01_historical,0.1,79,0.0940527829416718,0.8109944835861289,0.4108993741002684,0.390631641502964
google__benzene__gin__seed2026,google,benzene,gin,2026,ig,P01_historical,0.2,69,0.2000450847673069,0.7147563066119474,0.4088788713788713,0.366578598956592
google__benzene__gin__seed2026,google,benzene,gin,2026,gradinput,P01_historical,0.05,88,0.0468567774123329,0.9031661198214196,0.3917488561924406,0.3831664190894159
google__benzene__gin__seed2026,google,benzene,gin,2026,gradinput,P01_historical,0.1,81,0.0855921397588064,0.8355199614449401,0.4047899542223587,0.3886890450533306
google__benzene__gin__seed2026,google,benzene,gin,2026,gradinput,P01_historical,0.2,67,0.1830227052449274,0.6966818685375092,0.4303151840733539,0.3917821574108497
google__benzene__gin__seed2026,google,benzene,gin,2026,atom_occlusion,P20_historical,0.05,57,0.0562097812097812,0.594486436330712,0.5780064668953566,0.5507560799184469
google__benzene__gin__seed2026,google,benzene,gin,2026,atom_occlusion,P20_historical,0.1,46,0.1054721388054721,0.4881133625549646,0.6550172105727662,0.5962660861826673
google__benzene__gin__seed2026,google,benzene,gin,2026,atom_occlusion,P20_historical,0.2,34,0.1946132640577085,0.3654296724686067,0.7629343629343633,0.6373431819424248
google__benzene__gin__seed2026,google,benzene,gin,2026,saliency,P20_historical,0.05,71,0.0509348634348634,0.7345822575546977,0.4761722461068852,0.4610249198075042
google__benzene__gin__seed2026,google,benzene,gin,2026,saliency,P20_historical,0.1,61,0.0937868423979534,0.6361218790829436,0.5208344958344953,0.4898643249026871
google__benzene__gin__seed2026,google,benzene,gin,2026,saliency,P20_historical,0.2,46,0.2011863053529717,0.4881133625549646,0.586204855649301,0.5074037433815572
google__benzene__gin__seed42,google,benzene,gin,42,ig,P01_historical,0.05,84,0.0523602968047412,0.8611619070925692,0.4090239749854472,0.3995420758063404
google__benzene__gin__seed42,google,benzene,gin,42,ig,P01_historical,0.1,73,0.1022534439201105,0.7551707536987445,0.4382200548781216,0.4161341291619032
google__benzene__gin__seed42,google,benzene,gin,42,ig,P01_historical,0.2,58,0.2010250329694774,0.6016364434807174,0.479577521244188,0.4259659146435443
google__benzene__gin__seed42,google,benzene,gin,42,gradinput,P01_historical,0.05,92,0.0437252728919395,0.946109652770636,0.3761486369120116,0.3691062629325592
google__benzene__gin__seed42,google,benzene,gin,42,gradinput,P01_historical,0.1,83,0.1092832912277356,0.8503733407484473,0.3884930443065977,0.3711982206605754
google__benzene__gin__seed42,google,benzene,gin,42,gradinput,P01_historical,0.2,59,0.2088270810493032,0.6108220997251971,0.4729567062900396,0.4281939269749802
google__benzene__gin__seed42,google,benzene,gin,42,atom_occlusion,P20_historical,0.05,51,0.052259600870712,0.5344928656068199,0.6430270708048472,0.6087252357729537
google__benzene__gin__seed42,google,benzene,gin,42,atom_occlusion,P20_historical,0.1,41,0.1052320177320176,0.435648403417655,0.7273319134430265,0.6503162354813574
google__benzene__gin__seed42,google,benzene,gin,42,atom_occlusion,P20_historical,0.2,29,0.2087603476492363,0.31188824558816,0.8641498641498663,0.6965231112375931
google__benzene__gin__seed42,google,benzene,gin,42,saliency,P20_historical,0.05,51,0.0469542955654066,0.5344928656068199,0.6503964698409125,0.6200110003773559
google__benzene__gin__seed42,google,benzene,gin,42,saliency,P20_historical,0.1,42,0.0984266012043789,0.4448340596621328,0.7256817423484094,0.6551166317635186
google__benzene__gin__seed42,google,benzene,gin,42,saliency,P20_historical,0.2,31,0.1974476460587573,0.3317141965309036,0.8382275132275141,0.6843241256252939
google__logic10__gcn__seed123,google,logic10,gcn,123,ig,P01_historical,0.05,77,0.0538800856881213,0.7935035142409447,0.5902212720752636,0.572468439321809
google__logic10__gcn__seed123,google,logic10,gcn,123,ig,P01_historical,0.1,67,0.1019980763284334,0.6977497682005145,0.635333738681953,0.594140382505597
google__logic10__gcn__seed123,google,logic10,gcn,123,ig,P01_historical,0.2,53,0.1983454789258361,0.5587607636297947,0.705587666301952,0.6059682087317813
google__logic10__gcn__seed123,google,logic10,gcn,123,gradinput,P01_historical,0.05,89,0.0489378924646781,0.9140376849550448,0.5157499820613757,0.5038079550598811
google__logic10__gcn__seed123,google,logic10,gcn,123,gradinput,P01_historical,0.1,81,0.0879145408163265,0.8360362351772493,0.5402046877209968,0.5145585950287873
google__logic10__gcn__seed123,google,logic10,gcn,123,gradinput,P01_historical,0.2,64,0.1976271868012939,0.662685584918506,0.597758466731681,0.5245299924963237
google__logic10__gcn__seed123,google,logic10,gcn,123,atom_occlusion,P20_historical,0.05,71,0.0565786891679748,0.7360773214928387,0.6320334143272694,0.608292239458966
google__logic10__gcn__seed123,google,logic10,gcn,123,atom_occlusion,P20_historical,0.1,61,0.1109928761714475,0.6349217897381224,0.6878640456765455,0.6321691545437951
google__logic10__gcn__seed123,google,logic10,gcn,123,atom_occlusion,P20_historical,0.2,48,0.2081321580205509,0.5078102380716413,0.7603908987837558,0.6377257859728973
google__logic10__gcn__seed123,google,logic10,gcn,123,saliency,P20_historical,0.05,95,0.030520260989011,0.9664182278642678,0.4967968410460309,0.4902400631965512
google__logic10__gcn__seed123,google,logic10,gcn,123,saliency,P20_historical,0.1,86,0.0862437042124541,0.8837175299661713,0.511676331640189,0.4893945596029642
google__logic10__gcn__seed123,google,logic10,gcn,123,saliency,P20_historical,0.2,72,0.1777682882593596,0.7424548725132468,0.5470227616104716,0.4930890864044059
google__logic10__gcn__seed2026,google,logic10,gcn,2026,ig,P01_historical,0.05,95,0.0424103054683411,0.9664182278642682,0.4909878278474501,0.4819260531219577
google__logic10__gcn__seed2026,google,logic10,gcn,2026,ig,P01_historical,0.1,89,0.0917081430474287,0.9140376849550448,0.492729215913921,0.4706043278588793
google__logic10__gcn__seed2026,google,logic10,gcn,2026,ig,P01_historical,0.2,64,0.1930727754388468,0.662685584918506,0.6016518575670362,0.5292375857609023
google__logic10__gcn__seed2026,google,logic10,gcn,2026,gradinput,P01_historical,0.05,88,0.0473381900837257,0.9043177969998628,0.5219646399306256,0.5100231231533302
google__logic10__gcn__seed2026,google,logic10,gcn,2026,gradinput,P01_historical,0.1,80,0.0974240417320774,0.8213806229323514,0.5442948819127087,0.5164096487954156
google__logic10__gcn__seed2026,google,logic10,gcn,2026,gradinput,P01_historical,0.2,63,0.1937581391822463,0.6531162069280754,0.609063357277643,0.5330984108540362
google__logic10__gcn__seed2026,google,logic10,gcn,2026,atom_occlusion,P20_historical,0.05,69,0.0500696847795061,0.7136361104766599,0.6564368856516966,0.6338840077268179
google__logic10__gcn__seed2026,google,logic10,gcn,2026,atom_occlusion,P20_historical,0.1,58,0.1034951655487368,0.6043412180825836,0.7276448501894928,0.6720450126437518
google__logic10__gcn__seed2026,google,logic10,gcn,2026,atom_occlusion,P20_historical,0.2,46,0.1902979089363018,0.4875469047855013,0.8099025974025972,0.6822291810080676
google__logic10__gcn__seed2026,google,logic10,gcn,2026,saliency,P20_historical,0.05,92,0.0377918956043956,0.94767584806822,0.5028825369590714,0.4935628770298823
google__logic10__gcn__seed2026,google,logic10,gcn,2026,saliency,P20_historical,0.1,85,0.0833533653846153,0.8724292646600486,0.5202208420250077,0.4989330033993083
google__logic10__gcn__seed2026,google,logic10,gcn,2026,saliency,P20_historical,0.2,70,0.1669152276295133,0.7269080287757517,0.5655945150496094,0.5114072214030538
google__logic10__gcn__seed42,google,logic10,gcn,42,ig,P01_historical,0.05,73,0.0562743060510917,0.7549440500024239,0.6172332726260054,0.5960252613344442
google__logic10__gcn__seed42,google,logic10,gcn,42,ig,P01_historical,0.1,63,0.1044853212263926,0.6531162069280754,0.6747960744612531,0.6267632635804904
google__logic10__gcn__seed42,google,logic10,gcn,42,ig,P01_historical,0.2,53,0.1958901217829789,0.5587607636297947,0.7054808534719249,0.6042486057651499
google__logic10__gcn__seed42,google,logic10,gcn,42,gradinput,P01_historical,0.05,83,0.0395776098901098,0.8516688901661222,0.5581794385417644,0.5467394074854822
google__logic10__gcn__seed42,google,logic10,gcn,42,gradinput,P01_historical,0.1,73,0.0786912120617477,0.7549440500024239,0.6029725607501619,0.5747828558410851
google__logic10__gcn__seed42,google,logic10,gcn,42,gradinput,P01_historical,0.2,56,0.1784933072879501,0.5846027341592651,0.6918954805115519,0.6030933935345699
google__logic10__gcn__seed42,google,logic10,gcn,42,atom_occlusion,P20_historical,0.05,73,0.0365065737833595,0.7549440500024239,0.629417657597943,0.6144053233795053
google__logic10__gcn__seed42,google,logic10,gcn,42,atom_occlusion,P20_historical,0.1,62,0.0987876334974548,0.6443736474042657,0.685851883731348,0.6374866609093031
google__logic10__gcn__seed42,google,logic10,gcn,42,atom_occlusion,P20_historical,0.2,51,0.1932340353099281,0.5352281995744245,0.7343239102167674,0.62753539571423
google__logic10__gcn__seed42,google,logic10,gcn,42,saliency,P20_historical,0.05,96,0.0062499999999999,0.9953571428571424,0.4947280684829175,0.4937905684829176
google__logic10__gcn__seed42,google,logic10,gcn,42,saliency,P20_historical,0.1,91,0.0750243060510916,0.9336198180475164,0.4916035494912255,0.4747801501450088
google__logic10__gcn__seed42,google,logic10,gcn,42,saliency,P20_historical,0.2,81,0.1570279422957993,0.8360362351772489,0.5003476883024096,0.4596388063637999
google__logic10__gin__seed123,google,logic10,gin,123,ig,P01_historical,0.05,83,0.0417153159340659,0.8516688901661222,0.5564586365846179,0.5434499393242759
google__logic10__gin__seed123,google,logic10,gin,123,ig,P01_historical,0.1,74,0.1040893630179344,0.7666308757624763,0.577523413518272,0.5412322807374085
google__logic10__gin__seed123,google,logic10,gin,123,ig,P01_historical,0.2,64,0.1908638980067551,0.662685584918506,0.6010286340643484,0.5282016676594574
google__logic10__gin__seed123,google,logic10,gin,123,gradinput,P01_historical,0.05,96,0.0069940476190476,0.995357142857143,0.4943560446733941,0.4932548541972036
google__logic10__gin__seed123,google,logic10,gin,123,gradinput,P01_historical,0.1,93,0.076532433340469,0.9549678417887856,0.4792079568861677,0.4612433736506477
google__logic10__gin__seed123,google,logic10,gin,123,gradinput,P01_historical,0.2,88,0.1702924307835021,0.9043177969998628,0.4560495673778652,0.4183163885540161
google__logic10__gin__seed123,google,logic10,gin,123,atom_occlusion,P20_historical,0.05,73,0.0309809981684981,0.7549440500024239,0.6331029660668097,0.6198169772908552
google__logic10__gin__seed123,google,logic10,gin,123,atom_occlusion,P20_historical,0.1,58,0.0933789796513009,0.6043412180825836,0.7359403493332063,0.6819221416713538
google__logic10__gin__seed123,google,logic10,gin,123,atom_occlusion,P20_historical,0.2,44,0.1976343225227153,0.4630785606296572,0.8447375541125535,0.6977006995980207
google__logic10__gin__seed123,google,logic10,gin,123,saliency,P20_historical,0.05,92,0.0331816620879121,0.94767584806822,0.5054392464667771,0.4972165552813993
google__logic10__gin__seed123,google,logic10,gin,123,saliency,P20_historical,0.1,85,0.1012090587983444,0.8724292646600486,0.5104820476835072,0.4847274449847707
google__logic10__gin__seed123,google,logic10,gin,123,saliency,P20_historical,0.2,70,0.2014367700751629,0.7269080287757517,0.5433755232862374,0.4807892409202666
google__logic10__gin__seed2026,google,logic10,gin,2026,ig,P01_historical,0.05,93,0.0487890829408686,0.9549678417887856,0.4934603882779048,0.4818863332346268
google__logic10__gin__seed2026,google,logic10,gin,2026,ig,P01_historical,0.1,86,0.0974769649992864,0.883717529966172,0.5056245319330653,0.479627546620148
google__logic10__gin__seed2026,google,logic10,gin,2026,ig,P01_historical,0.2,67,0.2055126421197849,0.6977497682005145,0.5621198238910948,0.4903168953754978
google__logic10__gin__seed2026,google,logic10,gin,2026,gradinput,P01_historical,0.05,95,0.0431461767399267,0.9664182278642682,0.4908568118723062,0.4818245695287284
google__logic10__gin__seed2026,google,logic10,gin,2026,gradinput,P01_historical,0.1,91,0.0956158424908424,0.9336198180475164,0.4806759704209731,0.4593566320759073
google__logic10__gin__seed2026,google,logic10,gin,2026,gradinput,P01_historical,0.2,84,0.2002346240069454,0.8617135330232651,0.4615837323765231,0.4167575473628639
google__logic10__gin__seed2026,google,logic10,gin,2026,atom_occlusion,P20_historical,0.05,69,0.0465369080324437,0.7136361104766599,0.6583302712110486,0.6374742640661345
google__logic10__gin__seed2026,google,logic10,gin,2026,atom_occlusion,P20_historical,0.1,58,0.0994973404571618,0.6043412180825836,0.7303736689897401,0.6760816986284143
google__logic10__gin__seed2026,google,logic10,gin,2026,atom_occlusion,P20_historical,0.2,46,0.1888202199586127,0.4875469047855013,0.8098694212533498,0.6843086965263959
google__logic10__gin__seed2026,google,logic10,gin,2026,saliency,P20_historical,0.05,88,0.0374971382783882,0.9043177969998624,0.5266638906590116,0.5162753778013954
google__logic10__gin__seed2026,google,logic10,gin,2026,saliency,P20_historical,0.1,81,0.0793718929879643,0.8360362351772489,0.5449692991384997,0.5217419452842319
google__logic10__gin__seed2026,google,logic10,gin,2026,saliency,P20_historical,0.2,69,0.1850928461419533,0.7136361104766599,0.5647030607114641,0.5032874747402334
google__logic10__gin__seed42,google,logic10,gin,42,ig,P01_historical,0.05,95,0.0433507712525569,0.9664182278642682,0.4905051311282382,0.4812396767667556
google__logic10__gin__seed42,google,logic10,gin,42,ig,P01_historical,0.1,87,0.0914248326078683,0.8955752374760533,0.5021744865287545,0.4778516872335979
google__logic10__gin__seed42,google,logic10,gin,42,ig,P01_historical,0.2,69,0.1989865045668617,0.7136361104766592,0.5540597168354521,0.4871094646529327
google__logic10__gin__seed42,google,logic10,gin,42,gradinput,P01_historical,0.05,96,0.0087797619047619,0.995357142857143,0.4936119970543465,0.4922429494352989
google__logic10__gin__seed42,google,logic10,gin,42,gradinput,P01_historical,0.1,92,0.0813411662742019,0.9476758480682204,0.4811269323266077,0.4623407328871977
google__logic10__gin__seed42,google,logic10,gin,42,gradinput,P01_historical,0.2,86,0.1767415620094191,0.883717529966172,0.463594243327008,0.4249821245714632
google__logic10__gin__seed42,google,logic10,gin,42,atom_occlusion,P20_historical,0.05,83,0.0444310897435897,0.8516688901661219,0.5544071705636004,0.5408720290212253
google__logic10__gin__seed42,google,logic10,gin,42,atom_occlusion,P20_historical,0.1,69,0.1010827342300555,0.7136361104766599,0.6207802191389374,0.5804885925432005
google__logic10__gin__seed42,google,logic10,gin,42,atom_occlusion,P20_historical,0.2,51,0.2081736344013129,0.5352281995744245,0.7242679443572299,0.6113117358110589
google__logic10__gin__seed42,google,logic10,gin,42,saliency,P20_historical,0.05,88,0.0325144721350078,0.9043177969998624,0.5297301787464462,0.5210766316502703
google__logic10__gin__seed42,google,logic10,gin,42,saliency,P20_historical,0.1,74,0.0923058340469053,0.7666308757624759,0.5847290574385197,0.5519726730021539
google__logic10__gin__seed42,google,logic10,gin,42,saliency,P20_historical,0.2,56,0.1897141177275106,0.584602734159266,0.6829967899164326,0.5926093252753193
google__logic7__gcn__seed123,google,logic7,gcn,123,ig,P01_historical,0.05,81,0.0225177304964538,0.833329619256579,0.2300884216494189,0.2286756481959367
google__logic7__gcn__seed123,google,logic7,gcn,123,ig,P01_historical,0.1,72,0.0576241134751773,0.7399967108726914,0.2502119091449504,0.246901039185803
google__logic7__gcn__seed123,google,logic7,gcn,123,ig,P01_historical,0.2,51,0.128774062816616,0.5366178184953944,0.3152027641389343,0.3004164865866993
google__logic7__gcn__seed123,google,logic7,gcn,123,gradinput,P01_historical,0.05,88,0.0147163120567375,0.905415527160543,0.2132749054954443,0.2123994935191997
google__logic7__gcn__seed123,google,logic7,gcn,123,gradinput,P01_historical,0.1,81,0.0365248226950354,0.833329619256579,0.2258508643644669,0.2236231545204718
google__logic7__gcn__seed123,google,logic7,gcn,123,gradinput,P01_historical,0.2,65,0.1106889564336372,0.6737756827697773,0.2554154700118404,0.2465095087048516
google__logic7__gcn__seed123,google,logic7,gcn,123,atom_occlusion,P20_historical,0.05,43,0.0122340425531914,0.4551702084637703,0.4240520708605814,0.4204599183322587
google__logic7__gcn__seed123,google,logic7,gcn,123,atom_occlusion,P20_historical,0.1,31,0.069579533941236,0.3289956385246981,0.5464285714285714,0.5214070799177183
google__logic7__gcn__seed123,google,logic7,gcn,123,atom_occlusion,P20_historical,0.2,23,0.2050911854103343,0.256416662987491,0.5819148936170213,0.5119323938472873
google__logic7__gcn__seed123,google,logic7,gcn,123,saliency,P20_historical,0.05,97,0.0,1.0,0.1968166000515791,0.1968166000515791
google__logic7__gcn__seed123,google,logic7,gcn,123,saliency,P20_historical,0.1,96,0.0280141843971631,0.9948936170212768,0.1925258199097351,0.1917102170728557
google__logic7__gcn__seed123,google,logic7,gcn,123,saliency,P20_historical,0.2,96,0.0280141843971631,0.9948936170212768,0.1925258199097351,0.1917102170728557
google__logic7__gcn__seed2026,google,logic7,gcn,2026,ig,P01_historical,0.05,69,0.0303444782168186,0.7178330720591641,0.2630500427121203,0.2601201423750992
google__logic7__gcn__seed2026,google,logic7,gcn,2026,ig,P01_historical,0.1,60,0.0599797365754812,0.6218405892071917,0.2963698240293985,0.2912789859285479
google__logic7__gcn__seed2026,google,logic7,gcn,2026,ig,P01_historical,0.2,48,0.1395896656534954,0.5051045091097445,0.3338191949894077,0.3181342888789697
google__logic7__gcn__seed2026,google,logic7,gcn,2026,gradinput,P01_historical,0.05,96,0.0148936170212765,0.9948936170212764,0.1951853943778202,0.1947953234558344
google__logic7__gcn__seed2026,google,logic7,gcn,2026,gradinput,P01_historical,0.1,93,0.0813829787234042,0.9546910462550436,0.190107325471754,0.1874794061935596
google__logic7__gcn__seed2026,google,logic7,gcn,2026,gradinput,P01_historical,0.2,87,0.1931104356636271,0.8983233285789827,0.1772306381159553,0.1705612689340561
google__logic7__gcn__seed2026,google,logic7,gcn,2026,atom_occlusion,P20_historical,0.05,51,0.0053191489361702,0.5366178184953946,0.3633441617484171,0.3620348327795136
google__logic7__gcn__seed2026,google,logic7,gcn,2026,atom_occlusion,P20_historical,0.1,37,0.054305977710233,0.39782984641081,0.4638129010469436,0.4494719228761783
google__logic7__gcn__seed2026,google,logic7,gcn,2026,atom_occlusion,P20_historical,0.2,28,0.1426545086119554,0.3068319997111708,0.5329787234042552,0.4902766264468391
google__logic7__gcn__seed2026,google,logic7,gcn,2026,saliency,P20_historical,0.05,97,0.0,1.0,0.1968166000515791,0.1968166000515791
google__logic7__gcn__seed2026,google,logic7,gcn,2026,saliency,P20_historical,0.1,96,0.0166666666666666,0.9948936170212768,0.1942988695551252,0.1936960326756926
google__logic7__gcn__seed2026,google,logic7,gcn,2026,saliency,P20_historical,0.2,96,0.0166666666666666,0.9948936170212768,0.1942988695551252,0.1936960326756926
google__logic7__gcn__seed42,google,logic7,gcn,42,ig,P01_historical,0.05,74,0.0235815602836879,0.7666275550759587,0.2503358893081244,0.2487397716351672
google__logic7__gcn__seed42,google,logic7,gcn,42,ig,P01_historical,0.1,56,0.0679331306990881,0.584373580750989,0.3117994298845363,0.3044657174976324
google__logic7__gcn__seed42,google,logic7,gcn,42,ig,P01_historical,0.2,41,0.1564336372847011,0.4385277732141946,0.3741556906450523,0.3499343446151957
google__logic7__gcn__seed42,google,logic7,gcn,42,gradinput,P01_historical,0.05,90,0.0111702127659574,0.915132937080838,0.2115905976512627,0.2107874692348133
google__logic7__gcn__seed42,google,logic7,gcn,42,gradinput,P01_historical,0.1,71,0.0551418439716312,0.7323979266781626,0.252701618017638,0.2491342682305069
google__logic7__gcn__seed42,google,logic7,gcn,42,gradinput,P01_historical,0.2,51,0.1507598784194528,0.5366178184953944,0.3067218833176279,0.2904544627948882
google__logic7__gcn__seed42,google,logic7,gcn,42,atom_occlusion,P20_historical,0.05,35,0.0168693009118541,0.373053027814085,0.5136946977372511,0.5052899818857266
google__logic7__gcn__seed42,google,logic7,gcn,42,atom_occlusion,P20_historical,0.1,27,0.0626646403242147,0.2881859648949233,0.6278115501519759,0.60171701820638
google__logic7__gcn__seed42,google,logic7,gcn,42,atom_occlusion,P20_historical,0.2,18,0.1770516717325228,0.197299865021674,0.7851063829787235,0.6701198919284027
google__logic7__gcn__seed42,google,logic7,gcn,42,saliency,P20_historical,0.05,97,0.0,1.0,0.1968166000515791,0.1968166000515791
google__logic7__gcn__seed42,google,logic7,gcn,42,saliency,P20_historical,0.1,96,0.0280141843971631,0.9948936170212768,0.1925258199097351,0.1917102170728557
google__logic7__gcn__seed42,google,logic7,gcn,42,saliency,P20_historical,0.2,93,0.2042806484295845,0.9546910462550432,0.1665108426744826,0.1603087621922521
google__logic7__gin__seed123,google,logic7,gin,123,ig,P01_historical,0.05,79,0.0349290780141844,0.813456265659821,0.2336479647419309,0.2320330205186275
google__logic7__gin__seed123,google,logic7,gin,123,ig,P01_historical,0.1,67,0.0622340425531914,0.6931680002888293,0.2663452682069703,0.2625378202662308
google__logic7__gin__seed123,google,logic7,gin,123,ig,P01_historical,0.2,42,0.1544326241134751,0.4442119617832392,0.3749930920143686,0.353912517742305
google__logic7__gin__seed123,google,logic7,gin,123,gradinput,P01_historical,0.05,97,0.0,1.0,0.196816600051579,0.196816600051579
google__logic7__gin__seed123,google,logic7,gin,123,gradinput,P01_historical,0.1,96,0.0166666666666666,0.9948936170212764,0.1942988695551252,0.1936960326756925
google__logic7__gin__seed123,google,logic7,gin,123,gradinput,P01_historical,0.2,93,0.1567629179331307,0.9546910462550436,0.1779281173598083,0.173968137652162
google__logic7__gin__seed123,google,logic7,gin,123,atom_occlusion,P20_historical,0.05,80,0.0365501519756838,0.8178888897732962,0.230332965730008,0.2280954294993225
google__logic7__gin__seed123,google,logic7,gin,123,atom_occlusion,P20_historical,0.1,69,0.0828267477203647,0.717833072059164,0.2476143294197111,0.2432986931241328
google__logic7__gin__seed123,google,logic7,gin,123,atom_occlusion,P20_historical,0.2,49,0.1872593718338399,0.510210892088468,0.30274453678709,0.2854971860291009
google__logic7__gin__seed123,google,logic7,gin,123,saliency,P20_historical,0.05,96,0.0106382978723404,0.9948936170212768,0.1960719192005153,0.1958236922501607
google__logic7__gin__seed123,google,logic7,gin,123,saliency,P20_historical,0.1,94,0.0652482269503546,0.9573506207231284,0.1930927265954531,0.1913282691220359
google__logic7__gin__seed123,google,logic7,gin,123,saliency,P20_historical,0.2,88,0.1296099290780142,0.9054155271605432,0.1891058765210665,0.1844463873135654
google__logic7__gin__seed2026,google,logic7,gin,2026,ig,P01_historical,0.05,96,0.0042553191489361,0.9948936170212764,0.1969584440232102,0.1968166000515791
google__logic7__gin__seed2026,google,logic7,gin,2026,ig,P01_historical,0.1,92,0.0960992907801418,0.9480649064374144,0.1905303458598409,0.1882794534360421
google__logic7__gin__seed2026,google,logic7,gin,2026,ig,P01_historical,0.2,81,0.1986068895643363,0.833329619256579,0.193709845037162,0.1870580858408893
google__logic7__gin__seed2026,google,logic7,gin,2026,gradinput,P01_historical,0.05,95,0.0556737588652482,0.9619616476647004,0.1954510699197993,0.1944087523691318
google__logic7__gin__seed2026,google,logic7,gin,2026,gradinput,P01_historical,0.1,89,0.1067629179331307,0.9117734745948356,0.1949044262389677,0.1917775759447127
google__logic7__gin__seed2026,google,logic7,gin,2026,gradinput,P01_historical,0.2,79,0.1695542046605876,0.813456265659821,0.2018343802045469,0.1950786862172805
google__logic7__gin__seed2026,google,logic7,gin,2026,atom_occlusion,P20_historical,0.05,96,0.0042553191489361,0.9948936170212768,0.1969584440232103,0.1968166000515791
google__logic7__gin__seed2026,google,logic7,gin,2026,atom_occlusion,P20_historical,0.1,88,0.0886524822695035,0.9054155271605432,0.2002828356823482,0.1980347331606628
google__logic7__gin__seed2026,google,logic7,gin,2026,atom_occlusion,P20_historical,0.2,77,0.1794579533941236,0.7904120475963715,0.2059832692869053,0.1986131294361977
google__logic7__gin__seed2026,google,logic7,gin,2026,saliency,P20_historical,0.05,96,0.0148936170212765,0.9948936170212768,0.1951853943778202,0.1947953234558344
google__logic7__gin__seed2026,google,logic7,gin,2026,saliency,P20_historical,0.1,92,0.0982269503546099,0.948064906437414,0.1910290987339528,0.1889031604475394
google__logic7__gin__seed2026,google,logic7,gin,2026,saliency,P20_historical,0.2,85,0.2101570415400202,0.868304226496976,0.1826368743567873,0.1764555724448739
google__logic7__gin__seed42,google,logic7,gin,42,ig,P01_historical,0.05,91,0.0306737588652482,0.9390069354229216,0.2035570547353009,0.2025519595118893
google__logic7__gin__seed42,google,logic7,gin,42,ig,P01_historical,0.1,74,0.091691995947315,0.7666275550759587,0.2326523265213075,0.2278632556685715
google__logic7__gin__seed42,google,logic7,gin,42,ig,P01_historical,0.2,53,0.1511144883485309,0.5570396026723302,0.2990265644520963,0.2865808888649939
google__logic7__gin__seed42,google,logic7,gin,42,gradinput,P01_historical,0.05,96,0.0166666666666666,0.9948936170212764,0.1942988695551252,0.1936960326756925
google__logic7__gin__seed42,google,logic7,gin,42,gradinput,P01_historical,0.1,93,0.0727203647416413,0.9546910462550436,0.1909843366651146,0.1884220252936439
google__logic7__gin__seed42,google,logic7,gin,42,gradinput,P01_historical,0.2,89,0.1674265450861195,0.9117734745948356,0.1792366484626618,0.1739468363095437
google__logic7__gin__seed42,google,logic7,gin,42,atom_occlusion,P20_historical,0.05,93,0.04080547112462,0.9546910462550432,0.197935048003211,0.1965455283851992
google__logic7__gin__seed42,google,logic7,gin,42,atom_occlusion,P20_historical,0.1,89,0.0796352583586626,0.911773474594836,0.1976618268487681,0.1944517824977667
google__logic7__gin__seed42,google,logic7,gin,42,atom_occlusion,P20_historical,0.2,79,0.1892350557244174,0.813456265659821,0.1911474073650478,0.1837116839677606
google__logic7__gin__seed42,google,logic7,gin,42,saliency,P20_historical,0.05,96,0.0141843971631205,0.9948936170212768,0.1951853943778203,0.1947598624629266
google__logic7__gin__seed42,google,logic7,gin,42,saliency,P20_historical,0.1,96,0.0141843971631205,0.9948936170212768,0.1951853943778203,0.1947598624629266
google__logic7__gin__seed42,google,logic7,gin,42,saliency,P20_historical,0.2,90,0.1423758865248226,0.915132937080838,0.1853570567657183,0.1810563431696971
google__logic8__gcn__seed123,google,logic8,gcn,123,ig,P01_historical,0.05,93,0.0333031400966183,0.9552677229464128,0.3091119221399278,0.3061141604898554
google__logic8__gcn__seed123,google,logic8,gcn,123,ig,P01_historical,0.1,84,0.0846281134324612,0.8602399673880892,0.3234493928423546,0.3137801346905504
google__logic8__gcn__seed123,google,logic8,gcn,123,ig,P01_historical,0.2,66,0.1731046881862099,0.6815097985819859,0.3671355028532138,0.3418298403737645
google__logic8__gcn__seed123,google,logic8,gcn,123,gradinput,P01_historical,0.05,93,0.039359236777715,0.9552677229464128,0.3066069272236477,0.3026306220862824
google__logic8__gcn__seed123,google,logic8,gcn,123,gradinput,P01_historical,0.1,88,0.0950292913608131,0.9024191886597204,0.3067597209488362,0.2981807843754581
google__logic8__gcn__seed123,google,logic8,gcn,123,gradinput,P01_historical,0.2,78,0.1738771645021644,0.8022864282947143,0.3155753686700819,0.2985226124987606
google__logic8__gcn__seed123,google,logic8,gcn,123,atom_occlusion,P20_historical,0.05,71,0.0458909749670619,0.7345103773821358,0.3926707656686875,0.384650435064143
google__logic8__gcn__seed123,google,logic8,gcn,123,atom_occlusion,P20_historical,0.1,59,0.1004603488299139,0.6105970266924211,0.4408397309212531,0.4191807358588305
google__logic8__gcn__seed123,google,logic8,gcn,123,atom_occlusion,P20_historical,0.2,45,0.1993228088336783,0.4700484177804256,0.5055202647593953,0.4516550651267638
google__logic8__gcn__seed123,google,logic8,gcn,123,saliency,P20_historical,0.05,86,0.0463183857205596,0.8816677529892152,0.3285207905606009,0.3232434558959962
google__logic8__gcn__seed123,google,logic8,gcn,123,saliency,P20_historical,0.1,72,0.1028912965054268,0.7399451599908313,0.3652173762228111,0.3513026943713694
google__logic8__gcn__seed123,google,logic8,gcn,123,saliency,P20_historical,0.2,53,0.2002264492753623,0.5568200503767443,0.429120381430164,0.3921028777608109
google__logic8__gcn__seed2026,google,logic8,gcn,2026,ig,P01_historical,0.05,95,0.0531489193173975,0.9635620995261828,0.3008474449576209,0.2967687449747199
google__logic8__gcn__seed2026,google,logic8,gcn,2026,ig,P01_historical,0.1,91,0.0917946938327373,0.9329327485320432,0.2983701742230031,0.2908402062775292
google__logic8__gcn__seed2026,google,logic8,gcn,2026,ig,P01_historical,0.2,83,0.2031824455737499,0.8514839287407462,0.2864390110364501,0.2680672185481024
google__logic8__gcn__seed2026,google,logic8,gcn,2026,gradinput,P01_historical,0.05,95,0.0337042788129744,0.9635620995261828,0.306110115618635,0.3032331630765994
google__logic8__gcn__seed2026,google,logic8,gcn,2026,gradinput,P01_historical,0.1,89,0.0817811264822134,0.9154662190660858,0.3058428315912298,0.2981185568666109
google__logic8__gcn__seed2026,google,logic8,gcn,2026,gradinput,P01_historical,0.2,76,0.1707143249262814,0.7782340988395715,0.3247251122135443,0.3055721876779794
google__logic8__gcn__seed2026,google,logic8,gcn,2026,atom_occlusion,P20_historical,0.05,84,0.038415404040404,0.8602399673880893,0.3400475579547883,0.3352068718457309
google__logic8__gcn__seed2026,google,logic8,gcn,2026,atom_occlusion,P20_historical,0.1,69,0.0831504093732354,0.7146994560672671,0.3878924907857132,0.3749150648681513
google__logic8__gcn__seed2026,google,logic8,gcn,2026,atom_occlusion,P20_historical,0.2,48,0.1781879352531525,0.5039744192858895,0.4865567554426249,0.4438747731027142
google__logic8__gcn__seed2026,google,logic8,gcn,2026,saliency,P20_historical,0.05,85,0.0394553061672626,0.8710699269022583,0.3344719563286583,0.3293196045653789
google__logic8__gcn__seed2026,google,logic8,gcn,2026,saliency,P20_historical,0.1,70,0.0924761983185895,0.7254790474588618,0.3770631848437155,0.364374292764638
google__logic8__gcn__seed2026,google,logic8,gcn,2026,saliency,P20_historical,0.2,57,0.1861887508626638,0.5939617684701389,0.4118381316750881,0.3810163461390913
google__logic8__gcn__seed42,google,logic8,gcn,42,ig,P01_historical,0.05,96,0.0272541015747537,0.991304347826087,0.3006255786403412,0.2989498540026601
google__logic8__gcn__seed42,google,logic8,gcn,42,ig,P01_historical,0.1,96,0.0272541015747537,0.991304347826087,0.3006255786403412,0.2989498540026601
google__logic8__gcn__seed42,google,logic8,gcn,42,ig,P01_historical,0.2,89,0.181968951941778,0.9154662190660858,0.2748072531582696,0.2601988730373032
google__logic8__gcn__seed42,google,logic8,gcn,42,gradinput,P01_historical,0.05,96,0.0137638026224982,0.991304347826087,0.3042487670461383,0.303433549654834
google__logic8__gcn__seed42,google,logic8,gcn,42,gradinput,P01_historical,0.1,91,0.081219806763285,0.9329327485320432,0.3017496749071508,0.2953173607787082
google__logic8__gcn__seed42,google,logic8,gcn,42,gradinput,P01_historical,0.2,81,0.170514539808018,0.8370997138716055,0.3039878570945589,0.2889090046747757
google__logic8__gcn__seed42,google,logic8,gcn,42,atom_occlusion,P20_historical,0.05,79,0.0435313931237844,0.8099775606624956,0.3583520497072961,0.3522100112388174
google__logic8__gcn__seed42,google,logic8,gcn,42,atom_occlusion,P20_historical,0.1,65,0.0865989083380387,0.6711482673910617,0.40892042562439,0.3929735167111499
google__logic8__gcn__seed42,google,logic8,gcn,42,atom_occlusion,P20_historical,0.2,48,0.1876380262249827,0.5039744192858895,0.4800618765292678,0.4362914636458349
google__logic8__gcn__seed42,google,logic8,gcn,42,saliency,P20_historical,0.05,80,0.0430684955141476,0.816771038923365,0.3550979010445292,0.3492300850962047
google__logic8__gcn__seed42,google,logic8,gcn,42,saliency,P20_historical,0.1,65,0.0921552481335089,0.6711482673910617,0.4070024768674067,0.3914503040025068
google__logic8__gcn__seed42,google,logic8,gcn,42,saliency,P20_historical,0.2,48,0.2017772837066314,0.5039744192858895,0.4749941182006402,0.4310956613186473
google__logic8__gin__seed123,google,logic8,gin,123,ig,P01_historical,0.05,89,0.0394129572118702,0.9154662190660858,0.3200512972780108,0.316300155730321
google__logic8__gin__seed123,google,logic8,gin,123,ig,P01_historical,0.1,85,0.0939964473931865,0.8710699269022593,0.3171126144499075,0.307382702935878
google__logic8__gin__seed123,google,logic8,gin,123,ig,P01_historical,0.2,77,0.195086148754627,0.7942440479697253,0.3102742192401382,0.2896874441763887
google__logic8__gin__seed123,google,logic8,gin,123,gradinput,P01_historical,0.05,96,0.0218389249639249,0.991304347826087,0.3015313757417905,0.2999009409591818
google__logic8__gin__seed123,google,logic8,gin,123,gradinput,P01_historical,0.1,95,0.0828098531902879,0.9635620995261828,0.2916067586052043,0.2850446181083185
google__logic8__gin__seed123,google,logic8,gin,123,gradinput,P01_historical,0.2,89,0.182394402095489,0.9154662190660858,0.2748911477351305,0.2608563632318658
google__logic8__gin__seed123,google,logic8,gin,123,atom_occlusion,P20_historical,0.05,85,0.0353570644331514,0.8710699269022583,0.3364431683111016,0.3316490242520066
google__logic8__gin__seed123,google,logic8,gin,123,atom_occlusion,P20_historical,0.1,73,0.0859107378129116,0.7560793277554333,0.3658724851243192,0.3536801389736257
google__logic8__gin__seed123,google,logic8,gin,123,atom_occlusion,P20_historical,0.2,56,0.1704527809147372,0.5877442590183434,0.424380872750438,0.3935725685208288
google__logic8__gin__seed123,google,logic8,gin,123,saliency,P20_historical,0.05,89,0.047949604743083,0.9154662190660856,0.3174437252839699,0.313007214858653
google__logic8__gin__seed123,google,logic8,gin,123,saliency,P20_historical,0.1,80,0.1099200467406988,0.816771038923365,0.3320652003953928,0.3202441550864777
google__logic8__gin__seed123,google,logic8,gin,123,saliency,P20_historical,0.2,65,0.2187584305790826,0.6711482673910617,0.3560121233554739,0.3301370830406115
google__logic8__gin__seed2026,google,logic8,gin,2026,ig,P01_historical,0.05,85,0.0391437668611581,0.8710699269022593,0.3361413532577635,0.3313487216043737
google__logic8__gin__seed2026,google,logic8,gin,2026,ig,P01_historical,0.1,76,0.0872982542819499,0.7782340988395715,0.3563398464112725,0.3441797757999467
google__logic8__gin__seed2026,google,logic8,gin,2026,ig,P01_historical,0.2,58,0.1875194099378881,0.6011127982184234,0.4091274667361624,0.373899294626344
google__logic8__gin__seed2026,google,logic8,gin,2026,gradinput,P01_historical,0.05,96,0.0144780491247882,0.991304347826087,0.3035694192200514,0.3024462308142542
google__logic8__gin__seed2026,google,logic8,gin,2026,gradinput,P01_historical,0.1,93,0.0625782279314888,0.9552677229464128,0.2993921829174449,0.2934756652199422
google__logic8__gin__seed2026,google,logic8,gin,2026,gradinput,P01_historical,0.2,87,0.1597410439801744,0.8946066886597205,0.287512364805742,0.2738405778737257
google__logic8__gin__seed2026,google,logic8,gin,2026,atom_occlusion,P20_historical,0.05,87,0.0323261732229123,0.8946066886597199,0.3299114155771765,0.3265555587658179
google__logic8__gin__seed2026,google,logic8,gin,2026,atom_occlusion,P20_historical,0.1,77,0.0844624427504861,0.7942440479697253,0.3503004321978109,0.3394240102507536
google__logic8__gin__seed2026,google,logic8,gin,2026,atom_occlusion,P20_historical,0.2,61,0.1812894080557122,0.6373946580151013,0.3895951497174323,0.3615440778467431
google__logic8__gin__seed2026,google,logic8,gin,2026,saliency,P20_historical,0.05,92,0.0412555288913984,0.9453776130563026,0.3082449670361429,0.3036148462673715
google__logic8__gin__seed2026,google,logic8,gin,2026,saliency,P20_historical,0.1,84,0.090343849990589,0.8602399673880893,0.3213745568577563,0.3115927403041432
google__logic8__gin__seed2026,google,logic8,gin,2026,saliency,P20_historical,0.2,71,0.1968371604241168,0.7345103773821358,0.3313923772483555,0.3079804746318578
google__logic8__gin__seed42,google,logic8,gin,42,ig,P01_historical,0.05,91,0.0379534867306606,0.9329327485320432,0.3140409686284639,0.3101130171819966
google__logic8__gin__seed42,google,logic8,gin,42,ig,P01_historical,0.1,86,0.090565201706506,0.8816677529892157,0.3149575669148458,0.3060177022898028
google__logic8__gin__seed42,google,logic8,gin,42,ig,P01_historical,0.2,76,0.1943030851998242,0.7782340988395715,0.3168712087257652,0.2963917473949399
google__logic8__gin__seed42,google,logic8,gin,42,gradinput,P01_historical,0.05,95,0.0403793368467281,0.9635620995261828,0.3041225654362535,0.3007451972111711
google__logic8__gin__seed42,google,logic8,gin,42,gradinput,P01_historical,0.1,91,0.076471626199887,0.9329327485320432,0.3024215984493477,0.2957819818793321
google__logic8__gin__seed42,google,logic8,gin,42,gradinput,P01_historical,0.2,82,0.1788682633791329,0.8440475893656765,0.29651986513042,0.2800469315809463
google__logic8__gin__seed42,google,logic8,gin,42,atom_occlusion,P20_historical,0.05,87,0.029302536231884,0.8946066886597199,0.3311364807120462,0.3281705390536658
google__logic8__gin__seed42,google,logic8,gin,42,atom_occlusion,P20_historical,0.1,78,0.0749053030303029,0.8022864282947143,0.3513047835004022,0.3424844836985478
google__logic8__gin__seed42,google,logic8,gin,42,atom_occlusion,P20_historical,0.2,63,0.1698514649601605,0.651793265144687,0.3860086471499514,0.3597217278466439
google__logic8__gin__seed42,google,logic8,gin,42,saliency,P20_historical,0.05,96,0.021777950310559,0.9913043478260868,0.3022107235678776,0.300951665596863
google__logic8__gin__seed42,google,logic8,gin,42,saliency,P20_historical,0.1,93,0.0906446059978667,0.9552677229464128,0.2931305001284776,0.2862819002551475
google__logic8__gin__seed42,google,logic8,gin,42,saliency,P20_historical,0.2,87,0.2014030052073529,0.8946066886597199,0.2758492070663966,0.2604276139372642
