cell_id,family,task,model,seed,method,score_origin,alpha,historical_q,current_q,q_change,delta_risk,delta_mean_atom_fraction,delta_precision,delta_iou
bxaic__B__gcn__seed123,bxaic,B,gcn,123,ig,P01_checkpoint_rerun,0.05,1,1,0,0.0,0.0,0.0,0.0
bxaic__B__gcn__seed123,bxaic,B,gcn,123,ig,P01_checkpoint_rerun,0.1,1,1,0,0.0,0.0,0.0,0.0
bxaic__B__gcn__seed123,bxaic,B,gcn,123,ig,P01_checkpoint_rerun,0.2,1,1,0,0.0,0.0,0.0,0.0
bxaic__B__gcn__seed123,bxaic,B,gcn,123,gradinput,P01_checkpoint_rerun,0.05,1,1,0,0.0,0.0,0.0,0.0
bxaic__B__gcn__seed123,bxaic,B,gcn,123,gradinput,P01_checkpoint_rerun,0.1,1,1,0,0.0,0.0,0.0,0.0
bxaic__B__gcn__seed123,bxaic,B,gcn,123,gradinput,P01_checkpoint_rerun,0.2,1,1,0,0.0,0.0,0.0,0.0
bxaic__B__gcn__seed123,bxaic,B,gcn,123,atom_occlusion,P20_frozen_cache,0.05,1,1,0,0.0,0.0,0.0,0.0
bxaic__B__gcn__seed123,bxaic,B,gcn,123,atom_occlusion,P20_frozen_cache,0.1,1,1,0,0.0,0.0,0.0,0.0
bxaic__B__gcn__seed123,bxaic,B,gcn,123,atom_occlusion,P20_frozen_cache,0.2,1,1,0,0.0,0.0,0.0,0.0
bxaic__B__gcn__seed123,bxaic,B,gcn,123,saliency,P20_frozen_cache,0.05,20,20,0,0.0,0.0,0.0,0.0
bxaic__B__gcn__seed123,bxaic,B,gcn,123,saliency,P20_frozen_cache,0.1,5,5,0,0.0,0.0,0.0,0.0
bxaic__B__gcn__seed123,bxaic,B,gcn,123,saliency,P20_frozen_cache,0.2,1,1,0,0.0,0.0,0.0,0.0
bxaic__B__gcn__seed2026,bxaic,B,gcn,2026,ig,P01_checkpoint_rerun,0.05,1,1,0,0.0,0.0,0.0,0.0
bxaic__B__gcn__seed2026,bxaic,B,gcn,2026,ig,P01_checkpoint_rerun,0.1,1,1,0,0.0,0.0,0.0,0.0
bxaic__B__gcn__seed2026,bxaic,B,gcn,2026,ig,P01_checkpoint_rerun,0.2,1,1,0,0.0,0.0,0.0,0.0
bxaic__B__gcn__seed2026,bxaic,B,gcn,2026,gradinput,P01_checkpoint_rerun,0.05,1,1,0,0.0,0.0,0.0,0.0
bxaic__B__gcn__seed2026,bxaic,B,gcn,2026,gradinput,P01_checkpoint_rerun,0.1,1,1,0,0.0,0.0,0.0,0.0
bxaic__B__gcn__seed2026,bxaic,B,gcn,2026,gradinput,P01_checkpoint_rerun,0.2,1,1,0,0.0,0.0,0.0,0.0
bxaic__B__gcn__seed2026,bxaic,B,gcn,2026,atom_occlusion,P20_frozen_cache,0.05,1,1,0,0.0,0.0,0.0,0.0
bxaic__B__gcn__seed2026,bxaic,B,gcn,2026,atom_occlusion,P20_frozen_cache,0.1,1,1,0,0.0,0.0,0.0,0.0
bxaic__B__gcn__seed2026,bxaic,B,gcn,2026,atom_occlusion,P20_frozen_cache,0.2,1,1,0,0.0,0.0,0.0,0.0
bxaic__B__gcn__seed2026,bxaic,B,gcn,2026,saliency,P20_frozen_cache,0.05,26,26,0,0.0,0.0,0.0,0.0
bxaic__B__gcn__seed2026,bxaic,B,gcn,2026,saliency,P20_frozen_cache,0.1,18,18,0,0.0,0.0,0.0,0.0
bxaic__B__gcn__seed2026,bxaic,B,gcn,2026,saliency,P20_frozen_cache,0.2,6,6,0,0.0,0.0,0.0,0.0
bxaic__B__gcn__seed42,bxaic,B,gcn,42,ig,P01_checkpoint_rerun,0.05,1,1,0,0.0,0.0,0.0,0.0
bxaic__B__gcn__seed42,bxaic,B,gcn,42,ig,P01_checkpoint_rerun,0.1,1,1,0,0.0,0.0,0.0,0.0
bxaic__B__gcn__seed42,bxaic,B,gcn,42,ig,P01_checkpoint_rerun,0.2,1,1,0,0.0,0.0,0.0,0.0
bxaic__B__gcn__seed42,bxaic,B,gcn,42,gradinput,P01_checkpoint_rerun,0.05,1,1,0,0.0,0.0,0.0,0.0
bxaic__B__gcn__seed42,bxaic,B,gcn,42,gradinput,P01_checkpoint_rerun,0.1,1,1,0,0.0,0.0,0.0,0.0
bxaic__B__gcn__seed42,bxaic,B,gcn,42,gradinput,P01_checkpoint_rerun,0.2,1,1,0,0.0,0.0,0.0,0.0
bxaic__B__gcn__seed42,bxaic,B,gcn,42,atom_occlusion,P20_frozen_cache,0.05,1,1,0,0.0,0.0,0.0,0.0
bxaic__B__gcn__seed42,bxaic,B,gcn,42,atom_occlusion,P20_frozen_cache,0.1,1,1,0,0.0,0.0,0.0,0.0
bxaic__B__gcn__seed42,bxaic,B,gcn,42,atom_occlusion,P20_frozen_cache,0.2,1,1,0,0.0,0.0,0.0,0.0
bxaic__B__gcn__seed42,bxaic,B,gcn,42,saliency,P20_frozen_cache,0.05,24,24,0,0.0,0.0,0.0,0.0
bxaic__B__gcn__seed42,bxaic,B,gcn,42,saliency,P20_frozen_cache,0.1,7,7,0,0.0,0.0,0.0,0.0
bxaic__B__gcn__seed42,bxaic,B,gcn,42,saliency,P20_frozen_cache,0.2,5,5,0,0.0,0.0,0.0,0.0
bxaic__B__gin__seed123,bxaic,B,gin,123,ig,P01_checkpoint_rerun,0.05,1,1,0,0.0,0.0,0.0,0.0
bxaic__B__gin__seed123,bxaic,B,gin,123,ig,P01_checkpoint_rerun,0.1,1,1,0,0.0,0.0,0.0,0.0
bxaic__B__gin__seed123,bxaic,B,gin,123,ig,P01_checkpoint_rerun,0.2,1,1,0,0.0,0.0,0.0,0.0
bxaic__B__gin__seed123,bxaic,B,gin,123,gradinput,P01_checkpoint_rerun,0.05,1,1,0,0.0,0.0,0.0,0.0
bxaic__B__gin__seed123,bxaic,B,gin,123,gradinput,P01_checkpoint_rerun,0.1,1,1,0,0.0,0.0,0.0,0.0
bxaic__B__gin__seed123,bxaic,B,gin,123,gradinput,P01_checkpoint_rerun,0.2,1,1,0,0.0,0.0,0.0,0.0
bxaic__B__gin__seed123,bxaic,B,gin,123,atom_occlusion,P20_frozen_cache,0.05,1,1,0,0.0,0.0,0.0,0.0
bxaic__B__gin__seed123,bxaic,B,gin,123,atom_occlusion,P20_frozen_cache,0.1,1,1,0,0.0,0.0,0.0,0.0
bxaic__B__gin__seed123,bxaic,B,gin,123,atom_occlusion,P20_frozen_cache,0.2,1,1,0,0.0,0.0,0.0,0.0
bxaic__B__gin__seed123,bxaic,B,gin,123,saliency,P20_frozen_cache,0.05,7,7,0,0.0,0.0,0.0,0.0
bxaic__B__gin__seed123,bxaic,B,gin,123,saliency,P20_frozen_cache,0.1,1,1,0,0.0,0.0,0.0,0.0
bxaic__B__gin__seed123,bxaic,B,gin,123,saliency,P20_frozen_cache,0.2,1,1,0,0.0,0.0,0.0,0.0
bxaic__B__gin__seed2026,bxaic,B,gin,2026,ig,P01_checkpoint_rerun,0.05,1,1,0,0.0,0.0,0.0,0.0
bxaic__B__gin__seed2026,bxaic,B,gin,2026,ig,P01_checkpoint_rerun,0.1,1,1,0,0.0,0.0,0.0,0.0
bxaic__B__gin__seed2026,bxaic,B,gin,2026,ig,P01_checkpoint_rerun,0.2,1,1,0,0.0,0.0,0.0,0.0
bxaic__B__gin__seed2026,bxaic,B,gin,2026,gradinput,P01_checkpoint_rerun,0.05,1,1,0,0.0,0.0,0.0,0.0
bxaic__B__gin__seed2026,bxaic,B,gin,2026,gradinput,P01_checkpoint_rerun,0.1,1,1,0,0.0,0.0,0.0,0.0
bxaic__B__gin__seed2026,bxaic,B,gin,2026,gradinput,P01_checkpoint_rerun,0.2,1,1,0,0.0,0.0,0.0,0.0
bxaic__B__gin__seed2026,bxaic,B,gin,2026,atom_occlusion,P20_frozen_cache,0.05,1,1,0,0.0,0.0,0.0,0.0
bxaic__B__gin__seed2026,bxaic,B,gin,2026,atom_occlusion,P20_frozen_cache,0.1,1,1,0,0.0,0.0,0.0,0.0
bxaic__B__gin__seed2026,bxaic,B,gin,2026,atom_occlusion,P20_frozen_cache,0.2,1,1,0,0.0,0.0,0.0,0.0
bxaic__B__gin__seed2026,bxaic,B,gin,2026,saliency,P20_frozen_cache,0.05,7,7,0,0.0,0.0,0.0,0.0
bxaic__B__gin__seed2026,bxaic,B,gin,2026,saliency,P20_frozen_cache,0.1,1,1,0,0.0,0.0,0.0,0.0
bxaic__B__gin__seed2026,bxaic,B,gin,2026,saliency,P20_frozen_cache,0.2,1,1,0,0.0,0.0,0.0,0.0
bxaic__B__gin__seed42,bxaic,B,gin,42,ig,P01_checkpoint_rerun,0.05,1,1,0,0.0,0.0,0.0,0.0
bxaic__B__gin__seed42,bxaic,B,gin,42,ig,P01_checkpoint_rerun,0.1,1,1,0,0.0,0.0,0.0,0.0
bxaic__B__gin__seed42,bxaic,B,gin,42,ig,P01_checkpoint_rerun,0.2,1,1,0,0.0,0.0,0.0,0.0
bxaic__B__gin__seed42,bxaic,B,gin,42,gradinput,P01_checkpoint_rerun,0.05,1,1,0,0.0,0.0,0.0,0.0
bxaic__B__gin__seed42,bxaic,B,gin,42,gradinput,P01_checkpoint_rerun,0.1,1,1,0,0.0,0.0,0.0,0.0
bxaic__B__gin__seed42,bxaic,B,gin,42,gradinput,P01_checkpoint_rerun,0.2,1,1,0,0.0,0.0,0.0,0.0
bxaic__B__gin__seed42,bxaic,B,gin,42,atom_occlusion,P20_frozen_cache,0.05,1,1,0,0.0,0.0,0.0,0.0
bxaic__B__gin__seed42,bxaic,B,gin,42,atom_occlusion,P20_frozen_cache,0.1,1,1,0,0.0,0.0,0.0,0.0
bxaic__B__gin__seed42,bxaic,B,gin,42,atom_occlusion,P20_frozen_cache,0.2,1,1,0,0.0,0.0,0.0,0.0
bxaic__B__gin__seed42,bxaic,B,gin,42,saliency,P20_frozen_cache,0.05,8,8,0,0.0,0.0,0.0,0.0
bxaic__B__gin__seed42,bxaic,B,gin,42,saliency,P20_frozen_cache,0.1,1,1,0,0.0,0.0,0.0,0.0
bxaic__B__gin__seed42,bxaic,B,gin,42,saliency,P20_frozen_cache,0.2,1,1,0,0.0,0.0,0.0,0.0
bxaic__indole__gcn__seed123,bxaic,indole,gcn,123,ig,P01_checkpoint_rerun,0.05,93,93,0,8.049116928532385e-16,1.1546319456101628e-14,6.106226635438361e-16,9.992007221626409e-16
bxaic__indole__gcn__seed123,bxaic,indole,gcn,123,ig,P01_checkpoint_rerun,0.1,76,76,0,1.915134717478395e-15,-2.886579864025407e-15,2.55351295663786e-15,2.275957200481571e-15
bxaic__indole__gcn__seed123,bxaic,indole,gcn,123,ig,P01_checkpoint_rerun,0.2,51,51,0,-1.5820678100908479e-15,-4.329869796038111e-15,1.4432899320127037e-15,2.720046410331633e-15
bxaic__indole__gcn__seed123,bxaic,indole,gcn,123,gradinput,P01_checkpoint_rerun,0.05,96,96,0,7.840950111415168e-16,6.994405055138486e-15,1.1657341758564144e-15,1.7763568394002505e-15
bxaic__indole__gcn__seed123,bxaic,indole,gcn,123,gradinput,P01_checkpoint_rerun,0.1,83,83,0,2.0122792321330962e-15,-6.772360450213455e-15,1.3877787807814457e-15,1.3322676295501878e-15
bxaic__indole__gcn__seed123,bxaic,indole,gcn,123,gradinput,P01_checkpoint_rerun,0.2,51,51,0,-1.887379141862766e-15,-4.329869796038111e-15,2.4980018054066026e-15,2.609024107869118e-15
bxaic__indole__gcn__seed123,bxaic,indole,gcn,123,atom_occlusion,P20_frozen_cache,0.05,67,67,0,0.0,0.0,0.0,0.0
bxaic__indole__gcn__seed123,bxaic,indole,gcn,123,atom_occlusion,P20_frozen_cache,0.1,56,56,0,0.0,0.0,0.0,0.0
bxaic__indole__gcn__seed123,bxaic,indole,gcn,123,atom_occlusion,P20_frozen_cache,0.2,43,43,0,0.0,0.0,0.0,0.0
bxaic__indole__gcn__seed123,bxaic,indole,gcn,123,saliency,P20_frozen_cache,0.05,92,92,0,0.0,0.0,0.0,0.0
bxaic__indole__gcn__seed123,bxaic,indole,gcn,123,saliency,P20_frozen_cache,0.1,85,85,0,0.0,0.0,0.0,0.0
bxaic__indole__gcn__seed123,bxaic,indole,gcn,123,saliency,P20_frozen_cache,0.2,74,74,0,0.0,0.0,0.0,0.0
bxaic__indole__gcn__seed2026,bxaic,indole,gcn,2026,ig,P01_checkpoint_rerun,0.05,81,81,0,4.996003610813204e-16,-5.773159728050814e-15,1.7208456881689926e-15,1.6653345369377348e-15
bxaic__indole__gcn__seed2026,bxaic,indole,gcn,2026,ig,P01_checkpoint_rerun,0.1,71,71,0,1.457167719820518e-15,3.4416913763379853e-15,1.4432899320127037e-15,1.7208456881689926e-15
bxaic__indole__gcn__seed2026,bxaic,indole,gcn,2026,ig,P01_checkpoint_rerun,0.2,58,58,0,-1.2212453270876722e-15,3.885780586188048e-15,1.4988010832439613e-15,1.7763568394002505e-15
bxaic__indole__gcn__seed2026,bxaic,indole,gcn,2026,gradinput,P01_checkpoint_rerun,0.05,97,97,0,2.4286128663675302e-17,-2.1094237467877974e-15,1.7763568394002505e-15,1.942890293094024e-15
bxaic__indole__gcn__seed2026,bxaic,indole,gcn,2026,gradinput,P01_checkpoint_rerun,0.1,87,87,0,2.0122792321330962e-15,6.8833827526759706e-15,1.942890293094024e-15,1.3322676295501878e-15
bxaic__indole__gcn__seed2026,bxaic,indole,gcn,2026,gradinput,P01_checkpoint_rerun,0.2,51,51,0,1.9428902930940242e-16,-4.329869796038111e-15,2.05391259555654e-15,1.887379141862766e-15
bxaic__indole__gcn__seed2026,bxaic,indole,gcn,2026,atom_occlusion,P20_frozen_cache,0.05,66,66,0,0.0,0.0,0.0,0.0
bxaic__indole__gcn__seed2026,bxaic,indole,gcn,2026,atom_occlusion,P20_frozen_cache,0.1,55,55,0,0.0,0.0,0.0,0.0
bxaic__indole__gcn__seed2026,bxaic,indole,gcn,2026,atom_occlusion,P20_frozen_cache,0.2,42,42,0,0.0,0.0,0.0,0.0
bxaic__indole__gcn__seed2026,bxaic,indole,gcn,2026,saliency,P20_frozen_cache,0.05,79,79,0,0.0,0.0,0.0,0.0
bxaic__indole__gcn__seed2026,bxaic,indole,gcn,2026,saliency,P20_frozen_cache,0.1,70,70,0,0.0,0.0,0.0,0.0
bxaic__indole__gcn__seed2026,bxaic,indole,gcn,2026,saliency,P20_frozen_cache,0.2,60,60,0,0.0,0.0,0.0,0.0
bxaic__indole__gcn__seed42,bxaic,indole,gcn,42,ig,P01_checkpoint_rerun,0.05,77,77,0,5.620504062164855e-16,-3.4416913763379853e-15,1.7763568394002505e-15,7.2164496600635185e-16
bxaic__indole__gcn__seed42,bxaic,indole,gcn,42,ig,P01_checkpoint_rerun,0.1,68,68,0,1.4988010832439613e-15,3.552713678800501e-15,1.942890293094024e-15,1.7208456881689926e-15
bxaic__indole__gcn__seed42,bxaic,indole,gcn,42,ig,P01_checkpoint_rerun,0.2,55,55,0,-5.551115123125783e-17,-1.2212453270876722e-15,2.55351295663786e-15,1.7208456881689926e-15
bxaic__indole__gcn__seed42,bxaic,indole,gcn,42,gradinput,P01_checkpoint_rerun,0.05,83,83,0,7.632783294297951e-16,-6.772360450213455e-15,1.4988010832439613e-15,2.05391259555654e-15
bxaic__indole__gcn__seed42,bxaic,indole,gcn,42,gradinput,P01_checkpoint_rerun,0.1,69,69,0,1.7486012637846217e-15,5.10702591327572e-15,2.4424906541753444e-15,2.4980018054066026e-15
bxaic__indole__gcn__seed42,bxaic,indole,gcn,42,gradinput,P01_checkpoint_rerun,0.2,51,51,0,-7.771561172376097e-16,-4.329869796038111e-15,2.1649348980190556e-15,2.220446049250313e-15
bxaic__indole__gcn__seed42,bxaic,indole,gcn,42,atom_occlusion,P20_frozen_cache,0.05,64,64,0,0.0,0.0,0.0,0.0
bxaic__indole__gcn__seed42,bxaic,indole,gcn,42,atom_occlusion,P20_frozen_cache,0.1,54,54,0,0.0,0.0,0.0,0.0
bxaic__indole__gcn__seed42,bxaic,indole,gcn,42,atom_occlusion,P20_frozen_cache,0.2,41,41,0,0.0,0.0,0.0,0.0
bxaic__indole__gcn__seed42,bxaic,indole,gcn,42,saliency,P20_frozen_cache,0.05,92,92,0,0.0,0.0,0.0,0.0
bxaic__indole__gcn__seed42,bxaic,indole,gcn,42,saliency,P20_frozen_cache,0.1,86,86,0,0.0,0.0,0.0,0.0
bxaic__indole__gcn__seed42,bxaic,indole,gcn,42,saliency,P20_frozen_cache,0.2,73,73,0,0.0,0.0,0.0,0.0
bxaic__indole__gin__seed123,bxaic,indole,gin,123,ig,P01_checkpoint_rerun,0.05,69,69,0,4.787836793695989e-16,5.10702591327572e-15,1.7763568394002505e-15,2.275957200481571e-15
bxaic__indole__gin__seed123,bxaic,indole,gin,123,ig,P01_checkpoint_rerun,0.1,55,55,0,1.304512053934559e-15,-1.2212453270876722e-15,1.942890293094024e-15,2.4424906541753444e-15
bxaic__indole__gin__seed123,bxaic,indole,gin,123,ig,P01_checkpoint_rerun,0.2,39,39,0,-5.551115123125783e-17,-3.6637359812630166e-15,2.4424906541753444e-15,1.5543122344752194e-15
bxaic__indole__gin__seed123,bxaic,indole,gin,123,gradinput,P01_checkpoint_rerun,0.05,96,96,0,7.424616477180734e-16,6.994405055138486e-15,1.609823385706477e-15,1.3322676295501878e-15
bxaic__indole__gin__seed123,bxaic,indole,gin,123,gradinput,P01_checkpoint_rerun,0.1,93,93,0,1.4849232954361469e-15,1.1546319456101628e-14,1.1102230246251563e-15,1.27675647831893e-15
bxaic__indole__gin__seed123,bxaic,indole,gin,123,gradinput,P01_checkpoint_rerun,0.2,85,85,0,-1.2212453270876722e-15,-1.2212453270876722e-15,2.7755575615628914e-16,2.7755575615628914e-16
bxaic__indole__gin__seed123,bxaic,indole,gin,123,atom_occlusion,P20_frozen_cache,0.05,41,41,0,0.0,0.0,0.0,0.0
bxaic__indole__gin__seed123,bxaic,indole,gin,123,atom_occlusion,P20_frozen_cache,0.1,33,33,0,0.0,0.0,0.0,0.0
bxaic__indole__gin__seed123,bxaic,indole,gin,123,atom_occlusion,P20_frozen_cache,0.2,26,26,0,0.0,0.0,0.0,0.0
bxaic__indole__gin__seed123,bxaic,indole,gin,123,saliency,P20_frozen_cache,0.05,67,67,0,0.0,0.0,0.0,0.0
bxaic__indole__gin__seed123,bxaic,indole,gin,123,saliency,P20_frozen_cache,0.1,55,55,0,0.0,0.0,0.0,0.0
bxaic__indole__gin__seed123,bxaic,indole,gin,123,saliency,P20_frozen_cache,0.2,39,39,0,0.0,0.0,0.0,0.0
bxaic__indole__gin__seed2026,bxaic,indole,gin,2026,ig,P01_checkpoint_rerun,0.05,88,88,0,7.910339050454239e-16,1.021405182655144e-14,9.43689570931383e-16,5.551115123125784e-16
bxaic__indole__gin__seed2026,bxaic,indole,gin,2026,ig,P01_checkpoint_rerun,0.1,66,66,0,1.609823385706477e-15,-1.1102230246251563e-16,1.4988010832439613e-15,2.4980018054066026e-15
bxaic__indole__gin__seed2026,bxaic,indole,gin,2026,ig,P01_checkpoint_rerun,0.2,44,44,0,-1.304512053934559e-15,5.828670879282072e-15,9.992007221626409e-16,1.2212453270876722e-15
bxaic__indole__gin__seed2026,bxaic,indole,gin,2026,gradinput,P01_checkpoint_rerun,0.05,97,97,0,3.8857805861880484e-16,-2.1094237467877974e-15,2.3314683517128287e-15,2.275957200481571e-15
bxaic__indole__gin__seed2026,bxaic,indole,gin,2026,gradinput,P01_checkpoint_rerun,0.1,96,96,0,1.5681900222830336e-15,6.994405055138486e-15,7.771561172376097e-16,1.1102230246251563e-15
bxaic__indole__gin__seed2026,bxaic,indole,gin,2026,gradinput,P01_checkpoint_rerun,0.2,93,93,0,8.604228440844963e-16,1.1546319456101628e-14,2.220446049250313e-16,3.8857805861880484e-16
bxaic__indole__gin__seed2026,bxaic,indole,gin,2026,atom_occlusion,P20_frozen_cache,0.05,47,47,0,0.0,0.0,0.0,0.0
bxaic__indole__gin__seed2026,bxaic,indole,gin,2026,atom_occlusion,P20_frozen_cache,0.1,37,37,0,0.0,0.0,0.0,0.0
bxaic__indole__gin__seed2026,bxaic,indole,gin,2026,atom_occlusion,P20_frozen_cache,0.2,27,27,0,0.0,0.0,0.0,0.0
bxaic__indole__gin__seed2026,bxaic,indole,gin,2026,saliency,P20_frozen_cache,0.05,76,76,0,0.0,0.0,0.0,0.0
bxaic__indole__gin__seed2026,bxaic,indole,gin,2026,saliency,P20_frozen_cache,0.1,63,63,0,0.0,0.0,0.0,0.0
bxaic__indole__gin__seed2026,bxaic,indole,gin,2026,saliency,P20_frozen_cache,0.2,44,44,0,0.0,0.0,0.0,0.0
bxaic__indole__gin__seed42,bxaic,indole,gin,42,ig,P01_checkpoint_rerun,0.05,79,79,0,7.632783294297951e-16,-5.6621374255882976e-15,1.7208456881689926e-15,1.4988010832439613e-15
bxaic__indole__gin__seed42,bxaic,indole,gin,42,ig,P01_checkpoint_rerun,0.1,67,67,0,1.7486012637846217e-15,-4.440892098500626e-16,2.275957200481571e-15,1.5543122344752194e-15
bxaic__indole__gin__seed42,bxaic,indole,gin,42,ig,P01_checkpoint_rerun,0.2,47,47,0,-1.2212453270876722e-15,3.6637359812630166e-15,2.220446049250313e-15,1.054711873393899e-15
bxaic__indole__gin__seed42,bxaic,indole,gin,42,gradinput,P01_checkpoint_rerun,0.05,96,96,0,8.187894806610529e-16,6.994405055138486e-15,9.43689570931383e-16,1.1657341758564144e-15
bxaic__indole__gin__seed42,bxaic,indole,gin,42,gradinput,P01_checkpoint_rerun,0.1,93,93,0,1.5404344466674049e-15,1.1546319456101628e-14,1.2212453270876722e-15,1.054711873393899e-15
bxaic__indole__gin__seed42,bxaic,indole,gin,42,gradinput,P01_checkpoint_rerun,0.2,85,85,0,-1.304512053934559e-15,-1.2212453270876722e-15,-1.6653345369377348e-16,-1.1102230246251563e-16
bxaic__indole__gin__seed42,bxaic,indole,gin,42,atom_occlusion,P20_frozen_cache,0.05,44,44,0,0.0,0.0,0.0,0.0
bxaic__indole__gin__seed42,bxaic,indole,gin,42,atom_occlusion,P20_frozen_cache,0.1,35,35,0,0.0,0.0,0.0,0.0
bxaic__indole__gin__seed42,bxaic,indole,gin,42,atom_occlusion,P20_frozen_cache,0.2,27,27,0,0.0,0.0,0.0,0.0
bxaic__indole__gin__seed42,bxaic,indole,gin,42,saliency,P20_frozen_cache,0.05,66,66,0,0.0,0.0,0.0,0.0
bxaic__indole__gin__seed42,bxaic,indole,gin,42,saliency,P20_frozen_cache,0.1,56,56,0,0.0,0.0,0.0,0.0
bxaic__indole__gin__seed42,bxaic,indole,gin,42,saliency,P20_frozen_cache,0.2,43,43,0,0.0,0.0,0.0,0.0
bxaic__P__gcn__seed123,bxaic,P,gcn,123,ig,P01_checkpoint_rerun,0.05,4,4,0,-1.3877787807814457e-17,1.457167719820518e-16,-1.1102230246251563e-16,0.0
bxaic__P__gcn__seed123,bxaic,P,gcn,123,ig,P01_checkpoint_rerun,0.1,2,2,0,-1.3877787807814457e-17,7.63278329429795e-17,2.220446049250313e-16,2.220446049250313e-16
bxaic__P__gcn__seed123,bxaic,P,gcn,123,ig,P01_checkpoint_rerun,0.2,1,1,0,-2.775557561562892e-17,6.938893903907227e-17,0.0,-1.1102230246251563e-16
bxaic__P__gcn__seed123,bxaic,P,gcn,123,gradinput,P01_checkpoint_rerun,0.05,4,4,0,-1.3877787807814457e-17,1.457167719820518e-16,-1.1102230246251563e-16,0.0
bxaic__P__gcn__seed123,bxaic,P,gcn,123,gradinput,P01_checkpoint_rerun,0.1,2,2,0,-1.3877787807814457e-17,7.63278329429795e-17,2.220446049250313e-16,2.220446049250313e-16
bxaic__P__gcn__seed123,bxaic,P,gcn,123,gradinput,P01_checkpoint_rerun,0.2,1,1,0,-2.775557561562892e-17,6.938893903907227e-17,0.0,-1.1102230246251563e-16
bxaic__P__gcn__seed123,bxaic,P,gcn,123,atom_occlusion,P20_frozen_cache,0.05,4,4,0,0.0,0.0,0.0,0.0
bxaic__P__gcn__seed123,bxaic,P,gcn,123,atom_occlusion,P20_frozen_cache,0.1,2,2,0,0.0,0.0,0.0,0.0
bxaic__P__gcn__seed123,bxaic,P,gcn,123,atom_occlusion,P20_frozen_cache,0.2,1,1,0,0.0,0.0,0.0,0.0
bxaic__P__gcn__seed123,bxaic,P,gcn,123,saliency,P20_frozen_cache,0.05,6,6,0,0.0,0.0,0.0,0.0
bxaic__P__gcn__seed123,bxaic,P,gcn,123,saliency,P20_frozen_cache,0.1,4,4,0,0.0,0.0,0.0,0.0
bxaic__P__gcn__seed123,bxaic,P,gcn,123,saliency,P20_frozen_cache,0.2,1,1,0,0.0,0.0,0.0,0.0
bxaic__P__gcn__seed2026,bxaic,P,gcn,2026,ig,P01_checkpoint_rerun,0.05,4,4,0,-1.3877787807814457e-17,1.457167719820518e-16,-1.1102230246251563e-16,0.0
bxaic__P__gcn__seed2026,bxaic,P,gcn,2026,ig,P01_checkpoint_rerun,0.1,2,2,0,-1.3877787807814457e-17,7.63278329429795e-17,2.220446049250313e-16,2.220446049250313e-16
bxaic__P__gcn__seed2026,bxaic,P,gcn,2026,ig,P01_checkpoint_rerun,0.2,1,1,0,-2.775557561562892e-17,6.938893903907227e-17,0.0,-1.1102230246251563e-16
bxaic__P__gcn__seed2026,bxaic,P,gcn,2026,gradinput,P01_checkpoint_rerun,0.05,4,4,0,-1.3877787807814457e-17,1.457167719820518e-16,-1.1102230246251563e-16,0.0
bxaic__P__gcn__seed2026,bxaic,P,gcn,2026,gradinput,P01_checkpoint_rerun,0.1,2,2,0,-1.3877787807814457e-17,7.63278329429795e-17,2.220446049250313e-16,2.220446049250313e-16
bxaic__P__gcn__seed2026,bxaic,P,gcn,2026,gradinput,P01_checkpoint_rerun,0.2,1,1,0,-2.775557561562892e-17,6.938893903907227e-17,0.0,-1.1102230246251563e-16
bxaic__P__gcn__seed2026,bxaic,P,gcn,2026,atom_occlusion,P20_frozen_cache,0.05,4,4,0,0.0,0.0,0.0,0.0
bxaic__P__gcn__seed2026,bxaic,P,gcn,2026,atom_occlusion,P20_frozen_cache,0.1,2,2,0,0.0,0.0,0.0,0.0
bxaic__P__gcn__seed2026,bxaic,P,gcn,2026,atom_occlusion,P20_frozen_cache,0.2,1,1,0,0.0,0.0,0.0,0.0
bxaic__P__gcn__seed2026,bxaic,P,gcn,2026,saliency,P20_frozen_cache,0.05,9,9,0,0.0,0.0,0.0,0.0
bxaic__P__gcn__seed2026,bxaic,P,gcn,2026,saliency,P20_frozen_cache,0.1,7,7,0,0.0,0.0,0.0,0.0
bxaic__P__gcn__seed2026,bxaic,P,gcn,2026,saliency,P20_frozen_cache,0.2,4,4,0,0.0,0.0,0.0,0.0
bxaic__P__gcn__seed42,bxaic,P,gcn,42,ig,P01_checkpoint_rerun,0.05,4,4,0,-1.3877787807814457e-17,1.457167719820518e-16,-1.1102230246251563e-16,0.0
bxaic__P__gcn__seed42,bxaic,P,gcn,42,ig,P01_checkpoint_rerun,0.1,2,2,0,-1.3877787807814457e-17,7.63278329429795e-17,2.220446049250313e-16,2.220446049250313e-16
bxaic__P__gcn__seed42,bxaic,P,gcn,42,ig,P01_checkpoint_rerun,0.2,1,1,0,-2.775557561562892e-17,6.938893903907227e-17,0.0,-1.1102230246251563e-16
bxaic__P__gcn__seed42,bxaic,P,gcn,42,gradinput,P01_checkpoint_rerun,0.05,4,4,0,-1.3877787807814457e-17,1.457167719820518e-16,-1.1102230246251563e-16,0.0
bxaic__P__gcn__seed42,bxaic,P,gcn,42,gradinput,P01_checkpoint_rerun,0.1,2,2,0,-1.3877787807814457e-17,7.63278329429795e-17,2.220446049250313e-16,2.220446049250313e-16
bxaic__P__gcn__seed42,bxaic,P,gcn,42,gradinput,P01_checkpoint_rerun,0.2,1,1,0,-2.775557561562892e-17,6.938893903907227e-17,0.0,-1.1102230246251563e-16
bxaic__P__gcn__seed42,bxaic,P,gcn,42,atom_occlusion,P20_frozen_cache,0.05,4,4,0,0.0,0.0,0.0,0.0
bxaic__P__gcn__seed42,bxaic,P,gcn,42,atom_occlusion,P20_frozen_cache,0.1,2,2,0,0.0,0.0,0.0,0.0
bxaic__P__gcn__seed42,bxaic,P,gcn,42,atom_occlusion,P20_frozen_cache,0.2,1,1,0,0.0,0.0,0.0,0.0
bxaic__P__gcn__seed42,bxaic,P,gcn,42,saliency,P20_frozen_cache,0.05,6,6,0,0.0,0.0,0.0,0.0
bxaic__P__gcn__seed42,bxaic,P,gcn,42,saliency,P20_frozen_cache,0.1,4,4,0,0.0,0.0,0.0,0.0
bxaic__P__gcn__seed42,bxaic,P,gcn,42,saliency,P20_frozen_cache,0.2,1,1,0,0.0,0.0,0.0,0.0
bxaic__P__gin__seed123,bxaic,P,gin,123,ig,P01_checkpoint_rerun,0.05,4,4,0,-1.3877787807814457e-17,1.457167719820518e-16,-1.1102230246251563e-16,0.0
bxaic__P__gin__seed123,bxaic,P,gin,123,ig,P01_checkpoint_rerun,0.1,2,2,0,0.0,7.63278329429795e-17,1.1102230246251563e-16,1.1102230246251563e-16
bxaic__P__gin__seed123,bxaic,P,gin,123,ig,P01_checkpoint_rerun,0.2,1,1,0,0.0,6.938893903907227e-17,0.0,-2.220446049250313e-16
bxaic__P__gin__seed123,bxaic,P,gin,123,gradinput,P01_checkpoint_rerun,0.05,4,4,0,-1.3877787807814457e-17,1.457167719820518e-16,-1.1102230246251563e-16,0.0
bxaic__P__gin__seed123,bxaic,P,gin,123,gradinput,P01_checkpoint_rerun,0.1,2,2,0,0.0,7.63278329429795e-17,1.1102230246251563e-16,1.1102230246251563e-16
bxaic__P__gin__seed123,bxaic,P,gin,123,gradinput,P01_checkpoint_rerun,0.2,1,1,0,0.0,6.938893903907227e-17,0.0,-2.220446049250313e-16
bxaic__P__gin__seed123,bxaic,P,gin,123,atom_occlusion,P20_frozen_cache,0.05,4,4,0,0.0,0.0,0.0,0.0
bxaic__P__gin__seed123,bxaic,P,gin,123,atom_occlusion,P20_frozen_cache,0.1,2,2,0,0.0,0.0,0.0,0.0
bxaic__P__gin__seed123,bxaic,P,gin,123,atom_occlusion,P20_frozen_cache,0.2,1,1,0,0.0,0.0,0.0,0.0
bxaic__P__gin__seed123,bxaic,P,gin,123,saliency,P20_frozen_cache,0.05,6,6,0,0.0,0.0,0.0,0.0
bxaic__P__gin__seed123,bxaic,P,gin,123,saliency,P20_frozen_cache,0.1,4,4,0,0.0,0.0,0.0,0.0
bxaic__P__gin__seed123,bxaic,P,gin,123,saliency,P20_frozen_cache,0.2,1,1,0,0.0,0.0,0.0,0.0
bxaic__P__gin__seed2026,bxaic,P,gin,2026,ig,P01_checkpoint_rerun,0.05,4,4,0,-1.3877787807814457e-17,1.457167719820518e-16,-1.1102230246251563e-16,0.0
bxaic__P__gin__seed2026,bxaic,P,gin,2026,ig,P01_checkpoint_rerun,0.1,2,2,0,-1.3877787807814457e-17,7.63278329429795e-17,2.220446049250313e-16,2.220446049250313e-16
bxaic__P__gin__seed2026,bxaic,P,gin,2026,ig,P01_checkpoint_rerun,0.2,1,1,0,-2.775557561562892e-17,6.938893903907227e-17,0.0,-1.1102230246251563e-16
bxaic__P__gin__seed2026,bxaic,P,gin,2026,gradinput,P01_checkpoint_rerun,0.05,4,4,0,-1.3877787807814457e-17,1.457167719820518e-16,-1.1102230246251563e-16,0.0
bxaic__P__gin__seed2026,bxaic,P,gin,2026,gradinput,P01_checkpoint_rerun,0.1,2,2,0,-1.3877787807814457e-17,7.63278329429795e-17,2.220446049250313e-16,2.220446049250313e-16
bxaic__P__gin__seed2026,bxaic,P,gin,2026,gradinput,P01_checkpoint_rerun,0.2,1,1,0,-2.775557561562892e-17,6.938893903907227e-17,0.0,-1.1102230246251563e-16
bxaic__P__gin__seed2026,bxaic,P,gin,2026,atom_occlusion,P20_frozen_cache,0.05,4,4,0,0.0,0.0,0.0,0.0
bxaic__P__gin__seed2026,bxaic,P,gin,2026,atom_occlusion,P20_frozen_cache,0.1,2,2,0,0.0,0.0,0.0,0.0
bxaic__P__gin__seed2026,bxaic,P,gin,2026,atom_occlusion,P20_frozen_cache,0.2,1,1,0,0.0,0.0,0.0,0.0
bxaic__P__gin__seed2026,bxaic,P,gin,2026,saliency,P20_frozen_cache,0.05,4,4,0,0.0,0.0,0.0,0.0
bxaic__P__gin__seed2026,bxaic,P,gin,2026,saliency,P20_frozen_cache,0.1,2,2,0,0.0,0.0,0.0,0.0
bxaic__P__gin__seed2026,bxaic,P,gin,2026,saliency,P20_frozen_cache,0.2,1,1,0,0.0,0.0,0.0,0.0
bxaic__P__gin__seed42,bxaic,P,gin,42,ig,P01_checkpoint_rerun,0.05,4,4,0,-1.3877787807814457e-17,1.457167719820518e-16,-1.1102230246251563e-16,0.0
bxaic__P__gin__seed42,bxaic,P,gin,42,ig,P01_checkpoint_rerun,0.1,2,2,0,-1.3877787807814457e-17,7.63278329429795e-17,2.220446049250313e-16,2.220446049250313e-16
bxaic__P__gin__seed42,bxaic,P,gin,42,ig,P01_checkpoint_rerun,0.2,1,1,0,-2.775557561562892e-17,6.938893903907227e-17,0.0,-1.1102230246251563e-16
bxaic__P__gin__seed42,bxaic,P,gin,42,gradinput,P01_checkpoint_rerun,0.05,4,4,0,-1.3877787807814457e-17,1.457167719820518e-16,-1.1102230246251563e-16,0.0
bxaic__P__gin__seed42,bxaic,P,gin,42,gradinput,P01_checkpoint_rerun,0.1,2,2,0,0.0,7.63278329429795e-17,1.1102230246251563e-16,1.1102230246251563e-16
bxaic__P__gin__seed42,bxaic,P,gin,42,gradinput,P01_checkpoint_rerun,0.2,1,1,0,0.0,6.938893903907227e-17,0.0,-2.220446049250313e-16
bxaic__P__gin__seed42,bxaic,P,gin,42,atom_occlusion,P20_frozen_cache,0.05,4,4,0,0.0,0.0,0.0,0.0
bxaic__P__gin__seed42,bxaic,P,gin,42,atom_occlusion,P20_frozen_cache,0.1,2,2,0,0.0,0.0,0.0,0.0
bxaic__P__gin__seed42,bxaic,P,gin,42,atom_occlusion,P20_frozen_cache,0.2,1,1,0,0.0,0.0,0.0,0.0
bxaic__P__gin__seed42,bxaic,P,gin,42,saliency,P20_frozen_cache,0.05,4,4,0,0.0,0.0,0.0,0.0
bxaic__P__gin__seed42,bxaic,P,gin,42,saliency,P20_frozen_cache,0.1,3,3,0,0.0,0.0,0.0,0.0
bxaic__P__gin__seed42,bxaic,P,gin,42,saliency,P20_frozen_cache,0.2,1,1,0,0.0,0.0,0.0,0.0
bxaic__PAINS__gcn__seed123,bxaic,PAINS,gcn,123,ig,P01_checkpoint_rerun,0.05,92,92,0,2.5673907444456745e-16,3.996802888650564e-15,2.7755575615628914e-16,1.1102230246251563e-16
bxaic__PAINS__gcn__seed123,bxaic,PAINS,gcn,123,ig,P01_checkpoint_rerun,0.1,86,86,0,4.440892098500626e-16,1.1102230246251563e-16,2.7755575615628914e-16,0.0
bxaic__PAINS__gcn__seed123,bxaic,PAINS,gcn,123,ig,P01_checkpoint_rerun,0.2,73,73,0,4.996003610813204e-16,1.1102230246251563e-15,1.1657341758564144e-15,2.220446049250313e-16
bxaic__PAINS__gcn__seed123,bxaic,PAINS,gcn,123,gradinput,P01_checkpoint_rerun,0.05,94,94,0,2.0816681711721683e-16,1.1324274851176595e-14,-5.551115123125783e-17,0.0
bxaic__PAINS__gcn__seed123,bxaic,PAINS,gcn,123,gradinput,P01_checkpoint_rerun,0.1,89,89,0,2.6367796834847473e-16,2.7755575615628917e-15,4.996003610813204e-16,2.7755575615628914e-16
bxaic__PAINS__gcn__seed123,bxaic,PAINS,gcn,123,gradinput,P01_checkpoint_rerun,0.2,80,80,0,-1.6653345369377348e-16,-5.3290705182007506e-15,2.7755575615628914e-16,-5.551115123125783e-17
bxaic__PAINS__gcn__seed123,bxaic,PAINS,gcn,123,atom_occlusion,P20_frozen_cache,0.05,89,89,0,0.0,0.0,0.0,0.0
bxaic__PAINS__gcn__seed123,bxaic,PAINS,gcn,123,atom_occlusion,P20_frozen_cache,0.1,81,81,0,0.0,0.0,0.0,0.0
bxaic__PAINS__gcn__seed123,bxaic,PAINS,gcn,123,atom_occlusion,P20_frozen_cache,0.2,67,67,0,0.0,0.0,0.0,0.0
bxaic__PAINS__gcn__seed123,bxaic,PAINS,gcn,123,saliency,P20_frozen_cache,0.05,92,92,0,0.0,0.0,0.0,0.0
bxaic__PAINS__gcn__seed123,bxaic,PAINS,gcn,123,saliency,P20_frozen_cache,0.1,85,85,0,0.0,0.0,0.0,0.0
bxaic__PAINS__gcn__seed123,bxaic,PAINS,gcn,123,saliency,P20_frozen_cache,0.2,71,71,0,0.0,0.0,0.0,0.0
bxaic__PAINS__gcn__seed2026,bxaic,PAINS,gcn,2026,ig,P01_checkpoint_rerun,0.05,90,90,0,2.8449465006019636e-16,4.996003610813205e-15,9.43689570931383e-16,3.3306690738754696e-16
bxaic__PAINS__gcn__seed2026,bxaic,PAINS,gcn,2026,ig,P01_checkpoint_rerun,0.1,83,84,1,-0.0070988638335981,0.0085475124613694,-0.0005952931670018,0.0005943703803831
bxaic__PAINS__gcn__seed2026,bxaic,PAINS,gcn,2026,ig,P01_checkpoint_rerun,0.2,72,72,0,4.163336342344337e-16,5.3290705182007506e-15,1.3877787807814457e-15,3.8857805861880484e-16
bxaic__PAINS__gcn__seed2026,bxaic,PAINS,gcn,2026,gradinput,P01_checkpoint_rerun,0.05,93,93,0,2.012279232133096e-16,1.0325074129013956e-14,-1.6653345369377348e-16,2.7755575615628914e-16
bxaic__PAINS__gcn__seed2026,bxaic,PAINS,gcn,2026,gradinput,P01_checkpoint_rerun,0.1,88,88,0,-2.534468775310106e-05,6.439293542825908e-15,2.7707328137227535e-05,3.5507831736114603e-05
bxaic__PAINS__gcn__seed2026,bxaic,PAINS,gcn,2026,gradinput,P01_checkpoint_rerun,0.2,79,79,0,3.05311331771918e-16,-6.106226635438361e-15,-9.992007221626409e-16,-3.3306690738754696e-16
bxaic__PAINS__gcn__seed2026,bxaic,PAINS,gcn,2026,atom_occlusion,P20_frozen_cache,0.05,89,89,0,0.0,0.0,0.0,0.0
bxaic__PAINS__gcn__seed2026,bxaic,PAINS,gcn,2026,atom_occlusion,P20_frozen_cache,0.1,81,81,0,0.0,0.0,0.0,0.0
bxaic__PAINS__gcn__seed2026,bxaic,PAINS,gcn,2026,atom_occlusion,P20_frozen_cache,0.2,66,66,0,0.0,0.0,0.0,0.0
bxaic__PAINS__gcn__seed2026,bxaic,PAINS,gcn,2026,saliency,P20_frozen_cache,0.05,91,91,0,0.0,0.0,0.0,0.0
bxaic__PAINS__gcn__seed2026,bxaic,PAINS,gcn,2026,saliency,P20_frozen_cache,0.1,83,83,0,0.0,0.0,0.0,0.0
bxaic__PAINS__gcn__seed2026,bxaic,PAINS,gcn,2026,saliency,P20_frozen_cache,0.2,69,69,0,0.0,0.0,0.0,0.0
bxaic__PAINS__gcn__seed42,bxaic,PAINS,gcn,42,ig,P01_checkpoint_rerun,0.05,94,94,0,3.400058012914542e-16,1.1324274851176595e-14,-6.661338147750939e-16,-3.8857805861880484e-16
bxaic__PAINS__gcn__seed42,bxaic,PAINS,gcn,42,ig,P01_checkpoint_rerun,0.1,89,89,0,4.85722573273506e-16,2.7755575615628917e-15,6.106226635438361e-16,1.27675647831893e-15
bxaic__PAINS__gcn__seed42,bxaic,PAINS,gcn,42,ig,P01_checkpoint_rerun,0.2,77,77,0,-2.7755575615628914e-16,-3.774758283725532e-15,6.106226635438361e-16,6.106226635438361e-16
bxaic__PAINS__gcn__seed42,bxaic,PAINS,gcn,42,gradinput,P01_checkpoint_rerun,0.05,94,94,0,2.0816681711721683e-16,1.1324274851176595e-14,-5.551115123125784e-16,-1.6653345369377348e-16
bxaic__PAINS__gcn__seed42,bxaic,PAINS,gcn,42,gradinput,P01_checkpoint_rerun,0.1,89,89,0,3.191891195797325e-16,2.7755575615628917e-15,-2.7755575615628914e-16,-1.6653345369377348e-16
bxaic__PAINS__gcn__seed42,bxaic,PAINS,gcn,42,gradinput,P01_checkpoint_rerun,0.2,81,81,0,1.9428902930940242e-16,-2.3314683517128287e-15,-3.8857805861880484e-16,-1.1102230246251563e-16
bxaic__PAINS__gcn__seed42,bxaic,PAINS,gcn,42,atom_occlusion,P20_frozen_cache,0.05,89,89,0,0.0,0.0,0.0,0.0
bxaic__PAINS__gcn__seed42,bxaic,PAINS,gcn,42,atom_occlusion,P20_frozen_cache,0.1,79,79,0,0.0,0.0,0.0,0.0
bxaic__PAINS__gcn__seed42,bxaic,PAINS,gcn,42,atom_occlusion,P20_frozen_cache,0.2,64,64,0,0.0,0.0,0.0,0.0
bxaic__PAINS__gcn__seed42,bxaic,PAINS,gcn,42,saliency,P20_frozen_cache,0.05,91,91,0,0.0,0.0,0.0,0.0
bxaic__PAINS__gcn__seed42,bxaic,PAINS,gcn,42,saliency,P20_frozen_cache,0.1,82,82,0,0.0,0.0,0.0,0.0
bxaic__PAINS__gcn__seed42,bxaic,PAINS,gcn,42,saliency,P20_frozen_cache,0.2,67,67,0,0.0,0.0,0.0,0.0
bxaic__PAINS__gin__seed123,bxaic,PAINS,gin,123,ig,P01_checkpoint_rerun,0.05,89,89,0,2.1510571102112408e-16,2.7755575615628917e-15,3.3306690738754696e-16,9.992007221626409e-16
bxaic__PAINS__gin__seed123,bxaic,PAINS,gin,123,ig,P01_checkpoint_rerun,0.1,80,80,0,3.05311331771918e-16,-5.3290705182007506e-15,3.3306690738754696e-16,-1.1102230246251563e-16
bxaic__PAINS__gin__seed123,bxaic,PAINS,gin,123,ig,P01_checkpoint_rerun,0.2,62,62,0,-5.5297500552942136e-05,-5.551115123125784e-16,1.6896458503334877e-05,1.743219987015987e-05
bxaic__PAINS__gin__seed123,bxaic,PAINS,gin,123,gradinput,P01_checkpoint_rerun,0.05,96,96,0,1.5959455978986623e-16,6.772360450213455e-15,-4.440892098500626e-16,-4.996003610813204e-16
bxaic__PAINS__gin__seed123,bxaic,PAINS,gin,123,gradinput,P01_checkpoint_rerun,0.1,94,94,0,-7.603406326008033e-05,1.1324274851176595e-14,2.896535743213136e-05,3.8181607524279126e-05
bxaic__PAINS__gin__seed123,bxaic,PAINS,gin,123,gradinput,P01_checkpoint_rerun,0.2,87,87,0,-0.0003041362530413,4.329869796038111e-15,3.041362530442626e-05,3.1861893175555434e-05
bxaic__PAINS__gin__seed123,bxaic,PAINS,gin,123,atom_occlusion,P20_frozen_cache,0.05,81,81,0,0.0,0.0,0.0,0.0
bxaic__PAINS__gin__seed123,bxaic,PAINS,gin,123,atom_occlusion,P20_frozen_cache,0.1,63,63,0,0.0,0.0,0.0,0.0
bxaic__PAINS__gin__seed123,bxaic,PAINS,gin,123,atom_occlusion,P20_frozen_cache,0.2,40,40,0,0.0,0.0,0.0,0.0
bxaic__PAINS__gin__seed123,bxaic,PAINS,gin,123,saliency,P20_frozen_cache,0.05,81,81,0,0.0,0.0,0.0,0.0
bxaic__PAINS__gin__seed123,bxaic,PAINS,gin,123,saliency,P20_frozen_cache,0.1,70,70,0,0.0,0.0,0.0,0.0
bxaic__PAINS__gin__seed123,bxaic,PAINS,gin,123,saliency,P20_frozen_cache,0.2,54,54,0,0.0,0.0,0.0,0.0
bxaic__PAINS__gin__seed2026,bxaic,PAINS,gin,2026,ig,P01_checkpoint_rerun,0.05,86,86,0,1.8041124150158796e-16,1.1102230246251563e-16,-1.6653345369377348e-16,0.0
bxaic__PAINS__gin__seed2026,bxaic,PAINS,gin,2026,ig,P01_checkpoint_rerun,0.1,74,74,0,3.469446951953614e-16,-2.4424906541753444e-15,-3.3306690738754696e-16,-2.7755575615628914e-16
bxaic__PAINS__gin__seed2026,bxaic,PAINS,gin,2026,ig,P01_checkpoint_rerun,0.2,55,55,0,2.498001805406602e-16,-1.1102230246251563e-15,6.106226635438361e-16,9.43689570931383e-16
bxaic__PAINS__gin__seed2026,bxaic,PAINS,gin,2026,gradinput,P01_checkpoint_rerun,0.05,97,97,0,3.469446951953614e-18,0.0,-6.661338147750939e-16,-6.106226635438361e-16
bxaic__PAINS__gin__seed2026,bxaic,PAINS,gin,2026,gradinput,P01_checkpoint_rerun,0.1,94,94,0,1.1102230246251563e-16,1.1324274851176595e-14,-3.8857805861880484e-16,-2.7755575615628914e-16
bxaic__PAINS__gin__seed2026,bxaic,PAINS,gin,2026,gradinput,P01_checkpoint_rerun,0.2,88,88,0,-1.1102230246251563e-16,6.439293542825908e-15,-4.440892098500626e-16,-4.440892098500626e-16
bxaic__PAINS__gin__seed2026,bxaic,PAINS,gin,2026,atom_occlusion,P20_frozen_cache,0.05,81,81,0,0.0,0.0,0.0,0.0
bxaic__PAINS__gin__seed2026,bxaic,PAINS,gin,2026,atom_occlusion,P20_frozen_cache,0.1,64,64,0,0.0,0.0,0.0,0.0
bxaic__PAINS__gin__seed2026,bxaic,PAINS,gin,2026,atom_occlusion,P20_frozen_cache,0.2,42,42,0,0.0,0.0,0.0,0.0
bxaic__PAINS__gin__seed2026,bxaic,PAINS,gin,2026,saliency,P20_frozen_cache,0.05,82,82,0,0.0,0.0,0.0,0.0
bxaic__PAINS__gin__seed2026,bxaic,PAINS,gin,2026,saliency,P20_frozen_cache,0.1,72,72,0,0.0,0.0,0.0,0.0
bxaic__PAINS__gin__seed2026,bxaic,PAINS,gin,2026,saliency,P20_frozen_cache,0.2,56,56,0,0.0,0.0,0.0,0.0
bxaic__PAINS__gin__seed42,bxaic,PAINS,gin,42,ig,P01_checkpoint_rerun,0.05,93,93,0,-5.5297500552629886e-05,1.0325074129013956e-14,1.1264305667835206e-05,1.3312361243744686e-05
bxaic__PAINS__gin__seed42,bxaic,PAINS,gin,42,ig,P01_checkpoint_rerun,0.1,84,84,0,5.828670879282072e-16,-5.773159728050814e-15,6.106226635438361e-16,4.440892098500626e-16
bxaic__PAINS__gin__seed42,bxaic,PAINS,gin,42,ig,P01_checkpoint_rerun,0.2,61,61,0,5.551115123125783e-17,-3.3306690738754696e-16,1.8318679906315083e-15,2.05391259555654e-15
bxaic__PAINS__gin__seed42,bxaic,PAINS,gin,42,gradinput,P01_checkpoint_rerun,0.05,96,96,0,5.5297500553129486e-05,6.772360450213455e-15,-1.1059500111820776e-05,-1.257706309659712e-05
bxaic__PAINS__gin__seed42,bxaic,PAINS,gin,42,gradinput,P01_checkpoint_rerun,0.1,93,93,0,2.3592239273284576e-16,1.0325074129013956e-14,-4.996003610813204e-16,-3.8857805861880484e-16
bxaic__PAINS__gin__seed42,bxaic,PAINS,gin,42,gradinput,P01_checkpoint_rerun,0.2,87,87,0,1.9428902930940242e-16,4.329869796038111e-15,2.220446049250313e-16,-4.996003610813204e-16
bxaic__PAINS__gin__seed42,bxaic,PAINS,gin,42,atom_occlusion,P20_frozen_cache,0.05,76,76,0,0.0,0.0,0.0,0.0
bxaic__PAINS__gin__seed42,bxaic,PAINS,gin,42,atom_occlusion,P20_frozen_cache,0.1,56,56,0,0.0,0.0,0.0,0.0
bxaic__PAINS__gin__seed42,bxaic,PAINS,gin,42,atom_occlusion,P20_frozen_cache,0.2,37,37,0,0.0,0.0,0.0,0.0
bxaic__PAINS__gin__seed42,bxaic,PAINS,gin,42,saliency,P20_frozen_cache,0.05,78,78,0,0.0,0.0,0.0,0.0
bxaic__PAINS__gin__seed42,bxaic,PAINS,gin,42,saliency,P20_frozen_cache,0.1,66,66,0,0.0,0.0,0.0,0.0
bxaic__PAINS__gin__seed42,bxaic,PAINS,gin,42,saliency,P20_frozen_cache,0.2,51,51,0,0.0,0.0,0.0,0.0
bxaic__rings-count__gcn__seed123,bxaic,rings-count,gcn,123,ig,P01_checkpoint_rerun,0.05,91,91,0,1.6653345369377348e-16,1.887379141862766e-14,-2.664535259100376e-15,-3.1086244689504387e-15
bxaic__rings-count__gcn__seed123,bxaic,rings-count,gcn,123,ig,P01_checkpoint_rerun,0.1,86,86,0,-4.440892098500626e-16,1.9095836023552686e-14,-1.1102230246251563e-16,-5.218048215738236e-15
bxaic__rings-count__gcn__seed123,bxaic,rings-count,gcn,123,ig,P01_checkpoint_rerun,0.2,77,77,0,-1.0269562977782698e-15,2.142730437526552e-14,8.881784197001252e-16,-1.1102230246251563e-16
bxaic__rings-count__gcn__seed123,bxaic,rings-count,gcn,123,gradinput,P01_checkpoint_rerun,0.05,93,93,0,3.2897547099855484e-06,-7.549516567451064e-15,-1.3240933524061305e-06,-1.8517835819187312e-06
bxaic__rings-count__gcn__seed123,bxaic,rings-count,gcn,123,gradinput,P01_checkpoint_rerun,0.1,88,88,0,3.0256179061882715e-06,1.5432100042289676e-14,-7.678651524622992e-07,-9.447654055749766e-07
bxaic__rings-count__gcn__seed123,bxaic,rings-count,gcn,123,gradinput,P01_checkpoint_rerun,0.2,78,78,0,-6.938893903907228e-16,1.4654943925052066e-14,-5.551115123125784e-16,-1.887379141862766e-15
bxaic__rings-count__gcn__seed123,bxaic,rings-count,gcn,123,atom_occlusion,P20_frozen_cache,0.05,93,93,0,0.0,0.0,0.0,0.0
bxaic__rings-count__gcn__seed123,bxaic,rings-count,gcn,123,atom_occlusion,P20_frozen_cache,0.1,88,88,0,0.0,0.0,0.0,0.0
bxaic__rings-count__gcn__seed123,bxaic,rings-count,gcn,123,atom_occlusion,P20_frozen_cache,0.2,79,79,0,0.0,0.0,0.0,0.0
bxaic__rings-count__gcn__seed123,bxaic,rings-count,gcn,123,saliency,P20_frozen_cache,0.05,93,93,0,0.0,0.0,0.0,0.0
bxaic__rings-count__gcn__seed123,bxaic,rings-count,gcn,123,saliency,P20_frozen_cache,0.1,88,88,0,0.0,0.0,0.0,0.0
bxaic__rings-count__gcn__seed123,bxaic,rings-count,gcn,123,saliency,P20_frozen_cache,0.2,79,79,0,0.0,0.0,0.0,0.0
bxaic__rings-count__gcn__seed2026,bxaic,rings-count,gcn,2026,ig,P01_checkpoint_rerun,0.05,94,94,0,-1.0408340855860844e-16,-9.769962616701378e-15,-3.552713678800501e-15,-2.1094237467877974e-15
bxaic__rings-count__gcn__seed2026,bxaic,rings-count,gcn,2026,ig,P01_checkpoint_rerun,0.1,89,89,0,-4.313114889215042e-06,3.3528735343679734e-14,1.4689594179939649e-06,1.7006409367414932e-06
bxaic__rings-count__gcn__seed2026,bxaic,rings-count,gcn,2026,ig,P01_checkpoint_rerun,0.2,78,78,0,-7.771561172376097e-16,1.4654943925052066e-14,2.1094237467877974e-15,-8.881784197001252e-16
bxaic__rings-count__gcn__seed2026,bxaic,rings-count,gcn,2026,gradinput,P01_checkpoint_rerun,0.05,94,94,0,-1.6753421469561935e-06,-9.769962616701378e-15,8.308049134209128e-07,1.1246273980969337e-06
bxaic__rings-count__gcn__seed2026,bxaic,rings-count,gcn,2026,gradinput,P01_checkpoint_rerun,0.1,91,91,0,-3.250663877518712e-07,1.887379141862766e-14,5.112903526116597e-07,6.968018522179875e-07
bxaic__rings-count__gcn__seed2026,bxaic,rings-count,gcn,2026,gradinput,P01_checkpoint_rerun,0.2,82,82,0,-6.106226635438361e-16,1.199040866595169e-14,-9.992007221626409e-16,-1.9984014443252818e-15
bxaic__rings-count__gcn__seed2026,bxaic,rings-count,gcn,2026,atom_occlusion,P20_frozen_cache,0.05,94,94,0,0.0,0.0,0.0,0.0
bxaic__rings-count__gcn__seed2026,bxaic,rings-count,gcn,2026,atom_occlusion,P20_frozen_cache,0.1,89,89,0,0.0,0.0,0.0,0.0
bxaic__rings-count__gcn__seed2026,bxaic,rings-count,gcn,2026,atom_occlusion,P20_frozen_cache,0.2,81,81,0,0.0,0.0,0.0,0.0
bxaic__rings-count__gcn__seed2026,bxaic,rings-count,gcn,2026,saliency,P20_frozen_cache,0.05,85,85,0,0.0,0.0,0.0,0.0
bxaic__rings-count__gcn__seed2026,bxaic,rings-count,gcn,2026,saliency,P20_frozen_cache,0.1,78,78,0,0.0,0.0,0.0,0.0
bxaic__rings-count__gcn__seed2026,bxaic,rings-count,gcn,2026,saliency,P20_frozen_cache,0.2,66,66,0,0.0,0.0,0.0,0.0
bxaic__rings-count__gcn__seed42,bxaic,rings-count,gcn,42,ig,P01_checkpoint_rerun,0.05,94,94,0,-1.8041124150158796e-16,-9.769962616701378e-15,-2.7755575615628917e-15,-2.1094237467877974e-15
bxaic__rings-count__gcn__seed42,bxaic,rings-count,gcn,42,ig,P01_checkpoint_rerun,0.1,89,89,0,-6.938893903907228e-16,3.3528735343679734e-14,-2.664535259100376e-15,-3.1086244689504387e-15
bxaic__rings-count__gcn__seed42,bxaic,rings-count,gcn,42,ig,P01_checkpoint_rerun,0.2,79,79,0,-1.054711873393899e-15,1.7763568394002505e-14,3.3306690738754696e-16,-9.992007221626409e-16
bxaic__rings-count__gcn__seed42,bxaic,rings-count,gcn,42,gradinput,P01_checkpoint_rerun,0.05,94,94,0,1.3385528963363869e-06,-9.769962616701378e-15,-9.690132318773692e-07,-1.3592642630344542e-06
bxaic__rings-count__gcn__seed42,bxaic,rings-count,gcn,42,gradinput,P01_checkpoint_rerun,0.1,89,89,0,-9.15933995315754e-16,3.3528735343679734e-14,-1.1102230246251563e-15,-2.7755575615628917e-15
bxaic__rings-count__gcn__seed42,bxaic,rings-count,gcn,42,gradinput,P01_checkpoint_rerun,0.2,81,81,0,-1.304512053934559e-15,1.3988810110276972e-14,4.440892098500626e-16,-1.2212453270876722e-15
bxaic__rings-count__gcn__seed42,bxaic,rings-count,gcn,42,atom_occlusion,P20_frozen_cache,0.05,94,94,0,0.0,0.0,0.0,0.0
bxaic__rings-count__gcn__seed42,bxaic,rings-count,gcn,42,atom_occlusion,P20_frozen_cache,0.1,89,89,0,0.0,0.0,0.0,0.0
bxaic__rings-count__gcn__seed42,bxaic,rings-count,gcn,42,atom_occlusion,P20_frozen_cache,0.2,80,80,0,0.0,0.0,0.0,0.0
bxaic__rings-count__gcn__seed42,bxaic,rings-count,gcn,42,saliency,P20_frozen_cache,0.05,93,93,0,0.0,0.0,0.0,0.0
bxaic__rings-count__gcn__seed42,bxaic,rings-count,gcn,42,saliency,P20_frozen_cache,0.1,89,89,0,0.0,0.0,0.0,0.0
bxaic__rings-count__gcn__seed42,bxaic,rings-count,gcn,42,saliency,P20_frozen_cache,0.2,81,81,0,0.0,0.0,0.0,0.0
bxaic__rings-count__gin__seed123,bxaic,rings-count,gin,123,ig,P01_checkpoint_rerun,0.05,94,94,0,-5.551115123125783e-17,-9.769962616701378e-15,-3.1086244689504387e-15,-5.551115123125784e-16
bxaic__rings-count__gin__seed123,bxaic,rings-count,gin,123,ig,P01_checkpoint_rerun,0.1,89,89,0,-5.273559366969495e-16,3.3528735343679734e-14,2.1094237467877974e-15,1.9984014443252818e-15
bxaic__rings-count__gin__seed123,bxaic,rings-count,gin,123,ig,P01_checkpoint_rerun,0.2,80,80,0,-5.273559366969495e-16,3.419486915845482e-14,6.661338147750939e-16,2.220446049250313e-15
bxaic__rings-count__gin__seed123,bxaic,rings-count,gin,123,gradinput,P01_checkpoint_rerun,0.05,94,94,0,-1.1102230246251563e-16,-9.769962616701378e-15,-3.6637359812630166e-15,-2.3314683517128287e-15
bxaic__rings-count__gin__seed123,bxaic,rings-count,gin,123,gradinput,P01_checkpoint_rerun,0.1,89,89,0,-4.0245584642661925e-16,3.3528735343679734e-14,-9.992007221626409e-16,-1.1102230246251563e-15
bxaic__rings-count__gin__seed123,bxaic,rings-count,gin,123,gradinput,P01_checkpoint_rerun,0.2,81,81,0,-4.163336342344337e-16,1.3988810110276972e-14,1.3322676295501878e-15,-6.661338147750939e-16
bxaic__rings-count__gin__seed123,bxaic,rings-count,gin,123,atom_occlusion,P20_frozen_cache,0.05,94,94,0,0.0,0.0,0.0,0.0
bxaic__rings-count__gin__seed123,bxaic,rings-count,gin,123,atom_occlusion,P20_frozen_cache,0.1,89,89,0,0.0,0.0,0.0,0.0
bxaic__rings-count__gin__seed123,bxaic,rings-count,gin,123,atom_occlusion,P20_frozen_cache,0.2,81,81,0,0.0,0.0,0.0,0.0
bxaic__rings-count__gin__seed123,bxaic,rings-count,gin,123,saliency,P20_frozen_cache,0.05,86,86,0,0.0,0.0,0.0,0.0
bxaic__rings-count__gin__seed123,bxaic,rings-count,gin,123,saliency,P20_frozen_cache,0.1,78,78,0,0.0,0.0,0.0,0.0
bxaic__rings-count__gin__seed123,bxaic,rings-count,gin,123,saliency,P20_frozen_cache,0.2,67,67,0,0.0,0.0,0.0,0.0
bxaic__rings-count__gin__seed2026,bxaic,rings-count,gin,2026,ig,P01_checkpoint_rerun,0.05,94,94,0,-5.551115123125783e-17,-9.769962616701378e-15,-2.886579864025407e-15,2.220446049250313e-16
bxaic__rings-count__gin__seed2026,bxaic,rings-count,gin,2026,ig,P01_checkpoint_rerun,0.1,90,90,0,-1.6653345369377348e-16,2.731148640577885e-14,1.887379141862766e-15,-1.3322676295501878e-15
bxaic__rings-count__gin__seed2026,bxaic,rings-count,gin,2026,ig,P01_checkpoint_rerun,0.2,81,81,0,2.775557561562892e-17,1.3988810110276972e-14,3.4416913763379853e-15,2.3314683517128287e-15
bxaic__rings-count__gin__seed2026,bxaic,rings-count,gin,2026,gradinput,P01_checkpoint_rerun,0.05,94,94,0,-8.326672684688674e-17,-9.769962616701378e-15,-1.5543122344752194e-15,4.440892098500626e-16
bxaic__rings-count__gin__seed2026,bxaic,rings-count,gin,2026,gradinput,P01_checkpoint_rerun,0.1,90,90,0,-3.8857805861880484e-16,2.731148640577885e-14,1.1102230246251563e-16,-2.4424906541753444e-15
bxaic__rings-count__gin__seed2026,bxaic,rings-count,gin,2026,gradinput,P01_checkpoint_rerun,0.2,81,81,0,-4.718447854656915e-16,1.3988810110276972e-14,1.2212453270876722e-15,-8.881784197001252e-16
bxaic__rings-count__gin__seed2026,bxaic,rings-count,gin,2026,atom_occlusion,P20_frozen_cache,0.05,94,94,0,0.0,0.0,0.0,0.0
bxaic__rings-count__gin__seed2026,bxaic,rings-count,gin,2026,atom_occlusion,P20_frozen_cache,0.1,90,90,0,0.0,0.0,0.0,0.0
bxaic__rings-count__gin__seed2026,bxaic,rings-count,gin,2026,atom_occlusion,P20_frozen_cache,0.2,81,81,0,0.0,0.0,0.0,0.0
bxaic__rings-count__gin__seed2026,bxaic,rings-count,gin,2026,saliency,P20_frozen_cache,0.05,81,81,0,0.0,0.0,0.0,0.0
bxaic__rings-count__gin__seed2026,bxaic,rings-count,gin,2026,saliency,P20_frozen_cache,0.1,74,74,0,0.0,0.0,0.0,0.0
bxaic__rings-count__gin__seed2026,bxaic,rings-count,gin,2026,saliency,P20_frozen_cache,0.2,63,63,0,0.0,0.0,0.0,0.0
bxaic__rings-count__gin__seed42,bxaic,rings-count,gin,42,ig,P01_checkpoint_rerun,0.05,94,94,0,-7.63278329429795e-17,-9.769962616701378e-15,-2.3314683517128287e-15,5.551115123125784e-16
bxaic__rings-count__gin__seed42,bxaic,rings-count,gin,42,ig,P01_checkpoint_rerun,0.1,90,90,0,-2.498001805406602e-16,2.731148640577885e-14,1.1102230246251563e-15,-6.661338147750939e-16
bxaic__rings-count__gin__seed42,bxaic,rings-count,gin,42,ig,P01_checkpoint_rerun,0.2,81,81,0,4.31311488816033e-06,1.3988810110276972e-14,-1.6088603119746026e-06,-1.6795946889969215e-06
bxaic__rings-count__gin__seed42,bxaic,rings-count,gin,42,gradinput,P01_checkpoint_rerun,0.05,94,94,0,-2.775557561562892e-17,-9.769962616701378e-15,-2.55351295663786e-15,-9.992007221626409e-16
bxaic__rings-count__gin__seed42,bxaic,rings-count,gin,42,gradinput,P01_checkpoint_rerun,0.1,89,89,0,-5.828670879282072e-16,3.3528735343679734e-14,-1.2212453270876722e-15,-2.220446049250313e-15
bxaic__rings-count__gin__seed42,bxaic,rings-count,gin,42,gradinput,P01_checkpoint_rerun,0.2,80,80,0,-6.106226635438361e-16,3.419486915845482e-14,-1.5543122344752194e-15,-9.992007221626409e-16
bxaic__rings-count__gin__seed42,bxaic,rings-count,gin,42,atom_occlusion,P20_frozen_cache,0.05,94,94,0,0.0,0.0,0.0,0.0
bxaic__rings-count__gin__seed42,bxaic,rings-count,gin,42,atom_occlusion,P20_frozen_cache,0.1,89,89,0,0.0,0.0,0.0,0.0
bxaic__rings-count__gin__seed42,bxaic,rings-count,gin,42,atom_occlusion,P20_frozen_cache,0.2,80,80,0,0.0,0.0,0.0,0.0
bxaic__rings-count__gin__seed42,bxaic,rings-count,gin,42,saliency,P20_frozen_cache,0.05,89,89,0,0.0,0.0,0.0,0.0
bxaic__rings-count__gin__seed42,bxaic,rings-count,gin,42,saliency,P20_frozen_cache,0.1,81,81,0,0.0,0.0,0.0,0.0
bxaic__rings-count__gin__seed42,bxaic,rings-count,gin,42,saliency,P20_frozen_cache,0.2,68,68,0,0.0,0.0,0.0,0.0
bxaic__rings-max__gcn__seed123,bxaic,rings-max,gcn,123,ig,P01_checkpoint_rerun,0.05,95,95,0,-4.8572257327350605e-17,9.992007221626409e-16,1.6653345369377348e-16,-5.551115123125783e-17
bxaic__rings-max__gcn__seed123,bxaic,rings-max,gcn,123,ig,P01_checkpoint_rerun,0.1,91,91,0,-9.714451465470121e-17,-1.1102230246251563e-16,-5.551115123125783e-17,-1.1102230246251563e-16
bxaic__rings-max__gcn__seed123,bxaic,rings-max,gcn,123,ig,P01_checkpoint_rerun,0.2,76,76,0,1.3877787807814454e-16,-5.551115123125784e-16,-1.6653345369377348e-16,-1.1102230246251563e-16
bxaic__rings-max__gcn__seed123,bxaic,rings-max,gcn,123,gradinput,P01_checkpoint_rerun,0.05,94,94,0,-2.0816681711721685e-17,1.1102230246251563e-16,0.0,0.0
bxaic__rings-max__gcn__seed123,bxaic,rings-max,gcn,123,gradinput,P01_checkpoint_rerun,0.1,90,90,0,0.0001456710367977,1.1102230246251563e-16,-4.7932030398656345e-06,-3.006323016363499e-06
bxaic__rings-max__gcn__seed123,bxaic,rings-max,gcn,123,gradinput,P01_checkpoint_rerun,0.2,75,75,0,8.326672684688674e-17,-3.3306690738754696e-16,5.551115123125783e-17,-5.551115123125783e-17
bxaic__rings-max__gcn__seed123,bxaic,rings-max,gcn,123,atom_occlusion,P20_frozen_cache,0.05,87,87,0,0.0,0.0,0.0,0.0
bxaic__rings-max__gcn__seed123,bxaic,rings-max,gcn,123,atom_occlusion,P20_frozen_cache,0.1,77,77,0,0.0,0.0,0.0,0.0
bxaic__rings-max__gcn__seed123,bxaic,rings-max,gcn,123,atom_occlusion,P20_frozen_cache,0.2,63,63,0,0.0,0.0,0.0,0.0
bxaic__rings-max__gcn__seed123,bxaic,rings-max,gcn,123,saliency,P20_frozen_cache,0.05,92,92,0,0.0,0.0,0.0,0.0
bxaic__rings-max__gcn__seed123,bxaic,rings-max,gcn,123,saliency,P20_frozen_cache,0.1,85,85,0,0.0,0.0,0.0,0.0
bxaic__rings-max__gcn__seed123,bxaic,rings-max,gcn,123,saliency,P20_frozen_cache,0.2,73,73,0,0.0,0.0,0.0,0.0
bxaic__rings-max__gcn__seed2026,bxaic,rings-max,gcn,2026,ig,P01_checkpoint_rerun,0.05,91,91,0,0.0001093972213105,-1.1102230246251563e-16,-2.489729864324497e-05,-3.0354240811547584e-05
bxaic__rings-max__gcn__seed2026,bxaic,rings-max,gcn,2026,ig,P01_checkpoint_rerun,0.1,87,87,0,-8.326672684688674e-17,-8.881784197001252e-16,-3.8857805861880484e-16,-1.6653345369377348e-16
bxaic__rings-max__gcn__seed2026,bxaic,rings-max,gcn,2026,ig,P01_checkpoint_rerun,0.2,79,79,0,0.0001164551065565,3.3306690738754696e-16,-3.8001140034216174e-05,-4.594683295044977e-05
bxaic__rings-max__gcn__seed2026,bxaic,rings-max,gcn,2026,gradinput,P01_checkpoint_rerun,0.05,94,94,0,-2.0816681711721685e-17,1.1102230246251563e-16,-1.1102230246251563e-16,0.0
bxaic__rings-max__gcn__seed2026,bxaic,rings-max,gcn,2026,gradinput,P01_checkpoint_rerun,0.1,90,90,0,-9.714451465470121e-17,1.1102230246251563e-16,-2.220446049250313e-16,-1.6653345369377348e-16
bxaic__rings-max__gcn__seed2026,bxaic,rings-max,gcn,2026,gradinput,P01_checkpoint_rerun,0.2,81,81,0,-8.805142203030525e-05,-3.3306690738754696e-16,2.865165320042884e-05,3.2357668883847834e-05
bxaic__rings-max__gcn__seed2026,bxaic,rings-max,gcn,2026,atom_occlusion,P20_frozen_cache,0.05,88,88,0,0.0,0.0,0.0,0.0
bxaic__rings-max__gcn__seed2026,bxaic,rings-max,gcn,2026,atom_occlusion,P20_frozen_cache,0.1,81,81,0,0.0,0.0,0.0,0.0
bxaic__rings-max__gcn__seed2026,bxaic,rings-max,gcn,2026,atom_occlusion,P20_frozen_cache,0.2,66,66,0,0.0,0.0,0.0,0.0
bxaic__rings-max__gcn__seed2026,bxaic,rings-max,gcn,2026,saliency,P20_frozen_cache,0.05,94,94,0,0.0,0.0,0.0,0.0
bxaic__rings-max__gcn__seed2026,bxaic,rings-max,gcn,2026,saliency,P20_frozen_cache,0.1,90,90,0,0.0,0.0,0.0,0.0
bxaic__rings-max__gcn__seed2026,bxaic,rings-max,gcn,2026,saliency,P20_frozen_cache,0.2,80,80,0,0.0,0.0,0.0,0.0
bxaic__rings-max__gcn__seed42,bxaic,rings-max,gcn,42,ig,P01_checkpoint_rerun,0.05,95,95,0,-6.245004513516506e-17,9.992007221626409e-16,1.6653345369377348e-16,-1.1102230246251563e-16
bxaic__rings-max__gcn__seed42,bxaic,rings-max,gcn,42,ig,P01_checkpoint_rerun,0.1,92,92,0,-1.1102230246251563e-16,9.992007221626409e-16,0.0,1.1102230246251563e-16
bxaic__rings-max__gcn__seed42,bxaic,rings-max,gcn,42,ig,P01_checkpoint_rerun,0.2,75,75,0,2.220446049250313e-16,-3.3306690738754696e-16,5.551115123125783e-17,5.551115123125783e-17
bxaic__rings-max__gcn__seed42,bxaic,rings-max,gcn,42,gradinput,P01_checkpoint_rerun,0.05,94,94,0,-2.775557561562892e-17,1.1102230246251563e-16,-5.551115123125783e-17,-5.551115123125783e-17
bxaic__rings-max__gcn__seed42,bxaic,rings-max,gcn,42,gradinput,P01_checkpoint_rerun,0.1,90,90,0,-0.0001278842081871,1.1102230246251563e-16,1.7999115471900584e-05,1.868530349680153e-05
bxaic__rings-max__gcn__seed42,bxaic,rings-max,gcn,42,gradinput,P01_checkpoint_rerun,0.2,79,79,0,1.6653345369377348e-16,3.3306690738754696e-16,0.0,-1.1102230246251563e-16
bxaic__rings-max__gcn__seed42,bxaic,rings-max,gcn,42,atom_occlusion,P20_frozen_cache,0.05,86,86,0,0.0,0.0,0.0,0.0
bxaic__rings-max__gcn__seed42,bxaic,rings-max,gcn,42,atom_occlusion,P20_frozen_cache,0.1,77,77,0,0.0,0.0,0.0,0.0
bxaic__rings-max__gcn__seed42,bxaic,rings-max,gcn,42,atom_occlusion,P20_frozen_cache,0.2,61,61,0,0.0,0.0,0.0,0.0
bxaic__rings-max__gcn__seed42,bxaic,rings-max,gcn,42,saliency,P20_frozen_cache,0.05,95,95,0,0.0,0.0,0.0,0.0
bxaic__rings-max__gcn__seed42,bxaic,rings-max,gcn,42,saliency,P20_frozen_cache,0.1,91,91,0,0.0,0.0,0.0,0.0
bxaic__rings-max__gcn__seed42,bxaic,rings-max,gcn,42,saliency,P20_frozen_cache,0.2,82,82,0,0.0,0.0,0.0,0.0
bxaic__rings-max__gin__seed123,bxaic,rings-max,gin,123,ig,P01_checkpoint_rerun,0.05,96,96,0,-4.163336342344337e-17,4.440892098500626e-16,-2.7755575615628914e-16,-1.6653345369377348e-16
bxaic__rings-max__gin__seed123,bxaic,rings-max,gin,123,ig,P01_checkpoint_rerun,0.1,93,93,0,-1.249000902703301e-16,4.440892098500626e-16,-1.1102230246251563e-16,0.0
bxaic__rings-max__gin__seed123,bxaic,rings-max,gin,123,ig,P01_checkpoint_rerun,0.2,81,81,0,1.6653345369377348e-16,-3.3306690738754696e-16,-5.551115123125783e-17,1.1102230246251563e-16
bxaic__rings-max__gin__seed123,bxaic,rings-max,gin,123,gradinput,P01_checkpoint_rerun,0.05,95,95,0,-6.938893903907227e-17,9.992007221626409e-16,-1.1102230246251563e-16,5.551115123125783e-17
bxaic__rings-max__gin__seed123,bxaic,rings-max,gin,123,gradinput,P01_checkpoint_rerun,0.1,91,91,0,-9.714451465470121e-17,-1.1102230246251563e-16,1.1102230246251563e-16,1.1102230246251563e-16
bxaic__rings-max__gin__seed123,bxaic,rings-max,gin,123,gradinput,P01_checkpoint_rerun,0.2,79,79,0,1.6653345369377348e-16,3.3306690738754696e-16,0.0,1.9428902930940242e-16
bxaic__rings-max__gin__seed123,bxaic,rings-max,gin,123,atom_occlusion,P20_frozen_cache,0.05,86,86,0,0.0,0.0,0.0,0.0
bxaic__rings-max__gin__seed123,bxaic,rings-max,gin,123,atom_occlusion,P20_frozen_cache,0.1,74,74,0,0.0,0.0,0.0,0.0
bxaic__rings-max__gin__seed123,bxaic,rings-max,gin,123,atom_occlusion,P20_frozen_cache,0.2,56,56,0,0.0,0.0,0.0,0.0
bxaic__rings-max__gin__seed123,bxaic,rings-max,gin,123,saliency,P20_frozen_cache,0.05,82,82,0,0.0,0.0,0.0,0.0
bxaic__rings-max__gin__seed123,bxaic,rings-max,gin,123,saliency,P20_frozen_cache,0.1,75,75,0,0.0,0.0,0.0,0.0
bxaic__rings-max__gin__seed123,bxaic,rings-max,gin,123,saliency,P20_frozen_cache,0.2,63,63,0,0.0,0.0,0.0,0.0
bxaic__rings-max__gin__seed2026,bxaic,rings-max,gin,2026,ig,P01_checkpoint_rerun,0.05,95,95,0,-1.3877787807814457e-17,9.992007221626409e-16,-1.1102230246251563e-16,0.0
bxaic__rings-max__gin__seed2026,bxaic,rings-max,gin,2026,ig,P01_checkpoint_rerun,0.1,91,91,0,-6.938893903907227e-17,-1.1102230246251563e-16,5.551115123125783e-17,1.1102230246251563e-16
bxaic__rings-max__gin__seed2026,bxaic,rings-max,gin,2026,ig,P01_checkpoint_rerun,0.2,83,83,0,1.1102230246251563e-16,2.220446049250313e-16,0.0,0.0
bxaic__rings-max__gin__seed2026,bxaic,rings-max,gin,2026,gradinput,P01_checkpoint_rerun,0.05,96,96,0,-2.0816681711721685e-17,4.440892098500626e-16,-2.7755575615628914e-16,-1.1102230246251563e-16
bxaic__rings-max__gin__seed2026,bxaic,rings-max,gin,2026,gradinput,P01_checkpoint_rerun,0.1,92,92,0,-9.714451465470121e-17,9.992007221626409e-16,-5.551115123125783e-17,0.0
bxaic__rings-max__gin__seed2026,bxaic,rings-max,gin,2026,gradinput,P01_checkpoint_rerun,0.2,84,84,0,1.3877787807814454e-16,-4.440892098500626e-16,-1.6653345369377348e-16,-1.6653345369377348e-16
bxaic__rings-max__gin__seed2026,bxaic,rings-max,gin,2026,atom_occlusion,P20_frozen_cache,0.05,93,93,0,0.0,0.0,0.0,0.0
bxaic__rings-max__gin__seed2026,bxaic,rings-max,gin,2026,atom_occlusion,P20_frozen_cache,0.1,85,85,0,0.0,0.0,0.0,0.0
bxaic__rings-max__gin__seed2026,bxaic,rings-max,gin,2026,atom_occlusion,P20_frozen_cache,0.2,70,70,0,0.0,0.0,0.0,0.0
bxaic__rings-max__gin__seed2026,bxaic,rings-max,gin,2026,saliency,P20_frozen_cache,0.05,83,83,0,0.0,0.0,0.0,0.0
bxaic__rings-max__gin__seed2026,bxaic,rings-max,gin,2026,saliency,P20_frozen_cache,0.1,73,73,0,0.0,0.0,0.0,0.0
bxaic__rings-max__gin__seed2026,bxaic,rings-max,gin,2026,saliency,P20_frozen_cache,0.2,61,61,0,0.0,0.0,0.0,0.0
bxaic__rings-max__gin__seed42,bxaic,rings-max,gin,42,ig,P01_checkpoint_rerun,0.05,96,96,0,-4.8572257327350605e-17,4.440892098500626e-16,-1.6653345369377348e-16,-1.6653345369377348e-16
bxaic__rings-max__gin__seed42,bxaic,rings-max,gin,42,ig,P01_checkpoint_rerun,0.1,93,93,0,-1.52655665885959e-16,4.440892098500626e-16,-1.1102230246251563e-16,-5.551115123125783e-17
bxaic__rings-max__gin__seed42,bxaic,rings-max,gin,42,ig,P01_checkpoint_rerun,0.2,87,87,0,2.775557561562892e-17,-8.881784197001252e-16,1.1102230246251563e-16,1.1102230246251563e-16
bxaic__rings-max__gin__seed42,bxaic,rings-max,gin,42,gradinput,P01_checkpoint_rerun,0.05,97,97,0,-1.0408340855860844e-17,2.220446049250313e-16,0.0,-1.1102230246251563e-16
bxaic__rings-max__gin__seed42,bxaic,rings-max,gin,42,gradinput,P01_checkpoint_rerun,0.1,94,94,0,-6.938893903907227e-17,1.1102230246251563e-16,-1.1102230246251563e-16,0.0
bxaic__rings-max__gin__seed42,bxaic,rings-max,gin,42,gradinput,P01_checkpoint_rerun,0.2,87,87,0,1.9428902930940242e-16,-8.881784197001252e-16,-1.6653345369377348e-16,5.551115123125783e-17
bxaic__rings-max__gin__seed42,bxaic,rings-max,gin,42,atom_occlusion,P20_frozen_cache,0.05,88,88,0,0.0,0.0,0.0,0.0
bxaic__rings-max__gin__seed42,bxaic,rings-max,gin,42,atom_occlusion,P20_frozen_cache,0.1,79,79,0,0.0,0.0,0.0,0.0
bxaic__rings-max__gin__seed42,bxaic,rings-max,gin,42,atom_occlusion,P20_frozen_cache,0.2,65,65,0,0.0,0.0,0.0,0.0
bxaic__rings-max__gin__seed42,bxaic,rings-max,gin,42,saliency,P20_frozen_cache,0.05,85,85,0,0.0,0.0,0.0,0.0
bxaic__rings-max__gin__seed42,bxaic,rings-max,gin,42,saliency,P20_frozen_cache,0.1,76,76,0,0.0,0.0,0.0,0.0
bxaic__rings-max__gin__seed42,bxaic,rings-max,gin,42,saliency,P20_frozen_cache,0.2,62,62,0,0.0,0.0,0.0,0.0
bxaic__X__gcn__seed123,bxaic,X,gcn,123,ig,P01_checkpoint_rerun,0.05,7,7,0,-5.551115123125783e-17,6.938893903907228e-16,-1.6653345369377348e-15,4.440892098500626e-16
bxaic__X__gcn__seed123,bxaic,X,gcn,123,ig,P01_checkpoint_rerun,0.1,5,5,0,2.0816681711721683e-16,6.245004513516507e-16,-3.3306690738754696e-16,3.219646771412954e-15
bxaic__X__gcn__seed123,bxaic,X,gcn,123,ig,P01_checkpoint_rerun,0.2,3,3,0,4.440892098500626e-16,4.787836793695989e-16,-2.220446049250313e-16,-1.7763568394002505e-15
bxaic__X__gcn__seed123,bxaic,X,gcn,123,gradinput,P01_checkpoint_rerun,0.05,7,7,0,-5.551115123125783e-17,6.938893903907228e-16,-1.6653345369377348e-15,4.440892098500626e-16
bxaic__X__gcn__seed123,bxaic,X,gcn,123,gradinput,P01_checkpoint_rerun,0.1,5,5,0,2.0816681711721683e-16,6.245004513516507e-16,-3.3306690738754696e-16,3.219646771412954e-15
bxaic__X__gcn__seed123,bxaic,X,gcn,123,gradinput,P01_checkpoint_rerun,0.2,3,3,0,4.440892098500626e-16,4.787836793695989e-16,-2.220446049250313e-16,-1.7763568394002505e-15
bxaic__X__gcn__seed123,bxaic,X,gcn,123,atom_occlusion,P20_frozen_cache,0.05,7,7,0,0.0,0.0,0.0,0.0
bxaic__X__gcn__seed123,bxaic,X,gcn,123,atom_occlusion,P20_frozen_cache,0.1,5,5,0,0.0,0.0,0.0,0.0
bxaic__X__gcn__seed123,bxaic,X,gcn,123,atom_occlusion,P20_frozen_cache,0.2,3,3,0,0.0,0.0,0.0,0.0
bxaic__X__gcn__seed123,bxaic,X,gcn,123,saliency,P20_frozen_cache,0.05,21,21,0,0.0,0.0,0.0,0.0
bxaic__X__gcn__seed123,bxaic,X,gcn,123,saliency,P20_frozen_cache,0.1,16,16,0,0.0,0.0,0.0,0.0
bxaic__X__gcn__seed123,bxaic,X,gcn,123,saliency,P20_frozen_cache,0.2,11,11,0,0.0,0.0,0.0,0.0
bxaic__X__gcn__seed2026,bxaic,X,gcn,2026,ig,P01_checkpoint_rerun,0.05,7,7,0,-5.551115123125783e-17,6.938893903907228e-16,-1.6653345369377348e-15,4.440892098500626e-16
bxaic__X__gcn__seed2026,bxaic,X,gcn,2026,ig,P01_checkpoint_rerun,0.1,5,5,0,2.0816681711721683e-16,6.245004513516507e-16,-3.3306690738754696e-16,3.219646771412954e-15
bxaic__X__gcn__seed2026,bxaic,X,gcn,2026,ig,P01_checkpoint_rerun,0.2,3,3,0,4.440892098500626e-16,4.787836793695989e-16,-2.220446049250313e-16,-1.7763568394002505e-15
bxaic__X__gcn__seed2026,bxaic,X,gcn,2026,gradinput,P01_checkpoint_rerun,0.05,7,7,0,-5.551115123125783e-17,6.938893903907228e-16,-1.6653345369377348e-15,4.440892098500626e-16
bxaic__X__gcn__seed2026,bxaic,X,gcn,2026,gradinput,P01_checkpoint_rerun,0.1,5,5,0,2.0816681711721683e-16,6.245004513516507e-16,-3.3306690738754696e-16,3.219646771412954e-15
bxaic__X__gcn__seed2026,bxaic,X,gcn,2026,gradinput,P01_checkpoint_rerun,0.2,3,3,0,4.440892098500626e-16,4.787836793695989e-16,-2.220446049250313e-16,-1.7763568394002505e-15
bxaic__X__gcn__seed2026,bxaic,X,gcn,2026,atom_occlusion,P20_frozen_cache,0.05,7,7,0,0.0,0.0,0.0,0.0
bxaic__X__gcn__seed2026,bxaic,X,gcn,2026,atom_occlusion,P20_frozen_cache,0.1,5,5,0,0.0,0.0,0.0,0.0
bxaic__X__gcn__seed2026,bxaic,X,gcn,2026,atom_occlusion,P20_frozen_cache,0.2,3,3,0,0.0,0.0,0.0,0.0
bxaic__X__gcn__seed2026,bxaic,X,gcn,2026,saliency,P20_frozen_cache,0.05,22,22,0,0.0,0.0,0.0,0.0
bxaic__X__gcn__seed2026,bxaic,X,gcn,2026,saliency,P20_frozen_cache,0.1,17,17,0,0.0,0.0,0.0,0.0
bxaic__X__gcn__seed2026,bxaic,X,gcn,2026,saliency,P20_frozen_cache,0.2,12,12,0,0.0,0.0,0.0,0.0
bxaic__X__gcn__seed42,bxaic,X,gcn,42,ig,P01_checkpoint_rerun,0.05,7,7,0,-5.551115123125783e-17,6.938893903907228e-16,-1.6653345369377348e-15,4.440892098500626e-16
bxaic__X__gcn__seed42,bxaic,X,gcn,42,ig,P01_checkpoint_rerun,0.1,5,5,0,2.0816681711721683e-16,6.245004513516507e-16,-3.3306690738754696e-16,3.219646771412954e-15
bxaic__X__gcn__seed42,bxaic,X,gcn,42,ig,P01_checkpoint_rerun,0.2,3,3,0,4.440892098500626e-16,4.787836793695989e-16,-2.220446049250313e-16,-1.7763568394002505e-15
bxaic__X__gcn__seed42,bxaic,X,gcn,42,gradinput,P01_checkpoint_rerun,0.05,7,7,0,-5.551115123125783e-17,6.938893903907228e-16,-1.6653345369377348e-15,4.440892098500626e-16
bxaic__X__gcn__seed42,bxaic,X,gcn,42,gradinput,P01_checkpoint_rerun,0.1,5,5,0,2.0816681711721683e-16,6.245004513516507e-16,-3.3306690738754696e-16,3.219646771412954e-15
bxaic__X__gcn__seed42,bxaic,X,gcn,42,gradinput,P01_checkpoint_rerun,0.2,3,3,0,4.440892098500626e-16,4.787836793695989e-16,-2.220446049250313e-16,-1.7763568394002505e-15
bxaic__X__gcn__seed42,bxaic,X,gcn,42,atom_occlusion,P20_frozen_cache,0.05,7,7,0,0.0,0.0,0.0,0.0
bxaic__X__gcn__seed42,bxaic,X,gcn,42,atom_occlusion,P20_frozen_cache,0.1,5,5,0,0.0,0.0,0.0,0.0
bxaic__X__gcn__seed42,bxaic,X,gcn,42,atom_occlusion,P20_frozen_cache,0.2,3,3,0,0.0,0.0,0.0,0.0
bxaic__X__gcn__seed42,bxaic,X,gcn,42,saliency,P20_frozen_cache,0.05,25,25,0,0.0,0.0,0.0,0.0
bxaic__X__gcn__seed42,bxaic,X,gcn,42,saliency,P20_frozen_cache,0.1,19,19,0,0.0,0.0,0.0,0.0
bxaic__X__gcn__seed42,bxaic,X,gcn,42,saliency,P20_frozen_cache,0.2,13,13,0,0.0,0.0,0.0,0.0
bxaic__X__gin__seed123,bxaic,X,gin,123,ig,P01_checkpoint_rerun,0.05,7,7,0,-5.551115123125783e-17,6.938893903907228e-16,-1.6653345369377348e-15,4.440892098500626e-16
bxaic__X__gin__seed123,bxaic,X,gin,123,ig,P01_checkpoint_rerun,0.1,5,5,0,2.0816681711721683e-16,6.245004513516507e-16,-3.3306690738754696e-16,3.219646771412954e-15
bxaic__X__gin__seed123,bxaic,X,gin,123,ig,P01_checkpoint_rerun,0.2,3,3,0,4.440892098500626e-16,4.787836793695989e-16,-2.220446049250313e-16,-1.7763568394002505e-15
bxaic__X__gin__seed123,bxaic,X,gin,123,gradinput,P01_checkpoint_rerun,0.05,8,8,0,-2.775557561562892e-17,6.245004513516507e-16,-1.3322676295501878e-15,-3.3306690738754696e-16
bxaic__X__gin__seed123,bxaic,X,gin,123,gradinput,P01_checkpoint_rerun,0.1,6,6,0,1.6653345369377348e-16,6.800116025829084e-16,-4.440892098500626e-16,1.4432899320127037e-15
bxaic__X__gin__seed123,bxaic,X,gin,123,gradinput,P01_checkpoint_rerun,0.2,4,4,0,-5.551115123125783e-17,-1.3877787807814457e-17,1.1102230246251563e-16,1.887379141862766e-15
bxaic__X__gin__seed123,bxaic,X,gin,123,atom_occlusion,P20_frozen_cache,0.05,7,7,0,0.0,0.0,0.0,0.0
bxaic__X__gin__seed123,bxaic,X,gin,123,atom_occlusion,P20_frozen_cache,0.1,5,5,0,0.0,0.0,0.0,0.0
bxaic__X__gin__seed123,bxaic,X,gin,123,atom_occlusion,P20_frozen_cache,0.2,3,3,0,0.0,0.0,0.0,0.0
bxaic__X__gin__seed123,bxaic,X,gin,123,saliency,P20_frozen_cache,0.05,30,30,0,0.0,0.0,0.0,0.0
bxaic__X__gin__seed123,bxaic,X,gin,123,saliency,P20_frozen_cache,0.1,24,24,0,0.0,0.0,0.0,0.0
bxaic__X__gin__seed123,bxaic,X,gin,123,saliency,P20_frozen_cache,0.2,18,18,0,0.0,0.0,0.0,0.0
bxaic__X__gin__seed2026,bxaic,X,gin,2026,ig,P01_checkpoint_rerun,0.05,7,7,0,-4.8572257327350605e-17,6.938893903907228e-16,-1.6653345369377348e-15,3.3306690738754696e-16
bxaic__X__gin__seed2026,bxaic,X,gin,2026,ig,P01_checkpoint_rerun,0.1,5,5,0,2.220446049250313e-16,6.245004513516507e-16,-3.3306690738754696e-16,3.219646771412954e-15
bxaic__X__gin__seed2026,bxaic,X,gin,2026,ig,P01_checkpoint_rerun,0.2,3,3,0,4.163336342344337e-16,4.787836793695989e-16,-2.220446049250313e-16,-1.7763568394002505e-15
bxaic__X__gin__seed2026,bxaic,X,gin,2026,gradinput,P01_checkpoint_rerun,0.05,7,7,0,-6.938893903907228e-18,6.938893903907228e-16,-1.5543122344752194e-15,0.0
bxaic__X__gin__seed2026,bxaic,X,gin,2026,gradinput,P01_checkpoint_rerun,0.1,5,5,0,1.249000902703301e-16,6.245004513516507e-16,-2.220446049250313e-16,3.3306690738754696e-15
bxaic__X__gin__seed2026,bxaic,X,gin,2026,gradinput,P01_checkpoint_rerun,0.2,3,3,0,3.05311331771918e-16,4.787836793695989e-16,-1.1102230246251563e-16,-1.1102230246251563e-15
bxaic__X__gin__seed2026,bxaic,X,gin,2026,atom_occlusion,P20_frozen_cache,0.05,7,7,0,0.0,0.0,0.0,0.0
bxaic__X__gin__seed2026,bxaic,X,gin,2026,atom_occlusion,P20_frozen_cache,0.1,5,5,0,0.0,0.0,0.0,0.0
bxaic__X__gin__seed2026,bxaic,X,gin,2026,atom_occlusion,P20_frozen_cache,0.2,3,3,0,0.0,0.0,0.0,0.0
bxaic__X__gin__seed2026,bxaic,X,gin,2026,saliency,P20_frozen_cache,0.05,30,30,0,0.0,0.0,0.0,0.0
bxaic__X__gin__seed2026,bxaic,X,gin,2026,saliency,P20_frozen_cache,0.1,24,24,0,0.0,0.0,0.0,0.0
bxaic__X__gin__seed2026,bxaic,X,gin,2026,saliency,P20_frozen_cache,0.2,17,17,0,0.0,0.0,0.0,0.0
bxaic__X__gin__seed42,bxaic,X,gin,42,ig,P01_checkpoint_rerun,0.05,7,7,0,-5.551115123125783e-17,6.938893903907228e-16,-1.6653345369377348e-15,4.440892098500626e-16
bxaic__X__gin__seed42,bxaic,X,gin,42,ig,P01_checkpoint_rerun,0.1,5,5,0,2.0816681711721683e-16,6.245004513516507e-16,-3.3306690738754696e-16,3.219646771412954e-15
bxaic__X__gin__seed42,bxaic,X,gin,42,ig,P01_checkpoint_rerun,0.2,3,3,0,4.440892098500626e-16,4.787836793695989e-16,-2.220446049250313e-16,-1.7763568394002505e-15
bxaic__X__gin__seed42,bxaic,X,gin,42,gradinput,P01_checkpoint_rerun,0.05,7,7,0,-6.938893903907227e-17,6.938893903907228e-16,-1.7763568394002505e-15,4.440892098500626e-16
bxaic__X__gin__seed42,bxaic,X,gin,42,gradinput,P01_checkpoint_rerun,0.1,5,5,0,2.498001805406602e-16,6.245004513516507e-16,-3.3306690738754696e-16,3.219646771412954e-15
bxaic__X__gin__seed42,bxaic,X,gin,42,gradinput,P01_checkpoint_rerun,0.2,3,3,0,4.163336342344337e-16,4.787836793695989e-16,-1.1102230246251563e-16,-1.6653345369377348e-15
bxaic__X__gin__seed42,bxaic,X,gin,42,atom_occlusion,P20_frozen_cache,0.05,7,7,0,0.0,0.0,0.0,0.0
bxaic__X__gin__seed42,bxaic,X,gin,42,atom_occlusion,P20_frozen_cache,0.1,5,5,0,0.0,0.0,0.0,0.0
bxaic__X__gin__seed42,bxaic,X,gin,42,atom_occlusion,P20_frozen_cache,0.2,3,3,0,0.0,0.0,0.0,0.0
bxaic__X__gin__seed42,bxaic,X,gin,42,saliency,P20_frozen_cache,0.05,31,31,0,0.0,0.0,0.0,0.0
bxaic__X__gin__seed42,bxaic,X,gin,42,saliency,P20_frozen_cache,0.1,26,26,0,0.0,0.0,0.0,0.0
bxaic__X__gin__seed42,bxaic,X,gin,42,saliency,P20_frozen_cache,0.2,20,20,0,0.0,0.0,0.0,0.0
google__benzene__gcn__seed123,google,benzene,gcn,123,ig,P01_checkpoint_rerun,0.05,65,65,0,2.0816681711721685e-17,-2.220446049250313e-15,-2.220446049250313e-16,-6.661338147750939e-16
google__benzene__gcn__seed123,google,benzene,gcn,123,ig,P01_checkpoint_rerun,0.1,55,55,0,4.163336342344337e-17,-4.440892098500626e-16,2.220446049250313e-16,6.661338147750939e-16
google__benzene__gcn__seed123,google,benzene,gcn,123,ig,P01_checkpoint_rerun,0.2,42,42,0,-5.551115123125783e-17,-3.0531133177191805e-15,3.3306690738754696e-16,2.4424906541753444e-15
google__benzene__gcn__seed123,google,benzene,gcn,123,gradinput,P01_checkpoint_rerun,0.05,53,53,0,2.775557561562892e-17,1.3322676295501878e-15,-1.1102230246251563e-15,-1.1102230246251563e-16
google__benzene__gcn__seed123,google,benzene,gcn,123,gradinput,P01_checkpoint_rerun,0.1,45,45,0,-2.775557561562892e-17,-3.0531133177191805e-15,-6.661338147750939e-16,2.220446049250313e-16
google__benzene__gcn__seed123,google,benzene,gcn,123,gradinput,P01_checkpoint_rerun,0.2,34,34,0,-3.05311331771918e-16,2.7755575615628917e-15,0.0,-4.440892098500626e-16
google__benzene__gcn__seed123,google,benzene,gcn,123,atom_occlusion,P20_frozen_cache,0.05,54,54,0,0.0,0.0,0.0,0.0
google__benzene__gcn__seed123,google,benzene,gcn,123,atom_occlusion,P20_frozen_cache,0.1,45,45,0,0.0,0.0,0.0,0.0
google__benzene__gcn__seed123,google,benzene,gcn,123,atom_occlusion,P20_frozen_cache,0.2,34,34,0,0.0,0.0,0.0,0.0
google__benzene__gcn__seed123,google,benzene,gcn,123,saliency,P20_frozen_cache,0.05,55,55,0,0.0,0.0,0.0,0.0
google__benzene__gcn__seed123,google,benzene,gcn,123,saliency,P20_frozen_cache,0.1,46,46,0,0.0,0.0,0.0,0.0
google__benzene__gcn__seed123,google,benzene,gcn,123,saliency,P20_frozen_cache,0.2,35,35,0,0.0,0.0,0.0,0.0
google__benzene__gcn__seed2026,google,benzene,gcn,2026,ig,P01_checkpoint_rerun,0.05,61,61,0,1.3877787807814457e-17,-4.107825191113079e-15,-1.2212453270876722e-15,-1.5543122344752194e-15
google__benzene__gcn__seed2026,google,benzene,gcn,2026,ig,P01_checkpoint_rerun,0.1,51,51,0,4.163336342344337e-17,1.5543122344752194e-15,-1.2212453270876722e-15,-2.220446049250313e-16
google__benzene__gcn__seed2026,google,benzene,gcn,2026,ig,P01_checkpoint_rerun,0.2,39,39,0,-5.551115123125783e-17,4.440892098500626e-16,9.992007221626409e-16,1.7763568394002505e-15
google__benzene__gcn__seed2026,google,benzene,gcn,2026,gradinput,P01_checkpoint_rerun,0.05,59,59,0,6.938893903907228e-18,1.7763568394002505e-15,-2.4424906541753444e-15,-1.9984014443252818e-15
google__benzene__gcn__seed2026,google,benzene,gcn,2026,gradinput,P01_checkpoint_rerun,0.1,49,49,0,0.0,6.661338147750939e-16,-7.771561172376097e-16,-4.440892098500626e-16
google__benzene__gcn__seed2026,google,benzene,gcn,2026,gradinput,P01_checkpoint_rerun,0.2,39,39,0,-8.326672684688674e-17,4.440892098500626e-16,7.771561172376097e-16,1.5543122344752194e-15
google__benzene__gcn__seed2026,google,benzene,gcn,2026,atom_occlusion,P20_frozen_cache,0.05,54,54,0,0.0,0.0,0.0,0.0
google__benzene__gcn__seed2026,google,benzene,gcn,2026,atom_occlusion,P20_frozen_cache,0.1,45,45,0,0.0,0.0,0.0,0.0
google__benzene__gcn__seed2026,google,benzene,gcn,2026,atom_occlusion,P20_frozen_cache,0.2,33,33,0,0.0,0.0,0.0,0.0
google__benzene__gcn__seed2026,google,benzene,gcn,2026,saliency,P20_frozen_cache,0.05,56,56,0,0.0,0.0,0.0,0.0
google__benzene__gcn__seed2026,google,benzene,gcn,2026,saliency,P20_frozen_cache,0.1,46,46,0,0.0,0.0,0.0,0.0
google__benzene__gcn__seed2026,google,benzene,gcn,2026,saliency,P20_frozen_cache,0.2,34,34,0,0.0,0.0,0.0,0.0
google__benzene__gcn__seed42,google,benzene,gcn,42,ig,P01_checkpoint_rerun,0.05,57,57,0,0.0,1.887379141862766e-15,1.1102230246251563e-16,2.220446049250313e-16
google__benzene__gcn__seed42,google,benzene,gcn,42,ig,P01_checkpoint_rerun,0.1,47,47,0,1.3877787807814457e-17,-1.6653345369377348e-16,-1.1102230246251563e-16,4.440892098500626e-16
google__benzene__gcn__seed42,google,benzene,gcn,42,ig,P01_checkpoint_rerun,0.2,35,35,0,2.775557561562892e-17,1.9984014443252818e-15,-1.1102230246251563e-15,3.3306690738754696e-16
google__benzene__gcn__seed42,google,benzene,gcn,42,gradinput,P01_checkpoint_rerun,0.05,57,57,0,-4.163336342344337e-17,1.887379141862766e-15,4.440892098500626e-16,-2.220446049250313e-16
google__benzene__gcn__seed42,google,benzene,gcn,42,gradinput,P01_checkpoint_rerun,0.1,48,48,0,6.938893903907227e-17,3.3306690738754696e-15,-1.1102230246251563e-16,1.1102230246251563e-16
google__benzene__gcn__seed42,google,benzene,gcn,42,gradinput,P01_checkpoint_rerun,0.2,37,37,0,-2.775557561562892e-17,0.0,-4.440892098500626e-16,-1.1102230246251563e-16
google__benzene__gcn__seed42,google,benzene,gcn,42,atom_occlusion,P20_frozen_cache,0.05,53,53,0,0.0,0.0,0.0,0.0
google__benzene__gcn__seed42,google,benzene,gcn,42,atom_occlusion,P20_frozen_cache,0.1,43,43,0,0.0,0.0,0.0,0.0
google__benzene__gcn__seed42,google,benzene,gcn,42,atom_occlusion,P20_frozen_cache,0.2,32,32,0,0.0,0.0,0.0,0.0
google__benzene__gcn__seed42,google,benzene,gcn,42,saliency,P20_frozen_cache,0.05,51,51,0,0.0,0.0,0.0,0.0
google__benzene__gcn__seed42,google,benzene,gcn,42,saliency,P20_frozen_cache,0.1,41,41,0,0.0,0.0,0.0,0.0
google__benzene__gcn__seed42,google,benzene,gcn,42,saliency,P20_frozen_cache,0.2,32,32,0,0.0,0.0,0.0,0.0
google__benzene__gin__seed123,google,benzene,gin,123,ig,P01_checkpoint_rerun,0.05,63,63,0,-2.775557561562892e-17,-3.4416913763379853e-15,-4.440892098500626e-16,-9.992007221626409e-16
google__benzene__gin__seed123,google,benzene,gin,123,ig,P01_checkpoint_rerun,0.1,51,51,0,-1.3877787807814457e-17,1.5543122344752194e-15,-1.5543122344752194e-15,-5.551115123125784e-16
google__benzene__gin__seed123,google,benzene,gin,123,ig,P01_checkpoint_rerun,0.2,38,38,0,-5.551115123125783e-17,9.992007221626409e-16,5.551115123125784e-16,1.4432899320127037e-15
google__benzene__gin__seed123,google,benzene,gin,123,gradinput,P01_checkpoint_rerun,0.05,96,96,0,-3.469446951953614e-18,2.3314683517128287e-15,-5.551115123125784e-16,-7.771561172376097e-16
google__benzene__gin__seed123,google,benzene,gin,123,gradinput,P01_checkpoint_rerun,0.1,94,94,0,5.551115123125783e-17,5.440092820663267e-15,-1.4432899320127037e-15,-1.7763568394002505e-15
google__benzene__gin__seed123,google,benzene,gin,123,gradinput,P01_checkpoint_rerun,0.2,89,89,0,-2.220446049250313e-16,-3.996802888650564e-15,5.551115123125783e-17,0.0
google__benzene__gin__seed123,google,benzene,gin,123,atom_occlusion,P20_frozen_cache,0.05,46,46,0,0.0,0.0,0.0,0.0
google__benzene__gin__seed123,google,benzene,gin,123,atom_occlusion,P20_frozen_cache,0.1,38,38,0,0.0,0.0,0.0,0.0
google__benzene__gin__seed123,google,benzene,gin,123,atom_occlusion,P20_frozen_cache,0.2,26,26,0,0.0,0.0,0.0,0.0
google__benzene__gin__seed123,google,benzene,gin,123,saliency,P20_frozen_cache,0.05,51,51,0,0.0,0.0,0.0,0.0
google__benzene__gin__seed123,google,benzene,gin,123,saliency,P20_frozen_cache,0.1,44,44,0,0.0,0.0,0.0,0.0
google__benzene__gin__seed123,google,benzene,gin,123,saliency,P20_frozen_cache,0.2,33,33,0,0.0,0.0,0.0,0.0
google__benzene__gin__seed2026,google,benzene,gin,2026,ig,P01_checkpoint_rerun,0.05,85,85,0,4.8572257327350605e-17,5.551115123125784e-16,-1.6653345369377348e-16,-3.3306690738754696e-16
google__benzene__gin__seed2026,google,benzene,gin,2026,ig,P01_checkpoint_rerun,0.1,79,79,0,1.6653345369377348e-16,1.1102230246251563e-15,2.220446049250313e-16,8.881784197001252e-16
google__benzene__gin__seed2026,google,benzene,gin,2026,ig,P01_checkpoint_rerun,0.2,69,69,0,-2.220446049250313e-16,4.440892098500626e-15,-1.1102230246251563e-16,1.6653345369377348e-16
google__benzene__gin__seed2026,google,benzene,gin,2026,gradinput,P01_checkpoint_rerun,0.05,88,88,0,2.0816681711721685e-17,-2.220446049250313e-15,5.551115123125783e-17,-6.106226635438361e-16
google__benzene__gin__seed2026,google,benzene,gin,2026,gradinput,P01_checkpoint_rerun,0.1,81,81,0,-1.3877787807814457e-17,9.547918011776346e-15,-5.551115123125783e-17,0.0
google__benzene__gin__seed2026,google,benzene,gin,2026,gradinput,P01_checkpoint_rerun,0.2,67,67,0,0.0,-2.220446049250313e-15,3.8857805861880484e-16,-5.551115123125783e-17
google__benzene__gin__seed2026,google,benzene,gin,2026,atom_occlusion,P20_frozen_cache,0.05,57,57,0,0.0,0.0,0.0,0.0
google__benzene__gin__seed2026,google,benzene,gin,2026,atom_occlusion,P20_frozen_cache,0.1,46,46,0,0.0,0.0,0.0,0.0
google__benzene__gin__seed2026,google,benzene,gin,2026,atom_occlusion,P20_frozen_cache,0.2,34,34,0,0.0,0.0,0.0,0.0
google__benzene__gin__seed2026,google,benzene,gin,2026,saliency,P20_frozen_cache,0.05,71,71,0,0.0,0.0,0.0,0.0
google__benzene__gin__seed2026,google,benzene,gin,2026,saliency,P20_frozen_cache,0.1,61,61,0,0.0,0.0,0.0,0.0
google__benzene__gin__seed2026,google,benzene,gin,2026,saliency,P20_frozen_cache,0.2,46,46,0,0.0,0.0,0.0,0.0
google__benzene__gin__seed42,google,benzene,gin,42,ig,P01_checkpoint_rerun,0.05,84,84,0,-6.938893903907228e-18,2.55351295663786e-15,-5.551115123125783e-17,2.220446049250313e-16
google__benzene__gin__seed42,google,benzene,gin,42,ig,P01_checkpoint_rerun,0.1,73,73,0,-1.3877787807814457e-17,2.220446049250313e-16,7.771561172376097e-16,1.2212453270876722e-15
google__benzene__gin__seed42,google,benzene,gin,42,ig,P01_checkpoint_rerun,0.2,58,58,0,-1.9428902930940242e-16,2.1094237467877974e-15,-7.771561172376097e-16,1.6653345369377348e-16
google__benzene__gin__seed42,google,benzene,gin,42,gradinput,P01_checkpoint_rerun,0.05,92,92,0,2.775557561562892e-17,1.1102230246251563e-16,5.551115123125783e-17,2.7755575615628914e-16
google__benzene__gin__seed42,google,benzene,gin,42,gradinput,P01_checkpoint_rerun,0.1,83,83,0,1.3877787807814457e-17,4.218847493575595e-15,8.326672684688674e-16,1.1102230246251563e-15
google__benzene__gin__seed42,google,benzene,gin,42,gradinput,P01_checkpoint_rerun,0.2,59,59,0,8.326672684688674e-17,1.7763568394002505e-15,-9.992007221626409e-16,-2.7755575615628914e-16
google__benzene__gin__seed42,google,benzene,gin,42,atom_occlusion,P20_frozen_cache,0.05,51,51,0,0.0,0.0,0.0,0.0
google__benzene__gin__seed42,google,benzene,gin,42,atom_occlusion,P20_frozen_cache,0.1,41,41,0,0.0,0.0,0.0,0.0
google__benzene__gin__seed42,google,benzene,gin,42,atom_occlusion,P20_frozen_cache,0.2,29,29,0,0.0,0.0,0.0,0.0
google__benzene__gin__seed42,google,benzene,gin,42,saliency,P20_frozen_cache,0.05,51,51,0,0.0,0.0,0.0,0.0
google__benzene__gin__seed42,google,benzene,gin,42,saliency,P20_frozen_cache,0.1,42,42,0,0.0,0.0,0.0,0.0
google__benzene__gin__seed42,google,benzene,gin,42,saliency,P20_frozen_cache,0.2,31,31,0,0.0,0.0,0.0,0.0
google__logic10__gcn__seed123,google,logic10,gcn,123,ig,P01_checkpoint_rerun,0.05,77,77,0,-3.4694469519536136e-17,-6.661338147750939e-16,0.0,-1.1102230246251563e-16
google__logic10__gcn__seed123,google,logic10,gcn,123,ig,P01_checkpoint_rerun,0.1,67,67,0,-1.249000902703301e-16,5.551115123125784e-16,1.1102230246251563e-16,-2.220446049250313e-16
google__logic10__gcn__seed123,google,logic10,gcn,123,ig,P01_checkpoint_rerun,0.2,53,53,0,1.6653345369377348e-16,1.1102230246251563e-16,-1.1102230246251563e-16,1.1102230246251563e-16
google__logic10__gcn__seed123,google,logic10,gcn,123,gradinput,P01_checkpoint_rerun,0.05,89,89,0,-2.0816681711721685e-17,0.0,-3.3306690738754696e-16,-5.551115123125784e-16
google__logic10__gcn__seed123,google,logic10,gcn,123,gradinput,P01_checkpoint_rerun,0.1,81,81,0,-6.938893903907227e-17,-4.440892098500626e-16,-1.1102230246251563e-16,0.0
google__logic10__gcn__seed123,google,logic10,gcn,123,gradinput,P01_checkpoint_rerun,0.2,64,64,0,0.0,0.0,-1.1102230246251563e-16,0.0
google__logic10__gcn__seed123,google,logic10,gcn,123,atom_occlusion,P20_frozen_cache,0.05,71,71,0,0.0,0.0,0.0,0.0
google__logic10__gcn__seed123,google,logic10,gcn,123,atom_occlusion,P20_frozen_cache,0.1,61,61,0,0.0,0.0,0.0,0.0
google__logic10__gcn__seed123,google,logic10,gcn,123,atom_occlusion,P20_frozen_cache,0.2,48,48,0,0.0,0.0,0.0,0.0
google__logic10__gcn__seed123,google,logic10,gcn,123,saliency,P20_frozen_cache,0.05,95,95,0,0.0,0.0,0.0,0.0
google__logic10__gcn__seed123,google,logic10,gcn,123,saliency,P20_frozen_cache,0.1,86,86,0,0.0,0.0,0.0,0.0
google__logic10__gcn__seed123,google,logic10,gcn,123,saliency,P20_frozen_cache,0.2,72,72,0,0.0,0.0,0.0,0.0
google__logic10__gcn__seed2026,google,logic10,gcn,2026,ig,P01_checkpoint_rerun,0.05,95,95,0,0.0,-4.440892098500626e-16,-1.1102230246251563e-16,1.6653345369377348e-16
google__logic10__gcn__seed2026,google,logic10,gcn,2026,ig,P01_checkpoint_rerun,0.1,89,89,0,-1.3877787807814454e-16,0.0,1.1102230246251563e-16,-1.6653345369377348e-16
google__logic10__gcn__seed2026,google,logic10,gcn,2026,ig,P01_checkpoint_rerun,0.2,64,64,0,-2.775557561562892e-17,0.0,-1.1102230246251563e-16,1.1102230246251563e-16
google__logic10__gcn__seed2026,google,logic10,gcn,2026,gradinput,P01_checkpoint_rerun,0.05,88,88,0,0.0,-5.551115123125784e-16,0.0,-4.440892098500626e-16
google__logic10__gcn__seed2026,google,logic10,gcn,2026,gradinput,P01_checkpoint_rerun,0.1,80,80,0,-9.714451465470121e-17,-8.881784197001252e-16,-1.1102230246251563e-16,0.0
google__logic10__gcn__seed2026,google,logic10,gcn,2026,gradinput,P01_checkpoint_rerun,0.2,63,63,0,-8.326672684688674e-17,-1.1102230246251563e-16,-2.220446049250313e-16,-1.1102230246251563e-16
google__logic10__gcn__seed2026,google,logic10,gcn,2026,atom_occlusion,P20_frozen_cache,0.05,69,69,0,0.0,0.0,0.0,0.0
google__logic10__gcn__seed2026,google,logic10,gcn,2026,atom_occlusion,P20_frozen_cache,0.1,58,58,0,0.0,0.0,0.0,0.0
google__logic10__gcn__seed2026,google,logic10,gcn,2026,atom_occlusion,P20_frozen_cache,0.2,46,46,0,0.0,0.0,0.0,0.0
google__logic10__gcn__seed2026,google,logic10,gcn,2026,saliency,P20_frozen_cache,0.05,92,92,0,0.0,0.0,0.0,0.0
google__logic10__gcn__seed2026,google,logic10,gcn,2026,saliency,P20_frozen_cache,0.1,85,85,0,0.0,0.0,0.0,0.0
google__logic10__gcn__seed2026,google,logic10,gcn,2026,saliency,P20_frozen_cache,0.2,70,70,0,0.0,0.0,0.0,0.0
google__logic10__gcn__seed42,google,logic10,gcn,42,ig,P01_checkpoint_rerun,0.05,73,73,0,-3.4694469519536136e-17,0.0,4.440892098500626e-16,2.220446049250313e-16
google__logic10__gcn__seed42,google,logic10,gcn,42,ig,P01_checkpoint_rerun,0.1,63,63,0,-9.714451465470121e-17,-1.1102230246251563e-16,-1.1102230246251563e-16,1.1102230246251563e-16
google__logic10__gcn__seed42,google,logic10,gcn,42,ig,P01_checkpoint_rerun,0.2,53,53,0,1.6653345369377348e-16,1.1102230246251563e-16,-1.1102230246251563e-16,1.1102230246251563e-16
google__logic10__gcn__seed42,google,logic10,gcn,42,gradinput,P01_checkpoint_rerun,0.05,83,83,0,1.3877787807814457e-17,-3.3306690738754696e-16,1.1102230246251563e-16,0.0
google__logic10__gcn__seed42,google,logic10,gcn,42,gradinput,P01_checkpoint_rerun,0.1,73,73,0,-4.163336342344337e-17,0.0,2.220446049250313e-16,0.0
google__logic10__gcn__seed42,google,logic10,gcn,42,gradinput,P01_checkpoint_rerun,0.2,56,56,0,-1.1102230246251563e-16,8.881784197001252e-16,0.0,-2.220446049250313e-16
google__logic10__gcn__seed42,google,logic10,gcn,42,atom_occlusion,P20_frozen_cache,0.05,73,73,0,0.0,0.0,0.0,0.0
google__logic10__gcn__seed42,google,logic10,gcn,42,atom_occlusion,P20_frozen_cache,0.1,62,62,0,0.0,0.0,0.0,0.0
google__logic10__gcn__seed42,google,logic10,gcn,42,atom_occlusion,P20_frozen_cache,0.2,51,51,0,0.0,0.0,0.0,0.0
google__logic10__gcn__seed42,google,logic10,gcn,42,saliency,P20_frozen_cache,0.05,96,96,0,0.0,0.0,0.0,0.0
google__logic10__gcn__seed42,google,logic10,gcn,42,saliency,P20_frozen_cache,0.1,91,91,0,0.0,0.0,0.0,0.0
google__logic10__gcn__seed42,google,logic10,gcn,42,saliency,P20_frozen_cache,0.2,81,81,0,0.0,0.0,0.0,0.0
google__logic10__gin__seed123,google,logic10,gin,123,ig,P01_checkpoint_rerun,0.05,83,83,0,6.938893903907228e-18,-3.3306690738754696e-16,0.0,0.0
google__logic10__gin__seed123,google,logic10,gin,123,ig,P01_checkpoint_rerun,0.1,74,74,0,-1.6653345369377348e-16,-4.440892098500626e-16,1.1102230246251563e-16,-2.220446049250313e-16
google__logic10__gin__seed123,google,logic10,gin,123,ig,P01_checkpoint_rerun,0.2,64,64,0,-1.1102230246251563e-16,0.0,-1.1102230246251563e-16,0.0
google__logic10__gin__seed123,google,logic10,gin,123,gradinput,P01_checkpoint_rerun,0.05,96,96,0,0.0,-5.551115123125784e-16,-2.7755575615628914e-16,-2.7755575615628914e-16
google__logic10__gin__seed123,google,logic10,gin,123,gradinput,P01_checkpoint_rerun,0.1,93,93,0,-1.1102230246251563e-16,-7.771561172376097e-16,-5.551115123125783e-17,0.0
google__logic10__gin__seed123,google,logic10,gin,123,gradinput,P01_checkpoint_rerun,0.2,88,88,0,-1.3877787807814454e-16,-5.551115123125784e-16,5.551115123125783e-17,-5.551115123125783e-17
google__logic10__gin__seed123,google,logic10,gin,123,atom_occlusion,P20_frozen_cache,0.05,73,73,0,0.0,0.0,0.0,0.0
google__logic10__gin__seed123,google,logic10,gin,123,atom_occlusion,P20_frozen_cache,0.1,58,58,0,0.0,0.0,0.0,0.0
google__logic10__gin__seed123,google,logic10,gin,123,atom_occlusion,P20_frozen_cache,0.2,44,44,0,0.0,0.0,0.0,0.0
google__logic10__gin__seed123,google,logic10,gin,123,saliency,P20_frozen_cache,0.05,92,92,0,0.0,0.0,0.0,0.0
google__logic10__gin__seed123,google,logic10,gin,123,saliency,P20_frozen_cache,0.1,85,85,0,0.0,0.0,0.0,0.0
google__logic10__gin__seed123,google,logic10,gin,123,saliency,P20_frozen_cache,0.2,70,70,0,0.0,0.0,0.0,0.0
google__logic10__gin__seed2026,google,logic10,gin,2026,ig,P01_checkpoint_rerun,0.05,93,93,0,-1.3877787807814457e-17,-7.771561172376097e-16,-2.7755575615628914e-16,0.0
google__logic10__gin__seed2026,google,logic10,gin,2026,ig,P01_checkpoint_rerun,0.1,86,86,0,-1.52655665885959e-16,-7.771561172376097e-16,0.0,5.551115123125783e-17
google__logic10__gin__seed2026,google,logic10,gin,2026,ig,P01_checkpoint_rerun,0.2,67,67,0,-2.220446049250313e-16,5.551115123125784e-16,-2.220446049250313e-16,-3.3306690738754696e-16
google__logic10__gin__seed2026,google,logic10,gin,2026,gradinput,P01_checkpoint_rerun,0.05,95,95,0,0.0,-4.440892098500626e-16,-1.1102230246251563e-16,1.6653345369377348e-16
google__logic10__gin__seed2026,google,logic10,gin,2026,gradinput,P01_checkpoint_rerun,0.1,91,91,0,-1.1102230246251563e-16,1.1102230246251563e-16,0.0,5.551115123125783e-17
google__logic10__gin__seed2026,google,logic10,gin,2026,gradinput,P01_checkpoint_rerun,0.2,84,84,0,-5.551115123125783e-17,-5.551115123125784e-16,-1.1102230246251563e-16,-5.551115123125783e-17
google__logic10__gin__seed2026,google,logic10,gin,2026,atom_occlusion,P20_frozen_cache,0.05,69,69,0,0.0,0.0,0.0,0.0
google__logic10__gin__seed2026,google,logic10,gin,2026,atom_occlusion,P20_frozen_cache,0.1,58,58,0,0.0,0.0,0.0,0.0
google__logic10__gin__seed2026,google,logic10,gin,2026,atom_occlusion,P20_frozen_cache,0.2,46,46,0,0.0,0.0,0.0,0.0
google__logic10__gin__seed2026,google,logic10,gin,2026,saliency,P20_frozen_cache,0.05,88,88,0,0.0,0.0,0.0,0.0
google__logic10__gin__seed2026,google,logic10,gin,2026,saliency,P20_frozen_cache,0.1,81,81,0,0.0,0.0,0.0,0.0
google__logic10__gin__seed2026,google,logic10,gin,2026,saliency,P20_frozen_cache,0.2,69,69,0,0.0,0.0,0.0,0.0
google__logic10__gin__seed42,google,logic10,gin,42,ig,P01_checkpoint_rerun,0.05,95,95,0,1.3877787807814457e-17,-4.440892098500626e-16,-2.220446049250313e-16,1.1102230246251563e-16
google__logic10__gin__seed42,google,logic10,gin,42,ig,P01_checkpoint_rerun,0.1,87,87,0,-1.52655665885959e-16,-3.3306690738754696e-16,1.1102230246251563e-16,-1.1102230246251563e-16
google__logic10__gin__seed42,google,logic10,gin,42,ig,P01_checkpoint_rerun,0.2,69,69,0,-1.3877787807814454e-16,6.661338147750939e-16,0.0,0.0
google__logic10__gin__seed42,google,logic10,gin,42,gradinput,P01_checkpoint_rerun,0.05,96,96,0,0.0,-5.551115123125784e-16,-3.3306690738754696e-16,-3.8857805861880484e-16
google__logic10__gin__seed42,google,logic10,gin,42,gradinput,P01_checkpoint_rerun,0.1,92,92,0,-1.1102230246251563e-16,-3.3306690738754696e-16,-5.551115123125783e-17,1.1102230246251563e-16
google__logic10__gin__seed42,google,logic10,gin,42,gradinput,P01_checkpoint_rerun,0.2,86,86,0,-2.775557561562892e-17,-7.771561172376097e-16,5.551115123125783e-17,-2.220446049250313e-16
google__logic10__gin__seed42,google,logic10,gin,42,atom_occlusion,P20_frozen_cache,0.05,83,83,0,0.0,0.0,0.0,0.0
google__logic10__gin__seed42,google,logic10,gin,42,atom_occlusion,P20_frozen_cache,0.1,69,69,0,0.0,0.0,0.0,0.0
google__logic10__gin__seed42,google,logic10,gin,42,atom_occlusion,P20_frozen_cache,0.2,51,51,0,0.0,0.0,0.0,0.0
google__logic10__gin__seed42,google,logic10,gin,42,saliency,P20_frozen_cache,0.05,88,88,0,0.0,0.0,0.0,0.0
google__logic10__gin__seed42,google,logic10,gin,42,saliency,P20_frozen_cache,0.1,74,74,0,0.0,0.0,0.0,0.0
google__logic10__gin__seed42,google,logic10,gin,42,saliency,P20_frozen_cache,0.2,56,56,0,0.0,0.0,0.0,0.0
google__logic7__gcn__seed123,google,logic7,gcn,123,ig,P01_checkpoint_rerun,0.05,81,81,0,0.0,-1.1102230246251563e-16,-2.775557561562892e-17,0.0
google__logic7__gcn__seed123,google,logic7,gcn,123,ig,P01_checkpoint_rerun,0.1,72,72,0,2.0816681711721685e-17,0.0,5.551115123125783e-17,2.775557561562892e-17
google__logic7__gcn__seed123,google,logic7,gcn,123,ig,P01_checkpoint_rerun,0.2,51,51,0,0.0,2.220446049250313e-16,1.1102230246251563e-16,5.551115123125783e-17
google__logic7__gcn__seed123,google,logic7,gcn,123,gradinput,P01_checkpoint_rerun,0.05,88,88,0,0.0,2.220446049250313e-16,0.0,2.775557561562892e-17
google__logic7__gcn__seed123,google,logic7,gcn,123,gradinput,P01_checkpoint_rerun,0.1,81,81,0,0.0,-1.1102230246251563e-16,2.775557561562892e-17,2.775557561562892e-17
google__logic7__gcn__seed123,google,logic7,gcn,123,gradinput,P01_checkpoint_rerun,0.2,65,65,0,2.775557561562892e-17,1.1102230246251563e-16,-5.551115123125783e-17,-5.551115123125783e-17
google__logic7__gcn__seed123,google,logic7,gcn,123,atom_occlusion,P20_frozen_cache,0.05,43,43,0,0.0,0.0,0.0,0.0
google__logic7__gcn__seed123,google,logic7,gcn,123,atom_occlusion,P20_frozen_cache,0.1,31,31,0,0.0,0.0,0.0,0.0
google__logic7__gcn__seed123,google,logic7,gcn,123,atom_occlusion,P20_frozen_cache,0.2,23,23,0,0.0,0.0,0.0,0.0
google__logic7__gcn__seed123,google,logic7,gcn,123,saliency,P20_frozen_cache,0.05,97,97,0,0.0,0.0,0.0,0.0
google__logic7__gcn__seed123,google,logic7,gcn,123,saliency,P20_frozen_cache,0.1,96,96,0,0.0,0.0,0.0,0.0
google__logic7__gcn__seed123,google,logic7,gcn,123,saliency,P20_frozen_cache,0.2,96,96,0,0.0,0.0,0.0,0.0
google__logic7__gcn__seed2026,google,logic7,gcn,2026,ig,P01_checkpoint_rerun,0.05,69,69,0,0.0,-1.1102230246251563e-16,0.0,0.0
google__logic7__gcn__seed2026,google,logic7,gcn,2026,ig,P01_checkpoint_rerun,0.1,60,60,0,0.0,3.3306690738754696e-16,1.1102230246251563e-16,0.0
google__logic7__gcn__seed2026,google,logic7,gcn,2026,ig,P01_checkpoint_rerun,0.2,48,48,0,2.775557561562892e-17,1.1102230246251563e-16,1.1102230246251563e-16,1.1102230246251563e-16
google__logic7__gcn__seed2026,google,logic7,gcn,2026,gradinput,P01_checkpoint_rerun,0.05,96,96,0,0.0,1.1102230246251563e-16,5.551115123125783e-17,0.0
google__logic7__gcn__seed2026,google,logic7,gcn,2026,gradinput,P01_checkpoint_rerun,0.1,93,93,0,1.3877787807814457e-17,-3.3306690738754696e-16,5.551115123125783e-17,5.551115123125783e-17
google__logic7__gcn__seed2026,google,logic7,gcn,2026,gradinput,P01_checkpoint_rerun,0.2,87,87,0,0.0,3.3306690738754696e-16,2.775557561562892e-17,8.326672684688674e-17
google__logic7__gcn__seed2026,google,logic7,gcn,2026,atom_occlusion,P20_frozen_cache,0.05,51,51,0,0.0,0.0,0.0,0.0
google__logic7__gcn__seed2026,google,logic7,gcn,2026,atom_occlusion,P20_frozen_cache,0.1,37,37,0,0.0,0.0,0.0,0.0
google__logic7__gcn__seed2026,google,logic7,gcn,2026,atom_occlusion,P20_frozen_cache,0.2,28,28,0,0.0,0.0,0.0,0.0
google__logic7__gcn__seed2026,google,logic7,gcn,2026,saliency,P20_frozen_cache,0.05,97,97,0,0.0,0.0,0.0,0.0
google__logic7__gcn__seed2026,google,logic7,gcn,2026,saliency,P20_frozen_cache,0.1,96,96,0,0.0,0.0,0.0,0.0
google__logic7__gcn__seed2026,google,logic7,gcn,2026,saliency,P20_frozen_cache,0.2,96,96,0,0.0,0.0,0.0,0.0
google__logic7__gcn__seed42,google,logic7,gcn,42,ig,P01_checkpoint_rerun,0.05,74,74,0,0.0,3.3306690738754696e-16,0.0,0.0
google__logic7__gcn__seed42,google,logic7,gcn,42,ig,P01_checkpoint_rerun,0.1,56,56,0,0.0,1.1102230246251563e-16,0.0,0.0
google__logic7__gcn__seed42,google,logic7,gcn,42,ig,P01_checkpoint_rerun,0.2,41,41,0,-2.775557561562892e-17,0.0,5.551115123125783e-17,1.6653345369377348e-16
google__logic7__gcn__seed42,google,logic7,gcn,42,gradinput,P01_checkpoint_rerun,0.05,90,90,0,0.0,0.0,0.0,2.775557561562892e-17
google__logic7__gcn__seed42,google,logic7,gcn,42,gradinput,P01_checkpoint_rerun,0.1,71,71,0,0.0,0.0,5.551115123125783e-17,8.326672684688674e-17
google__logic7__gcn__seed42,google,logic7,gcn,42,gradinput,P01_checkpoint_rerun,0.2,51,51,0,0.0,2.220446049250313e-16,5.551115123125783e-17,5.551115123125783e-17
google__logic7__gcn__seed42,google,logic7,gcn,42,atom_occlusion,P20_frozen_cache,0.05,35,35,0,0.0,0.0,0.0,0.0
google__logic7__gcn__seed42,google,logic7,gcn,42,atom_occlusion,P20_frozen_cache,0.1,27,27,0,0.0,0.0,0.0,0.0
google__logic7__gcn__seed42,google,logic7,gcn,42,atom_occlusion,P20_frozen_cache,0.2,18,18,0,0.0,0.0,0.0,0.0
google__logic7__gcn__seed42,google,logic7,gcn,42,saliency,P20_frozen_cache,0.05,97,97,0,0.0,0.0,0.0,0.0
google__logic7__gcn__seed42,google,logic7,gcn,42,saliency,P20_frozen_cache,0.1,96,96,0,0.0,0.0,0.0,0.0
google__logic7__gcn__seed42,google,logic7,gcn,42,saliency,P20_frozen_cache,0.2,93,93,0,0.0,0.0,0.0,0.0
google__logic7__gin__seed123,google,logic7,gin,123,ig,P01_checkpoint_rerun,0.05,79,79,0,0.0,0.0,0.0,-2.775557561562892e-17
google__logic7__gin__seed123,google,logic7,gin,123,ig,P01_checkpoint_rerun,0.1,67,67,0,0.0,0.0,0.0,-5.551115123125783e-17
google__logic7__gin__seed123,google,logic7,gin,123,ig,P01_checkpoint_rerun,0.2,42,42,0,0.0,0.0,5.551115123125783e-17,5.551115123125783e-17
google__logic7__gin__seed123,google,logic7,gin,123,gradinput,P01_checkpoint_rerun,0.05,97,97,0,0.0,0.0,8.326672684688674e-17,8.326672684688674e-17
google__logic7__gin__seed123,google,logic7,gin,123,gradinput,P01_checkpoint_rerun,0.1,96,96,0,0.0,1.1102230246251563e-16,0.0,2.775557561562892e-17
google__logic7__gin__seed123,google,logic7,gin,123,gradinput,P01_checkpoint_rerun,0.2,93,93,0,-2.775557561562892e-17,-3.3306690738754696e-16,2.775557561562892e-17,2.775557561562892e-17
google__logic7__gin__seed123,google,logic7,gin,123,atom_occlusion,P20_frozen_cache,0.05,80,80,0,0.0,0.0,0.0,0.0
google__logic7__gin__seed123,google,logic7,gin,123,atom_occlusion,P20_frozen_cache,0.1,69,69,0,0.0,0.0,0.0,0.0
google__logic7__gin__seed123,google,logic7,gin,123,atom_occlusion,P20_frozen_cache,0.2,49,49,0,0.0,0.0,0.0,0.0
google__logic7__gin__seed123,google,logic7,gin,123,saliency,P20_frozen_cache,0.05,96,96,0,0.0,0.0,0.0,0.0
google__logic7__gin__seed123,google,logic7,gin,123,saliency,P20_frozen_cache,0.1,94,94,0,0.0,0.0,0.0,0.0
google__logic7__gin__seed123,google,logic7,gin,123,saliency,P20_frozen_cache,0.2,88,88,0,0.0,0.0,0.0,0.0
google__logic7__gin__seed2026,google,logic7,gin,2026,ig,P01_checkpoint_rerun,0.05,96,96,0,0.0,1.1102230246251563e-16,5.551115123125783e-17,2.775557561562892e-17
google__logic7__gin__seed2026,google,logic7,gin,2026,ig,P01_checkpoint_rerun,0.1,92,92,0,0.0,-3.3306690738754696e-16,-5.551115123125783e-17,0.0
google__logic7__gin__seed2026,google,logic7,gin,2026,ig,P01_checkpoint_rerun,0.2,81,81,0,0.0,-1.1102230246251563e-16,0.0,0.0
google__logic7__gin__seed2026,google,logic7,gin,2026,gradinput,P01_checkpoint_rerun,0.05,95,95,0,0.0,-1.1102230246251563e-16,0.0,0.0
google__logic7__gin__seed2026,google,logic7,gin,2026,gradinput,P01_checkpoint_rerun,0.1,89,89,0,0.0,3.3306690738754696e-16,2.775557561562892e-17,0.0
google__logic7__gin__seed2026,google,logic7,gin,2026,gradinput,P01_checkpoint_rerun,0.2,79,79,0,2.775557561562892e-17,0.0,2.775557561562892e-17,2.775557561562892e-17
google__logic7__gin__seed2026,google,logic7,gin,2026,atom_occlusion,P20_frozen_cache,0.05,96,96,0,0.0,0.0,0.0,0.0
google__logic7__gin__seed2026,google,logic7,gin,2026,atom_occlusion,P20_frozen_cache,0.1,88,88,0,0.0,0.0,0.0,0.0
google__logic7__gin__seed2026,google,logic7,gin,2026,atom_occlusion,P20_frozen_cache,0.2,77,77,0,0.0,0.0,0.0,0.0
google__logic7__gin__seed2026,google,logic7,gin,2026,saliency,P20_frozen_cache,0.05,96,96,0,0.0,0.0,0.0,0.0
google__logic7__gin__seed2026,google,logic7,gin,2026,saliency,P20_frozen_cache,0.1,92,92,0,0.0,0.0,0.0,0.0
google__logic7__gin__seed2026,google,logic7,gin,2026,saliency,P20_frozen_cache,0.2,85,85,0,0.0,0.0,0.0,0.0
google__logic7__gin__seed42,google,logic7,gin,42,ig,P01_checkpoint_rerun,0.05,91,91,0,0.0,-3.3306690738754696e-16,5.551115123125783e-17,0.0
google__logic7__gin__seed42,google,logic7,gin,42,ig,P01_checkpoint_rerun,0.1,74,74,0,2.775557561562892e-17,3.3306690738754696e-16,2.775557561562892e-17,0.0
google__logic7__gin__seed42,google,logic7,gin,42,ig,P01_checkpoint_rerun,0.2,53,53,0,0.0,1.1102230246251563e-16,5.551115123125783e-17,0.0
google__logic7__gin__seed42,google,logic7,gin,42,gradinput,P01_checkpoint_rerun,0.05,96,96,0,0.0,1.1102230246251563e-16,0.0,2.775557561562892e-17
google__logic7__gin__seed42,google,logic7,gin,42,gradinput,P01_checkpoint_rerun,0.1,93,93,0,0.0,-3.3306690738754696e-16,2.775557561562892e-17,8.326672684688674e-17
google__logic7__gin__seed42,google,logic7,gin,42,gradinput,P01_checkpoint_rerun,0.2,89,89,0,-2.775557561562892e-17,3.3306690738754696e-16,0.0,0.0
google__logic7__gin__seed42,google,logic7,gin,42,atom_occlusion,P20_frozen_cache,0.05,93,93,0,0.0,0.0,0.0,0.0
google__logic7__gin__seed42,google,logic7,gin,42,atom_occlusion,P20_frozen_cache,0.1,89,89,0,0.0,0.0,0.0,0.0
google__logic7__gin__seed42,google,logic7,gin,42,atom_occlusion,P20_frozen_cache,0.2,79,79,0,0.0,0.0,0.0,0.0
google__logic7__gin__seed42,google,logic7,gin,42,saliency,P20_frozen_cache,0.05,96,96,0,0.0,0.0,0.0,0.0
google__logic7__gin__seed42,google,logic7,gin,42,saliency,P20_frozen_cache,0.1,96,96,0,0.0,0.0,0.0,0.0
google__logic7__gin__seed42,google,logic7,gin,42,saliency,P20_frozen_cache,0.2,90,90,0,0.0,0.0,0.0,0.0
google__logic8__gcn__seed123,google,logic8,gcn,123,ig,P01_checkpoint_rerun,0.05,93,93,0,0.0,-2.220446049250313e-16,1.6653345369377348e-16,5.551115123125783e-17
google__logic8__gcn__seed123,google,logic8,gcn,123,ig,P01_checkpoint_rerun,0.1,84,84,0,-6.938893903907227e-17,1.1102230246251563e-16,-5.551115123125783e-17,1.1102230246251563e-16
google__logic8__gcn__seed123,google,logic8,gcn,123,ig,P01_checkpoint_rerun,0.2,66,66,0,-1.6653345369377348e-16,1.9984014443252818e-15,-5.551115123125783e-17,-5.551115123125783e-17
google__logic8__gcn__seed123,google,logic8,gcn,123,gradinput,P01_checkpoint_rerun,0.05,93,93,0,2.0816681711721685e-17,-2.220446049250313e-16,1.1102230246251563e-16,-5.551115123125783e-17
google__logic8__gcn__seed123,google,logic8,gcn,123,gradinput,P01_checkpoint_rerun,0.1,88,88,0,-9.714451465470121e-17,-6.661338147750939e-16,1.1102230246251563e-16,-5.551115123125783e-17
google__logic8__gcn__seed123,google,logic8,gcn,123,gradinput,P01_checkpoint_rerun,0.2,78,78,0,-1.1102230246251563e-16,0.0,5.551115123125783e-17,-1.1102230246251563e-16
google__logic8__gcn__seed123,google,logic8,gcn,123,atom_occlusion,P20_frozen_cache,0.05,71,71,0,0.0,0.0,0.0,0.0
google__logic8__gcn__seed123,google,logic8,gcn,123,atom_occlusion,P20_frozen_cache,0.1,59,59,0,0.0,0.0,0.0,0.0
google__logic8__gcn__seed123,google,logic8,gcn,123,atom_occlusion,P20_frozen_cache,0.2,45,45,0,0.0,0.0,0.0,0.0
google__logic8__gcn__seed123,google,logic8,gcn,123,saliency,P20_frozen_cache,0.05,86,86,0,0.0,0.0,0.0,0.0
google__logic8__gcn__seed123,google,logic8,gcn,123,saliency,P20_frozen_cache,0.1,72,72,0,0.0,0.0,0.0,0.0
google__logic8__gcn__seed123,google,logic8,gcn,123,saliency,P20_frozen_cache,0.2,53,53,0,0.0,0.0,0.0,0.0
google__logic8__gcn__seed2026,google,logic8,gcn,2026,ig,P01_checkpoint_rerun,0.05,95,95,0,-6.938893903907228e-18,0.0,1.1102230246251563e-16,0.0
google__logic8__gcn__seed2026,google,logic8,gcn,2026,ig,P01_checkpoint_rerun,0.1,91,91,0,-6.938893903907227e-17,-1.1102230246251563e-16,-5.551115123125783e-17,-5.551115123125783e-17
google__logic8__gcn__seed2026,google,logic8,gcn,2026,ig,P01_checkpoint_rerun,0.2,83,83,0,-8.326672684688674e-17,0.0,5.551115123125783e-17,-1.6653345369377348e-16
google__logic8__gcn__seed2026,google,logic8,gcn,2026,gradinput,P01_checkpoint_rerun,0.05,95,95,0,6.938893903907228e-18,0.0,1.1102230246251563e-16,5.551115123125783e-17
google__logic8__gcn__seed2026,google,logic8,gcn,2026,gradinput,P01_checkpoint_rerun,0.1,89,89,0,-6.938893903907227e-17,-2.220446049250313e-16,0.0,-5.551115123125783e-17
google__logic8__gcn__seed2026,google,logic8,gcn,2026,gradinput,P01_checkpoint_rerun,0.2,76,76,0,-1.6653345369377348e-16,0.0,0.0,-5.551115123125783e-17
google__logic8__gcn__seed2026,google,logic8,gcn,2026,atom_occlusion,P20_frozen_cache,0.05,84,84,0,0.0,0.0,0.0,0.0
google__logic8__gcn__seed2026,google,logic8,gcn,2026,atom_occlusion,P20_frozen_cache,0.1,69,69,0,0.0,0.0,0.0,0.0
google__logic8__gcn__seed2026,google,logic8,gcn,2026,atom_occlusion,P20_frozen_cache,0.2,48,48,0,0.0,0.0,0.0,0.0
google__logic8__gcn__seed2026,google,logic8,gcn,2026,saliency,P20_frozen_cache,0.05,85,85,0,0.0,0.0,0.0,0.0
google__logic8__gcn__seed2026,google,logic8,gcn,2026,saliency,P20_frozen_cache,0.1,70,70,0,0.0,0.0,0.0,0.0
google__logic8__gcn__seed2026,google,logic8,gcn,2026,saliency,P20_frozen_cache,0.2,57,57,0,0.0,0.0,0.0,0.0
google__logic8__gcn__seed42,google,logic8,gcn,42,ig,P01_checkpoint_rerun,0.05,96,96,0,0.0,-2.220446049250313e-16,2.220446049250313e-16,0.0
google__logic8__gcn__seed42,google,logic8,gcn,42,ig,P01_checkpoint_rerun,0.1,96,96,0,0.0,-2.220446049250313e-16,2.220446049250313e-16,0.0
google__logic8__gcn__seed42,google,logic8,gcn,42,ig,P01_checkpoint_rerun,0.2,89,89,0,-1.1102230246251563e-16,-2.220446049250313e-16,-2.7755575615628914e-16,-1.1102230246251563e-16
google__logic8__gcn__seed42,google,logic8,gcn,42,gradinput,P01_checkpoint_rerun,0.05,96,96,0,-1.734723475976807e-18,-2.220446049250313e-16,1.1102230246251563e-16,1.1102230246251563e-16
google__logic8__gcn__seed42,google,logic8,gcn,42,gradinput,P01_checkpoint_rerun,0.1,91,91,0,-2.775557561562892e-17,-1.1102230246251563e-16,0.0,-5.551115123125783e-17
google__logic8__gcn__seed42,google,logic8,gcn,42,gradinput,P01_checkpoint_rerun,0.2,81,81,0,-2.220446049250313e-16,-2.220446049250313e-16,1.1102230246251563e-16,-1.1102230246251563e-16
google__logic8__gcn__seed42,google,logic8,gcn,42,atom_occlusion,P20_frozen_cache,0.05,79,79,0,0.0,0.0,0.0,0.0
google__logic8__gcn__seed42,google,logic8,gcn,42,atom_occlusion,P20_frozen_cache,0.1,65,65,0,0.0,0.0,0.0,0.0
google__logic8__gcn__seed42,google,logic8,gcn,42,atom_occlusion,P20_frozen_cache,0.2,48,48,0,0.0,0.0,0.0,0.0
google__logic8__gcn__seed42,google,logic8,gcn,42,saliency,P20_frozen_cache,0.05,80,80,0,0.0,0.0,0.0,0.0
google__logic8__gcn__seed42,google,logic8,gcn,42,saliency,P20_frozen_cache,0.1,65,65,0,0.0,0.0,0.0,0.0
google__logic8__gcn__seed42,google,logic8,gcn,42,saliency,P20_frozen_cache,0.2,48,48,0,0.0,0.0,0.0,0.0
google__logic8__gin__seed123,google,logic8,gin,123,ig,P01_checkpoint_rerun,0.05,89,89,0,2.0816681711721685e-17,-2.220446049250313e-16,1.1102230246251563e-16,1.6653345369377348e-16
google__logic8__gin__seed123,google,logic8,gin,123,ig,P01_checkpoint_rerun,0.1,85,85,0,-6.938893903907227e-17,-9.992007221626409e-16,0.0,1.1102230246251563e-16
google__logic8__gin__seed123,google,logic8,gin,123,ig,P01_checkpoint_rerun,0.2,77,77,0,-5.551115123125783e-17,0.0,1.1102230246251563e-16,-1.1102230246251563e-16
google__logic8__gin__seed123,google,logic8,gin,123,gradinput,P01_checkpoint_rerun,0.05,96,96,0,-6.938893903907228e-18,-2.220446049250313e-16,1.6653345369377348e-16,1.1102230246251563e-16
google__logic8__gin__seed123,google,logic8,gin,123,gradinput,P01_checkpoint_rerun,0.1,95,95,0,-8.326672684688674e-17,0.0,5.551115123125783e-17,0.0
google__logic8__gin__seed123,google,logic8,gin,123,gradinput,P01_checkpoint_rerun,0.2,89,89,0,-1.9428902930940242e-16,-2.220446049250313e-16,0.0,-5.551115123125783e-17
google__logic8__gin__seed123,google,logic8,gin,123,atom_occlusion,P20_frozen_cache,0.05,85,85,0,0.0,0.0,0.0,0.0
google__logic8__gin__seed123,google,logic8,gin,123,atom_occlusion,P20_frozen_cache,0.1,73,73,0,0.0,0.0,0.0,0.0
google__logic8__gin__seed123,google,logic8,gin,123,atom_occlusion,P20_frozen_cache,0.2,56,56,0,0.0,0.0,0.0,0.0
google__logic8__gin__seed123,google,logic8,gin,123,saliency,P20_frozen_cache,0.05,89,89,0,0.0,0.0,0.0,0.0
google__logic8__gin__seed123,google,logic8,gin,123,saliency,P20_frozen_cache,0.1,80,80,0,0.0,0.0,0.0,0.0
google__logic8__gin__seed123,google,logic8,gin,123,saliency,P20_frozen_cache,0.2,65,65,0,0.0,0.0,0.0,0.0
google__logic8__gin__seed2026,google,logic8,gin,2026,ig,P01_checkpoint_rerun,0.05,85,85,0,2.0816681711721685e-17,-9.992007221626409e-16,1.6653345369377348e-16,5.551115123125783e-17
google__logic8__gin__seed2026,google,logic8,gin,2026,ig,P01_checkpoint_rerun,0.1,76,76,0,-5.551115123125783e-17,0.0,1.6653345369377348e-16,1.6653345369377348e-16
google__logic8__gin__seed2026,google,logic8,gin,2026,ig,P01_checkpoint_rerun,0.2,58,58,0,-1.1102230246251563e-16,-6.661338147750939e-16,1.6653345369377348e-16,-1.6653345369377348e-16
google__logic8__gin__seed2026,google,logic8,gin,2026,gradinput,P01_checkpoint_rerun,0.05,96,96,0,-5.204170427930421e-18,-2.220446049250313e-16,1.6653345369377348e-16,1.6653345369377348e-16
google__logic8__gin__seed2026,google,logic8,gin,2026,gradinput,P01_checkpoint_rerun,0.1,93,93,0,-2.775557561562892e-17,-2.220446049250313e-16,5.551115123125783e-17,-5.551115123125783e-17
google__logic8__gin__seed2026,google,logic8,gin,2026,gradinput,P01_checkpoint_rerun,0.2,87,87,0,-1.9428902930940242e-16,-5.551115123125784e-16,-1.1102230246251563e-16,-1.1102230246251563e-16
google__logic8__gin__seed2026,google,logic8,gin,2026,atom_occlusion,P20_frozen_cache,0.05,87,87,0,0.0,0.0,0.0,0.0
google__logic8__gin__seed2026,google,logic8,gin,2026,atom_occlusion,P20_frozen_cache,0.1,77,77,0,0.0,0.0,0.0,0.0
google__logic8__gin__seed2026,google,logic8,gin,2026,atom_occlusion,P20_frozen_cache,0.2,61,61,0,0.0,0.0,0.0,0.0
google__logic8__gin__seed2026,google,logic8,gin,2026,saliency,P20_frozen_cache,0.05,92,92,0,0.0,0.0,0.0,0.0
google__logic8__gin__seed2026,google,logic8,gin,2026,saliency,P20_frozen_cache,0.1,84,84,0,0.0,0.0,0.0,0.0
google__logic8__gin__seed2026,google,logic8,gin,2026,saliency,P20_frozen_cache,0.2,71,71,0,0.0,0.0,0.0,0.0
google__logic8__gin__seed42,google,logic8,gin,42,ig,P01_checkpoint_rerun,0.05,91,91,0,1.3877787807814457e-17,-1.1102230246251563e-16,1.1102230246251563e-16,5.551115123125783e-17
google__logic8__gin__seed42,google,logic8,gin,42,ig,P01_checkpoint_rerun,0.1,86,86,0,-9.714451465470121e-17,-5.551115123125784e-16,0.0,0.0
google__logic8__gin__seed42,google,logic8,gin,42,ig,P01_checkpoint_rerun,0.2,76,76,0,0.0,0.0,-5.551115123125783e-17,2.220446049250313e-16
google__logic8__gin__seed42,google,logic8,gin,42,gradinput,P01_checkpoint_rerun,0.05,95,95,0,1.3877787807814457e-17,0.0,1.6653345369377348e-16,1.1102230246251563e-16
google__logic8__gin__seed42,google,logic8,gin,42,gradinput,P01_checkpoint_rerun,0.1,91,91,0,-2.775557561562892e-17,-1.1102230246251563e-16,1.1102230246251563e-16,0.0
google__logic8__gin__seed42,google,logic8,gin,42,gradinput,P01_checkpoint_rerun,0.2,82,82,0,-1.3877787807814454e-16,4.440892098500626e-16,0.0,0.0
google__logic8__gin__seed42,google,logic8,gin,42,atom_occlusion,P20_frozen_cache,0.05,87,87,0,0.0,0.0,0.0,0.0
google__logic8__gin__seed42,google,logic8,gin,42,atom_occlusion,P20_frozen_cache,0.1,78,78,0,0.0,0.0,0.0,0.0
google__logic8__gin__seed42,google,logic8,gin,42,atom_occlusion,P20_frozen_cache,0.2,63,63,0,0.0,0.0,0.0,0.0
google__logic8__gin__seed42,google,logic8,gin,42,saliency,P20_frozen_cache,0.05,96,96,0,0.0,0.0,0.0,0.0
google__logic8__gin__seed42,google,logic8,gin,42,saliency,P20_frozen_cache,0.1,93,93,0,0.0,0.0,0.0,0.0
google__logic8__gin__seed42,google,logic8,gin,42,saliency,P20_frozen_cache,0.2,87,87,0,0.0,0.0,0.0,0.0
