cell_id,family,task,model,seed,method,score_origin,grid,alpha,q,n_calibration,n_test,calibration_risk,corrected_risk,risk,mean_atom_fraction,precision,iou
bxaic__B__gcn__seed123,bxaic,B,gcn,123,ig,P01_checkpoint_rerun,machine,0.05,1,119,109,0.0126050420168067,0.0208333333333333,0.0290519877675841,0.0386003571497199,0.9908256880733946,0.9617737003058104
bxaic__B__gcn__seed123,bxaic,B,gcn,123,ig,P01_checkpoint_rerun,exact_integer,0.05,1,119,109,0.0126050420168067,0.0208333333333333,0.0290519877675841,0.0386003571497199,0.9908256880733946,0.9617737003058104
bxaic__B__gcn__seed123,bxaic,B,gcn,123,ig,P01_checkpoint_rerun,machine,0.1,1,119,109,0.0126050420168067,0.0208333333333333,0.0290519877675841,0.0386003571497199,0.9908256880733946,0.9617737003058104
bxaic__B__gcn__seed123,bxaic,B,gcn,123,ig,P01_checkpoint_rerun,exact_integer,0.1,1,119,109,0.0126050420168067,0.0208333333333333,0.0290519877675841,0.0386003571497199,0.9908256880733946,0.9617737003058104
bxaic__B__gcn__seed123,bxaic,B,gcn,123,ig,P01_checkpoint_rerun,machine,0.2,1,119,109,0.0126050420168067,0.0208333333333333,0.0290519877675841,0.0386003571497199,0.9908256880733946,0.9617737003058104
bxaic__B__gcn__seed123,bxaic,B,gcn,123,ig,P01_checkpoint_rerun,exact_integer,0.2,1,119,109,0.0126050420168067,0.0208333333333333,0.0290519877675841,0.0386003571497199,0.9908256880733946,0.9617737003058104
bxaic__B__gcn__seed123,bxaic,B,gcn,123,gradinput,P01_checkpoint_rerun,machine,0.05,1,119,109,0.0126050420168067,0.0208333333333333,0.0290519877675841,0.0386003571497199,0.9908256880733946,0.9617737003058104
bxaic__B__gcn__seed123,bxaic,B,gcn,123,gradinput,P01_checkpoint_rerun,exact_integer,0.05,1,119,109,0.0126050420168067,0.0208333333333333,0.0290519877675841,0.0386003571497199,0.9908256880733946,0.9617737003058104
bxaic__B__gcn__seed123,bxaic,B,gcn,123,gradinput,P01_checkpoint_rerun,machine,0.1,1,119,109,0.0126050420168067,0.0208333333333333,0.0290519877675841,0.0386003571497199,0.9908256880733946,0.9617737003058104
bxaic__B__gcn__seed123,bxaic,B,gcn,123,gradinput,P01_checkpoint_rerun,exact_integer,0.1,1,119,109,0.0126050420168067,0.0208333333333333,0.0290519877675841,0.0386003571497199,0.9908256880733946,0.9617737003058104
bxaic__B__gcn__seed123,bxaic,B,gcn,123,gradinput,P01_checkpoint_rerun,machine,0.2,1,119,109,0.0126050420168067,0.0208333333333333,0.0290519877675841,0.0386003571497199,0.9908256880733946,0.9617737003058104
bxaic__B__gcn__seed123,bxaic,B,gcn,123,gradinput,P01_checkpoint_rerun,exact_integer,0.2,1,119,109,0.0126050420168067,0.0208333333333333,0.0290519877675841,0.0386003571497199,0.9908256880733946,0.9617737003058104
bxaic__B__gcn__seed123,bxaic,B,gcn,123,atom_occlusion,P20_frozen_cache,machine,0.05,1,119,109,0.0126050420168067,0.0208333333333333,0.0290519877675841,0.0386003571497199,0.9908256880733946,0.9617737003058104
bxaic__B__gcn__seed123,bxaic,B,gcn,123,atom_occlusion,P20_frozen_cache,exact_integer,0.05,1,119,109,0.0126050420168067,0.0208333333333333,0.0290519877675841,0.0386003571497199,0.9908256880733946,0.9617737003058104
bxaic__B__gcn__seed123,bxaic,B,gcn,123,atom_occlusion,P20_frozen_cache,machine,0.1,1,119,109,0.0126050420168067,0.0208333333333333,0.0290519877675841,0.0386003571497199,0.9908256880733946,0.9617737003058104
bxaic__B__gcn__seed123,bxaic,B,gcn,123,atom_occlusion,P20_frozen_cache,exact_integer,0.1,1,119,109,0.0126050420168067,0.0208333333333333,0.0290519877675841,0.0386003571497199,0.9908256880733946,0.9617737003058104
bxaic__B__gcn__seed123,bxaic,B,gcn,123,atom_occlusion,P20_frozen_cache,machine,0.2,1,119,109,0.0126050420168067,0.0208333333333333,0.0290519877675841,0.0386003571497199,0.9908256880733946,0.9617737003058104
bxaic__B__gcn__seed123,bxaic,B,gcn,123,atom_occlusion,P20_frozen_cache,exact_integer,0.2,1,119,109,0.0126050420168067,0.0208333333333333,0.0290519877675841,0.0386003571497199,0.9908256880733946,0.9617737003058104
bxaic__B__gcn__seed123,bxaic,B,gcn,123,saliency,P20_frozen_cache,machine,0.05,20,119,109,0.042016806722689,0.05,0.0275229357798165,0.2153567335816146,0.1825219397342451,0.1825219397342451
bxaic__B__gcn__seed123,bxaic,B,gcn,123,saliency,P20_frozen_cache,exact_integer,0.05,20,119,109,0.042016806722689,0.05,0.0275229357798165,0.2153567335816146,0.1825219397342451,0.1825219397342451
bxaic__B__gcn__seed123,bxaic,B,gcn,123,saliency,P20_frozen_cache,machine,0.1,5,119,109,0.0840336134453781,0.0916666666666666,0.091743119266055,0.0690404773475921,0.5037461773700306,0.5037461773700306
bxaic__B__gcn__seed123,bxaic,B,gcn,123,saliency,P20_frozen_cache,exact_integer,0.1,5,119,109,0.0840336134453781,0.0916666666666666,0.091743119266055,0.0690404773475921,0.5037461773700306,0.5037461773700306
bxaic__B__gcn__seed123,bxaic,B,gcn,123,saliency,P20_frozen_cache,machine,0.2,1,119,109,0.1638655462184874,0.1708333333333333,0.1697247706422018,0.0386003571497199,0.8348623853211009,0.8211009174311926
bxaic__B__gcn__seed123,bxaic,B,gcn,123,saliency,P20_frozen_cache,exact_integer,0.2,1,119,109,0.1638655462184874,0.1708333333333333,0.1697247706422018,0.0386003571497199,0.8348623853211009,0.8211009174311926
bxaic__B__gcn__seed2026,bxaic,B,gcn,2026,ig,P01_checkpoint_rerun,machine,0.05,1,119,109,0.0126050420168067,0.0208333333333333,0.0290519877675841,0.0386003571497199,0.9908256880733946,0.9617737003058104
bxaic__B__gcn__seed2026,bxaic,B,gcn,2026,ig,P01_checkpoint_rerun,exact_integer,0.05,1,119,109,0.0126050420168067,0.0208333333333333,0.0290519877675841,0.0386003571497199,0.9908256880733946,0.9617737003058104
bxaic__B__gcn__seed2026,bxaic,B,gcn,2026,ig,P01_checkpoint_rerun,machine,0.1,1,119,109,0.0126050420168067,0.0208333333333333,0.0290519877675841,0.0386003571497199,0.9908256880733946,0.9617737003058104
bxaic__B__gcn__seed2026,bxaic,B,gcn,2026,ig,P01_checkpoint_rerun,exact_integer,0.1,1,119,109,0.0126050420168067,0.0208333333333333,0.0290519877675841,0.0386003571497199,0.9908256880733946,0.9617737003058104
bxaic__B__gcn__seed2026,bxaic,B,gcn,2026,ig,P01_checkpoint_rerun,machine,0.2,1,119,109,0.0126050420168067,0.0208333333333333,0.0290519877675841,0.0386003571497199,0.9908256880733946,0.9617737003058104
bxaic__B__gcn__seed2026,bxaic,B,gcn,2026,ig,P01_checkpoint_rerun,exact_integer,0.2,1,119,109,0.0126050420168067,0.0208333333333333,0.0290519877675841,0.0386003571497199,0.9908256880733946,0.9617737003058104
bxaic__B__gcn__seed2026,bxaic,B,gcn,2026,gradinput,P01_checkpoint_rerun,machine,0.05,1,119,109,0.0126050420168067,0.0208333333333333,0.0290519877675841,0.0386003571497199,0.9908256880733946,0.9617737003058104
bxaic__B__gcn__seed2026,bxaic,B,gcn,2026,gradinput,P01_checkpoint_rerun,exact_integer,0.05,1,119,109,0.0126050420168067,0.0208333333333333,0.0290519877675841,0.0386003571497199,0.9908256880733946,0.9617737003058104
bxaic__B__gcn__seed2026,bxaic,B,gcn,2026,gradinput,P01_checkpoint_rerun,machine,0.1,1,119,109,0.0126050420168067,0.0208333333333333,0.0290519877675841,0.0386003571497199,0.9908256880733946,0.9617737003058104
bxaic__B__gcn__seed2026,bxaic,B,gcn,2026,gradinput,P01_checkpoint_rerun,exact_integer,0.1,1,119,109,0.0126050420168067,0.0208333333333333,0.0290519877675841,0.0386003571497199,0.9908256880733946,0.9617737003058104
bxaic__B__gcn__seed2026,bxaic,B,gcn,2026,gradinput,P01_checkpoint_rerun,machine,0.2,1,119,109,0.0126050420168067,0.0208333333333333,0.0290519877675841,0.0386003571497199,0.9908256880733946,0.9617737003058104
bxaic__B__gcn__seed2026,bxaic,B,gcn,2026,gradinput,P01_checkpoint_rerun,exact_integer,0.2,1,119,109,0.0126050420168067,0.0208333333333333,0.0290519877675841,0.0386003571497199,0.9908256880733946,0.9617737003058104
bxaic__B__gcn__seed2026,bxaic,B,gcn,2026,atom_occlusion,P20_frozen_cache,machine,0.05,1,119,109,0.0126050420168067,0.0208333333333333,0.0290519877675841,0.0386003571497199,0.9908256880733946,0.9617737003058104
bxaic__B__gcn__seed2026,bxaic,B,gcn,2026,atom_occlusion,P20_frozen_cache,exact_integer,0.05,1,119,109,0.0126050420168067,0.0208333333333333,0.0290519877675841,0.0386003571497199,0.9908256880733946,0.9617737003058104
bxaic__B__gcn__seed2026,bxaic,B,gcn,2026,atom_occlusion,P20_frozen_cache,machine,0.1,1,119,109,0.0126050420168067,0.0208333333333333,0.0290519877675841,0.0386003571497199,0.9908256880733946,0.9617737003058104
bxaic__B__gcn__seed2026,bxaic,B,gcn,2026,atom_occlusion,P20_frozen_cache,exact_integer,0.1,1,119,109,0.0126050420168067,0.0208333333333333,0.0290519877675841,0.0386003571497199,0.9908256880733946,0.9617737003058104
bxaic__B__gcn__seed2026,bxaic,B,gcn,2026,atom_occlusion,P20_frozen_cache,machine,0.2,1,119,109,0.0126050420168067,0.0208333333333333,0.0290519877675841,0.0386003571497199,0.9908256880733946,0.9617737003058104
bxaic__B__gcn__seed2026,bxaic,B,gcn,2026,atom_occlusion,P20_frozen_cache,exact_integer,0.2,1,119,109,0.0126050420168067,0.0208333333333333,0.0290519877675841,0.0386003571497199,0.9908256880733946,0.9617737003058104
bxaic__B__gcn__seed2026,bxaic,B,gcn,2026,saliency,P20_frozen_cache,machine,0.05,26,119,109,0.042016806722689,0.05,0.0458715596330275,0.2789442424776348,0.1366082084515617,0.1366082084515617
bxaic__B__gcn__seed2026,bxaic,B,gcn,2026,saliency,P20_frozen_cache,exact_integer,0.05,26,119,109,0.042016806722689,0.05,0.0458715596330275,0.2789442424776348,0.1366082084515617,0.1366082084515617
bxaic__B__gcn__seed2026,bxaic,B,gcn,2026,saliency,P20_frozen_cache,machine,0.1,18,119,109,0.088235294117647,0.0958333333333333,0.073394495412844,0.1980496506979957,0.1865046194095544,0.1865046194095544
bxaic__B__gcn__seed2026,bxaic,B,gcn,2026,saliency,P20_frozen_cache,exact_integer,0.1,18,119,109,0.088235294117647,0.0958333333333333,0.073394495412844,0.1980496506979957,0.1865046194095544,0.1865046194095544
bxaic__B__gcn__seed2026,bxaic,B,gcn,2026,saliency,P20_frozen_cache,machine,0.2,6,119,109,0.1764705882352941,0.1833333333333333,0.2140672782874617,0.0797090741330351,0.3766928789864569,0.3736347750109217
bxaic__B__gcn__seed2026,bxaic,B,gcn,2026,saliency,P20_frozen_cache,exact_integer,0.2,6,119,109,0.1764705882352941,0.1833333333333333,0.2140672782874617,0.0797090741330351,0.3766928789864569,0.3736347750109217
bxaic__B__gcn__seed42,bxaic,B,gcn,42,ig,P01_checkpoint_rerun,machine,0.05,1,119,109,0.0126050420168067,0.0208333333333333,0.0290519877675841,0.0386003571497199,0.9908256880733946,0.9617737003058104
bxaic__B__gcn__seed42,bxaic,B,gcn,42,ig,P01_checkpoint_rerun,exact_integer,0.05,1,119,109,0.0126050420168067,0.0208333333333333,0.0290519877675841,0.0386003571497199,0.9908256880733946,0.9617737003058104
bxaic__B__gcn__seed42,bxaic,B,gcn,42,ig,P01_checkpoint_rerun,machine,0.1,1,119,109,0.0126050420168067,0.0208333333333333,0.0290519877675841,0.0386003571497199,0.9908256880733946,0.9617737003058104
bxaic__B__gcn__seed42,bxaic,B,gcn,42,ig,P01_checkpoint_rerun,exact_integer,0.1,1,119,109,0.0126050420168067,0.0208333333333333,0.0290519877675841,0.0386003571497199,0.9908256880733946,0.9617737003058104
bxaic__B__gcn__seed42,bxaic,B,gcn,42,ig,P01_checkpoint_rerun,machine,0.2,1,119,109,0.0126050420168067,0.0208333333333333,0.0290519877675841,0.0386003571497199,0.9908256880733946,0.9617737003058104
bxaic__B__gcn__seed42,bxaic,B,gcn,42,ig,P01_checkpoint_rerun,exact_integer,0.2,1,119,109,0.0126050420168067,0.0208333333333333,0.0290519877675841,0.0386003571497199,0.9908256880733946,0.9617737003058104
bxaic__B__gcn__seed42,bxaic,B,gcn,42,gradinput,P01_checkpoint_rerun,machine,0.05,1,119,109,0.0126050420168067,0.0208333333333333,0.0290519877675841,0.0386003571497199,0.9908256880733946,0.9617737003058104
bxaic__B__gcn__seed42,bxaic,B,gcn,42,gradinput,P01_checkpoint_rerun,exact_integer,0.05,1,119,109,0.0126050420168067,0.0208333333333333,0.0290519877675841,0.0386003571497199,0.9908256880733946,0.9617737003058104
bxaic__B__gcn__seed42,bxaic,B,gcn,42,gradinput,P01_checkpoint_rerun,machine,0.1,1,119,109,0.0126050420168067,0.0208333333333333,0.0290519877675841,0.0386003571497199,0.9908256880733946,0.9617737003058104
bxaic__B__gcn__seed42,bxaic,B,gcn,42,gradinput,P01_checkpoint_rerun,exact_integer,0.1,1,119,109,0.0126050420168067,0.0208333333333333,0.0290519877675841,0.0386003571497199,0.9908256880733946,0.9617737003058104
bxaic__B__gcn__seed42,bxaic,B,gcn,42,gradinput,P01_checkpoint_rerun,machine,0.2,1,119,109,0.0126050420168067,0.0208333333333333,0.0290519877675841,0.0386003571497199,0.9908256880733946,0.9617737003058104
bxaic__B__gcn__seed42,bxaic,B,gcn,42,gradinput,P01_checkpoint_rerun,exact_integer,0.2,1,119,109,0.0126050420168067,0.0208333333333333,0.0290519877675841,0.0386003571497199,0.9908256880733946,0.9617737003058104
bxaic__B__gcn__seed42,bxaic,B,gcn,42,atom_occlusion,P20_frozen_cache,machine,0.05,1,119,109,0.0126050420168067,0.0208333333333333,0.0290519877675841,0.0386003571497199,0.9908256880733946,0.9617737003058104
bxaic__B__gcn__seed42,bxaic,B,gcn,42,atom_occlusion,P20_frozen_cache,exact_integer,0.05,1,119,109,0.0126050420168067,0.0208333333333333,0.0290519877675841,0.0386003571497199,0.9908256880733946,0.9617737003058104
bxaic__B__gcn__seed42,bxaic,B,gcn,42,atom_occlusion,P20_frozen_cache,machine,0.1,1,119,109,0.0126050420168067,0.0208333333333333,0.0290519877675841,0.0386003571497199,0.9908256880733946,0.9617737003058104
bxaic__B__gcn__seed42,bxaic,B,gcn,42,atom_occlusion,P20_frozen_cache,exact_integer,0.1,1,119,109,0.0126050420168067,0.0208333333333333,0.0290519877675841,0.0386003571497199,0.9908256880733946,0.9617737003058104
bxaic__B__gcn__seed42,bxaic,B,gcn,42,atom_occlusion,P20_frozen_cache,machine,0.2,1,119,109,0.0126050420168067,0.0208333333333333,0.0290519877675841,0.0386003571497199,0.9908256880733946,0.9617737003058104
bxaic__B__gcn__seed42,bxaic,B,gcn,42,atom_occlusion,P20_frozen_cache,exact_integer,0.2,1,119,109,0.0126050420168067,0.0208333333333333,0.0290519877675841,0.0386003571497199,0.9908256880733946,0.9617737003058104
bxaic__B__gcn__seed42,bxaic,B,gcn,42,saliency,P20_frozen_cache,machine,0.05,24,119,109,0.042016806722689,0.05,0.0275229357798165,0.2594518041916703,0.1520280550434354,0.1520280550434354
bxaic__B__gcn__seed42,bxaic,B,gcn,42,saliency,P20_frozen_cache,exact_integer,0.05,24,119,109,0.042016806722689,0.05,0.0275229357798165,0.2594518041916703,0.1520280550434354,0.1520280550434354
bxaic__B__gcn__seed42,bxaic,B,gcn,42,saliency,P20_frozen_cache,machine,0.1,7,119,109,0.0924369747899159,0.1,0.073394495412844,0.0883642941029018,0.4137723896898209,0.4122433377020533
bxaic__B__gcn__seed42,bxaic,B,gcn,42,saliency,P20_frozen_cache,exact_integer,0.1,7,119,109,0.0924369747899159,0.1,0.073394495412844,0.0883642941029018,0.4137723896898209,0.4122433377020533
bxaic__B__gcn__seed42,bxaic,B,gcn,42,saliency,P20_frozen_cache,machine,0.2,5,119,109,0.1596638655462184,0.1666666666666666,0.1177370030581039,0.0690404773475921,0.4945718654434251,0.4869266055045871
bxaic__B__gcn__seed42,bxaic,B,gcn,42,saliency,P20_frozen_cache,exact_integer,0.2,5,119,109,0.1596638655462184,0.1666666666666666,0.1177370030581039,0.0690404773475921,0.4945718654434251,0.4869266055045871
bxaic__B__gin__seed123,bxaic,B,gin,123,ig,P01_checkpoint_rerun,machine,0.05,1,119,109,0.0126050420168067,0.0208333333333333,0.0290519877675841,0.0386003571497199,0.9908256880733946,0.9617737003058104
bxaic__B__gin__seed123,bxaic,B,gin,123,ig,P01_checkpoint_rerun,exact_integer,0.05,1,119,109,0.0126050420168067,0.0208333333333333,0.0290519877675841,0.0386003571497199,0.9908256880733946,0.9617737003058104
bxaic__B__gin__seed123,bxaic,B,gin,123,ig,P01_checkpoint_rerun,machine,0.1,1,119,109,0.0126050420168067,0.0208333333333333,0.0290519877675841,0.0386003571497199,0.9908256880733946,0.9617737003058104
bxaic__B__gin__seed123,bxaic,B,gin,123,ig,P01_checkpoint_rerun,exact_integer,0.1,1,119,109,0.0126050420168067,0.0208333333333333,0.0290519877675841,0.0386003571497199,0.9908256880733946,0.9617737003058104
bxaic__B__gin__seed123,bxaic,B,gin,123,ig,P01_checkpoint_rerun,machine,0.2,1,119,109,0.0126050420168067,0.0208333333333333,0.0290519877675841,0.0386003571497199,0.9908256880733946,0.9617737003058104
bxaic__B__gin__seed123,bxaic,B,gin,123,ig,P01_checkpoint_rerun,exact_integer,0.2,1,119,109,0.0126050420168067,0.0208333333333333,0.0290519877675841,0.0386003571497199,0.9908256880733946,0.9617737003058104
bxaic__B__gin__seed123,bxaic,B,gin,123,gradinput,P01_checkpoint_rerun,machine,0.05,1,119,109,0.0126050420168067,0.0208333333333333,0.0290519877675841,0.0386003571497199,0.9908256880733946,0.9617737003058104
bxaic__B__gin__seed123,bxaic,B,gin,123,gradinput,P01_checkpoint_rerun,exact_integer,0.05,1,119,109,0.0126050420168067,0.0208333333333333,0.0290519877675841,0.0386003571497199,0.9908256880733946,0.9617737003058104
bxaic__B__gin__seed123,bxaic,B,gin,123,gradinput,P01_checkpoint_rerun,machine,0.1,1,119,109,0.0126050420168067,0.0208333333333333,0.0290519877675841,0.0386003571497199,0.9908256880733946,0.9617737003058104
bxaic__B__gin__seed123,bxaic,B,gin,123,gradinput,P01_checkpoint_rerun,exact_integer,0.1,1,119,109,0.0126050420168067,0.0208333333333333,0.0290519877675841,0.0386003571497199,0.9908256880733946,0.9617737003058104
bxaic__B__gin__seed123,bxaic,B,gin,123,gradinput,P01_checkpoint_rerun,machine,0.2,1,119,109,0.0126050420168067,0.0208333333333333,0.0290519877675841,0.0386003571497199,0.9908256880733946,0.9617737003058104
bxaic__B__gin__seed123,bxaic,B,gin,123,gradinput,P01_checkpoint_rerun,exact_integer,0.2,1,119,109,0.0126050420168067,0.0208333333333333,0.0290519877675841,0.0386003571497199,0.9908256880733946,0.9617737003058104
bxaic__B__gin__seed123,bxaic,B,gin,123,atom_occlusion,P20_frozen_cache,machine,0.05,1,119,109,0.0126050420168067,0.0208333333333333,0.0290519877675841,0.0386003571497199,0.9908256880733946,0.9617737003058104
bxaic__B__gin__seed123,bxaic,B,gin,123,atom_occlusion,P20_frozen_cache,exact_integer,0.05,1,119,109,0.0126050420168067,0.0208333333333333,0.0290519877675841,0.0386003571497199,0.9908256880733946,0.9617737003058104
bxaic__B__gin__seed123,bxaic,B,gin,123,atom_occlusion,P20_frozen_cache,machine,0.1,1,119,109,0.0126050420168067,0.0208333333333333,0.0290519877675841,0.0386003571497199,0.9908256880733946,0.9617737003058104
bxaic__B__gin__seed123,bxaic,B,gin,123,atom_occlusion,P20_frozen_cache,exact_integer,0.1,1,119,109,0.0126050420168067,0.0208333333333333,0.0290519877675841,0.0386003571497199,0.9908256880733946,0.9617737003058104
bxaic__B__gin__seed123,bxaic,B,gin,123,atom_occlusion,P20_frozen_cache,machine,0.2,1,119,109,0.0126050420168067,0.0208333333333333,0.0290519877675841,0.0386003571497199,0.9908256880733946,0.9617737003058104
bxaic__B__gin__seed123,bxaic,B,gin,123,atom_occlusion,P20_frozen_cache,exact_integer,0.2,1,119,109,0.0126050420168067,0.0208333333333333,0.0290519877675841,0.0386003571497199,0.9908256880733946,0.9617737003058104
bxaic__B__gin__seed123,bxaic,B,gin,123,saliency,P20_frozen_cache,machine,0.05,7,119,109,0.042016806722689,0.05,0.036697247706422,0.0883642941029018,0.4382372214941023,0.4382372214941023
bxaic__B__gin__seed123,bxaic,B,gin,123,saliency,P20_frozen_cache,exact_integer,0.05,7,119,109,0.042016806722689,0.05,0.036697247706422,0.0883642941029018,0.4382372214941023,0.4382372214941023
bxaic__B__gin__seed123,bxaic,B,gin,123,saliency,P20_frozen_cache,machine,0.1,1,119,109,0.0630252100840336,0.0708333333333333,0.0795107033639143,0.0386003571497199,0.9357798165137616,0.91131498470948
bxaic__B__gin__seed123,bxaic,B,gin,123,saliency,P20_frozen_cache,exact_integer,0.1,1,119,109,0.0630252100840336,0.0708333333333333,0.0795107033639143,0.0386003571497199,0.9357798165137616,0.91131498470948
bxaic__B__gin__seed123,bxaic,B,gin,123,saliency,P20_frozen_cache,machine,0.2,1,119,109,0.0630252100840336,0.0708333333333333,0.0795107033639143,0.0386003571497199,0.9357798165137616,0.91131498470948
bxaic__B__gin__seed123,bxaic,B,gin,123,saliency,P20_frozen_cache,exact_integer,0.2,1,119,109,0.0630252100840336,0.0708333333333333,0.0795107033639143,0.0386003571497199,0.9357798165137616,0.91131498470948
bxaic__B__gin__seed2026,bxaic,B,gin,2026,ig,P01_checkpoint_rerun,machine,0.05,1,119,109,0.0126050420168067,0.0208333333333333,0.0290519877675841,0.0386003571497199,0.9908256880733946,0.9617737003058104
bxaic__B__gin__seed2026,bxaic,B,gin,2026,ig,P01_checkpoint_rerun,exact_integer,0.05,1,119,109,0.0126050420168067,0.0208333333333333,0.0290519877675841,0.0386003571497199,0.9908256880733946,0.9617737003058104
bxaic__B__gin__seed2026,bxaic,B,gin,2026,ig,P01_checkpoint_rerun,machine,0.1,1,119,109,0.0126050420168067,0.0208333333333333,0.0290519877675841,0.0386003571497199,0.9908256880733946,0.9617737003058104
bxaic__B__gin__seed2026,bxaic,B,gin,2026,ig,P01_checkpoint_rerun,exact_integer,0.1,1,119,109,0.0126050420168067,0.0208333333333333,0.0290519877675841,0.0386003571497199,0.9908256880733946,0.9617737003058104
bxaic__B__gin__seed2026,bxaic,B,gin,2026,ig,P01_checkpoint_rerun,machine,0.2,1,119,109,0.0126050420168067,0.0208333333333333,0.0290519877675841,0.0386003571497199,0.9908256880733946,0.9617737003058104
bxaic__B__gin__seed2026,bxaic,B,gin,2026,ig,P01_checkpoint_rerun,exact_integer,0.2,1,119,109,0.0126050420168067,0.0208333333333333,0.0290519877675841,0.0386003571497199,0.9908256880733946,0.9617737003058104
bxaic__B__gin__seed2026,bxaic,B,gin,2026,gradinput,P01_checkpoint_rerun,machine,0.05,1,119,109,0.0126050420168067,0.0208333333333333,0.0290519877675841,0.0386003571497199,0.9908256880733946,0.9617737003058104
bxaic__B__gin__seed2026,bxaic,B,gin,2026,gradinput,P01_checkpoint_rerun,exact_integer,0.05,1,119,109,0.0126050420168067,0.0208333333333333,0.0290519877675841,0.0386003571497199,0.9908256880733946,0.9617737003058104
bxaic__B__gin__seed2026,bxaic,B,gin,2026,gradinput,P01_checkpoint_rerun,machine,0.1,1,119,109,0.0126050420168067,0.0208333333333333,0.0290519877675841,0.0386003571497199,0.9908256880733946,0.9617737003058104
bxaic__B__gin__seed2026,bxaic,B,gin,2026,gradinput,P01_checkpoint_rerun,exact_integer,0.1,1,119,109,0.0126050420168067,0.0208333333333333,0.0290519877675841,0.0386003571497199,0.9908256880733946,0.9617737003058104
bxaic__B__gin__seed2026,bxaic,B,gin,2026,gradinput,P01_checkpoint_rerun,machine,0.2,1,119,109,0.0126050420168067,0.0208333333333333,0.0290519877675841,0.0386003571497199,0.9908256880733946,0.9617737003058104
bxaic__B__gin__seed2026,bxaic,B,gin,2026,gradinput,P01_checkpoint_rerun,exact_integer,0.2,1,119,109,0.0126050420168067,0.0208333333333333,0.0290519877675841,0.0386003571497199,0.9908256880733946,0.9617737003058104
bxaic__B__gin__seed2026,bxaic,B,gin,2026,atom_occlusion,P20_frozen_cache,machine,0.05,1,119,109,0.0126050420168067,0.0208333333333333,0.0290519877675841,0.0386003571497199,0.9908256880733946,0.9617737003058104
bxaic__B__gin__seed2026,bxaic,B,gin,2026,atom_occlusion,P20_frozen_cache,exact_integer,0.05,1,119,109,0.0126050420168067,0.0208333333333333,0.0290519877675841,0.0386003571497199,0.9908256880733946,0.9617737003058104
bxaic__B__gin__seed2026,bxaic,B,gin,2026,atom_occlusion,P20_frozen_cache,machine,0.1,1,119,109,0.0126050420168067,0.0208333333333333,0.0290519877675841,0.0386003571497199,0.9908256880733946,0.9617737003058104
bxaic__B__gin__seed2026,bxaic,B,gin,2026,atom_occlusion,P20_frozen_cache,exact_integer,0.1,1,119,109,0.0126050420168067,0.0208333333333333,0.0290519877675841,0.0386003571497199,0.9908256880733946,0.9617737003058104
bxaic__B__gin__seed2026,bxaic,B,gin,2026,atom_occlusion,P20_frozen_cache,machine,0.2,1,119,109,0.0126050420168067,0.0208333333333333,0.0290519877675841,0.0386003571497199,0.9908256880733946,0.9617737003058104
bxaic__B__gin__seed2026,bxaic,B,gin,2026,atom_occlusion,P20_frozen_cache,exact_integer,0.2,1,119,109,0.0126050420168067,0.0208333333333333,0.0290519877675841,0.0386003571497199,0.9908256880733946,0.9617737003058104
bxaic__B__gin__seed2026,bxaic,B,gin,2026,saliency,P20_frozen_cache,machine,0.05,7,119,109,0.042016806722689,0.05,0.0275229357798165,0.0883642941029018,0.4474115334207078,0.4474115334207078
bxaic__B__gin__seed2026,bxaic,B,gin,2026,saliency,P20_frozen_cache,exact_integer,0.05,7,119,109,0.042016806722689,0.05,0.0275229357798165,0.0883642941029018,0.4474115334207078,0.4474115334207078
bxaic__B__gin__seed2026,bxaic,B,gin,2026,saliency,P20_frozen_cache,machine,0.1,1,119,109,0.0546218487394958,0.0625,0.0565749235474006,0.0386003571497199,0.963302752293578,0.934250764525994
bxaic__B__gin__seed2026,bxaic,B,gin,2026,saliency,P20_frozen_cache,exact_integer,0.1,1,119,109,0.0546218487394958,0.0625,0.0565749235474006,0.0386003571497199,0.963302752293578,0.934250764525994
bxaic__B__gin__seed2026,bxaic,B,gin,2026,saliency,P20_frozen_cache,machine,0.2,1,119,109,0.0546218487394958,0.0625,0.0565749235474006,0.0386003571497199,0.963302752293578,0.934250764525994
bxaic__B__gin__seed2026,bxaic,B,gin,2026,saliency,P20_frozen_cache,exact_integer,0.2,1,119,109,0.0546218487394958,0.0625,0.0565749235474006,0.0386003571497199,0.963302752293578,0.934250764525994
bxaic__B__gin__seed42,bxaic,B,gin,42,ig,P01_checkpoint_rerun,machine,0.05,1,119,109,0.0126050420168067,0.0208333333333333,0.0290519877675841,0.0386003571497199,0.9908256880733946,0.9617737003058104
bxaic__B__gin__seed42,bxaic,B,gin,42,ig,P01_checkpoint_rerun,exact_integer,0.05,1,119,109,0.0126050420168067,0.0208333333333333,0.0290519877675841,0.0386003571497199,0.9908256880733946,0.9617737003058104
bxaic__B__gin__seed42,bxaic,B,gin,42,ig,P01_checkpoint_rerun,machine,0.1,1,119,109,0.0126050420168067,0.0208333333333333,0.0290519877675841,0.0386003571497199,0.9908256880733946,0.9617737003058104
bxaic__B__gin__seed42,bxaic,B,gin,42,ig,P01_checkpoint_rerun,exact_integer,0.1,1,119,109,0.0126050420168067,0.0208333333333333,0.0290519877675841,0.0386003571497199,0.9908256880733946,0.9617737003058104
bxaic__B__gin__seed42,bxaic,B,gin,42,ig,P01_checkpoint_rerun,machine,0.2,1,119,109,0.0126050420168067,0.0208333333333333,0.0290519877675841,0.0386003571497199,0.9908256880733946,0.9617737003058104
bxaic__B__gin__seed42,bxaic,B,gin,42,ig,P01_checkpoint_rerun,exact_integer,0.2,1,119,109,0.0126050420168067,0.0208333333333333,0.0290519877675841,0.0386003571497199,0.9908256880733946,0.9617737003058104
bxaic__B__gin__seed42,bxaic,B,gin,42,gradinput,P01_checkpoint_rerun,machine,0.05,1,119,109,0.0126050420168067,0.0208333333333333,0.0290519877675841,0.0386003571497199,0.9908256880733946,0.9617737003058104
bxaic__B__gin__seed42,bxaic,B,gin,42,gradinput,P01_checkpoint_rerun,exact_integer,0.05,1,119,109,0.0126050420168067,0.0208333333333333,0.0290519877675841,0.0386003571497199,0.9908256880733946,0.9617737003058104
bxaic__B__gin__seed42,bxaic,B,gin,42,gradinput,P01_checkpoint_rerun,machine,0.1,1,119,109,0.0126050420168067,0.0208333333333333,0.0290519877675841,0.0386003571497199,0.9908256880733946,0.9617737003058104
bxaic__B__gin__seed42,bxaic,B,gin,42,gradinput,P01_checkpoint_rerun,exact_integer,0.1,1,119,109,0.0126050420168067,0.0208333333333333,0.0290519877675841,0.0386003571497199,0.9908256880733946,0.9617737003058104
bxaic__B__gin__seed42,bxaic,B,gin,42,gradinput,P01_checkpoint_rerun,machine,0.2,1,119,109,0.0126050420168067,0.0208333333333333,0.0290519877675841,0.0386003571497199,0.9908256880733946,0.9617737003058104
bxaic__B__gin__seed42,bxaic,B,gin,42,gradinput,P01_checkpoint_rerun,exact_integer,0.2,1,119,109,0.0126050420168067,0.0208333333333333,0.0290519877675841,0.0386003571497199,0.9908256880733946,0.9617737003058104
bxaic__B__gin__seed42,bxaic,B,gin,42,atom_occlusion,P20_frozen_cache,machine,0.05,1,119,109,0.0126050420168067,0.0208333333333333,0.0290519877675841,0.0386003571497199,0.9908256880733946,0.9617737003058104
bxaic__B__gin__seed42,bxaic,B,gin,42,atom_occlusion,P20_frozen_cache,exact_integer,0.05,1,119,109,0.0126050420168067,0.0208333333333333,0.0290519877675841,0.0386003571497199,0.9908256880733946,0.9617737003058104
bxaic__B__gin__seed42,bxaic,B,gin,42,atom_occlusion,P20_frozen_cache,machine,0.1,1,119,109,0.0126050420168067,0.0208333333333333,0.0290519877675841,0.0386003571497199,0.9908256880733946,0.9617737003058104
bxaic__B__gin__seed42,bxaic,B,gin,42,atom_occlusion,P20_frozen_cache,exact_integer,0.1,1,119,109,0.0126050420168067,0.0208333333333333,0.0290519877675841,0.0386003571497199,0.9908256880733946,0.9617737003058104
bxaic__B__gin__seed42,bxaic,B,gin,42,atom_occlusion,P20_frozen_cache,machine,0.2,1,119,109,0.0126050420168067,0.0208333333333333,0.0290519877675841,0.0386003571497199,0.9908256880733946,0.9617737003058104
bxaic__B__gin__seed42,bxaic,B,gin,42,atom_occlusion,P20_frozen_cache,exact_integer,0.2,1,119,109,0.0126050420168067,0.0208333333333333,0.0290519877675841,0.0386003571497199,0.9908256880733946,0.9617737003058104
bxaic__B__gin__seed42,bxaic,B,gin,42,saliency,P20_frozen_cache,machine,0.05,8,119,109,0.0378151260504201,0.0458333333333333,0.0428134556574923,0.0979195711911851,0.3874284482082648,0.3862052066180507
bxaic__B__gin__seed42,bxaic,B,gin,42,saliency,P20_frozen_cache,exact_integer,0.05,8,119,109,0.0378151260504201,0.0458333333333333,0.0428134556574923,0.0979195711911851,0.3874284482082648,0.3862052066180507
bxaic__B__gin__seed42,bxaic,B,gin,42,saliency,P20_frozen_cache,machine,0.1,1,119,109,0.0630252100840336,0.0708333333333333,0.1009174311926605,0.0386003571497199,0.908256880733945,0.8899082568807339
bxaic__B__gin__seed42,bxaic,B,gin,42,saliency,P20_frozen_cache,exact_integer,0.1,1,119,109,0.0630252100840336,0.0708333333333333,0.1009174311926605,0.0386003571497199,0.908256880733945,0.8899082568807339
bxaic__B__gin__seed42,bxaic,B,gin,42,saliency,P20_frozen_cache,machine,0.2,1,119,109,0.0630252100840336,0.0708333333333333,0.1009174311926605,0.0386003571497199,0.908256880733945,0.8899082568807339
bxaic__B__gin__seed42,bxaic,B,gin,42,saliency,P20_frozen_cache,exact_integer,0.2,1,119,109,0.0630252100840336,0.0708333333333333,0.1009174311926605,0.0386003571497199,0.908256880733945,0.8899082568807339
bxaic__indole__gcn__seed123,bxaic,indole,gcn,123,ig,P01_checkpoint_rerun,machine,0.05,93,1887,1847,0.0469109380874094,0.0474157522091852,0.0481432699827402,0.9462280636892798,0.316798007030591,0.3122500064326544
bxaic__indole__gcn__seed123,bxaic,indole,gcn,123,ig,P01_checkpoint_rerun,exact_integer,0.05,93,1887,1847,0.0469109380874094,0.0474157522091852,0.0481432699827402,0.9462280636892798,0.316798007030591,0.3122500064326544
bxaic__indole__gcn__seed123,bxaic,indole,gcn,123,ig,P01_checkpoint_rerun,machine,0.1,76,1887,1847,0.0972506443094698,0.097728795451255,0.0941371200236947,0.7755804835293979,0.3656777795867139,0.3508058121191176
bxaic__indole__gcn__seed123,bxaic,indole,gcn,123,ig,P01_checkpoint_rerun,exact_integer,0.1,76,1887,1847,0.0972506443094698,0.097728795451255,0.0941371200236947,0.7755804835293979,0.3656777795867139,0.3508058121191176
bxaic__indole__gcn__seed123,bxaic,indole,gcn,123,ig,P01_checkpoint_rerun,machine,0.2,51,1887,1847,0.1935960847725524,0.1940232054903636,0.1874788291477502,0.5254579598586971,0.4732278704302151,0.4209108154000678
bxaic__indole__gcn__seed123,bxaic,indole,gcn,123,ig,P01_checkpoint_rerun,exact_integer,0.2,51,1887,1847,0.1935960847725524,0.1940232054903636,0.1874788291477502,0.5254579598586971,0.4732278704302151,0.4209108154000678
bxaic__indole__gcn__seed123,bxaic,indole,gcn,123,gradinput,P01_checkpoint_rerun,machine,0.05,96,1887,1847,0.0472232413408892,0.0477278900478061,0.0476337234323165,0.9747994993281917,0.3085712242486347,0.3050688470168453
bxaic__indole__gcn__seed123,bxaic,indole,gcn,123,gradinput,P01_checkpoint_rerun,exact_integer,0.05,96,1887,1847,0.0472232413408892,0.0477278900478061,0.0476337234323165,0.9747994993281917,0.3085712242486347,0.3050688470168453
bxaic__indole__gcn__seed123,bxaic,indole,gcn,123,gradinput,P01_checkpoint_rerun,machine,0.1,83,1887,1847,0.0973593503005287,0.0978374438649882,0.0977287608920006,0.8468982391419407,0.3340872922759846,0.3214103922293019
bxaic__indole__gcn__seed123,bxaic,indole,gcn,123,gradinput,P01_checkpoint_rerun,exact_integer,0.1,83,1887,1847,0.0973593503005287,0.0978374438649882,0.0977287608920006,0.8468982391419407,0.3340872922759846,0.3214103922293019
bxaic__indole__gcn__seed123,bxaic,indole,gcn,123,gradinput,P01_checkpoint_rerun,machine,0.2,51,1887,1847,0.198273612979493,0.1986982561929573,0.1939799582598698,0.5254579598586971,0.4712638135335002,0.417584505339479
bxaic__indole__gcn__seed123,bxaic,indole,gcn,123,gradinput,P01_checkpoint_rerun,exact_integer,0.2,51,1887,1847,0.198273612979493,0.1986982561929573,0.1939799582598698,0.5254579598586971,0.4712638135335002,0.417584505339479
bxaic__indole__gcn__seed123,bxaic,indole,gcn,123,atom_occlusion,P20_frozen_cache,machine,0.05,67,1887,1847,0.0461561108619935,0.0466613247863251,0.042981284041111,0.6886269315023922,0.4315733031393808,0.4219955522750513
bxaic__indole__gcn__seed123,bxaic,indole,gcn,123,atom_occlusion,P20_frozen_cache,exact_integer,0.05,67,1887,1847,0.0461561108619935,0.0466613247863251,0.042981284041111,0.6886269315023922,0.4315733031393808,0.4219955522750513
bxaic__indole__gcn__seed123,bxaic,indole,gcn,123,atom_occlusion,P20_frozen_cache,machine,0.1,56,1887,1847,0.0939391880568361,0.0944190931479077,0.0926729184309052,0.5771687133266318,0.4832019378062315,0.4575426484298666
bxaic__indole__gcn__seed123,bxaic,indole,gcn,123,atom_occlusion,P20_frozen_cache,exact_integer,0.1,56,1887,1847,0.0951773040008344,0.095656553310156,0.0940981911068546,0.5752647248768914,0.4840351695597553,0.4577892605232126
bxaic__indole__gcn__seed123,bxaic,indole,gcn,123,atom_occlusion,P20_frozen_cache,machine,0.2,43,1887,1847,0.1969557793087201,0.1973811205273065,0.1954820668613308,0.4472760748792189,0.5416887048259439,0.4746752487966044
bxaic__indole__gcn__seed123,bxaic,indole,gcn,123,atom_occlusion,P20_frozen_cache,exact_integer,0.2,43,1887,1847,0.1969557793087201,0.1973811205273065,0.1954820668613308,0.4472760748792189,0.5416887048259439,0.4746752487966044
bxaic__indole__gcn__seed123,bxaic,indole,gcn,123,saliency,P20_frozen_cache,machine,0.05,92,1887,1847,0.0439305821658768,0.0444369748660008,0.0412151953502797,0.9357253254577884,0.3204483841652983,0.3158142344396046
bxaic__indole__gcn__seed123,bxaic,indole,gcn,123,saliency,P20_frozen_cache,exact_integer,0.05,92,1887,1847,0.0439305821658768,0.0444369748660008,0.0412151953502797,0.9357253254577884,0.3204483841652983,0.3158142344396046
bxaic__indole__gcn__seed123,bxaic,indole,gcn,123,saliency,P20_frozen_cache,machine,0.1,85,1887,1847,0.0959663283192708,0.0964451597131695,0.0905276825282251,0.8652452057581667,0.3270188650935088,0.3161918670794107
bxaic__indole__gcn__seed123,bxaic,indole,gcn,123,saliency,P20_frozen_cache,exact_integer,0.1,85,1887,1847,0.0959663283192708,0.0964451597131695,0.0905276825282251,0.8652452057581667,0.3270188650935088,0.3161918670794107
bxaic__indole__gcn__seed123,bxaic,indole,gcn,123,saliency,P20_frozen_cache,machine,0.2,74,1887,1847,0.192961513549748,0.1933889703751984,0.1855329617443857,0.756226167854029,0.3318303253671757,0.3085820519664705
bxaic__indole__gcn__seed123,bxaic,indole,gcn,123,saliency,P20_frozen_cache,exact_integer,0.2,74,1887,1847,0.192961513549748,0.1933889703751984,0.1855329617443857,0.756226167854029,0.3318303253671757,0.3085820519664705
bxaic__indole__gcn__seed2026,bxaic,indole,gcn,2026,ig,P01_checkpoint_rerun,machine,0.05,81,1887,1847,0.04598942834237,0.0464947305519345,0.0434531163957265,0.8271643980179227,0.3604422114540702,0.353766316661793
bxaic__indole__gcn__seed2026,bxaic,indole,gcn,2026,ig,P01_checkpoint_rerun,exact_integer,0.05,81,1887,1847,0.04598942834237,0.0464947305519345,0.0434531163957265,0.8271643980179227,0.3604422114540702,0.353766316661793
bxaic__indole__gcn__seed2026,bxaic,indole,gcn,2026,ig,P01_checkpoint_rerun,machine,0.1,71,1887,1847,0.0970121705415838,0.0974904479936274,0.0928076367775895,0.7271648836103565,0.3862174933141398,0.3689884617232122
bxaic__indole__gcn__seed2026,bxaic,indole,gcn,2026,ig,P01_checkpoint_rerun,exact_integer,0.1,71,1887,1847,0.0970121705415838,0.0974904479936274,0.0928076367775895,0.7271648836103565,0.3862174933141398,0.3689884617232122
bxaic__indole__gcn__seed2026,bxaic,indole,gcn,2026,ig,P01_checkpoint_rerun,machine,0.2,58,1887,1847,0.1995410191488601,0.1999649910666838,0.1929748055289462,0.5961126805626694,0.4150936314835685,0.3731174415802045
bxaic__indole__gcn__seed2026,bxaic,indole,gcn,2026,ig,P01_checkpoint_rerun,exact_integer,0.2,58,1887,1847,0.1995410191488601,0.1999649910666838,0.1929748055289462,0.5961126805626694,0.4150936314835685,0.3731174415802045
bxaic__indole__gcn__seed2026,bxaic,indole,gcn,2026,gradinput,P01_checkpoint_rerun,machine,0.05,97,1887,1847,0.0183353036294212,0.018855253150804,0.0196083739397221,0.9902939499285937,0.3115275479318511,0.3104401909897898
bxaic__indole__gcn__seed2026,bxaic,indole,gcn,2026,gradinput,P01_checkpoint_rerun,exact_integer,0.05,97,1887,1847,0.0183353036294212,0.018855253150804,0.0196083739397221,0.9902939499285937,0.3115275479318511,0.3104401909897898
bxaic__indole__gcn__seed2026,bxaic,indole,gcn,2026,gradinput,P01_checkpoint_rerun,machine,0.1,87,1887,1847,0.0980908510320295,0.0985685571490676,0.0977877037839159,0.8868457173036999,0.3190296115702078,0.3073286263132079
bxaic__indole__gcn__seed2026,bxaic,indole,gcn,2026,gradinput,P01_checkpoint_rerun,exact_integer,0.1,87,1887,1847,0.0980908510320295,0.0985685571490676,0.0977877037839159,0.8868457173036999,0.3190296115702078,0.3073286263132079
bxaic__indole__gcn__seed2026,bxaic,indole,gcn,2026,gradinput,P01_checkpoint_rerun,machine,0.2,51,1887,1847,0.1908025672731553,0.191231167608286,0.1902333536943718,0.5254579598586971,0.4763970209392396,0.4232903100074987
bxaic__indole__gcn__seed2026,bxaic,indole,gcn,2026,gradinput,P01_checkpoint_rerun,exact_integer,0.2,51,1887,1847,0.1908025672731553,0.191231167608286,0.1902333536943718,0.5254579598586971,0.4763970209392396,0.4232903100074987
bxaic__indole__gcn__seed2026,bxaic,indole,gcn,2026,atom_occlusion,P20_frozen_cache,machine,0.05,66,1887,1847,0.0459268469072394,0.0464321822637504,0.0417276919374918,0.6771674344541084,0.4382758326115218,0.4273496893175493
bxaic__indole__gcn__seed2026,bxaic,indole,gcn,2026,atom_occlusion,P20_frozen_cache,exact_integer,0.05,66,1887,1847,0.0459268469072394,0.0464321822637504,0.0417276919374918,0.6771674344541084,0.4382758326115218,0.4273496893175493
bxaic__indole__gcn__seed2026,bxaic,indole,gcn,2026,atom_occlusion,P20_frozen_cache,machine,0.1,55,1887,1847,0.0980854157324757,0.0985631247283801,0.0914381448626178,0.565655995935434,0.49220644033771,0.4643033771531127
bxaic__indole__gcn__seed2026,bxaic,indole,gcn,2026,atom_occlusion,P20_frozen_cache,exact_integer,0.1,55,1887,1847,0.0980854157324757,0.0985631247283801,0.0914381448626178,0.5656505817502688,0.492207846619571,0.4643047340917506
bxaic__indole__gcn__seed2026,bxaic,indole,gcn,2026,atom_occlusion,P20_frozen_cache,machine,0.2,42,1887,1847,0.1972814443402668,0.1977066130667815,0.1896713042016233,0.4364188837908413,0.5620473401373309,0.491689624513804
bxaic__indole__gcn__seed2026,bxaic,indole,gcn,2026,atom_occlusion,P20_frozen_cache,exact_integer,0.2,42,1887,1847,0.1972814443402668,0.1977066130667815,0.1896713042016233,0.4364188837908413,0.5620473401373309,0.491689624513804
bxaic__indole__gcn__seed2026,bxaic,indole,gcn,2026,saliency,P20_frozen_cache,machine,0.05,79,1887,1847,0.0447893594952423,0.0452952973344927,0.0413869337664685,0.8060574077896853,0.3706803336983484,0.3638091524213213
bxaic__indole__gcn__seed2026,bxaic,indole,gcn,2026,saliency,P20_frozen_cache,exact_integer,0.05,79,1887,1847,0.0447893594952423,0.0452952973344927,0.0413869337664685,0.8060574077896853,0.3706803336983484,0.3638091524213213
bxaic__indole__gcn__seed2026,bxaic,indole,gcn,2026,saliency,P20_frozen_cache,machine,0.1,70,1887,1847,0.0974710004121781,0.0979490348399259,0.0945475222004742,0.7179879589860199,0.3907315663706389,0.3738886705616405
bxaic__indole__gcn__seed2026,bxaic,indole,gcn,2026,saliency,P20_frozen_cache,exact_integer,0.1,71,1887,1847,0.0914939826704544,0.0919751828914976,0.0872675255322803,0.7271648836103565,0.3890493553962705,0.3735466079405272
bxaic__indole__gcn__seed2026,bxaic,indole,gcn,2026,saliency,P20_frozen_cache,machine,0.2,60,1887,1847,0.1964849464849454,0.1969105370853241,0.1941168746731813,0.6127240769996649,0.4039938368291099,0.3669359816796519
bxaic__indole__gcn__seed2026,bxaic,indole,gcn,2026,saliency,P20_frozen_cache,exact_integer,0.2,60,1887,1847,0.1964849464849454,0.1969105370853241,0.1941168746731813,0.6127240769996649,0.4039938368291099,0.3669359816796519
bxaic__indole__gcn__seed42,bxaic,indole,gcn,42,ig,P01_checkpoint_rerun,machine,0.05,77,1887,1847,0.0484937426113903,0.0489977183833122,0.048528394393311,0.7868792996495793,0.3766791323480056,0.3684999131190922
bxaic__indole__gcn__seed42,bxaic,indole,gcn,42,ig,P01_checkpoint_rerun,exact_integer,0.05,77,1887,1847,0.0484937426113903,0.0489977183833122,0.048528394393311,0.7868792996495793,0.3766791323480056,0.3684999131190922
bxaic__indole__gcn__seed42,bxaic,indole,gcn,42,ig,P01_checkpoint_rerun,machine,0.1,68,1887,1847,0.096607467195704,0.0970859590033334,0.0951195979620466,0.6955214960377761,0.4027538760795702,0.3837034398697677
bxaic__indole__gcn__seed42,bxaic,indole,gcn,42,ig,P01_checkpoint_rerun,exact_integer,0.1,68,1887,1847,0.096607467195704,0.0970859590033334,0.0951195979620466,0.6954962298403388,0.4027606686861984,0.3837102324763958
bxaic__indole__gcn__seed42,bxaic,indole,gcn,42,ig,P01_checkpoint_rerun,machine,0.2,55,1887,1847,0.1961016823761913,0.1965274759766277,0.192736990144949,0.565655995935434,0.4356004699759505,0.3884825210757765
bxaic__indole__gcn__seed42,bxaic,indole,gcn,42,ig,P01_checkpoint_rerun,exact_integer,0.2,55,1887,1847,0.1961016823761913,0.1965274759766277,0.192736990144949,0.5656505817502688,0.4356020520430441,0.3884841031428702
bxaic__indole__gcn__seed42,bxaic,indole,gcn,42,gradinput,P01_checkpoint_rerun,machine,0.05,83,1887,1847,0.0487233840175025,0.0492272381573237,0.0470045557823042,0.8468982391419407,0.3514705181308816,0.3444815832831975
bxaic__indole__gcn__seed42,bxaic,indole,gcn,42,gradinput,P01_checkpoint_rerun,exact_integer,0.05,83,1887,1847,0.0487233840175025,0.0492272381573237,0.0470045557823042,0.8468982391419407,0.3514705181308816,0.3444815832831975
bxaic__indole__gcn__seed42,bxaic,indole,gcn,42,gradinput,P01_checkpoint_rerun,machine,0.1,69,1887,1847,0.0967392732098632,0.0972176952049851,0.0921602483121179,0.7066609235190726,0.3997637105943299,0.3817209204873035
bxaic__indole__gcn__seed42,bxaic,indole,gcn,42,gradinput,P01_checkpoint_rerun,exact_integer,0.1,69,1887,1847,0.0967392732098632,0.0972176952049851,0.0921602483121179,0.7066609235190726,0.3997637105943299,0.3817209204873035
bxaic__indole__gcn__seed42,bxaic,indole,gcn,42,gradinput,P01_checkpoint_rerun,machine,0.2,51,1887,1847,0.1936676495500009,0.1940947323627393,0.1878853750672909,0.5254579598586971,0.4723861281492904,0.420240316409121
bxaic__indole__gcn__seed42,bxaic,indole,gcn,42,gradinput,P01_checkpoint_rerun,exact_integer,0.2,51,1887,1847,0.1936676495500009,0.1940947323627393,0.1878853750672909,0.5254579598586971,0.4723861281492904,0.420240316409121
bxaic__indole__gcn__seed42,bxaic,indole,gcn,42,atom_occlusion,P20_frozen_cache,machine,0.05,64,1887,1847,0.0460562372327082,0.0465615040562078,0.0448949902590945,0.6552994324012759,0.4513202787364967,0.438727394174761
bxaic__indole__gcn__seed42,bxaic,indole,gcn,42,atom_occlusion,P20_frozen_cache,exact_integer,0.05,64,1887,1847,0.0460562372327082,0.0465615040562078,0.0448949902590945,0.6552994324012759,0.4513202787364967,0.438727394174761
bxaic__indole__gcn__seed42,bxaic,indole,gcn,42,atom_occlusion,P20_frozen_cache,machine,0.1,54,1887,1847,0.0941236107902787,0.0946034181998178,0.0927572740580331,0.5561347932755574,0.4998783380518389,0.4704997266994719
bxaic__indole__gcn__seed42,bxaic,indole,gcn,42,atom_occlusion,P20_frozen_cache,exact_integer,0.1,54,1887,1847,0.0941236107902787,0.0946034181998178,0.0927572740580331,0.5561347932755574,0.4998783380518389,0.4704997266994719
bxaic__indole__gcn__seed42,bxaic,indole,gcn,42,atom_occlusion,P20_frozen_cache,machine,0.2,41,1887,1847,0.1989802774116497,0.1994045463325122,0.1945211646822371,0.426605049899327,0.5680877361622839,0.4928505582569342
bxaic__indole__gcn__seed42,bxaic,indole,gcn,42,atom_occlusion,P20_frozen_cache,exact_integer,0.2,41,1887,1847,0.1989802774116497,0.1994045463325122,0.1945211646822371,0.426605049899327,0.5680877361622839,0.4928505582569342
bxaic__indole__gcn__seed42,bxaic,indole,gcn,42,saliency,P20_frozen_cache,machine,0.05,92,1887,1847,0.0487593928770405,0.0492632279443726,0.0476607943581419,0.9357253254577884,0.3180229938212578,0.3125503511510072
bxaic__indole__gcn__seed42,bxaic,indole,gcn,42,saliency,P20_frozen_cache,exact_integer,0.05,92,1887,1847,0.0487593928770405,0.0492632279443726,0.0476607943581419,0.9357253254577884,0.3180229938212578,0.3125503511510072
bxaic__indole__gcn__seed42,bxaic,indole,gcn,42,saliency,P20_frozen_cache,machine,0.1,86,1887,1847,0.0964412376177096,0.0969198174706663,0.0936084657186456,0.875910682771859,0.323237449104889,0.3125549310016823
bxaic__indole__gcn__seed42,bxaic,indole,gcn,42,saliency,P20_frozen_cache,exact_integer,0.1,86,1887,1847,0.0964412376177096,0.0969198174706663,0.0936084657186456,0.875910682771859,0.323237449104889,0.3125549310016823
bxaic__indole__gcn__seed42,bxaic,indole,gcn,42,saliency,P20_frozen_cache,machine,0.2,73,1887,1847,0.1962607403783862,0.1966864497319994,0.1925771290010589,0.7459979052719905,0.3364767159036362,0.3109825262701711
bxaic__indole__gcn__seed42,bxaic,indole,gcn,42,saliency,P20_frozen_cache,exact_integer,0.2,73,1887,1847,0.1962607403783862,0.1966864497319994,0.1925771290010589,0.7459979052719905,0.3364767159036362,0.3109825262701711
bxaic__indole__gin__seed123,bxaic,indole,gin,123,ig,P01_checkpoint_rerun,machine,0.05,69,1887,1847,0.0483066777184429,0.0488107525713463,0.0481613172666236,0.7066609235190726,0.4203993133329726,0.4111744606821733
bxaic__indole__gin__seed123,bxaic,indole,gin,123,ig,P01_checkpoint_rerun,exact_integer,0.05,69,1887,1847,0.0483066777184429,0.0488107525713463,0.0481613172666236,0.7066609235190726,0.4203993133329726,0.4111744606821733
bxaic__indole__gin__seed123,bxaic,indole,gin,123,ig,P01_checkpoint_rerun,machine,0.1,55,1887,1847,0.0952572481984259,0.0957364551644225,0.0965217330945552,0.565655995935434,0.4933413549778955,0.4656706507652183
bxaic__indole__gin__seed123,bxaic,indole,gin,123,ig,P01_checkpoint_rerun,exact_integer,0.1,55,1887,1847,0.0952572481984259,0.0957364551644225,0.0965217330945552,0.5656505817502688,0.4933429370449891,0.4656722328323119
bxaic__indole__gin__seed123,bxaic,indole,gin,123,ig,P01_checkpoint_rerun,machine,0.2,39,1887,1847,0.1968073654348162,0.1972327852624461,0.1948047924022476,0.4058785626735846,0.5992745718432702,0.5158515464680644
bxaic__indole__gin__seed123,bxaic,indole,gin,123,ig,P01_checkpoint_rerun,exact_integer,0.2,39,1887,1847,0.1968073654348162,0.1972327852624461,0.1948047924022476,0.4058785626735846,0.5992745718432702,0.5158515464680644
bxaic__indole__gin__seed123,bxaic,indole,gin,123,gradinput,P01_checkpoint_rerun,machine,0.05,96,1887,1847,0.0457035466839395,0.0462090003138739,0.0464803940169405,0.9747994993281917,0.307769284408306,0.3039383124693621
bxaic__indole__gin__seed123,bxaic,indole,gin,123,gradinput,P01_checkpoint_rerun,exact_integer,0.05,96,1887,1847,0.0457035466839395,0.0462090003138739,0.0464803940169405,0.9747994993281917,0.307769284408306,0.3039383124693621
bxaic__indole__gin__seed123,bxaic,indole,gin,123,gradinput,P01_checkpoint_rerun,machine,0.1,93,1887,1847,0.088448931586188,0.0889317446520852,0.0900985775038307,0.9462280636892798,0.3023874583842552,0.2937886658694112
bxaic__indole__gin__seed123,bxaic,indole,gin,123,gradinput,P01_checkpoint_rerun,exact_integer,0.1,93,1887,1847,0.088448931586188,0.0889317446520852,0.0900985775038307,0.9462280636892798,0.3023874583842552,0.2937886658694112
bxaic__indole__gin__seed123,bxaic,indole,gin,123,gradinput,P01_checkpoint_rerun,machine,0.2,85,1887,1847,0.1895214218743619,0.1899507007822674,0.1891435753983116,0.8652452057581667,0.2944621875723343,0.2761394313494974
bxaic__indole__gin__seed123,bxaic,indole,gin,123,gradinput,P01_checkpoint_rerun,exact_integer,0.2,85,1887,1847,0.1895214218743619,0.1899507007822674,0.1891435753983116,0.8652452057581667,0.2944621875723343,0.2761394313494974
bxaic__indole__gin__seed123,bxaic,indole,gin,123,atom_occlusion,P20_frozen_cache,machine,0.05,41,1887,1847,0.0441649794590973,0.0446712480081126,0.0411338090412267,0.426605049899327,0.6863241131345527,0.6559210220135089
bxaic__indole__gin__seed123,bxaic,indole,gin,123,atom_occlusion,P20_frozen_cache,exact_integer,0.05,41,1887,1847,0.0441649794590973,0.0446712480081126,0.0411338090412267,0.426605049899327,0.6863241131345527,0.6559210220135089
bxaic__indole__gin__seed123,bxaic,indole,gin,123,atom_occlusion,P20_frozen_cache,machine,0.1,33,1887,1847,0.0952703835056787,0.0957495835144151,0.0898791757481533,0.3440056976408639,0.7918831797012768,0.7157909375473435
bxaic__indole__gin__seed123,bxaic,indole,gin,123,atom_occlusion,P20_frozen_cache,exact_integer,0.1,33,1887,1847,0.0952703835056787,0.0957495835144151,0.0898791757481533,0.3440056976408639,0.7918831797012768,0.7157909375473435
bxaic__indole__gin__seed123,bxaic,indole,gin,123,atom_occlusion,P20_frozen_cache,machine,0.2,26,1887,1847,0.1800319172868195,0.1804662224153752,0.1711695796833863,0.2763053964994718,0.8736562136739254,0.7177229689982614
bxaic__indole__gin__seed123,bxaic,indole,gin,123,atom_occlusion,P20_frozen_cache,exact_integer,0.2,26,1887,1847,0.1800319172868195,0.1804662224153752,0.1711695796833863,0.2763053964994718,0.8736562136739254,0.7177229689982614
bxaic__indole__gin__seed123,bxaic,indole,gin,123,saliency,P20_frozen_cache,machine,0.05,67,1887,1847,0.0494779847721029,0.0499814392293211,0.0480846163101176,0.6886269315023922,0.4282186274456903,0.4165455962514122
bxaic__indole__gin__seed123,bxaic,indole,gin,123,saliency,P20_frozen_cache,exact_integer,0.05,67,1887,1847,0.0494779847721029,0.0499814392293211,0.0480846163101176,0.6886269315023922,0.4282186274456903,0.4165455962514122
bxaic__indole__gin__seed123,bxaic,indole,gin,123,saliency,P20_frozen_cache,machine,0.1,55,1887,1847,0.096554246554248,0.0970327665507764,0.0927304730702144,0.565655995935434,0.4922018125282941,0.4634595318769516
bxaic__indole__gin__seed123,bxaic,indole,gin,123,saliency,P20_frozen_cache,exact_integer,0.1,55,1887,1847,0.096554246554248,0.0970327665507764,0.0927304730702144,0.5656505817502688,0.4922033945953878,0.4634611139440453
bxaic__indole__gin__seed123,bxaic,indole,gin,123,saliency,P20_frozen_cache,machine,0.2,39,1887,1847,0.1995287142345965,0.1999526926698536,0.1947720142157069,0.4058785626735846,0.5957711364715068,0.5112832945971666
bxaic__indole__gin__seed123,bxaic,indole,gin,123,saliency,P20_frozen_cache,exact_integer,0.2,39,1887,1847,0.1995287142345965,0.1999526926698536,0.1947720142157069,0.4058785626735846,0.5957711364715068,0.5112832945971666
bxaic__indole__gin__seed2026,bxaic,indole,gin,2026,ig,P01_checkpoint_rerun,machine,0.05,88,1887,1847,0.0482597982597991,0.0487638979429242,0.0481353260928255,0.8954710135035191,0.3322173799843184,0.3259329275962976
bxaic__indole__gin__seed2026,bxaic,indole,gin,2026,ig,P01_checkpoint_rerun,exact_integer,0.05,88,1887,1847,0.0482597982597991,0.0487638979429242,0.0481353260928255,0.8954710135035191,0.3322173799843184,0.3259329275962976
bxaic__indole__gin__seed2026,bxaic,indole,gin,2026,ig,P01_checkpoint_rerun,machine,0.1,66,1887,1847,0.0984317650984334,0.0989092906465804,0.095088767185412,0.6771674344541084,0.4150012599111217,0.3946820273522187
bxaic__indole__gin__seed2026,bxaic,indole,gin,2026,ig,P01_checkpoint_rerun,exact_integer,0.1,66,1887,1847,0.0984317650984334,0.0989092906465804,0.095088767185412,0.6771674344541084,0.4150012599111217,0.3946820273522187
bxaic__indole__gin__seed2026,bxaic,indole,gin,2026,ig,P01_checkpoint_rerun,machine,0.2,44,1887,1847,0.1964373121235842,0.1968629279540272,0.1870168688116699,0.4554649986536656,0.5449065892310218,0.4766685766777142
bxaic__indole__gin__seed2026,bxaic,indole,gin,2026,ig,P01_checkpoint_rerun,exact_integer,0.2,44,1887,1847,0.1964373121235842,0.1968629279540272,0.1870168688116699,0.4554649986536656,0.5449065892310218,0.4766685766777142
bxaic__indole__gin__seed2026,bxaic,indole,gin,2026,gradinput,P01_checkpoint_rerun,machine,0.05,97,1887,1847,0.0465336377101086,0.0470386516731859,0.0505745823287787,0.9902939499285937,0.3073198805103402,0.3055802206595298
bxaic__indole__gin__seed2026,bxaic,indole,gin,2026,gradinput,P01_checkpoint_rerun,exact_integer,0.05,97,1887,1847,0.0465336377101086,0.0470386516731859,0.0505745823287787,0.9902939499285937,0.3073198805103402,0.3055802206595298
bxaic__indole__gin__seed2026,bxaic,indole,gin,2026,gradinput,P01_checkpoint_rerun,machine,0.1,96,1887,1847,0.0964028885597528,0.0968814887247106,0.0988452823320191,0.9747994993281917,0.2976899691448806,0.2916663100285175
bxaic__indole__gin__seed2026,bxaic,indole,gin,2026,gradinput,P01_checkpoint_rerun,exact_integer,0.1,96,1887,1847,0.0964028885597528,0.0968814887247106,0.0988452823320191,0.9747994993281917,0.2976899691448806,0.2916663100285175
bxaic__indole__gin__seed2026,bxaic,indole,gin,2026,gradinput,P01_checkpoint_rerun,machine,0.2,93,1887,1847,0.1734238763650533,0.1738616815152837,0.1788754806824659,0.9462280636892798,0.2819476761177787,0.268907839472639
bxaic__indole__gin__seed2026,bxaic,indole,gin,2026,gradinput,P01_checkpoint_rerun,exact_integer,0.2,93,1887,1847,0.1734238763650533,0.1738616815152837,0.1788754806824659,0.9462280636892798,0.2819476761177787,0.268907839472639
bxaic__indole__gin__seed2026,bxaic,indole,gin,2026,atom_occlusion,P20_frozen_cache,machine,0.05,47,1887,1847,0.0470730911907387,0.0475778194263368,0.0430821637305127,0.4859745523486533,0.6050230394148074,0.5805035912508623
bxaic__indole__gin__seed2026,bxaic,indole,gin,2026,atom_occlusion,P20_frozen_cache,exact_integer,0.05,47,1887,1847,0.0470730911907387,0.0475778194263368,0.0430821637305127,0.4859745523486533,0.6050230394148074,0.5805035912508623
bxaic__indole__gin__seed2026,bxaic,indole,gin,2026,atom_occlusion,P20_frozen_cache,machine,0.1,37,1887,1847,0.0952281844438719,0.0957074068038063,0.0892699835106451,0.3856673704178531,0.713128755268573,0.6518451693270098
bxaic__indole__gin__seed2026,bxaic,indole,gin,2026,atom_occlusion,P20_frozen_cache,exact_integer,0.1,37,1887,1847,0.0952281844438719,0.0957074068038063,0.0892699835106451,0.3856673704178531,0.713128755268573,0.6518451693270098
bxaic__indole__gin__seed2026,bxaic,indole,gin,2026,atom_occlusion,P20_frozen_cache,machine,0.2,27,1887,1847,0.1985345073580354,0.1989590123859178,0.1910711255797877,0.2866347238712632,0.8302809381063192,0.6753981263926109
bxaic__indole__gin__seed2026,bxaic,indole,gin,2026,atom_occlusion,P20_frozen_cache,exact_integer,0.2,27,1887,1847,0.1985345073580354,0.1989590123859178,0.1910711255797877,0.2866347238712632,0.8302809381063192,0.6753981263926109
bxaic__indole__gin__seed2026,bxaic,indole,gin,2026,saliency,P20_frozen_cache,machine,0.05,76,1887,1847,0.0449469831822778,0.0454528375344058,0.0409917445245006,0.7755804835293979,0.3846428139446537,0.3767261126345091
bxaic__indole__gin__seed2026,bxaic,indole,gin,2026,saliency,P20_frozen_cache,exact_integer,0.05,76,1887,1847,0.0449469831822778,0.0454528375344058,0.0409917445245006,0.7755804835293979,0.3846428139446537,0.3767261126345091
bxaic__indole__gin__seed2026,bxaic,indole,gin,2026,saliency,P20_frozen_cache,machine,0.1,63,1887,1847,0.0964969494381274,0.0969754997827046,0.0969467697675617,0.6469652587254012,0.431016509339045,0.4086132805380003
bxaic__indole__gin__seed2026,bxaic,indole,gin,2026,saliency,P20_frozen_cache,exact_integer,0.1,63,1887,1847,0.0964969494381274,0.0969754997827046,0.0969467697675617,0.6469652587254012,0.431016509339045,0.4086132805380003
bxaic__indole__gin__seed2026,bxaic,indole,gin,2026,saliency,P20_frozen_cache,machine,0.2,44,1887,1847,0.198529600490386,0.1989541081172449,0.1971906009128543,0.4554649986536656,0.5346192799306503,0.4636745448974465
bxaic__indole__gin__seed2026,bxaic,indole,gin,2026,saliency,P20_frozen_cache,exact_integer,0.2,44,1887,1847,0.198529600490386,0.1989541081172449,0.1971906009128543,0.4554649986536656,0.5346192799306503,0.4636745448974465
bxaic__indole__gin__seed42,bxaic,indole,gin,42,ig,P01_checkpoint_rerun,machine,0.05,79,1887,1847,0.0457741300878563,0.0462795463325131,0.0491426383278042,0.8060574077896853,0.3689063948135451,0.3614530994124795
bxaic__indole__gin__seed42,bxaic,indole,gin,42,ig,P01_checkpoint_rerun,exact_integer,0.05,79,1887,1847,0.0457741300878563,0.0462795463325131,0.0491426383278042,0.8060574077896853,0.3689063948135451,0.3614530994124795
bxaic__indole__gin__seed42,bxaic,indole,gin,42,ig,P01_checkpoint_rerun,machine,0.1,67,1887,1847,0.0966353231059131,0.0971138001593528,0.0980146445224968,0.6886269315023922,0.4092258497899282,0.3905567755889947
bxaic__indole__gin__seed42,bxaic,indole,gin,42,ig,P01_checkpoint_rerun,exact_integer,0.1,67,1887,1847,0.0966353231059131,0.0971138001593528,0.0980146445224968,0.6886269315023922,0.4092258497899282,0.3905567755889947
bxaic__indole__gin__seed42,bxaic,indole,gin,42,ig,P01_checkpoint_rerun,machine,0.2,47,1887,1847,0.1982917306446705,0.1987163642619138,0.1985001858715978,0.4859745523486533,0.506047875126818,0.4427403648296507
bxaic__indole__gin__seed42,bxaic,indole,gin,42,ig,P01_checkpoint_rerun,exact_integer,0.2,47,1887,1847,0.1982917306446705,0.1987163642619138,0.1985001858715978,0.4859745523486533,0.506047875126818,0.4427403648296507
bxaic__indole__gin__seed42,bxaic,indole,gin,42,gradinput,P01_checkpoint_rerun,machine,0.05,96,1887,1847,0.0465879907056385,0.0470929758800529,0.0490741126366473,0.9747994993281917,0.3075204872019437,0.3036279059380948
bxaic__indole__gin__seed42,bxaic,indole,gin,42,gradinput,P01_checkpoint_rerun,exact_integer,0.05,96,1887,1847,0.0465879907056385,0.0470929758800529,0.0490741126366473,0.9747994993281917,0.3075204872019437,0.3036279059380948
bxaic__indole__gin__seed42,bxaic,indole,gin,42,gradinput,P01_checkpoint_rerun,machine,0.1,93,1887,1847,0.0900429841606328,0.0905249529190223,0.0921752491527818,0.9462280636892798,0.3024850796968607,0.2939082949413047
bxaic__indole__gin__seed42,bxaic,indole,gin,42,gradinput,P01_checkpoint_rerun,exact_integer,0.1,93,1887,1847,0.0900429841606328,0.0905249529190223,0.0921752491527818,0.9462280636892798,0.3024850796968607,0.2939082949413047
bxaic__indole__gin__seed42,bxaic,indole,gin,42,gradinput,P01_checkpoint_rerun,machine,0.2,85,1887,1847,0.1987725281842919,0.1991969071418214,0.2060787146940355,0.8652452057581667,0.2897939308541488,0.2703759007718809
bxaic__indole__gin__seed42,bxaic,indole,gin,42,gradinput,P01_checkpoint_rerun,exact_integer,0.2,85,1887,1847,0.1987725281842919,0.1991969071418214,0.2060787146940355,0.8652452057581667,0.2897939308541488,0.2703759007718809
bxaic__indole__gin__seed42,bxaic,indole,gin,42,atom_occlusion,P20_frozen_cache,machine,0.05,44,1887,1847,0.0489152047975581,0.0494189573373899,0.0456926956317864,0.4554649986536656,0.6414726743558677,0.6132150966707766
bxaic__indole__gin__seed42,bxaic,indole,gin,42,atom_occlusion,P20_frozen_cache,exact_integer,0.05,44,1887,1847,0.0489152047975581,0.0494189573373899,0.0456926956317864,0.4554649986536656,0.6414726743558677,0.6132150966707766
bxaic__indole__gin__seed42,bxaic,indole,gin,42,atom_occlusion,P20_frozen_cache,machine,0.1,35,1887,1847,0.0943700110366787,0.0948496879376127,0.0921819976029515,0.3678004329265359,0.7414573409404206,0.674430063899986
bxaic__indole__gin__seed42,bxaic,indole,gin,42,atom_occlusion,P20_frozen_cache,exact_integer,0.1,35,1887,1847,0.0963946601201514,0.0968732646433929,0.0945684038334292,0.3660944130170112,0.7423789261239172,0.6729803310854726
bxaic__indole__gin__seed42,bxaic,indole,gin,42,atom_occlusion,P20_frozen_cache,machine,0.2,27,1887,1847,0.1872562607856722,0.1876867394611035,0.1791344669187118,0.2866347238712632,0.8380004888701552,0.6886127863029134
bxaic__indole__gin__seed42,bxaic,indole,gin,42,atom_occlusion,P20_frozen_cache,exact_integer,0.2,27,1887,1847,0.1872562607856722,0.1876867394611035,0.1791344669187118,0.2866347238712632,0.8380004888701552,0.6886127863029134
bxaic__indole__gin__seed42,bxaic,indole,gin,42,saliency,P20_frozen_cache,machine,0.05,66,1887,1847,0.0468552262669914,0.0473600698971466,0.0417471274739822,0.6771674344541084,0.4396044806400717,0.429116282236358
bxaic__indole__gin__seed42,bxaic,indole,gin,42,saliency,P20_frozen_cache,exact_integer,0.05,66,1887,1847,0.0468552262669914,0.0473600698971466,0.0417471274739822,0.6771674344541084,0.4396044806400717,0.429116282236358
bxaic__indole__gin__seed42,bxaic,indole,gin,42,saliency,P20_frozen_cache,machine,0.1,56,1887,1847,0.0946763505587048,0.0951558652035359,0.0867166784668149,0.5771687133266318,0.4872282069646197,0.4619173808242405
bxaic__indole__gin__seed42,bxaic,indole,gin,42,saliency,P20_frozen_cache,exact_integer,0.1,56,1887,1847,0.0962790845143799,0.0967577502535143,0.0878712418845077,0.5752647248768914,0.4883090776800065,0.462456439703578
bxaic__indole__gin__seed42,bxaic,indole,gin,42,saliency,P20_frozen_cache,machine,0.2,43,1887,1847,0.1894281158987041,0.1898574442271476,0.1751980573718529,0.4472760748792189,0.5584179271563924,0.4941303925731432
bxaic__indole__gin__seed42,bxaic,indole,gin,42,saliency,P20_frozen_cache,exact_integer,0.2,43,1887,1847,0.1894281158987041,0.1898574442271476,0.1751980573718529,0.4472760748792189,0.5584179271563924,0.4941303925731432
bxaic__P__gcn__seed123,bxaic,P,gcn,123,ig,P01_checkpoint_rerun,machine,0.05,4,657,638,0.0341657819901172,0.0356336151481869,0.0423878015155905,0.0560134724761789,0.7105022850712505,0.6681144835556599
bxaic__P__gcn__seed123,bxaic,P,gcn,123,ig,P01_checkpoint_rerun,exact_integer,0.05,4,657,638,0.0341657819901172,0.0356336151481869,0.0423878015155905,0.0560134724761789,0.7105022850712505,0.6681144835556599
bxaic__P__gcn__seed123,bxaic,P,gcn,123,ig,P01_checkpoint_rerun,machine,0.1,2,657,638,0.0919435326365221,0.0933235576629104,0.1097649062474804,0.0365457382575857,0.9612068965517244,0.851441990304244
bxaic__P__gcn__seed123,bxaic,P,gcn,123,ig,P01_checkpoint_rerun,exact_integer,0.1,2,657,638,0.0919435326365221,0.0933235576629104,0.1097649062474804,0.0365457382575857,0.9612068965517244,0.851441990304244
bxaic__P__gcn__seed123,bxaic,P,gcn,123,ig,P01_checkpoint_rerun,machine,0.2,1,657,638,0.1139081424738153,0.1152547866341894,0.1261095019369959,0.0347549874610955,0.9929467084639498,0.8668372065269537
bxaic__P__gcn__seed123,bxaic,P,gcn,123,ig,P01_checkpoint_rerun,exact_integer,0.2,1,657,638,0.1139081424738153,0.1152547866341894,0.1261095019369959,0.0347549874610955,0.9929467084639498,0.8668372065269537
bxaic__P__gcn__seed123,bxaic,P,gcn,123,gradinput,P01_checkpoint_rerun,machine,0.05,4,657,638,0.0341657819901172,0.0356336151481869,0.0423878015155905,0.0560134724761789,0.7105022850712505,0.6681144835556599
bxaic__P__gcn__seed123,bxaic,P,gcn,123,gradinput,P01_checkpoint_rerun,exact_integer,0.05,4,657,638,0.0341657819901172,0.0356336151481869,0.0423878015155905,0.0560134724761789,0.7105022850712505,0.6681144835556599
bxaic__P__gcn__seed123,bxaic,P,gcn,123,gradinput,P01_checkpoint_rerun,machine,0.1,2,657,638,0.0919435326365221,0.0933235576629104,0.1097649062474804,0.0365457382575857,0.9612068965517244,0.851441990304244
bxaic__P__gcn__seed123,bxaic,P,gcn,123,gradinput,P01_checkpoint_rerun,exact_integer,0.1,2,657,638,0.0919435326365221,0.0933235576629104,0.1097649062474804,0.0365457382575857,0.9612068965517244,0.851441990304244
bxaic__P__gcn__seed123,bxaic,P,gcn,123,gradinput,P01_checkpoint_rerun,machine,0.2,1,657,638,0.1139081424738153,0.1152547866341894,0.1261095019369959,0.0347549874610955,0.9929467084639498,0.8668372065269537
bxaic__P__gcn__seed123,bxaic,P,gcn,123,gradinput,P01_checkpoint_rerun,exact_integer,0.2,1,657,638,0.1139081424738153,0.1152547866341894,0.1261095019369959,0.0347549874610955,0.9929467084639498,0.8668372065269537
bxaic__P__gcn__seed123,bxaic,P,gcn,123,atom_occlusion,P20_frozen_cache,machine,0.05,4,657,638,0.0341657819901172,0.0356336151481869,0.0423878015155905,0.0560134724761789,0.7105022850712505,0.6681144835556599
bxaic__P__gcn__seed123,bxaic,P,gcn,123,atom_occlusion,P20_frozen_cache,exact_integer,0.05,4,657,638,0.0341657819901172,0.0356336151481869,0.0423878015155905,0.0560134724761789,0.7105022850712505,0.6681144835556599
bxaic__P__gcn__seed123,bxaic,P,gcn,123,atom_occlusion,P20_frozen_cache,machine,0.1,2,657,638,0.0919435326365221,0.0933235576629104,0.1097649062474804,0.0365457382575857,0.9612068965517244,0.851441990304244
bxaic__P__gcn__seed123,bxaic,P,gcn,123,atom_occlusion,P20_frozen_cache,exact_integer,0.1,2,657,638,0.0919435326365221,0.0933235576629104,0.1097649062474804,0.0365457382575857,0.9612068965517244,0.851441990304244
bxaic__P__gcn__seed123,bxaic,P,gcn,123,atom_occlusion,P20_frozen_cache,machine,0.2,1,657,638,0.1139081424738153,0.1152547866341894,0.1261095019369959,0.0347549874610955,0.9929467084639498,0.8668372065269537
bxaic__P__gcn__seed123,bxaic,P,gcn,123,atom_occlusion,P20_frozen_cache,exact_integer,0.2,1,657,638,0.1139081424738153,0.1152547866341894,0.1261095019369959,0.0347549874610955,0.9929467084639498,0.8668372065269537
bxaic__P__gcn__seed123,bxaic,P,gcn,123,saliency,P20_frozen_cache,machine,0.05,6,657,638,0.0385591070522577,0.0400202634245187,0.0348820719510374,0.0772656620816479,0.5266535353773433,0.5115206797272466
bxaic__P__gcn__seed123,bxaic,P,gcn,123,saliency,P20_frozen_cache,exact_integer,0.05,6,657,638,0.0385591070522577,0.0400202634245187,0.0348820719510374,0.0772656620816479,0.5266535353773433,0.5115206797272466
bxaic__P__gcn__seed123,bxaic,P,gcn,123,saliency,P20_frozen_cache,machine,0.1,4,657,638,0.0840135749885951,0.0854056516223511,0.0709928171895717,0.0560134724761789,0.681244186847635,0.6434018398774991
bxaic__P__gcn__seed123,bxaic,P,gcn,123,saliency,P20_frozen_cache,exact_integer,0.1,4,657,638,0.0840135749885951,0.0854056516223511,0.0709928171895717,0.0560134724761789,0.681244186847635,0.6434018398774991
bxaic__P__gcn__seed123,bxaic,P,gcn,123,saliency,P20_frozen_cache,machine,0.2,1,657,638,0.1703515722049163,0.1716124360769453,0.1735232950404442,0.0347549874610955,0.9349529780564264,0.8194234134235057
bxaic__P__gcn__seed123,bxaic,P,gcn,123,saliency,P20_frozen_cache,exact_integer,0.2,1,657,638,0.1703515722049163,0.1716124360769453,0.1735232950404442,0.0347549874610955,0.9349529780564264,0.8194234134235057
bxaic__P__gcn__seed2026,bxaic,P,gcn,2026,ig,P01_checkpoint_rerun,machine,0.05,4,657,638,0.0341657819901172,0.0356336151481869,0.0423878015155905,0.0560134724761789,0.7105022850712505,0.6681144835556599
bxaic__P__gcn__seed2026,bxaic,P,gcn,2026,ig,P01_checkpoint_rerun,exact_integer,0.05,4,657,638,0.0341657819901172,0.0356336151481869,0.0423878015155905,0.0560134724761789,0.7105022850712505,0.6681144835556599
bxaic__P__gcn__seed2026,bxaic,P,gcn,2026,ig,P01_checkpoint_rerun,machine,0.1,2,657,638,0.0919435326365221,0.0933235576629104,0.1097649062474804,0.0365457382575857,0.9612068965517244,0.851441990304244
bxaic__P__gcn__seed2026,bxaic,P,gcn,2026,ig,P01_checkpoint_rerun,exact_integer,0.1,2,657,638,0.0919435326365221,0.0933235576629104,0.1097649062474804,0.0365457382575857,0.9612068965517244,0.851441990304244
bxaic__P__gcn__seed2026,bxaic,P,gcn,2026,ig,P01_checkpoint_rerun,machine,0.2,1,657,638,0.1139081424738153,0.1152547866341894,0.1261095019369959,0.0347549874610955,0.9929467084639498,0.8668372065269537
bxaic__P__gcn__seed2026,bxaic,P,gcn,2026,ig,P01_checkpoint_rerun,exact_integer,0.2,1,657,638,0.1139081424738153,0.1152547866341894,0.1261095019369959,0.0347549874610955,0.9929467084639498,0.8668372065269537
bxaic__P__gcn__seed2026,bxaic,P,gcn,2026,gradinput,P01_checkpoint_rerun,machine,0.05,4,657,638,0.0341657819901172,0.0356336151481869,0.0423878015155905,0.0560134724761789,0.7105022850712505,0.6681144835556599
bxaic__P__gcn__seed2026,bxaic,P,gcn,2026,gradinput,P01_checkpoint_rerun,exact_integer,0.05,4,657,638,0.0341657819901172,0.0356336151481869,0.0423878015155905,0.0560134724761789,0.7105022850712505,0.6681144835556599
bxaic__P__gcn__seed2026,bxaic,P,gcn,2026,gradinput,P01_checkpoint_rerun,machine,0.1,2,657,638,0.0919435326365221,0.0933235576629104,0.1097649062474804,0.0365457382575857,0.9612068965517244,0.851441990304244
bxaic__P__gcn__seed2026,bxaic,P,gcn,2026,gradinput,P01_checkpoint_rerun,exact_integer,0.1,2,657,638,0.0919435326365221,0.0933235576629104,0.1097649062474804,0.0365457382575857,0.9612068965517244,0.851441990304244
bxaic__P__gcn__seed2026,bxaic,P,gcn,2026,gradinput,P01_checkpoint_rerun,machine,0.2,1,657,638,0.1139081424738153,0.1152547866341894,0.1261095019369959,0.0347549874610955,0.9929467084639498,0.8668372065269537
bxaic__P__gcn__seed2026,bxaic,P,gcn,2026,gradinput,P01_checkpoint_rerun,exact_integer,0.2,1,657,638,0.1139081424738153,0.1152547866341894,0.1261095019369959,0.0347549874610955,0.9929467084639498,0.8668372065269537
bxaic__P__gcn__seed2026,bxaic,P,gcn,2026,atom_occlusion,P20_frozen_cache,machine,0.05,4,657,638,0.0341657819901172,0.0356336151481869,0.0423878015155905,0.0560134724761789,0.7105022850712505,0.6681144835556599
bxaic__P__gcn__seed2026,bxaic,P,gcn,2026,atom_occlusion,P20_frozen_cache,exact_integer,0.05,4,657,638,0.0341657819901172,0.0356336151481869,0.0423878015155905,0.0560134724761789,0.7105022850712505,0.6681144835556599
bxaic__P__gcn__seed2026,bxaic,P,gcn,2026,atom_occlusion,P20_frozen_cache,machine,0.1,2,657,638,0.0919435326365221,0.0933235576629104,0.1097649062474804,0.0365457382575857,0.9612068965517244,0.851441990304244
bxaic__P__gcn__seed2026,bxaic,P,gcn,2026,atom_occlusion,P20_frozen_cache,exact_integer,0.1,2,657,638,0.0919435326365221,0.0933235576629104,0.1097649062474804,0.0365457382575857,0.9612068965517244,0.851441990304244
bxaic__P__gcn__seed2026,bxaic,P,gcn,2026,atom_occlusion,P20_frozen_cache,machine,0.2,1,657,638,0.1139081424738153,0.1152547866341894,0.1261095019369959,0.0347549874610955,0.9929467084639498,0.8668372065269537
bxaic__P__gcn__seed2026,bxaic,P,gcn,2026,atom_occlusion,P20_frozen_cache,exact_integer,0.2,1,657,638,0.1139081424738153,0.1152547866341894,0.1261095019369959,0.0347549874610955,0.9929467084639498,0.8668372065269537
bxaic__P__gcn__seed2026,bxaic,P,gcn,2026,saliency,P20_frozen_cache,machine,0.05,9,657,638,0.0405885337392186,0.0420466058763931,0.0598932676518883,0.1069868638561791,0.3778979476316254,0.374901231703875
bxaic__P__gcn__seed2026,bxaic,P,gcn,2026,saliency,P20_frozen_cache,exact_integer,0.05,9,657,638,0.0405885337392186,0.0420466058763931,0.0598932676518883,0.1069868638561791,0.3778979476316254,0.374901231703875
bxaic__P__gcn__seed2026,bxaic,P,gcn,2026,saliency,P20_frozen_cache,machine,0.1,7,657,638,0.0687468290208016,0.0701621073961499,0.1028026571130019,0.0876095521611401,0.4377302972420191,0.4287538330931414
bxaic__P__gcn__seed2026,bxaic,P,gcn,2026,saliency,P20_frozen_cache,exact_integer,0.1,7,657,638,0.0687468290208016,0.0701621073961499,0.1028026571130019,0.087604327500743,0.4377777941547197,0.4288013300058421
bxaic__P__gcn__seed2026,bxaic,P,gcn,2026,saliency,P20_frozen_cache,machine,0.2,4,657,638,0.1949945524079286,0.1962179649422631,0.2103784446237885,0.0560134724761789,0.5851757437964332,0.5433543429647983
bxaic__P__gcn__seed2026,bxaic,P,gcn,2026,saliency,P20_frozen_cache,exact_integer,0.2,4,657,638,0.1949945524079286,0.1962179649422631,0.2103784446237885,0.0560134724761789,0.5851757437964332,0.5433543429647983
bxaic__P__gcn__seed42,bxaic,P,gcn,42,ig,P01_checkpoint_rerun,machine,0.05,4,657,638,0.0341657819901172,0.0356336151481869,0.0423878015155905,0.0560134724761789,0.7105022850712505,0.6681144835556599
bxaic__P__gcn__seed42,bxaic,P,gcn,42,ig,P01_checkpoint_rerun,exact_integer,0.05,4,657,638,0.0341657819901172,0.0356336151481869,0.0423878015155905,0.0560134724761789,0.7105022850712505,0.6681144835556599
bxaic__P__gcn__seed42,bxaic,P,gcn,42,ig,P01_checkpoint_rerun,machine,0.1,2,657,638,0.0919435326365221,0.0933235576629104,0.1097649062474804,0.0365457382575857,0.9612068965517244,0.851441990304244
bxaic__P__gcn__seed42,bxaic,P,gcn,42,ig,P01_checkpoint_rerun,exact_integer,0.1,2,657,638,0.0919435326365221,0.0933235576629104,0.1097649062474804,0.0365457382575857,0.9612068965517244,0.851441990304244
bxaic__P__gcn__seed42,bxaic,P,gcn,42,ig,P01_checkpoint_rerun,machine,0.2,1,657,638,0.1139081424738153,0.1152547866341894,0.1261095019369959,0.0347549874610955,0.9929467084639498,0.8668372065269537
bxaic__P__gcn__seed42,bxaic,P,gcn,42,ig,P01_checkpoint_rerun,exact_integer,0.2,1,657,638,0.1139081424738153,0.1152547866341894,0.1261095019369959,0.0347549874610955,0.9929467084639498,0.8668372065269537
bxaic__P__gcn__seed42,bxaic,P,gcn,42,gradinput,P01_checkpoint_rerun,machine,0.05,4,657,638,0.0341657819901172,0.0356336151481869,0.0423878015155905,0.0560134724761789,0.7105022850712505,0.6681144835556599
bxaic__P__gcn__seed42,bxaic,P,gcn,42,gradinput,P01_checkpoint_rerun,exact_integer,0.05,4,657,638,0.0341657819901172,0.0356336151481869,0.0423878015155905,0.0560134724761789,0.7105022850712505,0.6681144835556599
bxaic__P__gcn__seed42,bxaic,P,gcn,42,gradinput,P01_checkpoint_rerun,machine,0.1,2,657,638,0.0919435326365221,0.0933235576629104,0.1097649062474804,0.0365457382575857,0.9612068965517244,0.851441990304244
bxaic__P__gcn__seed42,bxaic,P,gcn,42,gradinput,P01_checkpoint_rerun,exact_integer,0.1,2,657,638,0.0919435326365221,0.0933235576629104,0.1097649062474804,0.0365457382575857,0.9612068965517244,0.851441990304244
bxaic__P__gcn__seed42,bxaic,P,gcn,42,gradinput,P01_checkpoint_rerun,machine,0.2,1,657,638,0.1139081424738153,0.1152547866341894,0.1261095019369959,0.0347549874610955,0.9929467084639498,0.8668372065269537
bxaic__P__gcn__seed42,bxaic,P,gcn,42,gradinput,P01_checkpoint_rerun,exact_integer,0.2,1,657,638,0.1139081424738153,0.1152547866341894,0.1261095019369959,0.0347549874610955,0.9929467084639498,0.8668372065269537
bxaic__P__gcn__seed42,bxaic,P,gcn,42,atom_occlusion,P20_frozen_cache,machine,0.05,4,657,638,0.0341657819901172,0.0356336151481869,0.0423878015155905,0.0560134724761789,0.7105022850712505,0.6681144835556599
bxaic__P__gcn__seed42,bxaic,P,gcn,42,atom_occlusion,P20_frozen_cache,exact_integer,0.05,4,657,638,0.0341657819901172,0.0356336151481869,0.0423878015155905,0.0560134724761789,0.7105022850712505,0.6681144835556599
bxaic__P__gcn__seed42,bxaic,P,gcn,42,atom_occlusion,P20_frozen_cache,machine,0.1,2,657,638,0.0919435326365221,0.0933235576629104,0.1097649062474804,0.0365457382575857,0.9612068965517244,0.851441990304244
bxaic__P__gcn__seed42,bxaic,P,gcn,42,atom_occlusion,P20_frozen_cache,exact_integer,0.1,2,657,638,0.0919435326365221,0.0933235576629104,0.1097649062474804,0.0365457382575857,0.9612068965517244,0.851441990304244
bxaic__P__gcn__seed42,bxaic,P,gcn,42,atom_occlusion,P20_frozen_cache,machine,0.2,1,657,638,0.1139081424738153,0.1152547866341894,0.1261095019369959,0.0347549874610955,0.9929467084639498,0.8668372065269537
bxaic__P__gcn__seed42,bxaic,P,gcn,42,atom_occlusion,P20_frozen_cache,exact_integer,0.2,1,657,638,0.1139081424738153,0.1152547866341894,0.1261095019369959,0.0347549874610955,0.9929467084639498,0.8668372065269537
bxaic__P__gcn__seed42,bxaic,P,gcn,42,saliency,P20_frozen_cache,machine,0.05,6,657,638,0.0313292744799594,0.0328014184397163,0.0395842663084042,0.0772656620816479,0.5199920933710738,0.5043367716812694
bxaic__P__gcn__seed42,bxaic,P,gcn,42,saliency,P20_frozen_cache,exact_integer,0.05,6,657,638,0.0313292744799594,0.0328014184397163,0.0395842663084042,0.0772656620816479,0.5199920933710738,0.5043367716812694
bxaic__P__gcn__seed42,bxaic,P,gcn,42,saliency,P20_frozen_cache,machine,0.1,4,657,638,0.0742469590575956,0.0756538785727057,0.0858830993212332,0.0560134724761789,0.6676600698152421,0.6300789558649599
bxaic__P__gcn__seed42,bxaic,P,gcn,42,saliency,P20_frozen_cache,exact_integer,0.1,4,657,638,0.0742469590575956,0.0756538785727057,0.0858830993212332,0.0560134724761789,0.6676600698152421,0.6300789558649599
bxaic__P__gcn__seed42,bxaic,P,gcn,42,saliency,P20_frozen_cache,machine,0.2,1,657,638,0.169590537197306,0.1708525576574924,0.1837113828147389,0.0347549874610955,0.9224137931034484,0.809235325649211
bxaic__P__gcn__seed42,bxaic,P,gcn,42,saliency,P20_frozen_cache,exact_integer,0.2,1,657,638,0.169590537197306,0.1708525576574924,0.1837113828147389,0.0347549874610955,0.9224137931034484,0.809235325649211
bxaic__P__gin__seed123,bxaic,P,gin,123,ig,P01_checkpoint_rerun,machine,0.05,4,657,638,0.0341657819901172,0.0356336151481869,0.0423878015155905,0.0560134724761789,0.7105022850712505,0.6681144835556599
bxaic__P__gin__seed123,bxaic,P,gin,123,ig,P01_checkpoint_rerun,exact_integer,0.05,4,657,638,0.0341657819901172,0.0356336151481869,0.0423878015155905,0.0560134724761789,0.7105022850712505,0.6681144835556599
bxaic__P__gin__seed123,bxaic,P,gin,123,ig,P01_checkpoint_rerun,machine,0.1,2,657,638,0.0934656026517428,0.0948433145018161,0.1128997024857249,0.0365457382575857,0.9580721003134798,0.8483071940659994
bxaic__P__gin__seed123,bxaic,P,gin,123,ig,P01_checkpoint_rerun,exact_integer,0.1,2,657,638,0.0934656026517428,0.0948433145018161,0.1128997024857249,0.0365457382575857,0.9580721003134798,0.8483071940659994
bxaic__P__gin__seed123,bxaic,P,gin,123,ig,P01_checkpoint_rerun,machine,0.2,1,657,638,0.115430212489036,0.1167745434730952,0.1292442981752404,0.0347549874610955,0.9898119122257052,0.8637024102887092
bxaic__P__gin__seed123,bxaic,P,gin,123,ig,P01_checkpoint_rerun,exact_integer,0.2,1,657,638,0.115430212489036,0.1167745434730952,0.1292442981752404,0.0347549874610955,0.9898119122257052,0.8637024102887092
bxaic__P__gin__seed123,bxaic,P,gin,123,gradinput,P01_checkpoint_rerun,machine,0.05,4,657,638,0.0341657819901172,0.0356336151481869,0.0423878015155905,0.0560134724761789,0.7105022850712505,0.6681144835556599
bxaic__P__gin__seed123,bxaic,P,gin,123,gradinput,P01_checkpoint_rerun,exact_integer,0.05,4,657,638,0.0341657819901172,0.0356336151481869,0.0423878015155905,0.0560134724761789,0.7105022850712505,0.6681144835556599
bxaic__P__gin__seed123,bxaic,P,gin,123,gradinput,P01_checkpoint_rerun,machine,0.1,2,657,638,0.0934656026517428,0.0948433145018161,0.1128997024857249,0.0365457382575857,0.9580721003134798,0.8483071940659994
bxaic__P__gin__seed123,bxaic,P,gin,123,gradinput,P01_checkpoint_rerun,exact_integer,0.1,2,657,638,0.0934656026517428,0.0948433145018161,0.1128997024857249,0.0365457382575857,0.9580721003134798,0.8483071940659994
bxaic__P__gin__seed123,bxaic,P,gin,123,gradinput,P01_checkpoint_rerun,machine,0.2,1,657,638,0.115430212489036,0.1167745434730952,0.1292442981752404,0.0347549874610955,0.9898119122257052,0.8637024102887092
bxaic__P__gin__seed123,bxaic,P,gin,123,gradinput,P01_checkpoint_rerun,exact_integer,0.2,1,657,638,0.115430212489036,0.1167745434730952,0.1292442981752404,0.0347549874610955,0.9898119122257052,0.8637024102887092
bxaic__P__gin__seed123,bxaic,P,gin,123,atom_occlusion,P20_frozen_cache,machine,0.05,4,657,638,0.0341657819901172,0.0356336151481869,0.0423878015155905,0.0560134724761789,0.7105022850712505,0.6681144835556599
bxaic__P__gin__seed123,bxaic,P,gin,123,atom_occlusion,P20_frozen_cache,exact_integer,0.05,4,657,638,0.0341657819901172,0.0356336151481869,0.0423878015155905,0.0560134724761789,0.7105022850712505,0.6681144835556599
bxaic__P__gin__seed123,bxaic,P,gin,123,atom_occlusion,P20_frozen_cache,machine,0.1,2,657,638,0.0919435326365221,0.0933235576629104,0.1097649062474804,0.0365457382575857,0.9612068965517244,0.851441990304244
bxaic__P__gin__seed123,bxaic,P,gin,123,atom_occlusion,P20_frozen_cache,exact_integer,0.1,2,657,638,0.0919435326365221,0.0933235576629104,0.1097649062474804,0.0365457382575857,0.9612068965517244,0.851441990304244
bxaic__P__gin__seed123,bxaic,P,gin,123,atom_occlusion,P20_frozen_cache,machine,0.2,1,657,638,0.1139081424738153,0.1152547866341894,0.1261095019369959,0.0347549874610955,0.9929467084639498,0.8668372065269537
bxaic__P__gin__seed123,bxaic,P,gin,123,atom_occlusion,P20_frozen_cache,exact_integer,0.2,1,657,638,0.1139081424738153,0.1152547866341894,0.1261095019369959,0.0347549874610955,0.9929467084639498,0.8668372065269537
bxaic__P__gin__seed123,bxaic,P,gin,123,saliency,P20_frozen_cache,machine,0.05,6,657,638,0.0481553961006015,0.0496019684469532,0.0573219883564711,0.0772656620816479,0.4958541623365911,0.4782321291973166
bxaic__P__gin__seed123,bxaic,P,gin,123,saliency,P20_frozen_cache,exact_integer,0.05,6,657,638,0.0481553961006015,0.0496019684469532,0.0573219883564711,0.0772656620816479,0.4958541623365911,0.4782321291973166
bxaic__P__gin__seed123,bxaic,P,gin,123,saliency,P20_frozen_cache,machine,0.1,4,657,638,0.094030245279238,0.0954070990098166,0.1057368088301151,0.0560134724761789,0.6310874470357228,0.59734645847729
bxaic__P__gin__seed123,bxaic,P,gin,123,saliency,P20_frozen_cache,exact_integer,0.1,4,657,638,0.094030245279238,0.0954070990098166,0.1057368088301151,0.0560134724761789,0.6310874470357228,0.59734645847729
bxaic__P__gin__seed123,bxaic,P,gin,123,saliency,P20_frozen_cache,machine,0.2,1,657,638,0.1746278641524411,0.1758822291005377,0.1907385510488037,0.0347549874610955,0.8832288401253918,0.8022081574151461
bxaic__P__gin__seed123,bxaic,P,gin,123,saliency,P20_frozen_cache,exact_integer,0.2,1,657,638,0.1746278641524411,0.1758822291005377,0.1907385510488037,0.0347549874610955,0.8832288401253918,0.8022081574151461
bxaic__P__gin__seed2026,bxaic,P,gin,2026,ig,P01_checkpoint_rerun,machine,0.05,4,657,638,0.0341657819901172,0.0356336151481869,0.0423878015155905,0.0560134724761789,0.7105022850712505,0.6681144835556599
bxaic__P__gin__seed2026,bxaic,P,gin,2026,ig,P01_checkpoint_rerun,exact_integer,0.05,4,657,638,0.0341657819901172,0.0356336151481869,0.0423878015155905,0.0560134724761789,0.7105022850712505,0.6681144835556599
bxaic__P__gin__seed2026,bxaic,P,gin,2026,ig,P01_checkpoint_rerun,machine,0.1,2,657,638,0.0919435326365221,0.0933235576629104,0.1097649062474804,0.0365457382575857,0.9612068965517244,0.851441990304244
bxaic__P__gin__seed2026,bxaic,P,gin,2026,ig,P01_checkpoint_rerun,exact_integer,0.1,2,657,638,0.0919435326365221,0.0933235576629104,0.1097649062474804,0.0365457382575857,0.9612068965517244,0.851441990304244
bxaic__P__gin__seed2026,bxaic,P,gin,2026,ig,P01_checkpoint_rerun,machine,0.2,1,657,638,0.1139081424738153,0.1152547866341894,0.1261095019369959,0.0347549874610955,0.9929467084639498,0.8668372065269537
bxaic__P__gin__seed2026,bxaic,P,gin,2026,ig,P01_checkpoint_rerun,exact_integer,0.2,1,657,638,0.1139081424738153,0.1152547866341894,0.1261095019369959,0.0347549874610955,0.9929467084639498,0.8668372065269537
bxaic__P__gin__seed2026,bxaic,P,gin,2026,gradinput,P01_checkpoint_rerun,machine,0.05,4,657,638,0.0341657819901172,0.0356336151481869,0.0423878015155905,0.0560134724761789,0.7105022850712505,0.6681144835556599
bxaic__P__gin__seed2026,bxaic,P,gin,2026,gradinput,P01_checkpoint_rerun,exact_integer,0.05,4,657,638,0.0341657819901172,0.0356336151481869,0.0423878015155905,0.0560134724761789,0.7105022850712505,0.6681144835556599
bxaic__P__gin__seed2026,bxaic,P,gin,2026,gradinput,P01_checkpoint_rerun,machine,0.1,2,657,638,0.0919435326365221,0.0933235576629104,0.1097649062474804,0.0365457382575857,0.9612068965517244,0.851441990304244
bxaic__P__gin__seed2026,bxaic,P,gin,2026,gradinput,P01_checkpoint_rerun,exact_integer,0.1,2,657,638,0.0919435326365221,0.0933235576629104,0.1097649062474804,0.0365457382575857,0.9612068965517244,0.851441990304244
bxaic__P__gin__seed2026,bxaic,P,gin,2026,gradinput,P01_checkpoint_rerun,machine,0.2,1,657,638,0.1139081424738153,0.1152547866341894,0.1261095019369959,0.0347549874610955,0.9929467084639498,0.8668372065269537
bxaic__P__gin__seed2026,bxaic,P,gin,2026,gradinput,P01_checkpoint_rerun,exact_integer,0.2,1,657,638,0.1139081424738153,0.1152547866341894,0.1261095019369959,0.0347549874610955,0.9929467084639498,0.8668372065269537
bxaic__P__gin__seed2026,bxaic,P,gin,2026,atom_occlusion,P20_frozen_cache,machine,0.05,4,657,638,0.0341657819901172,0.0356336151481869,0.0423878015155905,0.0560134724761789,0.7105022850712505,0.6681144835556599
bxaic__P__gin__seed2026,bxaic,P,gin,2026,atom_occlusion,P20_frozen_cache,exact_integer,0.05,4,657,638,0.0341657819901172,0.0356336151481869,0.0423878015155905,0.0560134724761789,0.7105022850712505,0.6681144835556599
bxaic__P__gin__seed2026,bxaic,P,gin,2026,atom_occlusion,P20_frozen_cache,machine,0.1,2,657,638,0.0919435326365221,0.0933235576629104,0.1097649062474804,0.0365457382575857,0.9612068965517244,0.851441990304244
bxaic__P__gin__seed2026,bxaic,P,gin,2026,atom_occlusion,P20_frozen_cache,exact_integer,0.1,2,657,638,0.0919435326365221,0.0933235576629104,0.1097649062474804,0.0365457382575857,0.9612068965517244,0.851441990304244
bxaic__P__gin__seed2026,bxaic,P,gin,2026,atom_occlusion,P20_frozen_cache,machine,0.2,1,657,638,0.1139081424738153,0.1152547866341894,0.1261095019369959,0.0347549874610955,0.9929467084639498,0.8668372065269537
bxaic__P__gin__seed2026,bxaic,P,gin,2026,atom_occlusion,P20_frozen_cache,exact_integer,0.2,1,657,638,0.1139081424738153,0.1152547866341894,0.1261095019369959,0.0347549874610955,0.9929467084639498,0.8668372065269537
bxaic__P__gin__seed2026,bxaic,P,gin,2026,saliency,P20_frozen_cache,machine,0.05,4,657,638,0.0391668691829852,0.0406271019045916,0.0528371223097389,0.0560134724761789,0.7034489935352003,0.6615836580593172
bxaic__P__gin__seed2026,bxaic,P,gin,2026,saliency,P20_frozen_cache,exact_integer,0.05,4,657,638,0.0391668691829852,0.0406271019045916,0.0528371223097389,0.0560134724761789,0.7034489935352003,0.6615836580593172
bxaic__P__gin__seed2026,bxaic,P,gin,2026,saliency,P20_frozen_cache,machine,0.1,2,657,638,0.0980318126974049,0.0994025850185335,0.1212591591210437,0.0365457382575857,0.9486677115987464,0.8399477374306806
bxaic__P__gin__seed2026,bxaic,P,gin,2026,saliency,P20_frozen_cache,exact_integer,0.1,2,657,638,0.0980318126974049,0.0994025850185335,0.1212591591210437,0.0365457382575857,0.9486677115987464,0.8399477374306806
bxaic__P__gin__seed2026,bxaic,P,gin,2026,saliency,P20_frozen_cache,machine,0.2,1,657,638,0.1222795275575291,0.1236134492481712,0.1376037548105592,0.0347549874610955,0.9804075235109718,0.8553429536533904
bxaic__P__gin__seed2026,bxaic,P,gin,2026,saliency,P20_frozen_cache,exact_integer,0.2,1,657,638,0.1222795275575291,0.1236134492481712,0.1376037548105592,0.0347549874610955,0.9804075235109718,0.8553429536533904
bxaic__P__gin__seed42,bxaic,P,gin,42,ig,P01_checkpoint_rerun,machine,0.05,4,657,638,0.0341657819901172,0.0356336151481869,0.0423878015155905,0.0560134724761789,0.7105022850712505,0.6681144835556599
bxaic__P__gin__seed42,bxaic,P,gin,42,ig,P01_checkpoint_rerun,exact_integer,0.05,4,657,638,0.0341657819901172,0.0356336151481869,0.0423878015155905,0.0560134724761789,0.7105022850712505,0.6681144835556599
bxaic__P__gin__seed42,bxaic,P,gin,42,ig,P01_checkpoint_rerun,machine,0.1,2,657,638,0.0919435326365221,0.0933235576629104,0.1097649062474804,0.0365457382575857,0.9612068965517244,0.851441990304244
bxaic__P__gin__seed42,bxaic,P,gin,42,ig,P01_checkpoint_rerun,exact_integer,0.1,2,657,638,0.0919435326365221,0.0933235576629104,0.1097649062474804,0.0365457382575857,0.9612068965517244,0.851441990304244
bxaic__P__gin__seed42,bxaic,P,gin,42,ig,P01_checkpoint_rerun,machine,0.2,1,657,638,0.1139081424738153,0.1152547866341894,0.1261095019369959,0.0347549874610955,0.9929467084639498,0.8668372065269537
bxaic__P__gin__seed42,bxaic,P,gin,42,ig,P01_checkpoint_rerun,exact_integer,0.2,1,657,638,0.1139081424738153,0.1152547866341894,0.1261095019369959,0.0347549874610955,0.9929467084639498,0.8668372065269537
bxaic__P__gin__seed42,bxaic,P,gin,42,gradinput,P01_checkpoint_rerun,machine,0.05,4,657,638,0.0341657819901172,0.0356336151481869,0.0423878015155905,0.0560134724761789,0.7105022850712505,0.6681144835556599
bxaic__P__gin__seed42,bxaic,P,gin,42,gradinput,P01_checkpoint_rerun,exact_integer,0.05,4,657,638,0.0341657819901172,0.0356336151481869,0.0423878015155905,0.0560134724761789,0.7105022850712505,0.6681144835556599
bxaic__P__gin__seed42,bxaic,P,gin,42,gradinput,P01_checkpoint_rerun,machine,0.1,2,657,638,0.0934656026517428,0.0948433145018161,0.1128997024857249,0.0365457382575857,0.9580721003134798,0.8483071940659994
bxaic__P__gin__seed42,bxaic,P,gin,42,gradinput,P01_checkpoint_rerun,exact_integer,0.1,2,657,638,0.0934656026517428,0.0948433145018161,0.1128997024857249,0.0365457382575857,0.9580721003134798,0.8483071940659994
bxaic__P__gin__seed42,bxaic,P,gin,42,gradinput,P01_checkpoint_rerun,machine,0.2,1,657,638,0.115430212489036,0.1167745434730952,0.1292442981752404,0.0347549874610955,0.9898119122257052,0.8637024102887092
bxaic__P__gin__seed42,bxaic,P,gin,42,gradinput,P01_checkpoint_rerun,exact_integer,0.2,1,657,638,0.115430212489036,0.1167745434730952,0.1292442981752404,0.0347549874610955,0.9898119122257052,0.8637024102887092
bxaic__P__gin__seed42,bxaic,P,gin,42,atom_occlusion,P20_frozen_cache,machine,0.05,4,657,638,0.0341657819901172,0.0356336151481869,0.0423878015155905,0.0560134724761789,0.7105022850712505,0.6681144835556599
bxaic__P__gin__seed42,bxaic,P,gin,42,atom_occlusion,P20_frozen_cache,exact_integer,0.05,4,657,638,0.0341657819901172,0.0356336151481869,0.0423878015155905,0.0560134724761789,0.7105022850712505,0.6681144835556599
bxaic__P__gin__seed42,bxaic,P,gin,42,atom_occlusion,P20_frozen_cache,machine,0.1,2,657,638,0.0934656026517428,0.0948433145018161,0.1128997024857249,0.0365457382575857,0.9580721003134798,0.8483071940659994
bxaic__P__gin__seed42,bxaic,P,gin,42,atom_occlusion,P20_frozen_cache,exact_integer,0.1,2,657,638,0.0934656026517428,0.0948433145018161,0.1128997024857249,0.0365457382575857,0.9580721003134798,0.8483071940659994
bxaic__P__gin__seed42,bxaic,P,gin,42,atom_occlusion,P20_frozen_cache,machine,0.2,1,657,638,0.115430212489036,0.1167745434730952,0.1292442981752404,0.0347549874610955,0.9898119122257052,0.8637024102887092
bxaic__P__gin__seed42,bxaic,P,gin,42,atom_occlusion,P20_frozen_cache,exact_integer,0.2,1,657,638,0.115430212489036,0.1167745434730952,0.1292442981752404,0.0347549874610955,0.9898119122257052,0.8637024102887092
bxaic__P__gin__seed42,bxaic,P,gin,42,saliency,P20_frozen_cache,machine,0.05,4,657,638,0.045037710670265,0.046489021140371,0.0568862341174714,0.0560134724761789,0.6903873425425148,0.6535899276517937
bxaic__P__gin__seed42,bxaic,P,gin,42,saliency,P20_frozen_cache,exact_integer,0.05,4,657,638,0.045037710670265,0.046489021140371,0.0568862341174714,0.0560134724761789,0.6903873425425148,0.6535899276517937
bxaic__P__gin__seed42,bxaic,P,gin,42,saliency,P20_frozen_cache,machine,0.1,3,657,638,0.0703808547080102,0.0717936497616454,0.0851478052035861,0.0455320413013177,0.8057471264367815,0.7434572104703949
bxaic__P__gin__seed42,bxaic,P,gin,42,saliency,P20_frozen_cache,exact_integer,0.1,3,657,638,0.0703808547080102,0.0717936497616454,0.0851478052035861,0.0455320413013177,0.8057471264367815,0.7434572104703949
bxaic__P__gin__seed42,bxaic,P,gin,42,saliency,P20_frozen_cache,machine,0.2,1,657,638,0.1235479192368797,0.1248799132805927,0.1391711529296814,0.0347549874610955,0.969435736677116,0.8537755555342682
bxaic__P__gin__seed42,bxaic,P,gin,42,saliency,P20_frozen_cache,exact_integer,0.2,1,657,638,0.1235479192368797,0.1248799132805927,0.1391711529296814,0.0347549874610955,0.969435736677116,0.8537755555342682
bxaic__PAINS__gcn__seed123,bxaic,PAINS,gcn,123,ig,P01_checkpoint_rerun,machine,0.05,92,1625,1644,0.0451936247914101,0.0457808365842813,0.0428976273526752,0.9380635432447644,0.3483760832565719,0.3422034010625799
bxaic__PAINS__gcn__seed123,bxaic,PAINS,gcn,123,ig,P01_checkpoint_rerun,exact_integer,0.05,92,1625,1644,0.0451936247914101,0.0457808365842813,0.0428976273526752,0.9380635432447644,0.3483760832565719,0.3422034010625799
bxaic__PAINS__gcn__seed123,bxaic,PAINS,gcn,123,ig,P01_checkpoint_rerun,machine,0.1,86,1625,1644,0.0915967308304058,0.0921554044276811,0.0886264400404622,0.8782821505199193,0.3524390040803635,0.3387256119351242
bxaic__PAINS__gcn__seed123,bxaic,PAINS,gcn,123,ig,P01_checkpoint_rerun,exact_integer,0.1,86,1625,1644,0.0915967308304058,0.0921554044276811,0.0886264400404622,0.8782821505199193,0.3524390040803635,0.3387256119351242
bxaic__PAINS__gcn__seed123,bxaic,PAINS,gcn,123,ig,P01_checkpoint_rerun,machine,0.2,73,1625,1644,0.1978376915825831,0.1983310263356074,0.1929290403522629,0.7480814401090443,0.3621850317934982,0.3291642015722781
bxaic__PAINS__gcn__seed123,bxaic,PAINS,gcn,123,ig,P01_checkpoint_rerun,exact_integer,0.2,73,1625,1644,0.1978376915825831,0.1983310263356074,0.1929290403522629,0.7480814401090443,0.3621850317934982,0.3291642015722781
bxaic__PAINS__gcn__seed123,bxaic,PAINS,gcn,123,gradinput,P01_checkpoint_rerun,machine,0.05,94,1625,1644,0.040468040051822,0.0410581581083707,0.0410117634628452,0.957617676585783,0.3437213942683835,0.3387817935630285
bxaic__PAINS__gcn__seed123,bxaic,PAINS,gcn,123,gradinput,P01_checkpoint_rerun,exact_integer,0.05,94,1625,1644,0.040468040051822,0.0410581581083707,0.0410117634628452,0.957617676585783,0.3437213942683835,0.3387817935630285
bxaic__PAINS__gcn__seed123,bxaic,PAINS,gcn,123,gradinput,P01_checkpoint_rerun,machine,0.1,89,1625,1644,0.0958230019316947,0.0963790763462508,0.0957696367424398,0.9091218677307292,0.3433532474922709,0.3322930462208289
bxaic__PAINS__gcn__seed123,bxaic,PAINS,gcn,123,gradinput,P01_checkpoint_rerun,exact_integer,0.1,89,1625,1644,0.0958230019316947,0.0963790763462508,0.0957696367424398,0.9091218677307292,0.3433532474922709,0.3322930462208289
bxaic__PAINS__gcn__seed123,bxaic,PAINS,gcn,123,gradinput,P01_checkpoint_rerun,machine,0.2,80,1625,1644,0.1968093741853923,0.19730334135994,0.1956617947862847,0.8149319138164033,0.3438668166583333,0.3192060528113081
bxaic__PAINS__gcn__seed123,bxaic,PAINS,gcn,123,gradinput,P01_checkpoint_rerun,exact_integer,0.2,80,1625,1644,0.1968093741853923,0.19730334135994,0.1956617947862847,0.8149319138164033,0.3438668166583333,0.3192060528113081
bxaic__PAINS__gcn__seed123,bxaic,PAINS,gcn,123,atom_occlusion,P20_frozen_cache,machine,0.05,89,1625,1644,0.0479136471556811,0.04849918611807,0.0475336289606379,0.9091218677307292,0.3572354834054299,0.3500319710861613
bxaic__PAINS__gcn__seed123,bxaic,PAINS,gcn,123,atom_occlusion,P20_frozen_cache,exact_integer,0.05,89,1625,1644,0.0479136471556811,0.04849918611807,0.0475336289606379,0.9091218677307292,0.3572354834054299,0.3500319710861613
bxaic__PAINS__gcn__seed123,bxaic,PAINS,gcn,123,atom_occlusion,P20_frozen_cache,machine,0.1,81,1625,1644,0.0958156677357204,0.0963717466608522,0.0964159739453662,0.8288222076854068,0.3699986088545349,0.354315310687975
bxaic__PAINS__gcn__seed123,bxaic,PAINS,gcn,123,atom_occlusion,P20_frozen_cache,exact_integer,0.1,81,1625,1644,0.0958156677357204,0.0963717466608522,0.0964159739453662,0.8288222076854068,0.3699986088545349,0.354315310687975
bxaic__PAINS__gcn__seed123,bxaic,PAINS,gcn,123,atom_occlusion,P20_frozen_cache,machine,0.2,67,1625,1644,0.1931760770308521,0.1936722787054948,0.1885872705098547,0.6909636668174082,0.3952818188802289,0.3600556403110245
bxaic__PAINS__gcn__seed123,bxaic,PAINS,gcn,123,atom_occlusion,P20_frozen_cache,exact_integer,0.2,67,1625,1644,0.1931760770308521,0.1936722787054948,0.1885872705098547,0.6909636668174082,0.3952818188802289,0.3600556403110245
bxaic__PAINS__gcn__seed123,bxaic,PAINS,gcn,123,saliency,P20_frozen_cache,machine,0.05,92,1625,1644,0.0440432370492624,0.0446311563376699,0.0443661241467366,0.9380635432447644,0.3472997818364733,0.3406571635976509
bxaic__PAINS__gcn__seed123,bxaic,PAINS,gcn,123,saliency,P20_frozen_cache,exact_integer,0.05,92,1625,1644,0.0440432370492624,0.0446311563376699,0.0443661241467366,0.9380635432447644,0.3472997818364733,0.3406571635976509
bxaic__PAINS__gcn__seed123,bxaic,PAINS,gcn,123,saliency,P20_frozen_cache,machine,0.1,85,1625,1644,0.0926504633441763,0.093208488889475,0.0916858961416572,0.8667805796968743,0.3549005442517099,0.3404343850352224
bxaic__PAINS__gcn__seed123,bxaic,PAINS,gcn,123,saliency,P20_frozen_cache,exact_integer,0.1,85,1625,1644,0.0926504633441763,0.093208488889475,0.0916858961416572,0.8667805796968743,0.3549005442517099,0.3404343850352224
bxaic__PAINS__gcn__seed123,bxaic,PAINS,gcn,123,saliency,P20_frozen_cache,machine,0.2,71,1625,1644,0.1960190419425952,0.1965134951763329,0.204005145747317,0.7294184524174623,0.3640788322579816,0.3295257489437463
bxaic__PAINS__gcn__seed123,bxaic,PAINS,gcn,123,saliency,P20_frozen_cache,exact_integer,0.2,71,1625,1644,0.1960190419425952,0.1965134951763329,0.204005145747317,0.7294184524174623,0.3640788322579816,0.3295257489437463
bxaic__PAINS__gcn__seed2026,bxaic,PAINS,gcn,2026,ig,P01_checkpoint_rerun,machine,0.05,90,1625,1644,0.0462195624015583,0.0468061432364897,0.0469790931793558,0.9157370192095716,0.3547343909510095,0.3473907363300775
bxaic__PAINS__gcn__seed2026,bxaic,PAINS,gcn,2026,ig,P01_checkpoint_rerun,exact_integer,0.05,90,1625,1644,0.0462195624015583,0.0468061432364897,0.0469790931793558,0.9157370192095716,0.3547343909510095,0.3473907363300775
bxaic__PAINS__gcn__seed2026,bxaic,PAINS,gcn,2026,ig,P01_checkpoint_rerun,machine,0.1,84,1625,1644,0.0909801739429987,0.0915392267265516,0.0887024718735801,0.8573713715364688,0.3603679870447156,0.3455314802333397
bxaic__PAINS__gcn__seed2026,bxaic,PAINS,gcn,2026,ig,P01_checkpoint_rerun,exact_integer,0.1,84,1625,1644,0.0909801739429987,0.0915392267265516,0.0887024718735801,0.8573713715364688,0.3603679870447156,0.3455314802333397
bxaic__PAINS__gcn__seed2026,bxaic,PAINS,gcn,2026,ig,P01_checkpoint_rerun,machine,0.2,72,1625,1644,0.1971932717675275,0.1976870028427013,0.1941034548408185,0.7376837897989411,0.3659937773877913,0.3315369846438648
bxaic__PAINS__gcn__seed2026,bxaic,PAINS,gcn,2026,ig,P01_checkpoint_rerun,exact_integer,0.2,72,1625,1644,0.1971932717675275,0.1976870028427013,0.1941034548408185,0.7376837897989411,0.3659937773877913,0.3315369846438648
bxaic__PAINS__gcn__seed2026,bxaic,PAINS,gcn,2026,gradinput,P01_checkpoint_rerun,machine,0.05,93,1625,1644,0.0469219867402055,0.0475081355798487,0.0468171469116012,0.9485539954456256,0.3443439989157794,0.3386051173193661
bxaic__PAINS__gcn__seed2026,bxaic,PAINS,gcn,2026,gradinput,P01_checkpoint_rerun,exact_integer,0.05,93,1625,1644,0.0469219867402055,0.0475081355798487,0.0468171469116012,0.9485539954456256,0.3443439989157794,0.3386051173193661
bxaic__PAINS__gcn__seed2026,bxaic,PAINS,gcn,2026,gradinput,P01_checkpoint_rerun,machine,0.1,88,1625,1644,0.0981010404324052,0.0986557138392734,0.0984020731776435,0.8975096610559957,0.3438778146275845,0.3312613744371732
bxaic__PAINS__gcn__seed2026,bxaic,PAINS,gcn,2026,gradinput,P01_checkpoint_rerun,exact_integer,0.1,88,1625,1644,0.0981010404324052,0.0986557138392734,0.0984020731776435,0.8975096610559957,0.3438778146275845,0.3312613744371732
bxaic__PAINS__gcn__seed2026,bxaic,PAINS,gcn,2026,gradinput,P01_checkpoint_rerun,machine,0.2,79,1625,1644,0.192423368801292,0.1929200333961252,0.1898926940172479,0.80859924084667,0.3425001359511203,0.3166914710685924
bxaic__PAINS__gcn__seed2026,bxaic,PAINS,gcn,2026,gradinput,P01_checkpoint_rerun,exact_integer,0.2,79,1625,1644,0.192423368801292,0.1929200333961252,0.1898926940172479,0.80859924084667,0.3425001359511203,0.3166914710685924
bxaic__PAINS__gcn__seed2026,bxaic,PAINS,gcn,2026,atom_occlusion,P20_frozen_cache,machine,0.05,89,1625,1644,0.0488840063141327,0.0494689484996714,0.0524725757165069,0.9091218677307292,0.3552409632480955,0.3473880696863142
bxaic__PAINS__gcn__seed2026,bxaic,PAINS,gcn,2026,atom_occlusion,P20_frozen_cache,exact_integer,0.05,89,1625,1644,0.0488840063141327,0.0494689484996714,0.0524725757165069,0.9091218677307292,0.3552409632480955,0.3473880696863142
bxaic__PAINS__gcn__seed2026,bxaic,PAINS,gcn,2026,atom_occlusion,P20_frozen_cache,machine,0.1,81,1625,1644,0.0957250685392864,0.0962812031834812,0.0986186575553909,0.8288222076854068,0.3686365915415233,0.3526662646666467
bxaic__PAINS__gcn__seed2026,bxaic,PAINS,gcn,2026,atom_occlusion,P20_frozen_cache,exact_integer,0.1,81,1625,1644,0.0957250685392864,0.0962812031834812,0.0986186575553909,0.8288222076854068,0.3686365915415233,0.3526662646666467
bxaic__PAINS__gcn__seed2026,bxaic,PAINS,gcn,2026,atom_occlusion,P20_frozen_cache,machine,0.2,66,1625,1644,0.197667033458722,0.198160473167542,0.1960376796636149,0.6786990675017398,0.3967350914696989,0.3592388762660051
bxaic__PAINS__gcn__seed2026,bxaic,PAINS,gcn,2026,atom_occlusion,P20_frozen_cache,exact_integer,0.2,66,1625,1644,0.197667033458722,0.198160473167542,0.1960376796636149,0.6786990675017398,0.3967350914696989,0.3592388762660051
bxaic__PAINS__gcn__seed2026,bxaic,PAINS,gcn,2026,saliency,P20_frozen_cache,machine,0.05,91,1625,1644,0.0441151422682264,0.0447030173344821,0.0418996728549056,0.92914280718448,0.3514547406069206,0.3451623391554342
bxaic__PAINS__gcn__seed2026,bxaic,PAINS,gcn,2026,saliency,P20_frozen_cache,exact_integer,0.05,91,1625,1644,0.0441151422682264,0.0447030173344821,0.0418996728549056,0.92914280718448,0.3514547406069206,0.3451623391554342
bxaic__PAINS__gcn__seed2026,bxaic,PAINS,gcn,2026,saliency,P20_frozen_cache,machine,0.1,83,1625,1644,0.0945765576066124,0.0951333985920942,0.0953357647904807,0.8488238590750934,0.3603319569077057,0.3450966403998567
bxaic__PAINS__gcn__seed2026,bxaic,PAINS,gcn,2026,saliency,P20_frozen_cache,exact_integer,0.1,83,1625,1644,0.0945765576066124,0.0951333985920942,0.0953357647904807,0.8488238590750934,0.3603319569077057,0.3450966403998567
bxaic__PAINS__gcn__seed2026,bxaic,PAINS,gcn,2026,saliency,P20_frozen_cache,machine,0.2,69,1625,1644,0.1959936030020097,0.1964880718808523,0.2015899711684837,0.7087151266394004,0.3748297718762481,0.340814566712336
bxaic__PAINS__gcn__seed2026,bxaic,PAINS,gcn,2026,saliency,P20_frozen_cache,exact_integer,0.2,69,1625,1644,0.1959936030020097,0.1964880718808523,0.2015899711684837,0.7087151266394004,0.3748297718762481,0.340814566712336
bxaic__PAINS__gcn__seed42,bxaic,PAINS,gcn,42,ig,P01_checkpoint_rerun,machine,0.05,94,1625,1644,0.0445782423366374,0.045165832593503,0.0479667774149117,0.957617676585783,0.3400722665637732,0.333729785503617
bxaic__PAINS__gcn__seed42,bxaic,PAINS,gcn,42,ig,P01_checkpoint_rerun,exact_integer,0.05,94,1625,1644,0.0445782423366374,0.045165832593503,0.0479667774149117,0.957617676585783,0.3400722665637732,0.333729785503617
bxaic__PAINS__gcn__seed42,bxaic,PAINS,gcn,42,ig,P01_checkpoint_rerun,machine,0.1,89,1625,1644,0.0951744604253063,0.0957309336968774,0.0973045327452577,0.9091218677307292,0.3411192816040412,0.3287118013574592
bxaic__PAINS__gcn__seed42,bxaic,PAINS,gcn,42,ig,P01_checkpoint_rerun,exact_integer,0.1,89,1625,1644,0.0951744604253063,0.0957309336968774,0.0973045327452577,0.9091218677307292,0.3411192816040412,0.3287118013574592
bxaic__PAINS__gcn__seed42,bxaic,PAINS,gcn,42,ig,P01_checkpoint_rerun,machine,0.2,77,1625,1644,0.1993664547407816,0.1998588492950616,0.2025901444398693,0.7885640718930385,0.354343511905798,0.3268306154129896
bxaic__PAINS__gcn__seed42,bxaic,PAINS,gcn,42,ig,P01_checkpoint_rerun,exact_integer,0.2,77,1625,1644,0.1993664547407816,0.1998588492950616,0.2025901444398693,0.7885640718930385,0.354343511905798,0.3268306154129896
bxaic__PAINS__gcn__seed42,bxaic,PAINS,gcn,42,gradinput,P01_checkpoint_rerun,machine,0.05,94,1625,1644,0.044425204805867,0.0450128891817551,0.0446333737564446,0.957617676585783,0.3419964460996478,0.3365809737738717
bxaic__PAINS__gcn__seed42,bxaic,PAINS,gcn,42,gradinput,P01_checkpoint_rerun,exact_integer,0.05,94,1625,1644,0.044425204805867,0.0450128891817551,0.0446333737564446,0.957617676585783,0.3419964460996478,0.3365809737738717
bxaic__PAINS__gcn__seed42,bxaic,PAINS,gcn,42,gradinput,P01_checkpoint_rerun,machine,0.1,89,1625,1644,0.0981970662230965,0.0987516805735128,0.0993197759423384,0.9091218677307292,0.3399115894154871,0.3281042733649749
bxaic__PAINS__gcn__seed42,bxaic,PAINS,gcn,42,gradinput,P01_checkpoint_rerun,exact_integer,0.1,89,1625,1644,0.0981970662230965,0.0987516805735128,0.0993197759423384,0.9091218677307292,0.3399115894154871,0.3281042733649749
bxaic__PAINS__gcn__seed42,bxaic,PAINS,gcn,42,gradinput,P01_checkpoint_rerun,machine,0.2,81,1625,1644,0.1870021243246537,0.187502123018181,0.1857484349328109,0.8288222076854068,0.3372539904816603,0.3144253562008702
bxaic__PAINS__gcn__seed42,bxaic,PAINS,gcn,42,gradinput,P01_checkpoint_rerun,exact_integer,0.2,81,1625,1644,0.1870021243246537,0.187502123018181,0.1857484349328109,0.8288222076854068,0.3372539904816603,0.3144253562008702
bxaic__PAINS__gcn__seed42,bxaic,PAINS,gcn,42,atom_occlusion,P20_frozen_cache,machine,0.05,89,1625,1644,0.0437178955009869,0.0443060148764475,0.0421502425899221,0.9091218677307292,0.3592200095801663,0.3526272938135837
bxaic__PAINS__gcn__seed42,bxaic,PAINS,gcn,42,atom_occlusion,P20_frozen_cache,exact_integer,0.05,89,1625,1644,0.0437178955009869,0.0443060148764475,0.0421502425899221,0.9091218677307292,0.3592200095801663,0.3526272938135837
bxaic__PAINS__gcn__seed42,bxaic,PAINS,gcn,42,atom_occlusion,P20_frozen_cache,machine,0.1,79,1625,1644,0.0971251168296657,0.0976803904355515,0.0981634468369235,0.80859924084667,0.3778026367103884,0.3608810106723533
bxaic__PAINS__gcn__seed42,bxaic,PAINS,gcn,42,atom_occlusion,P20_frozen_cache,exact_integer,0.1,79,1625,1644,0.0971251168296657,0.0976803904355515,0.0981634468369235,0.80859924084667,0.3778026367103884,0.3608810106723533
bxaic__PAINS__gcn__seed42,bxaic,PAINS,gcn,42,atom_occlusion,P20_frozen_cache,machine,0.2,64,1625,1644,0.1954031537381144,0.1958979857468856,0.1925303908804638,0.6571995997874026,0.4103264728334336,0.3695525619673048
bxaic__PAINS__gcn__seed42,bxaic,PAINS,gcn,42,atom_occlusion,P20_frozen_cache,exact_integer,0.2,64,1625,1644,0.1954031537381144,0.1958979857468856,0.1925303908804638,0.6571995997874026,0.4103264728334336,0.3695525619673048
bxaic__PAINS__gcn__seed42,bxaic,PAINS,gcn,42,saliency,P20_frozen_cache,machine,0.05,91,1625,1644,0.0433276304468732,0.0439159898377423,0.0407564853979201,0.92914280718448,0.3517385597524008,0.345390321612667
bxaic__PAINS__gcn__seed42,bxaic,PAINS,gcn,42,saliency,P20_frozen_cache,exact_integer,0.05,91,1625,1644,0.0433276304468732,0.0439159898377423,0.0407564853979201,0.92914280718448,0.3517385597524008,0.345390321612667
bxaic__PAINS__gcn__seed42,bxaic,PAINS,gcn,42,saliency,P20_frozen_cache,machine,0.1,82,1625,1644,0.0973863251061871,0.0979414380673764,0.0938394297323687,0.8380970842735934,0.3650826927366623,0.3493592339823509
bxaic__PAINS__gcn__seed42,bxaic,PAINS,gcn,42,saliency,P20_frozen_cache,exact_integer,0.1,82,1625,1644,0.0973863251061871,0.0979414380673764,0.0938394297323687,0.8380970842735934,0.3650826927366623,0.3493592339823509
bxaic__PAINS__gcn__seed42,bxaic,PAINS,gcn,42,saliency,P20_frozen_cache,machine,0.2,67,1625,1644,0.1918910646443871,0.1923880566095504,0.1936517187105102,0.6909636668174082,0.3865683029934378,0.3497994298423164
bxaic__PAINS__gcn__seed42,bxaic,PAINS,gcn,42,saliency,P20_frozen_cache,exact_integer,0.2,67,1625,1644,0.1918910646443871,0.1923880566095504,0.1936517187105102,0.6909636668174082,0.3865683029934378,0.3497994298423164
bxaic__PAINS__gin__seed123,bxaic,PAINS,gin,123,ig,P01_checkpoint_rerun,machine,0.05,89,1625,1644,0.0487288955494244,0.0493139331290373,0.048736187379947,0.9091218677307292,0.3558990014168987,0.3479916636116137
bxaic__PAINS__gin__seed123,bxaic,PAINS,gin,123,ig,P01_checkpoint_rerun,exact_integer,0.05,89,1625,1644,0.0487288955494244,0.0493139331290373,0.048736187379947,0.9091218677307292,0.3558990014168987,0.3479916636116137
bxaic__PAINS__gin__seed123,bxaic,PAINS,gin,123,ig,P01_checkpoint_rerun,machine,0.1,80,1625,1644,0.0966469567777976,0.097202524455056,0.0977704662515107,0.8149319138164033,0.3733151696420779,0.3556918886306995
bxaic__PAINS__gin__seed123,bxaic,PAINS,gin,123,ig,P01_checkpoint_rerun,exact_integer,0.1,80,1625,1644,0.0966469567777976,0.097202524455056,0.0977704662515107,0.8149319138164033,0.3733151696420779,0.3556918886306995
bxaic__PAINS__gin__seed123,bxaic,PAINS,gin,123,ig,P01_checkpoint_rerun,machine,0.2,62,1625,1644,0.1961709634591987,0.1966653232602693,0.1931862174142363,0.6384061278452969,0.4174008793482878,0.3729688391044649
bxaic__PAINS__gin__seed123,bxaic,PAINS,gin,123,ig,P01_checkpoint_rerun,exact_integer,0.2,62,1625,1644,0.1961709634591987,0.1966653232602693,0.1931862174142363,0.6384061278452969,0.4174008793482878,0.3729688391044649
bxaic__PAINS__gin__seed123,bxaic,PAINS,gin,123,gradinput,P01_checkpoint_rerun,machine,0.05,96,1625,1644,0.0461921808947054,0.0467787785694319,0.0476551065659576,0.9776360379657606,0.3385759994041141,0.3352842898407528
bxaic__PAINS__gin__seed123,bxaic,PAINS,gin,123,gradinput,P01_checkpoint_rerun,exact_integer,0.05,96,1625,1644,0.0461921808947054,0.0467787785694319,0.0476551065659576,0.9776360379657606,0.3385759994041141,0.3352842898407528
bxaic__PAINS__gin__seed123,bxaic,PAINS,gin,123,gradinput,P01_checkpoint_rerun,machine,0.1,94,1625,1644,0.0847696015088966,0.0853324738326919,0.0849418478532795,0.957617676585783,0.3355530479156333,0.3286846964871464
bxaic__PAINS__gin__seed123,bxaic,PAINS,gin,123,gradinput,P01_checkpoint_rerun,exact_integer,0.1,94,1625,1644,0.0847696015088966,0.0853324738326919,0.0849418478532795,0.957617676585783,0.3355530479156333,0.3286846964871464
bxaic__PAINS__gin__seed123,bxaic,PAINS,gin,123,gradinput,P01_checkpoint_rerun,machine,0.2,87,1625,1644,0.1936408555536442,0.1941367713866371,0.189685455934206,0.8887243115179423,0.3285152537864253,0.312455164502983
bxaic__PAINS__gin__seed123,bxaic,PAINS,gin,123,gradinput,P01_checkpoint_rerun,exact_integer,0.2,87,1625,1644,0.1936408555536442,0.1941367713866371,0.189685455934206,0.8887243115179423,0.3285152537864253,0.312455164502983
bxaic__PAINS__gin__seed123,bxaic,PAINS,gin,123,atom_occlusion,P20_frozen_cache,machine,0.05,81,1625,1644,0.0493420605115296,0.0499267209909198,0.047443764178026,0.8288222076854068,0.3906698652593638,0.3816980114013185
bxaic__PAINS__gin__seed123,bxaic,PAINS,gin,123,atom_occlusion,P20_frozen_cache,exact_integer,0.05,81,1625,1644,0.0493420605115296,0.0499267209909198,0.047443764178026,0.8288222076854068,0.3906698652593638,0.3816980114013185
bxaic__PAINS__gin__seed123,bxaic,PAINS,gin,123,atom_occlusion,P20_frozen_cache,machine,0.1,63,1625,1644,0.0968861278992502,0.097441548484798,0.0982683293809033,0.649009236961634,0.4656226749268946,0.4401962323501089
bxaic__PAINS__gin__seed123,bxaic,PAINS,gin,123,atom_occlusion,P20_frozen_cache,exact_integer,0.1,63,1625,1644,0.0968861278992502,0.097441548484798,0.0982683293809033,0.649009236961634,0.4656226749268946,0.4401962323501089
bxaic__PAINS__gin__seed123,bxaic,PAINS,gin,123,atom_occlusion,P20_frozen_cache,machine,0.2,40,1625,1644,0.1963368669144089,0.1968311246838342,0.1978212683948853,0.4147760998413445,0.6267870822177314,0.5393168054185705
bxaic__PAINS__gin__seed123,bxaic,PAINS,gin,123,atom_occlusion,P20_frozen_cache,exact_integer,0.2,40,1625,1644,0.1963368669144089,0.1968311246838342,0.1978212683948853,0.4147760998413445,0.6267870822177314,0.5393168054185705
bxaic__PAINS__gin__seed123,bxaic,PAINS,gin,123,saliency,P20_frozen_cache,machine,0.05,81,1625,1644,0.0469492877131602,0.0475354197625371,0.0466707772277139,0.8288222076854068,0.3906758560315681,0.381186290752265
bxaic__PAINS__gin__seed123,bxaic,PAINS,gin,123,saliency,P20_frozen_cache,exact_integer,0.05,81,1625,1644,0.0469492877131602,0.0475354197625371,0.0466707772277139,0.8288222076854068,0.3906758560315681,0.381186290752265
bxaic__PAINS__gin__seed123,bxaic,PAINS,gin,123,saliency,P20_frozen_cache,machine,0.1,70,1625,1644,0.0954933691942029,0.0960496463349199,0.0942656850277937,0.7197916353793983,0.424028532548421,0.402429098459265
bxaic__PAINS__gin__seed123,bxaic,PAINS,gin,123,saliency,P20_frozen_cache,exact_integer,0.1,70,1625,1644,0.0973809884125914,0.09793610465588,0.0957662413040895,0.7162169482052604,0.4253249438123152,0.4031128523082546
bxaic__PAINS__gin__seed123,bxaic,PAINS,gin,123,saliency,P20_frozen_cache,machine,0.2,54,1625,1644,0.1921725259348979,0.1926693447996366,0.1907575321016546,0.557642303290396,0.4812622751537259,0.4259777427356281
bxaic__PAINS__gin__seed123,bxaic,PAINS,gin,123,saliency,P20_frozen_cache,exact_integer,0.2,54,1625,1644,0.1921725259348979,0.1926693447996366,0.1907575321016546,0.557642303290396,0.4812622751537259,0.4259777427356281
bxaic__PAINS__gin__seed2026,bxaic,PAINS,gin,2026,ig,P01_checkpoint_rerun,machine,0.05,86,1625,1644,0.0479226949291966,0.0485082283271492,0.0461726249976446,0.8782821505199193,0.3697064496980017,0.3616518489881076
bxaic__PAINS__gin__seed2026,bxaic,PAINS,gin,2026,ig,P01_checkpoint_rerun,exact_integer,0.05,86,1625,1644,0.0479226949291966,0.0485082283271492,0.0461726249976446,0.8782821505199193,0.3697064496980017,0.3616518489881076
bxaic__PAINS__gin__seed2026,bxaic,PAINS,gin,2026,ig,P01_checkpoint_rerun,machine,0.1,74,1625,1644,0.0981055622475487,0.0986602328734727,0.0963529289767683,0.7580981542835475,0.4019899014248565,0.3813499600702024
bxaic__PAINS__gin__seed2026,bxaic,PAINS,gin,2026,ig,P01_checkpoint_rerun,exact_integer,0.1,74,1625,1644,0.0981055622475487,0.0986602328734727,0.0963529289767683,0.7580981542835475,0.4019899014248565,0.3813499600702024
bxaic__PAINS__gin__seed2026,bxaic,PAINS,gin,2026,ig,P01_checkpoint_rerun,machine,0.2,55,1625,1644,0.1947393191894504,0.1952345594605516,0.1934745148372032,0.5674997794069827,0.4701937266664588,0.4136481442477305
bxaic__PAINS__gin__seed2026,bxaic,PAINS,gin,2026,ig,P01_checkpoint_rerun,exact_integer,0.2,55,1625,1644,0.1947393191894504,0.1952345594605516,0.1934745148372032,0.5674997794069827,0.4701937266664588,0.4136481442477305
bxaic__PAINS__gin__seed2026,bxaic,PAINS,gin,2026,gradinput,P01_checkpoint_rerun,machine,0.05,97,1625,1644,0.0183363532245409,0.0189400824045996,0.0176816672345375,0.99311715273399,0.3414445596449701,0.3406181725418266
bxaic__PAINS__gin__seed2026,bxaic,PAINS,gin,2026,gradinput,P01_checkpoint_rerun,exact_integer,0.05,97,1625,1644,0.0183363532245409,0.0189400824045996,0.0176816672345375,0.99311715273399,0.3414445596449701,0.3406181725418266
bxaic__PAINS__gin__seed2026,bxaic,PAINS,gin,2026,gradinput,P01_checkpoint_rerun,machine,0.1,94,1625,1644,0.0920062796490993,0.0925647013713324,0.0838261015186043,0.957617676585783,0.3351763811529853,0.3282285973504499
bxaic__PAINS__gin__seed2026,bxaic,PAINS,gin,2026,gradinput,P01_checkpoint_rerun,exact_integer,0.1,94,1625,1644,0.0920062796490993,0.0925647013713324,0.0838261015186043,0.957617676585783,0.3351763811529853,0.3282285973504499
bxaic__PAINS__gin__seed2026,bxaic,PAINS,gin,2026,gradinput,P01_checkpoint_rerun,machine,0.2,88,1625,1644,0.1956950906502228,0.1961897431159975,0.1872264465508473,0.8975096610559957,0.3257669698797178,0.3099900812007864
bxaic__PAINS__gin__seed2026,bxaic,PAINS,gin,2026,gradinput,P01_checkpoint_rerun,exact_integer,0.2,88,1625,1644,0.1956950906502228,0.1961897431159975,0.1872264465508473,0.8975096610559957,0.3257669698797178,0.3099900812007864
bxaic__PAINS__gin__seed2026,bxaic,PAINS,gin,2026,atom_occlusion,P20_frozen_cache,machine,0.05,81,1625,1644,0.0492592103221064,0.0498439217548726,0.0505338568652111,0.8288222076854068,0.3899561130566736,0.3806487875184111
bxaic__PAINS__gin__seed2026,bxaic,PAINS,gin,2026,atom_occlusion,P20_frozen_cache,exact_integer,0.05,81,1625,1644,0.0492592103221064,0.0498439217548726,0.0505338568652111,0.8288222076854068,0.3899561130566736,0.3806487875184111
bxaic__PAINS__gin__seed2026,bxaic,PAINS,gin,2026,atom_occlusion,P20_frozen_cache,machine,0.1,64,1625,1644,0.0972717780486298,0.097826961456964,0.0988970126359327,0.6571995997874026,0.4622232640806196,0.4371383192481278
bxaic__PAINS__gin__seed2026,bxaic,PAINS,gin,2026,atom_occlusion,P20_frozen_cache,exact_integer,0.1,64,1625,1644,0.0972717780486298,0.097826961456964,0.0988970126359327,0.6571995997874026,0.4622232640806196,0.4371383192481278
bxaic__PAINS__gin__seed2026,bxaic,PAINS,gin,2026,atom_occlusion,P20_frozen_cache,machine,0.2,42,1625,1644,0.197393709610404,0.1978873174150717,0.1970323196470274,0.4382121052667012,0.6013403413181534,0.5201716634026281
bxaic__PAINS__gin__seed2026,bxaic,PAINS,gin,2026,atom_occlusion,P20_frozen_cache,exact_integer,0.2,42,1625,1644,0.197393709610404,0.1978873174150717,0.1970323196470274,0.4382121052667012,0.6013403413181534,0.5201716634026281
bxaic__PAINS__gin__seed2026,bxaic,PAINS,gin,2026,saliency,P20_frozen_cache,machine,0.05,82,1625,1644,0.0487573874195452,0.0493424074764828,0.0458675460462498,0.8380970842735934,0.3869518145813762,0.3780573106473088
bxaic__PAINS__gin__seed2026,bxaic,PAINS,gin,2026,saliency,P20_frozen_cache,exact_integer,0.05,82,1625,1644,0.0487573874195452,0.0493424074764828,0.0458675460462498,0.8380970842735934,0.3869518145813762,0.3780573106473088
bxaic__PAINS__gin__seed2026,bxaic,PAINS,gin,2026,saliency,P20_frozen_cache,machine,0.1,72,1625,1644,0.0963260695273081,0.096881834552199,0.0933470426179633,0.7376837897989411,0.4148577902265409,0.3946438548160197
bxaic__PAINS__gin__seed2026,bxaic,PAINS,gin,2026,saliency,P20_frozen_cache,exact_integer,0.1,72,1625,1644,0.0963260695273081,0.096881834552199,0.0933470426179633,0.7376837897989411,0.4148577902265409,0.3946438548160197
bxaic__PAINS__gin__seed2026,bxaic,PAINS,gin,2026,saliency,P20_frozen_cache,machine,0.2,56,1625,1644,0.1984657500288603,0.1989586985220775,0.1894209002412779,0.5790848800081908,0.4637584902180363,0.4132597730639095
bxaic__PAINS__gin__seed2026,bxaic,PAINS,gin,2026,saliency,P20_frozen_cache,exact_integer,0.2,57,1625,1644,0.1936827638513042,0.1941786539104362,0.1839791178515521,0.5868670149599141,0.4611733136068593,0.4127191965535513
bxaic__PAINS__gin__seed42,bxaic,PAINS,gin,42,ig,P01_checkpoint_rerun,machine,0.05,93,1625,1644,0.044568072603748,0.0451556691150618,0.047101115716797,0.9485539954456256,0.3433997041686853,0.3369828223705153
bxaic__PAINS__gin__seed42,bxaic,PAINS,gin,42,ig,P01_checkpoint_rerun,exact_integer,0.05,93,1625,1644,0.044568072603748,0.0451556691150618,0.047101115716797,0.9485539954456256,0.3433997041686853,0.3369828223705153
bxaic__PAINS__gin__seed42,bxaic,PAINS,gin,42,ig,P01_checkpoint_rerun,machine,0.1,84,1625,1644,0.0975038541147142,0.0980588947948404,0.1002176804098305,0.8573713715364688,0.356880512503475,0.3410907834325413
bxaic__PAINS__gin__seed42,bxaic,PAINS,gin,42,ig,P01_checkpoint_rerun,exact_integer,0.1,84,1625,1644,0.0975038541147142,0.0980588947948404,0.1002176804098305,0.8573713715364688,0.356880512503475,0.3410907834325413
bxaic__PAINS__gin__seed42,bxaic,PAINS,gin,42,ig,P01_checkpoint_rerun,machine,0.2,61,1625,1644,0.1977552151455223,0.1982486006220625,0.1996400810578033,0.6285667856652547,0.4299777157061621,0.3842764735724359
bxaic__PAINS__gin__seed42,bxaic,PAINS,gin,42,ig,P01_checkpoint_rerun,exact_integer,0.2,61,1625,1644,0.1977552151455223,0.1982486006220625,0.1996400810578033,0.6285667856652547,0.4299777157061621,0.3842764735724359
bxaic__PAINS__gin__seed42,bxaic,PAINS,gin,42,gradinput,P01_checkpoint_rerun,machine,0.05,96,1625,1644,0.0462001452949775,0.0467867380715488,0.0462072190806076,0.9776360379657606,0.3380992404450497,0.334606485537963
bxaic__PAINS__gin__seed42,bxaic,PAINS,gin,42,gradinput,P01_checkpoint_rerun,exact_integer,0.05,96,1625,1644,0.0462001452949775,0.0467867380715488,0.0462072190806076,0.9776360379657606,0.3380992404450497,0.334606485537963
bxaic__PAINS__gin__seed42,bxaic,PAINS,gin,42,gradinput,P01_checkpoint_rerun,machine,0.1,93,1625,1644,0.0988654846304764,0.0994196878994613,0.0975900763942632,0.9485539954456256,0.3323817028493909,0.3235254959569583
bxaic__PAINS__gin__seed42,bxaic,PAINS,gin,42,gradinput,P01_checkpoint_rerun,exact_integer,0.1,93,1625,1644,0.0988654846304764,0.0994196878994613,0.0975900763942632,0.9485539954456256,0.3323817028493909,0.3235254959569583
bxaic__PAINS__gin__seed42,bxaic,PAINS,gin,42,gradinput,P01_checkpoint_rerun,machine,0.2,87,1625,1644,0.1928343506960084,0.1933307625344487,0.1891333924625194,0.8887243115179423,0.32313024190982,0.3054892541426746
bxaic__PAINS__gin__seed42,bxaic,PAINS,gin,42,gradinput,P01_checkpoint_rerun,exact_integer,0.2,87,1625,1644,0.1928343506960084,0.1933307625344487,0.1891333924625194,0.8887243115179423,0.32313024190982,0.3054892541426746
bxaic__PAINS__gin__seed42,bxaic,PAINS,gin,42,atom_occlusion,P20_frozen_cache,machine,0.05,76,1625,1644,0.0471514896074792,0.0477374973014476,0.0454035895593714,0.7771510750062881,0.4186840839726573,0.4094350492914251
bxaic__PAINS__gin__seed42,bxaic,PAINS,gin,42,atom_occlusion,P20_frozen_cache,exact_integer,0.05,76,1625,1644,0.0471514896074792,0.0477374973014476,0.0454035895593714,0.7771510750062881,0.4186840839726573,0.4094350492914251
bxaic__PAINS__gin__seed42,bxaic,PAINS,gin,42,atom_occlusion,P20_frozen_cache,machine,0.1,56,1625,1644,0.0968267446770902,0.0973822017836848,0.0987371107451729,0.5790848800081908,0.522991889507502,0.4919348648631834
bxaic__PAINS__gin__seed42,bxaic,PAINS,gin,42,atom_occlusion,P20_frozen_cache,exact_integer,0.1,56,1625,1644,0.0972012228569506,0.0977564496571616,0.0997338391571009,0.5771992352393318,0.5241172017735667,0.4926009469325661
bxaic__PAINS__gin__seed42,bxaic,PAINS,gin,42,atom_occlusion,P20_frozen_cache,machine,0.2,37,1625,1644,0.195362906952714,0.1958577637135057,0.1990925568511033,0.387491476592661,0.675393494394972,0.5754991321459805
bxaic__PAINS__gin__seed42,bxaic,PAINS,gin,42,atom_occlusion,P20_frozen_cache,exact_integer,0.2,37,1625,1644,0.195362906952714,0.1958577637135057,0.1990925568511033,0.387491476592661,0.675393494394972,0.5754991321459805
bxaic__PAINS__gin__seed42,bxaic,PAINS,gin,42,saliency,P20_frozen_cache,machine,0.05,78,1625,1644,0.0489221682086889,0.0495070869244277,0.0457990935647515,0.7978589195873704,0.4056445030470522,0.3956001715295217
bxaic__PAINS__gin__seed42,bxaic,PAINS,gin,42,saliency,P20_frozen_cache,exact_integer,0.05,78,1625,1644,0.0489221682086889,0.0495070869244277,0.0457990935647515,0.7978589195873704,0.4056445030470522,0.3956001715295217
bxaic__PAINS__gin__seed42,bxaic,PAINS,gin,42,saliency,P20_frozen_cache,machine,0.1,66,1625,1644,0.0979842371374404,0.0985389823790533,0.0981368425523997,0.6786990675017398,0.44739113155917,0.4232778393104793
bxaic__PAINS__gin__seed42,bxaic,PAINS,gin,42,saliency,P20_frozen_cache,exact_integer,0.1,66,1625,1644,0.0979842371374404,0.0985389823790533,0.0981368425523997,0.6786990675017398,0.44739113155917,0.4232778393104793
bxaic__PAINS__gin__seed42,bxaic,PAINS,gin,42,saliency,P20_frozen_cache,machine,0.2,51,1625,1644,0.1920470252168516,0.1925439212653038,0.194334737370594,0.5281548142925443,0.5050088215867906,0.4461295860893167
bxaic__PAINS__gin__seed42,bxaic,PAINS,gin,42,saliency,P20_frozen_cache,exact_integer,0.2,51,1625,1644,0.1920470252168516,0.1925439212653038,0.194334737370594,0.5281548142925443,0.5050088215867906,0.4461295860893167
bxaic__rings-count__gcn__seed123,bxaic,rings-count,gcn,123,ig,P01_checkpoint_rerun,machine,0.05,91,4935,4933,0.0493758582364373,0.0495684482165352,0.0494438178848421,0.9282105650070044,0.6556094682844483,0.6333517503694922
bxaic__rings-count__gcn__seed123,bxaic,rings-count,gcn,123,ig,P01_checkpoint_rerun,exact_integer,0.05,91,4935,4933,0.0493758582364373,0.0495684482165352,0.0494438178848421,0.9282105650070044,0.6556094682844483,0.6333517503694922
bxaic__rings-count__gcn__seed123,bxaic,rings-count,gcn,123,ig,P01_checkpoint_rerun,machine,0.1,86,4935,4933,0.097539838320646,0.0977226706062374,0.0971892382923106,0.8772717462941669,0.659383824189248,0.6160138859771385
bxaic__rings-count__gcn__seed123,bxaic,rings-count,gcn,123,ig,P01_checkpoint_rerun,exact_integer,0.1,86,4935,4933,0.097539838320646,0.0977226706062374,0.0971892382923106,0.8772717462941669,0.659383824189248,0.6160138859771385
bxaic__rings-count__gcn__seed123,bxaic,rings-count,gcn,123,ig,P01_checkpoint_rerun,machine,0.2,77,4935,4933,0.1957967887630338,0.1959597148593136,0.1954818976062153,0.7880299654949704,0.6568600708198784,0.5695995397365955
bxaic__rings-count__gcn__seed123,bxaic,rings-count,gcn,123,ig,P01_checkpoint_rerun,exact_integer,0.2,77,4935,4933,0.1957967887630338,0.1959597148593136,0.1954818976062153,0.7880299654949704,0.6568600708198784,0.5695995397365955
bxaic__rings-count__gcn__seed123,bxaic,rings-count,gcn,123,gradinput,P01_checkpoint_rerun,machine,0.05,93,4935,4933,0.0452057761667097,0.0453992109770487,0.0453640600841951,0.9473877485874408,0.646193190276854,0.6271733743521775
bxaic__rings-count__gcn__seed123,bxaic,rings-count,gcn,123,gradinput,P01_checkpoint_rerun,exact_integer,0.05,93,4935,4933,0.0452057761667097,0.0453992109770487,0.0453640600841951,0.9473877485874408,0.646193190276854,0.6271733743521775
bxaic__rings-count__gcn__seed123,bxaic,rings-count,gcn,123,gradinput,P01_checkpoint_rerun,machine,0.1,88,4935,4933,0.0927686698650129,0.0929524687568555,0.0927787642614927,0.8966978540681062,0.6495147680393901,0.6101137345163933
bxaic__rings-count__gcn__seed123,bxaic,rings-count,gcn,123,gradinput,P01_checkpoint_rerun,exact_integer,0.1,88,4935,4933,0.0927686698650129,0.0929524687568555,0.0927787642614927,0.8966978540681062,0.6495147680393901,0.6101137345163933
bxaic__rings-count__gcn__seed123,bxaic,rings-count,gcn,123,gradinput,P01_checkpoint_rerun,machine,0.2,78,4935,4933,0.1923076822908747,0.1924713152563749,0.1937092871626018,0.797157910454846,0.6515443130496703,0.5675046620514815
bxaic__rings-count__gcn__seed123,bxaic,rings-count,gcn,123,gradinput,P01_checkpoint_rerun,exact_integer,0.2,78,4935,4933,0.1923076822908747,0.1924713152563749,0.1937092871626018,0.797157910454846,0.6515443130496703,0.5675046620514815
bxaic__rings-count__gcn__seed123,bxaic,rings-count,gcn,123,atom_occlusion,P20_frozen_cache,machine,0.05,93,4935,4933,0.0450991587237883,0.0452926151340954,0.0455223321653958,0.9473877485874408,0.6475785791012396,0.6302922124653776
bxaic__rings-count__gcn__seed123,bxaic,rings-count,gcn,123,atom_occlusion,P20_frozen_cache,exact_integer,0.05,93,4935,4933,0.0450991587237883,0.0452926151340954,0.0455223321653958,0.9473877485874408,0.6475785791012396,0.6302922124653776
bxaic__rings-count__gcn__seed123,bxaic,rings-count,gcn,123,atom_occlusion,P20_frozen_cache,machine,0.1,88,4935,4933,0.0962808342726567,0.0964639216238981,0.0951042143925409,0.8966978540681062,0.6502051168234663,0.6128367639091339
bxaic__rings-count__gcn__seed123,bxaic,rings-count,gcn,123,atom_occlusion,P20_frozen_cache,exact_integer,0.1,88,4935,4933,0.0962808342726567,0.0964639216238981,0.0951042143925409,0.8966978540681062,0.6502051168234663,0.6128367639091339
bxaic__rings-count__gcn__seed123,bxaic,rings-count,gcn,123,atom_occlusion,P20_frozen_cache,machine,0.2,79,4935,4933,0.1936599549076615,0.1938233139119346,0.1942832276224763,0.8073361241949207,0.6469157601796062,0.5689187069974881
bxaic__rings-count__gcn__seed123,bxaic,rings-count,gcn,123,atom_occlusion,P20_frozen_cache,exact_integer,0.2,79,4935,4933,0.1936599549076615,0.1938233139119346,0.1942832276224763,0.8073361241949207,0.6469157601796062,0.5689187069974881
bxaic__rings-count__gcn__seed123,bxaic,rings-count,gcn,123,saliency,P20_frozen_cache,machine,0.05,93,4935,4933,0.0435208176391572,0.0437145938106242,0.0433740522740311,0.9473877485874408,0.6476347461404329,0.6293904294708368
bxaic__rings-count__gcn__seed123,bxaic,rings-count,gcn,123,saliency,P20_frozen_cache,exact_integer,0.05,93,4935,4933,0.0435208176391572,0.0437145938106242,0.0433740522740311,0.9473877485874408,0.6476347461404329,0.6293904294708368
bxaic__rings-count__gcn__seed123,bxaic,rings-count,gcn,123,saliency,P20_frozen_cache,machine,0.1,88,4935,4933,0.0930617530026808,0.0932454925178747,0.0927606254039044,0.8966978540681062,0.6488718550091633,0.608305949602302
bxaic__rings-count__gcn__seed123,bxaic,rings-count,gcn,123,saliency,P20_frozen_cache,exact_integer,0.1,88,4935,4933,0.0930617530026808,0.0932454925178747,0.0927606254039044,0.8966978540681062,0.6488718550091633,0.608305949602302
bxaic__rings-count__gcn__seed123,bxaic,rings-count,gcn,123,saliency,P20_frozen_cache,machine,0.2,79,4935,4933,0.1898851041998873,0.1900492279632179,0.1893393823155084,0.8073361241949207,0.6449777483671237,0.5612177748618646
bxaic__rings-count__gcn__seed123,bxaic,rings-count,gcn,123,saliency,P20_frozen_cache,exact_integer,0.2,79,4935,4933,0.1898851041998873,0.1900492279632179,0.1893393823155084,0.8073361241949207,0.6449777483671237,0.5612177748618646
bxaic__rings-count__gcn__seed2026,bxaic,rings-count,gcn,2026,ig,P01_checkpoint_rerun,machine,0.05,94,4935,4933,0.0411926766953701,0.0413869245323443,0.042522028763468,0.9571779041803794,0.6410204811493563,0.6227457570632285
bxaic__rings-count__gcn__seed2026,bxaic,rings-count,gcn,2026,ig,P01_checkpoint_rerun,exact_integer,0.05,94,4935,4933,0.0411926766953701,0.0413869245323443,0.042522028763468,0.9571779041803794,0.6410204811493563,0.6227457570632285
bxaic__rings-count__gcn__seed2026,bxaic,rings-count,gcn,2026,ig,P01_checkpoint_rerun,machine,0.1,89,4935,4933,0.0902829466826565,0.0904672491650952,0.0922991502877452,0.9084471118579232,0.6408122303805566,0.6014807301402693
bxaic__rings-count__gcn__seed2026,bxaic,rings-count,gcn,2026,ig,P01_checkpoint_rerun,exact_integer,0.1,89,4935,4933,0.0902829466826565,0.0904672491650952,0.0922991502877452,0.9084471118579232,0.6408122303805566,0.6014807301402693
bxaic__rings-count__gcn__seed2026,bxaic,rings-count,gcn,2026,ig,P01_checkpoint_rerun,machine,0.2,78,4935,4933,0.198022611768541,0.1981850869282313,0.2013644546414463,0.797157910454846,0.6448780746368947,0.557441425952019
bxaic__rings-count__gcn__seed2026,bxaic,rings-count,gcn,2026,ig,P01_checkpoint_rerun,exact_integer,0.2,78,4935,4933,0.198022611768541,0.1981850869282313,0.2013644546414463,0.797157910454846,0.6448780746368947,0.557441425952019
bxaic__rings-count__gcn__seed2026,bxaic,rings-count,gcn,2026,gradinput,P01_checkpoint_rerun,machine,0.05,94,4935,4933,0.0482944865839968,0.0484872956426305,0.0490915336191395,0.9571779041803794,0.6375594453911017,0.6175351468006519
bxaic__rings-count__gcn__seed2026,bxaic,rings-count,gcn,2026,gradinput,P01_checkpoint_rerun,exact_integer,0.05,94,4935,4933,0.0482944865839968,0.0484872956426305,0.0490915336191395,0.9571779041803794,0.6375594453911017,0.6175351468006519
bxaic__rings-count__gcn__seed2026,bxaic,rings-count,gcn,2026,gradinput,P01_checkpoint_rerun,machine,0.1,91,4935,4933,0.0837488531597703,0.0839344794050783,0.0852553687528367,0.9282105650070044,0.6334661564024202,0.5991420637084619
bxaic__rings-count__gcn__seed2026,bxaic,rings-count,gcn,2026,gradinput,P01_checkpoint_rerun,exact_integer,0.1,91,4935,4933,0.0837488531597703,0.0839344794050783,0.0852553687528367,0.9282105650070044,0.6334661564024202,0.5991420637084619
bxaic__rings-count__gcn__seed2026,bxaic,rings-count,gcn,2026,gradinput,P01_checkpoint_rerun,machine,0.2,82,4935,4933,0.1903759658409266,0.1905399901590302,0.1927760969343686,0.8372809697384563,0.6246715855058665,0.5494033555128842
bxaic__rings-count__gcn__seed2026,bxaic,rings-count,gcn,2026,gradinput,P01_checkpoint_rerun,exact_integer,0.2,82,4935,4933,0.1903759658409266,0.1905399901590302,0.1927760969343686,0.837278942574459,0.6246728501009157,0.5494044097816171
bxaic__rings-count__gcn__seed2026,bxaic,rings-count,gcn,2026,atom_occlusion,P20_frozen_cache,machine,0.05,94,4935,4933,0.0422601460583185,0.0424541776332661,0.0432589022328359,0.9571779041803794,0.6432255235945321,0.627573520283498
bxaic__rings-count__gcn__seed2026,bxaic,rings-count,gcn,2026,atom_occlusion,P20_frozen_cache,exact_integer,0.05,94,4935,4933,0.0422601460583185,0.0424541776332661,0.0432589022328359,0.9571779041803794,0.6432255235945321,0.627573520283498
bxaic__rings-count__gcn__seed2026,bxaic,rings-count,gcn,2026,atom_occlusion,P20_frozen_cache,machine,0.1,89,4935,4933,0.0929075293454389,0.0930913001052959,0.0947877812436581,0.9084471118579232,0.6438872881945176,0.6089854470829025
bxaic__rings-count__gcn__seed2026,bxaic,rings-count,gcn,2026,atom_occlusion,P20_frozen_cache,exact_integer,0.1,89,4935,4933,0.0929075293454389,0.0930913001052959,0.0947877812436581,0.9084471118579232,0.6438872881945176,0.6089854470829025
bxaic__rings-count__gcn__seed2026,bxaic,rings-count,gcn,2026,atom_occlusion,P20_frozen_cache,machine,0.2,81,4935,4933,0.1832356977884768,0.183401168676283,0.1868466206606779,0.8282350484191191,0.6385034150977482,0.568073229373765
bxaic__rings-count__gcn__seed2026,bxaic,rings-count,gcn,2026,atom_occlusion,P20_frozen_cache,exact_integer,0.2,81,4935,4933,0.1832356977884768,0.183401168676283,0.1868466206606779,0.8282343726977865,0.6385039621297924,0.5680737340985473
bxaic__rings-count__gcn__seed2026,bxaic,rings-count,gcn,2026,saliency,P20_frozen_cache,machine,0.05,85,4935,4933,0.0469591349743668,0.0471522145661467,0.0480161072801292,0.8662810335360724,0.701677812442008,0.6753718770177067
bxaic__rings-count__gcn__seed2026,bxaic,rings-count,gcn,2026,saliency,P20_frozen_cache,exact_integer,0.05,85,4935,4933,0.0469591349743668,0.0471522145661467,0.0480161072801292,0.8662810335360724,0.701677812442008,0.6753718770177067
bxaic__rings-count__gcn__seed2026,bxaic,rings-count,gcn,2026,saliency,P20_frozen_cache,machine,0.1,78,4935,4933,0.0936130589694828,0.0937966867938407,0.0939137297001626,0.797157910454846,0.7238202563559274,0.6698657680572685
bxaic__rings-count__gcn__seed2026,bxaic,rings-count,gcn,2026,saliency,P20_frozen_cache,exact_integer,0.1,78,4935,4933,0.0936130589694828,0.0937966867938407,0.0939137297001626,0.797157910454846,0.7238202563559274,0.6698657680572685
bxaic__rings-count__gcn__seed2026,bxaic,rings-count,gcn,2026,saliency,P20_frozen_cache,machine,0.2,66,4935,4933,0.1955584830082062,0.1957214573836098,0.1968705240942225,0.6779201401145637,0.7511696552387148,0.6303392917537155
bxaic__rings-count__gcn__seed2026,bxaic,rings-count,gcn,2026,saliency,P20_frozen_cache,exact_integer,0.2,66,4935,4933,0.1955584830082062,0.1957214573836098,0.1968705240942225,0.6779201401145637,0.7511696552387148,0.6303392917537155
bxaic__rings-count__gcn__seed42,bxaic,rings-count,gcn,42,ig,P01_checkpoint_rerun,machine,0.05,94,4935,4933,0.0443085946526034,0.04450221122581,0.0453134509248119,0.9571779041803794,0.6393385745677963,0.6201231589313383
bxaic__rings-count__gcn__seed42,bxaic,rings-count,gcn,42,ig,P01_checkpoint_rerun,exact_integer,0.05,94,4935,4933,0.0443085946526034,0.04450221122581,0.0453134509248119,0.9571779041803794,0.6393385745677963,0.6201231589313383
bxaic__rings-count__gcn__seed42,bxaic,rings-count,gcn,42,ig,P01_checkpoint_rerun,machine,0.1,89,4935,4933,0.0988379313422394,0.099020500643021,0.0996821179266273,0.9084471118579232,0.6361404579511618,0.5943229360448414
bxaic__rings-count__gcn__seed42,bxaic,rings-count,gcn,42,ig,P01_checkpoint_rerun,exact_integer,0.1,89,4935,4933,0.0988379313422394,0.099020500643021,0.0996821179266273,0.9084471118579232,0.6361404579511618,0.5943229360448414
bxaic__rings-count__gcn__seed42,bxaic,rings-count,gcn,42,ig,P01_checkpoint_rerun,machine,0.2,79,4935,4933,0.1990798349564536,0.1992420959299227,0.2006906516601622,0.8073361241949207,0.6386090292025912,0.5537839709520562
bxaic__rings-count__gcn__seed42,bxaic,rings-count,gcn,42,ig,P01_checkpoint_rerun,exact_integer,0.2,79,4935,4933,0.1990798349564536,0.1992420959299227,0.2006906516601622,0.8073361241949207,0.6386090292025912,0.5537839709520562
bxaic__rings-count__gcn__seed42,bxaic,rings-count,gcn,42,gradinput,P01_checkpoint_rerun,machine,0.05,94,4935,4933,0.0429046894253139,0.0430985904201629,0.0415982976479651,0.9571779041803794,0.6417356698918629,0.6239048703621721
bxaic__rings-count__gcn__seed42,bxaic,rings-count,gcn,42,gradinput,P01_checkpoint_rerun,exact_integer,0.05,94,4935,4933,0.0429046894253139,0.0430985904201629,0.0415982976479651,0.9571779041803794,0.6417356698918629,0.6239048703621721
bxaic__rings-count__gcn__seed42,bxaic,rings-count,gcn,42,gradinput,P01_checkpoint_rerun,machine,0.1,89,4935,4933,0.0954008299194184,0.0955840955535515,0.0928589086419116,0.9084471118579232,0.6407336304204488,0.6013627524947728
bxaic__rings-count__gcn__seed42,bxaic,rings-count,gcn,42,gradinput,P01_checkpoint_rerun,exact_integer,0.1,89,4935,4933,0.0954008299194184,0.0955840955535515,0.0928589086419116,0.9084471118579232,0.6407336304204488,0.6013627524947728
bxaic__rings-count__gcn__seed42,bxaic,rings-count,gcn,42,gradinput,P01_checkpoint_rerun,machine,0.2,81,4935,4933,0.1857729998975829,0.1859379567452536,0.1830272975528049,0.8282350484191191,0.6353783880808075,0.5583404311428286
bxaic__rings-count__gcn__seed42,bxaic,rings-count,gcn,42,gradinput,P01_checkpoint_rerun,exact_integer,0.2,81,4935,4933,0.1857729998975829,0.1859379567452536,0.1830284900022152,0.8282343726977865,0.635377947036222,0.5583397531615586
bxaic__rings-count__gcn__seed42,bxaic,rings-count,gcn,42,atom_occlusion,P20_frozen_cache,machine,0.05,94,4935,4933,0.0410295988030742,0.0412238796785193,0.0423080072622056,0.9571779041803794,0.64349519558217,0.6279436634078734
bxaic__rings-count__gcn__seed42,bxaic,rings-count,gcn,42,atom_occlusion,P20_frozen_cache,exact_integer,0.05,94,4935,4933,0.0410295988030742,0.0412238796785193,0.0423080072622056,0.9571779041803794,0.64349519558217,0.6279436634078734
bxaic__rings-count__gcn__seed42,bxaic,rings-count,gcn,42,atom_occlusion,P20_frozen_cache,machine,0.1,89,4935,4933,0.091238076048501,0.0914221850282318,0.0926488587903388,0.9084471118579232,0.6448959524964702,0.6104671714681509
bxaic__rings-count__gcn__seed42,bxaic,rings-count,gcn,42,atom_occlusion,P20_frozen_cache,exact_integer,0.1,89,4935,4933,0.091238076048501,0.0914221850282318,0.0926488587903388,0.9084471118579232,0.6448959524964702,0.6104671714681509
bxaic__rings-count__gcn__seed42,bxaic,rings-count,gcn,42,atom_occlusion,P20_frozen_cache,machine,0.2,80,4935,4933,0.1948196862721875,0.1949828103227807,0.1973017408124841,0.8137950848970038,0.6403940192654496,0.5638082079518689
bxaic__rings-count__gcn__seed42,bxaic,rings-count,gcn,42,atom_occlusion,P20_frozen_cache,exact_integer,0.2,80,4935,4933,0.1948196862721875,0.1949828103227807,0.1973017408124841,0.8137950848970038,0.6403940192654496,0.5638082079518689
bxaic__rings-count__gcn__seed42,bxaic,rings-count,gcn,42,saliency,P20_frozen_cache,machine,0.05,93,4935,4933,0.0494131403315767,0.049605722758576,0.0491773535737137,0.9473877485874408,0.6455321990349487,0.6267042403194982
bxaic__rings-count__gcn__seed42,bxaic,rings-count,gcn,42,saliency,P20_frozen_cache,exact_integer,0.05,93,4935,4933,0.0494131403315767,0.049605722758576,0.0491773535737137,0.9473877485874408,0.6455321990349487,0.6267042403194982
bxaic__rings-count__gcn__seed42,bxaic,rings-count,gcn,42,saliency,P20_frozen_cache,machine,0.1,89,4935,4933,0.0941478678473235,0.0943313873230433,0.0936042298940672,0.9084471118579232,0.6430951001210005,0.6061258378359262
bxaic__rings-count__gcn__seed42,bxaic,rings-count,gcn,42,saliency,P20_frozen_cache,exact_integer,0.1,89,4935,4933,0.0941478678473235,0.0943313873230433,0.0936042298940672,0.9084471118579232,0.6430951001210005,0.6061258378359262
bxaic__rings-count__gcn__seed42,bxaic,rings-count,gcn,42,saliency,P20_frozen_cache,machine,0.2,81,4935,4933,0.1925159518293675,0.1926795426008769,0.1919199840944447,0.8282350484191191,0.6316280134122895,0.5543087158244971
bxaic__rings-count__gcn__seed42,bxaic,rings-count,gcn,42,saliency,P20_frozen_cache,exact_integer,0.2,81,4935,4933,0.1925159518293675,0.1926795426008769,0.191921176543855,0.8282343726977865,0.6316277569910188,0.5543078884106205
bxaic__rings-count__gin__seed123,bxaic,rings-count,gin,123,ig,P01_checkpoint_rerun,machine,0.05,94,4935,4933,0.0415515581665484,0.0417457332965795,0.0422388069185989,0.9571779041803794,0.6439080919785252,0.6288593129671889
bxaic__rings-count__gin__seed123,bxaic,rings-count,gin,123,ig,P01_checkpoint_rerun,exact_integer,0.05,94,4935,4933,0.0415515581665484,0.0417457332965795,0.0422388069185989,0.9571779041803794,0.6439080919785252,0.6288593129671889
bxaic__rings-count__gin__seed123,bxaic,rings-count,gin,123,ig,P01_checkpoint_rerun,machine,0.1,89,4935,4933,0.0917405146689838,0.0919245218580703,0.0918283153527793,0.9084471118579232,0.6457072121745955,0.6123853625155242
bxaic__rings-count__gin__seed123,bxaic,rings-count,gin,123,ig,P01_checkpoint_rerun,exact_integer,0.1,89,4935,4933,0.0917405146689838,0.0919245218580703,0.0918283153527793,0.9084471118579232,0.6457072121745955,0.6123853625155242
bxaic__rings-count__gin__seed123,bxaic,rings-count,gin,123,ig,P01_checkpoint_rerun,machine,0.2,80,4935,4933,0.1955447411143096,0.1957077182737273,0.1962730994101515,0.8137950848970038,0.6410391764358971,0.5655468868045408
bxaic__rings-count__gin__seed123,bxaic,rings-count,gin,123,ig,P01_checkpoint_rerun,exact_integer,0.2,80,4935,4933,0.1955447411143096,0.1957077182737273,0.1962730994101515,0.8137950848970038,0.6410391764358971,0.5655468868045408
bxaic__rings-count__gin__seed123,bxaic,rings-count,gin,123,gradinput,P01_checkpoint_rerun,machine,0.05,94,4935,4933,0.0441984039939482,0.0443920428910321,0.043647314037744,0.9571779041803794,0.6414771924265177,0.6241959234434853
bxaic__rings-count__gin__seed123,bxaic,rings-count,gin,123,gradinput,P01_checkpoint_rerun,exact_integer,0.05,94,4935,4933,0.0441984039939482,0.0443920428910321,0.043647314037744,0.9571779041803794,0.6414771924265177,0.6241959234434853
bxaic__rings-count__gin__seed123,bxaic,rings-count,gin,123,gradinput,P01_checkpoint_rerun,machine,0.1,89,4935,4933,0.097338724112518,0.097521597142479,0.0961332083265782,0.9084471118579232,0.6404115441928301,0.6025083358481156
bxaic__rings-count__gin__seed123,bxaic,rings-count,gin,123,gradinput,P01_checkpoint_rerun,exact_integer,0.1,89,4935,4933,0.097338724112518,0.097521597142479,0.0961332083265782,0.9084471118579232,0.6404115441928301,0.6025083358481156
bxaic__rings-count__gin__seed123,bxaic,rings-count,gin,123,gradinput,P01_checkpoint_rerun,machine,0.2,81,4935,4933,0.1866622941119153,0.1868270707946317,0.1855502745561183,0.8282350484191191,0.6353299376840551,0.5612242014003651
bxaic__rings-count__gin__seed123,bxaic,rings-count,gin,123,gradinput,P01_checkpoint_rerun,exact_integer,0.2,81,4935,4933,0.1866622941119153,0.1868270707946317,0.1855502745561183,0.8282343726977865,0.6353304983919003,0.5612247354644544
bxaic__rings-count__gin__seed123,bxaic,rings-count,gin,123,atom_occlusion,P20_frozen_cache,machine,0.05,94,4935,4933,0.0448330654009948,0.0450265757199978,0.044923609201886,0.9571779041803794,0.6418971163149355,0.6256686732501824
bxaic__rings-count__gin__seed123,bxaic,rings-count,gin,123,atom_occlusion,P20_frozen_cache,exact_integer,0.05,94,4935,4933,0.0448330654009948,0.0450265757199978,0.044923609201886,0.9571779041803794,0.6418971163149355,0.6256686732501824
bxaic__rings-count__gin__seed123,bxaic,rings-count,gin,123,atom_occlusion,P20_frozen_cache,machine,0.1,89,4935,4933,0.098592280051156,0.098774899119217,0.0983422979774658,0.9084471118579232,0.641250151085719,0.6058326088830243
bxaic__rings-count__gin__seed123,bxaic,rings-count,gin,123,atom_occlusion,P20_frozen_cache,exact_integer,0.1,89,4935,4933,0.098592280051156,0.098774899119217,0.0983422979774658,0.9084471118579232,0.641250151085719,0.6058326088830243
bxaic__rings-count__gin__seed123,bxaic,rings-count,gin,123,atom_occlusion,P20_frozen_cache,machine,0.2,81,4935,4933,0.1865281370112854,0.1866929408733171,0.1872367548055334,0.8282350484191191,0.6369043204413463,0.5675385415956624
bxaic__rings-count__gin__seed123,bxaic,rings-count,gin,123,atom_occlusion,P20_frozen_cache,exact_integer,0.2,81,4935,4933,0.1865281370112854,0.1866929408733171,0.1872367548055334,0.8282343726977865,0.6369049016628932,0.5675391228172093
bxaic__rings-count__gin__seed123,bxaic,rings-count,gin,123,saliency,P20_frozen_cache,machine,0.05,86,4935,4933,0.045209783429905,0.0454032174283998,0.0453785247492098,0.8772717462941669,0.6961371445206013,0.6734271469256711
bxaic__rings-count__gin__seed123,bxaic,rings-count,gin,123,saliency,P20_frozen_cache,exact_integer,0.05,86,4935,4933,0.045209783429905,0.0454032174283998,0.0453785247492098,0.8772717462941669,0.6961371445206013,0.6734271469256711
bxaic__rings-count__gin__seed123,bxaic,rings-count,gin,123,saliency,P20_frozen_cache,machine,0.1,78,4935,4933,0.0957069403608541,0.0958901439790955,0.0966297224757432,0.797157910454846,0.7229112328121364,0.6700299222644066
bxaic__rings-count__gin__seed123,bxaic,rings-count,gin,123,saliency,P20_frozen_cache,exact_integer,0.1,78,4935,4933,0.0957069403608541,0.0958901439790955,0.0966297224757432,0.797157910454846,0.7229112328121364,0.6700299222644066
bxaic__rings-count__gin__seed123,bxaic,rings-count,gin,123,saliency,P20_frozen_cache,machine,0.2,67,4935,4933,0.1875623795226393,0.1877269738541785,0.1888955835778462,0.6901920253936527,0.7476658280732682,0.6360535590183017
bxaic__rings-count__gin__seed123,bxaic,rings-count,gin,123,saliency,P20_frozen_cache,exact_integer,0.2,67,4935,4933,0.1875623795226393,0.1877269738541785,0.1888955835778462,0.6901920253936527,0.7476658280732682,0.6360535590183017
bxaic__rings-count__gin__seed2026,bxaic,rings-count,gin,2026,ig,P01_checkpoint_rerun,machine,0.05,94,4935,4933,0.0432648246591417,0.0434586526930438,0.043387025465876,0.9571779041803794,0.6426329005769853,0.6266642992082987
bxaic__rings-count__gin__seed2026,bxaic,rings-count,gin,2026,ig,P01_checkpoint_rerun,exact_integer,0.05,94,4935,4933,0.0432648246591417,0.0434586526930438,0.043387025465876,0.9571779041803794,0.6426329005769853,0.6266642992082987
bxaic__rings-count__gin__seed2026,bxaic,rings-count,gin,2026,ig,P01_checkpoint_rerun,machine,0.1,90,4935,4933,0.0923652729092387,0.0925491535265585,0.0934265968985686,0.9152059964128934,0.6400567764970356,0.6063204895471175
bxaic__rings-count__gin__seed2026,bxaic,rings-count,gin,2026,ig,P01_checkpoint_rerun,exact_integer,0.1,90,4935,4933,0.0923652729092387,0.0925491535265585,0.0934265968985686,0.9152059964128934,0.6400567764970356,0.6063204895471175
bxaic__rings-count__gin__seed2026,bxaic,rings-count,gin,2026,ig,P01_checkpoint_rerun,machine,0.2,81,4935,4933,0.1954514643578642,0.1956144604145178,0.1964359819287547,0.8282350484191191,0.6324131648463911,0.5614548320161846
bxaic__rings-count__gin__seed2026,bxaic,rings-count,gin,2026,ig,P01_checkpoint_rerun,exact_integer,0.2,81,4935,4933,0.1954514643578642,0.1956144604145178,0.1964359819287547,0.8282343726977865,0.6324137426489878,0.5614554051020254
bxaic__rings-count__gin__seed2026,bxaic,rings-count,gin,2026,gradinput,P01_checkpoint_rerun,machine,0.05,94,4935,4933,0.0454683616633902,0.045661743275695,0.0450576657082193,0.9571779041803794,0.6420928065363213,0.6258592102748763
bxaic__rings-count__gin__seed2026,bxaic,rings-count,gin,2026,gradinput,P01_checkpoint_rerun,exact_integer,0.05,94,4935,4933,0.0454683616633902,0.045661743275695,0.0450576657082193,0.9571779041803794,0.6420928065363213,0.6258592102748763
bxaic__rings-count__gin__seed2026,bxaic,rings-count,gin,2026,gradinput,P01_checkpoint_rerun,machine,0.1,90,4935,4933,0.0921352214681819,0.0923191486923578,0.091499519733454,0.9152059964128934,0.641022818533798,0.607313065905532
bxaic__rings-count__gin__seed2026,bxaic,rings-count,gin,2026,gradinput,P01_checkpoint_rerun,exact_integer,0.1,90,4935,4933,0.0921352214681819,0.0923191486923578,0.091499519733454,0.9152059964128934,0.641022818533798,0.607313065905532
bxaic__rings-count__gin__seed2026,bxaic,rings-count,gin,2026,gradinput,P01_checkpoint_rerun,machine,0.2,81,4935,4933,0.1921595136858943,0.1923231766693453,0.1931410749091921,0.8282350484191191,0.6340480610558094,0.5618945504262144
bxaic__rings-count__gin__seed2026,bxaic,rings-count,gin,2026,gradinput,P01_checkpoint_rerun,exact_integer,0.2,81,4935,4933,0.1921634104983018,0.1923270726922851,0.1931410749091921,0.8282343726977865,0.6340486388584059,0.5618951235120552
bxaic__rings-count__gin__seed2026,bxaic,rings-count,gin,2026,atom_occlusion,P20_frozen_cache,machine,0.05,94,4935,4933,0.046811062566793,0.0470041721570347,0.0464858965643429,0.9571779041803794,0.6413876365817872,0.625018049814428
bxaic__rings-count__gin__seed2026,bxaic,rings-count,gin,2026,atom_occlusion,P20_frozen_cache,exact_integer,0.05,94,4935,4933,0.046811062566793,0.0470041721570347,0.0464858965643429,0.9571779041803794,0.6413876365817872,0.625018049814428
bxaic__rings-count__gin__seed2026,bxaic,rings-count,gin,2026,atom_occlusion,P20_frozen_cache,machine,0.1,90,4935,4933,0.0939260693660773,0.0941096337766596,0.0942352641694782,0.9152059964128934,0.6403486386298105,0.6073742703507441
bxaic__rings-count__gin__seed2026,bxaic,rings-count,gin,2026,atom_occlusion,P20_frozen_cache,exact_integer,0.1,90,4935,4933,0.0939260693660773,0.0941096337766596,0.0942352641694782,0.9152059964128934,0.6403486386298105,0.6073742703507441
bxaic__rings-count__gin__seed2026,bxaic,rings-count,gin,2026,atom_occlusion,P20_frozen_cache,machine,0.2,81,4935,4933,0.1907154693801942,0.1908794249171917,0.191284090659572,0.8282350484191191,0.6355067312272551,0.5662693795123481
bxaic__rings-count__gin__seed2026,bxaic,rings-count,gin,2026,atom_occlusion,P20_frozen_cache,exact_integer,0.2,81,4935,4933,0.1907154693801942,0.1908794249171917,0.191284090659572,0.8282343726977865,0.635507312448802,0.566269960733895
bxaic__rings-count__gin__seed2026,bxaic,rings-count,gin,2026,saliency,P20_frozen_cache,machine,0.05,81,4935,4933,0.0445160815097811,0.0447096560475628,0.0431457524224229,0.8282350484191191,0.73596132601841,0.7084946384053479
bxaic__rings-count__gin__seed2026,bxaic,rings-count,gin,2026,saliency,P20_frozen_cache,exact_integer,0.05,81,4935,4933,0.0445160815097811,0.0447096560475628,0.0431457524224229,0.8282343726977865,0.7359618969831062,0.7084951955568367
bxaic__rings-count__gin__seed2026,bxaic,rings-count,gin,2026,saliency,P20_frozen_cache,machine,0.1,74,4935,4933,0.0923372551716436,0.0925211414651663,0.0915002051679495,0.7572472903866901,0.7604072848988078,0.6997501084634816
bxaic__rings-count__gin__seed2026,bxaic,rings-count,gin,2026,saliency,P20_frozen_cache,exact_integer,0.1,74,4935,4933,0.0923372551716436,0.0925211414651663,0.0915002051679495,0.7572472903866901,0.7604072848988078,0.6997501084634816
bxaic__rings-count__gin__seed2026,bxaic,rings-count,gin,2026,saliency,P20_frozen_cache,machine,0.2,63,4935,4933,0.1930493429788431,0.1932128256889365,0.1908935080569678,0.6482546863347516,0.7852319906436471,0.6536408979588284
bxaic__rings-count__gin__seed2026,bxaic,rings-count,gin,2026,saliency,P20_frozen_cache,exact_integer,0.2,63,4935,4933,0.1930493429788431,0.1932128256889365,0.1908935080569678,0.6482546863347516,0.7852319906436471,0.6536408979588284
bxaic__rings-count__gin__seed42,bxaic,rings-count,gin,42,ig,P01_checkpoint_rerun,machine,0.05,94,4935,4933,0.0449493499412329,0.0451428367017797,0.045282797284544,0.9571779041803794,0.6420948024277356,0.6260878003419382
bxaic__rings-count__gin__seed42,bxaic,rings-count,gin,42,ig,P01_checkpoint_rerun,exact_integer,0.05,94,4935,4933,0.0449493499412329,0.0451428367017797,0.045282797284544,0.9571779041803794,0.6420948024277356,0.6260878003419382
bxaic__rings-count__gin__seed42,bxaic,rings-count,gin,42,ig,P01_checkpoint_rerun,machine,0.1,90,4935,4933,0.0931469979775154,0.0933307202226578,0.0941799224407361,0.9152059964128934,0.6406271058561616,0.6078680865814938
bxaic__rings-count__gin__seed42,bxaic,rings-count,gin,42,ig,P01_checkpoint_rerun,exact_integer,0.1,90,4935,4933,0.0931469979775154,0.0933307202226578,0.0941799224407361,0.9152059964128934,0.6406271058561616,0.6078680865814938
bxaic__rings-count__gin__seed42,bxaic,rings-count,gin,42,ig,P01_checkpoint_rerun,machine,0.2,81,4935,4933,0.1954364193323296,0.1955994184370029,0.1973450824411449,0.8282350484191191,0.6331127916404501,0.5638783202818616
bxaic__rings-count__gin__seed42,bxaic,rings-count,gin,42,ig,P01_checkpoint_rerun,exact_integer,0.2,81,4935,4933,0.1954364193323296,0.1955994184370029,0.1973450824411449,0.8282343726977865,0.633113372861997,0.5638789015034084
bxaic__rings-count__gin__seed42,bxaic,rings-count,gin,42,gradinput,P01_checkpoint_rerun,machine,0.05,94,4935,4933,0.0424717903733988,0.0426657790706489,0.0427851077822938,0.9571779041803794,0.6419034256296049,0.6247764246675901
bxaic__rings-count__gin__seed42,bxaic,rings-count,gin,42,gradinput,P01_checkpoint_rerun,exact_integer,0.05,94,4935,4933,0.0424717903733988,0.0426657790706489,0.0427851077822938,0.9571779041803794,0.6419034256296049,0.6247764246675901
bxaic__rings-count__gin__seed42,bxaic,rings-count,gin,42,gradinput,P01_checkpoint_rerun,machine,0.1,89,4935,4933,0.0947733097866207,0.094956702552061,0.0946094555781997,0.9084471118579232,0.6410865220723908,0.6031558145495345
bxaic__rings-count__gin__seed42,bxaic,rings-count,gin,42,gradinput,P01_checkpoint_rerun,exact_integer,0.1,89,4935,4933,0.0947733097866207,0.094956702552061,0.0946094555781997,0.9084471118579232,0.6410865220723908,0.6031558145495345
bxaic__rings-count__gin__seed42,bxaic,rings-count,gin,42,gradinput,P01_checkpoint_rerun,machine,0.2,80,4935,4933,0.1981273893589994,0.1982898432914631,0.1976397630455532,0.8137950848970038,0.6367593585785875,0.5562782679549916
bxaic__rings-count__gin__seed42,bxaic,rings-count,gin,42,gradinput,P01_checkpoint_rerun,exact_integer,0.2,80,4935,4933,0.1981273893589994,0.1982898432914631,0.1976397630455532,0.8137950848970038,0.6367593585785875,0.5562782679549916
bxaic__rings-count__gin__seed42,bxaic,rings-count,gin,42,atom_occlusion,P20_frozen_cache,machine,0.05,94,4935,4933,0.0450232911315775,0.0452167629121424,0.0453280111383138,0.9571779041803794,0.6418955181424577,0.6257283697953964
bxaic__rings-count__gin__seed42,bxaic,rings-count,gin,42,atom_occlusion,P20_frozen_cache,exact_integer,0.05,94,4935,4933,0.0450232911315775,0.0452167629121424,0.0453280111383138,0.9571779041803794,0.6418955181424577,0.6257283697953964
bxaic__rings-count__gin__seed42,bxaic,rings-count,gin,42,atom_occlusion,P20_frozen_cache,machine,0.1,89,4935,4933,0.0988786011748984,0.0990611622362487,0.099492550400703,0.9084471118579232,0.6413402247419868,0.6061524343691148
bxaic__rings-count__gin__seed42,bxaic,rings-count,gin,42,atom_occlusion,P20_frozen_cache,exact_integer,0.1,89,4935,4933,0.0988786011748984,0.0990611622362487,0.099492550400703,0.9084471118579232,0.6413402247419868,0.6061524343691148
bxaic__rings-count__gin__seed42,bxaic,rings-count,gin,42,atom_occlusion,P20_frozen_cache,machine,0.2,80,4935,4933,0.1978772436023019,0.1980397482125931,0.1984957091612846,0.8137950848970038,0.6392101195880736,0.5643979776509327
bxaic__rings-count__gin__seed42,bxaic,rings-count,gin,42,atom_occlusion,P20_frozen_cache,exact_integer,0.2,80,4935,4933,0.1978772436023019,0.1980397482125931,0.1984957091612846,0.8137950848970038,0.6392101195880736,0.5643979776509327
bxaic__rings-count__gin__seed42,bxaic,rings-count,gin,42,saliency,P20_frozen_cache,machine,0.05,89,4935,4933,0.0429983085214533,0.0431921905497107,0.042736394148358,0.9084471118579232,0.6745344419775035,0.6545740069222968
bxaic__rings-count__gin__seed42,bxaic,rings-count,gin,42,saliency,P20_frozen_cache,exact_integer,0.05,89,4935,4933,0.0429983085214533,0.0431921905497107,0.042736394148358,0.9084471118579232,0.6745344419775035,0.6545740069222968
bxaic__rings-count__gin__seed42,bxaic,rings-count,gin,42,saliency,P20_frozen_cache,machine,0.1,81,4935,4933,0.0921231246885743,0.0923070543634753,0.0930449892736111,0.8282350484191191,0.6992800732741586,0.652146741591251
bxaic__rings-count__gin__seed42,bxaic,rings-count,gin,42,saliency,P20_frozen_cache,exact_integer,0.1,81,4935,4933,0.0921231246885743,0.0923070543634753,0.0930461817230214,0.8282343726977865,0.6992797826633852,0.6521459466249774
bxaic__rings-count__gin__seed42,bxaic,rings-count,gin,42,saliency,P20_frozen_cache,machine,0.2,68,4935,4933,0.1966111490048941,0.1967739101173323,0.1994598130219038,0.696708399448192,0.7307037775287859,0.6176912838879476
bxaic__rings-count__gin__seed42,bxaic,rings-count,gin,42,saliency,P20_frozen_cache,exact_integer,0.2,68,4935,4933,0.1966313597971413,0.1967941168150106,0.1994659497737473,0.696692857857544,0.7307107748147145,0.6176946909702029
bxaic__rings-max__gcn__seed123,bxaic,rings-max,gcn,123,ig,P01_checkpoint_rerun,machine,0.05,95,297,277,0.0388775952806869,0.0421028382495437,0.0427131151903235,0.9611511715338104,0.2685983499723743,0.2654955281827998
bxaic__rings-max__gcn__seed123,bxaic,rings-max,gcn,123,ig,P01_checkpoint_rerun,exact_integer,0.05,95,297,277,0.0390756543022753,0.0423002326435429,0.0430014802160823,0.9610470337942936,0.2685366185953072,0.2654088641187382
bxaic__rings-max__gcn__seed123,bxaic,rings-max,gcn,123,ig,P01_checkpoint_rerun,machine,0.1,91,297,277,0.0860037180740755,0.0890708196912765,0.0910966984479161,0.9234847698070427,0.2657521726725466,0.2590777611527484
bxaic__rings-max__gcn__seed123,bxaic,rings-max,gcn,123,ig,P01_checkpoint_rerun,exact_integer,0.1,91,297,277,0.0860037180740755,0.0890708196912765,0.0910966984479161,0.9234847698070427,0.2657521726725466,0.2590777611527484
bxaic__rings-max__gcn__seed123,bxaic,rings-max,gcn,123,ig,P01_checkpoint_rerun,machine,0.2,76,297,277,0.1970843786321039,0.199778726354815,0.1880490397080843,0.7722412088975923,0.2833163608019178,0.2661067967420804
bxaic__rings-max__gcn__seed123,bxaic,rings-max,gcn,123,ig,P01_checkpoint_rerun,exact_integer,0.2,76,297,277,0.1970843786321039,0.199778726354815,0.1880490397080843,0.7722412088975923,0.2833163608019178,0.2661067967420804
bxaic__rings-max__gcn__seed123,bxaic,rings-max,gcn,123,gradinput,P01_checkpoint_rerun,machine,0.05,94,297,277,0.0389650129890271,0.0421899626098693,0.0431101119150759,0.9522828292781328,0.2711722130868556,0.2679634394503317
bxaic__rings-max__gcn__seed123,bxaic,rings-max,gcn,123,gradinput,P01_checkpoint_rerun,exact_integer,0.05,94,297,277,0.0389650129890271,0.0421899626098693,0.0431101119150759,0.9522828292781328,0.2711722130868556,0.2679634394503317
bxaic__rings-max__gcn__seed123,bxaic,rings-max,gcn,123,gradinput,P01_checkpoint_rerun,machine,0.1,90,297,277,0.0871014076996996,0.090164825794667,0.0886628927646185,0.9101407650316404,0.2701999684016375,0.2635017540459234
bxaic__rings-max__gcn__seed123,bxaic,rings-max,gcn,123,gradinput,P01_checkpoint_rerun,exact_integer,0.1,90,297,277,0.0871014076996996,0.090164825794667,0.0886628927646185,0.9101407650316404,0.2701999684016375,0.2635017540459234
bxaic__rings-max__gcn__seed123,bxaic,rings-max,gcn,123,gradinput,P01_checkpoint_rerun,machine,0.2,75,297,277,0.1960191195787116,0.1987170419962327,0.1888626817067882,0.7587833363641833,0.2869182071326192,0.2682520101981523
bxaic__rings-max__gcn__seed123,bxaic,rings-max,gcn,123,gradinput,P01_checkpoint_rerun,exact_integer,0.2,75,297,277,0.1960191195787116,0.1987170419962327,0.1888626817067882,0.7587833363641833,0.2869182071326192,0.2682520101981523
bxaic__rings-max__gcn__seed123,bxaic,rings-max,gcn,123,atom_occlusion,P20_frozen_cache,machine,0.05,87,297,277,0.0440160227642232,0.0472240226878332,0.0375913129011339,0.8831394062523956,0.2916585266976696,0.28763863443299
bxaic__rings-max__gcn__seed123,bxaic,rings-max,gcn,123,atom_occlusion,P20_frozen_cache,exact_integer,0.05,87,297,277,0.0440160227642232,0.0472240226878332,0.0375913129011339,0.8831394062523956,0.2916585266976696,0.28763863443299
bxaic__rings-max__gcn__seed123,bxaic,rings-max,gcn,123,atom_occlusion,P20_frozen_cache,machine,0.1,77,297,277,0.0927961727605326,0.0958404809056315,0.0767009328167971,0.7824028583906255,0.3153817441615488,0.30706092063503
bxaic__rings-max__gcn__seed123,bxaic,rings-max,gcn,123,atom_occlusion,P20_frozen_cache,exact_integer,0.1,77,297,277,0.0927961727605326,0.0958404809056315,0.0767009328167971,0.7824028583906255,0.3153817441615488,0.30706092063503
bxaic__rings-max__gcn__seed123,bxaic,rings-max,gcn,123,atom_occlusion,P20_frozen_cache,machine,0.2,63,297,277,0.1914032212655338,0.1941166332747099,0.1675340096827924,0.6425050116896911,0.3461385930799328,0.3260400154037362
bxaic__rings-max__gcn__seed123,bxaic,rings-max,gcn,123,atom_occlusion,P20_frozen_cache,exact_integer,0.2,63,297,277,0.1914032212655338,0.1941166332747099,0.1675340096827924,0.6425050116896911,0.3461385930799328,0.3260400154037362
bxaic__rings-max__gcn__seed123,bxaic,rings-max,gcn,123,saliency,P20_frozen_cache,machine,0.05,92,297,277,0.0424854103311625,0.0456985465381049,0.0442088978733969,0.933100423119931,0.2760344648006489,0.2728408861555343
bxaic__rings-max__gcn__seed123,bxaic,rings-max,gcn,123,saliency,P20_frozen_cache,exact_integer,0.05,92,297,277,0.0424854103311625,0.0456985465381049,0.0442088978733969,0.933100423119931,0.2760344648006489,0.2728408861555343
bxaic__rings-max__gcn__seed123,bxaic,rings-max,gcn,123,saliency,P20_frozen_cache,machine,0.1,85,297,277,0.0902677159304521,0.0933205088300143,0.1022089656995758,0.8615419215079451,0.280457559295134,0.2726413752230454
bxaic__rings-max__gcn__seed123,bxaic,rings-max,gcn,123,saliency,P20_frozen_cache,exact_integer,0.1,85,297,277,0.0902677159304521,0.0933205088300143,0.1022089656995758,0.8615419215079451,0.280457559295134,0.2726413752230454
bxaic__rings-max__gcn__seed123,bxaic,rings-max,gcn,123,saliency,P20_frozen_cache,machine,0.2,73,297,277,0.1934835321374928,0.1961899632377025,0.1979377990257853,0.7431959531128983,0.2888801777453076,0.2725414611738457
bxaic__rings-max__gcn__seed123,bxaic,rings-max,gcn,123,saliency,P20_frozen_cache,exact_integer,0.2,73,297,277,0.1934835321374928,0.1961899632377025,0.1979377990257853,0.7431959531128983,0.2888801777453076,0.2725414611738457
bxaic__rings-max__gcn__seed2026,bxaic,rings-max,gcn,2026,ig,P01_checkpoint_rerun,machine,0.05,91,297,277,0.0417224398728531,0.0449381363833469,0.0377136953094196,0.9234847698070427,0.2798092648213022,0.276407623045804
bxaic__rings-max__gcn__seed2026,bxaic,rings-max,gcn,2026,ig,P01_checkpoint_rerun,exact_integer,0.05,91,297,277,0.0417224398728531,0.0449381363833469,0.0377136953094196,0.9234847698070427,0.2798092648213022,0.276407623045804
bxaic__rings-max__gcn__seed2026,bxaic,rings-max,gcn,2026,ig,P01_checkpoint_rerun,machine,0.1,87,297,277,0.0850409509485351,0.0881112833279024,0.0837812893650214,0.8831394062523956,0.2782224786458661,0.270942767853043
bxaic__rings-max__gcn__seed2026,bxaic,rings-max,gcn,2026,ig,P01_checkpoint_rerun,exact_integer,0.1,87,297,277,0.0850409509485351,0.0881112833279024,0.0837812893650214,0.8831394062523956,0.2782224786458661,0.270942767853043
bxaic__rings-max__gcn__seed2026,bxaic,rings-max,gcn,2026,ig,P01_checkpoint_rerun,machine,0.2,79,297,277,0.1947673211368,0.1974694442202336,0.1812153724403335,0.8031415724851438,0.2728998756899081,0.2569572068227833
bxaic__rings-max__gcn__seed2026,bxaic,rings-max,gcn,2026,ig,P01_checkpoint_rerun,exact_integer,0.2,79,297,277,0.1947673211368,0.1974694442202336,0.1812153724403335,0.8031415724851438,0.2728998756899081,0.2569572068227833
bxaic__rings-max__gcn__seed2026,bxaic,rings-max,gcn,2026,gradinput,P01_checkpoint_rerun,machine,0.05,94,297,277,0.0385038199124616,0.0417303171610775,0.0417963666764611,0.9522828292781328,0.2708448823395943,0.2674756030345646
bxaic__rings-max__gcn__seed2026,bxaic,rings-max,gcn,2026,gradinput,P01_checkpoint_rerun,exact_integer,0.05,94,297,277,0.0385038199124616,0.0417303171610775,0.0417963666764611,0.9522828292781328,0.2708448823395943,0.2674756030345646
bxaic__rings-max__gcn__seed2026,bxaic,rings-max,gcn,2026,gradinput,P01_checkpoint_rerun,machine,0.1,90,297,277,0.0932351576019605,0.0962779926435647,0.0889605242754415,0.9101407650316404,0.2691092508635425,0.2619082784160795
bxaic__rings-max__gcn__seed2026,bxaic,rings-max,gcn,2026,gradinput,P01_checkpoint_rerun,exact_integer,0.1,90,297,277,0.0932351576019605,0.0962779926435647,0.0889605242754415,0.9101407650316404,0.2691092508635425,0.2619082784160795
bxaic__rings-max__gcn__seed2026,bxaic,rings-max,gcn,2026,gradinput,P01_checkpoint_rerun,machine,0.2,81,297,277,0.1911173631624589,0.1938317344270144,0.1864198298585481,0.8221096957600584,0.265075908089694,0.2492427911247469
bxaic__rings-max__gcn__seed2026,bxaic,rings-max,gcn,2026,gradinput,P01_checkpoint_rerun,exact_integer,0.2,81,297,277,0.1911173631624589,0.1938317344270144,0.1864198298585481,0.8221096957600584,0.265075908089694,0.2492427911247469
bxaic__rings-max__gcn__seed2026,bxaic,rings-max,gcn,2026,atom_occlusion,P20_frozen_cache,machine,0.05,88,297,277,0.0427331250614546,0.0459454300109128,0.0399362214390331,0.8925835780059945,0.2889675881232775,0.2852689868940309
bxaic__rings-max__gcn__seed2026,bxaic,rings-max,gcn,2026,atom_occlusion,P20_frozen_cache,exact_integer,0.05,88,297,277,0.0427331250614546,0.0459454300109128,0.0399362214390331,0.8925835780059945,0.2889675881232775,0.2852689868940309
bxaic__rings-max__gcn__seed2026,bxaic,rings-max,gcn,2026,atom_occlusion,P20_frozen_cache,machine,0.1,81,297,277,0.0912595448555933,0.0943090094701718,0.0713413781329335,0.8221096957600584,0.3030819192344294,0.296261339514966
bxaic__rings-max__gcn__seed2026,bxaic,rings-max,gcn,2026,atom_occlusion,P20_frozen_cache,exact_integer,0.1,81,297,277,0.0912595448555933,0.0943090094701718,0.0713413781329335,0.8221096957600584,0.3030819192344294,0.296261339514966
bxaic__rings-max__gcn__seed2026,bxaic,rings-max,gcn,2026,atom_occlusion,P20_frozen_cache,machine,0.2,66,297,277,0.1942846964203618,0.1969884390498237,0.1559487869858945,0.6732538741590821,0.3345983710433101,0.3168299049161683
bxaic__rings-max__gcn__seed2026,bxaic,rings-max,gcn,2026,atom_occlusion,P20_frozen_cache,exact_integer,0.2,66,297,277,0.1942846964203618,0.1969884390498237,0.1559487869858945,0.6732538741590821,0.3345983710433101,0.3168299049161683
bxaic__rings-max__gcn__seed2026,bxaic,rings-max,gcn,2026,saliency,P20_frozen_cache,machine,0.05,94,297,277,0.0458500741323292,0.0490519195211469,0.0528822472490998,0.9522828292781328,0.2681387393200583,0.2641993780932419
bxaic__rings-max__gcn__seed2026,bxaic,rings-max,gcn,2026,saliency,P20_frozen_cache,exact_integer,0.05,94,297,277,0.0458500741323292,0.0490519195211469,0.0528822472490998,0.9522828292781328,0.2681387393200583,0.2641993780932419
bxaic__rings-max__gcn__seed2026,bxaic,rings-max,gcn,2026,saliency,P20_frozen_cache,machine,0.1,90,297,277,0.0901125570547565,0.0931658706216869,0.0943053792758557,0.9101407650316404,0.26846319545034,0.2616694981832106
bxaic__rings-max__gcn__seed2026,bxaic,rings-max,gcn,2026,saliency,P20_frozen_cache,exact_integer,0.1,90,297,277,0.0901125570547565,0.0931658706216869,0.0943053792758557,0.9101407650316404,0.26846319545034,0.2616694981832106
bxaic__rings-max__gcn__seed2026,bxaic,rings-max,gcn,2026,saliency,P20_frozen_cache,machine,0.2,80,297,277,0.1949762006801334,0.197677622825502,0.2151078567795715,0.8103803802045467,0.262442110182767,0.24713774707598
bxaic__rings-max__gcn__seed2026,bxaic,rings-max,gcn,2026,saliency,P20_frozen_cache,exact_integer,0.2,80,297,277,0.1949762006801334,0.197677622825502,0.2151078567795715,0.8103803802045467,0.262442110182767,0.24713774707598
bxaic__rings-max__gcn__seed42,bxaic,rings-max,gcn,42,ig,P01_checkpoint_rerun,machine,0.05,95,297,277,0.0460367240758485,0.0492379431225739,0.0502348858003401,0.9611511715338104,0.2664129484777613,0.2627029201335994
bxaic__rings-max__gcn__seed42,bxaic,rings-max,gcn,42,ig,P01_checkpoint_rerun,exact_integer,0.05,95,297,277,0.0460367240758485,0.0492379431225739,0.0504508214305577,0.9610470337942936,0.2663681510247583,0.2626363082810458
bxaic__rings-max__gcn__seed42,bxaic,rings-max,gcn,42,ig,P01_checkpoint_rerun,machine,0.1,92,297,277,0.0879825602529202,0.0910430214601252,0.0874985845798143,0.933100423119931,0.2637204207080502,0.2573218213892818
bxaic__rings-max__gcn__seed42,bxaic,rings-max,gcn,42,ig,P01_checkpoint_rerun,exact_integer,0.1,92,297,277,0.0879825602529202,0.0910430214601252,0.0874985845798143,0.933100423119931,0.2637204207080502,0.2573218213892818
bxaic__rings-max__gcn__seed42,bxaic,rings-max,gcn,42,ig,P01_checkpoint_rerun,machine,0.2,75,297,277,0.1969835668585652,0.1996782528758183,0.1980430805411497,0.7587833363641833,0.2850041212999806,0.266631382516981
bxaic__rings-max__gcn__seed42,bxaic,rings-max,gcn,42,ig,P01_checkpoint_rerun,exact_integer,0.2,75,297,277,0.1969835668585652,0.1996782528758183,0.1980430805411497,0.7587833363641833,0.2850041212999806,0.266631382516981
bxaic__rings-max__gcn__seed42,bxaic,rings-max,gcn,42,gradinput,P01_checkpoint_rerun,machine,0.05,94,297,277,0.0411137572896918,0.0443314963591894,0.0462868663506219,0.9522828292781328,0.2701421267279569,0.2666433972284622
bxaic__rings-max__gcn__seed42,bxaic,rings-max,gcn,42,gradinput,P01_checkpoint_rerun,exact_integer,0.05,94,297,277,0.0411137572896918,0.0443314963591894,0.0462868663506219,0.9522828292781328,0.2701421267279569,0.2666433972284622
bxaic__rings-max__gcn__seed42,bxaic,rings-max,gcn,42,gradinput,P01_checkpoint_rerun,machine,0.1,90,297,277,0.0961138368568763,0.0991470119009808,0.0947591888279505,0.9101407650316404,0.2677675651987029,0.260318872508283
bxaic__rings-max__gcn__seed42,bxaic,rings-max,gcn,42,gradinput,P01_checkpoint_rerun,exact_integer,0.1,90,297,277,0.0961138368568763,0.0991470119009808,0.0947591888279505,0.9101407650316404,0.2677675651987029,0.260318872508283
bxaic__rings-max__gcn__seed42,bxaic,rings-max,gcn,42,gradinput,P01_checkpoint_rerun,machine,0.2,79,297,277,0.1889737408605097,0.1916953054884946,0.1823665578565831,0.8031415724851438,0.2738162937968594,0.2579440746697802
bxaic__rings-max__gcn__seed42,bxaic,rings-max,gcn,42,gradinput,P01_checkpoint_rerun,exact_integer,0.2,79,297,277,0.1889737408605097,0.1916953054884946,0.1823665578565831,0.8031415724851438,0.2738162937968594,0.2579440746697802
bxaic__rings-max__gcn__seed42,bxaic,rings-max,gcn,42,atom_occlusion,P20_frozen_cache,machine,0.05,86,297,277,0.0455866071867289,0.0487893366928137,0.034665292699312,0.8718650583306669,0.2969464623953577,0.2933072663744553
bxaic__rings-max__gcn__seed42,bxaic,rings-max,gcn,42,atom_occlusion,P20_frozen_cache,exact_integer,0.05,86,297,277,0.0455866071867289,0.0487893366928137,0.034665292699312,0.8718650583306669,0.2969464623953577,0.2933072663744553
bxaic__rings-max__gcn__seed42,bxaic,rings-max,gcn,42,atom_occlusion,P20_frozen_cache,machine,0.1,77,297,277,0.0950461241324159,0.0980828821051259,0.0799261677812091,0.7824028583906255,0.3144729226208186,0.3057347253486653
bxaic__rings-max__gcn__seed42,bxaic,rings-max,gcn,42,atom_occlusion,P20_frozen_cache,exact_integer,0.1,77,297,277,0.0950461241324159,0.0980828821051259,0.0799261677812091,0.7824028583906255,0.3144729226208186,0.3057347253486653
bxaic__rings-max__gcn__seed42,bxaic,rings-max,gcn,42,atom_occlusion,P20_frozen_cache,machine,0.2,61,297,277,0.1951615691475862,0.1978623692511177,0.1640646176939323,0.6232921475008869,0.3570116333060037,0.3365785926462178
bxaic__rings-max__gcn__seed42,bxaic,rings-max,gcn,42,atom_occlusion,P20_frozen_cache,exact_integer,0.2,61,297,277,0.1951615691475862,0.1978623692511177,0.1640646176939323,0.6232921475008869,0.3570116333060037,0.3365785926462178
bxaic__rings-max__gcn__seed42,bxaic,rings-max,gcn,42,saliency,P20_frozen_cache,machine,0.05,95,297,277,0.0451850680445467,0.0483891449974174,0.0526129371112499,0.9611511715338104,0.26720808389224,0.2641127188508828
bxaic__rings-max__gcn__seed42,bxaic,rings-max,gcn,42,saliency,P20_frozen_cache,exact_integer,0.05,95,297,277,0.0455591795297693,0.0487620010749714,0.0526129371112499,0.9610470337942936,0.2672443847538362,0.2641490197124789
bxaic__rings-max__gcn__seed42,bxaic,rings-max,gcn,42,saliency,P20_frozen_cache,machine,0.1,91,297,277,0.0949861023424431,0.0980230617305558,0.1028463037671248,0.9234847698070427,0.2648879059358017,0.2589088643645602
bxaic__rings-max__gcn__seed42,bxaic,rings-max,gcn,42,saliency,P20_frozen_cache,exact_integer,0.1,91,297,277,0.0949861023424431,0.0980230617305558,0.1028463037671248,0.9234847698070427,0.2648879059358017,0.2589088643645602
bxaic__rings-max__gcn__seed42,bxaic,rings-max,gcn,42,saliency,P20_frozen_cache,machine,0.2,82,297,277,0.1913989469820601,0.1941123733344693,0.1981820218782507,0.832134641666069,0.2638212284203945,0.251255278072693
bxaic__rings-max__gcn__seed42,bxaic,rings-max,gcn,42,saliency,P20_frozen_cache,exact_integer,0.2,82,297,277,0.1913989469820601,0.1941123733344693,0.1981820218782507,0.8321105742773807,0.2638316431047208,0.2512646054223901
bxaic__rings-max__gin__seed123,bxaic,rings-max,gin,123,ig,P01_checkpoint_rerun,machine,0.05,96,297,277,0.0453864755226665,0.0485898766115166,0.0451529640086547,0.972684011786404,0.2653111043016897,0.2624561592030328
bxaic__rings-max__gin__seed123,bxaic,rings-max,gin,123,ig,P01_checkpoint_rerun,exact_integer,0.05,96,297,277,0.0453864755226665,0.0485898766115166,0.0451529640086547,0.972684011786404,0.2653111043016897,0.2624561592030328
bxaic__rings-max__gin__seed123,bxaic,rings-max,gin,123,ig,P01_checkpoint_rerun,machine,0.1,93,297,277,0.0940670364344168,0.0971070799363147,0.0976589238473057,0.9416332553306374,0.258762203436264,0.2517864121655203
bxaic__rings-max__gin__seed123,bxaic,rings-max,gin,123,ig,P01_checkpoint_rerun,exact_integer,0.1,93,297,277,0.0940670364344168,0.0971070799363147,0.0976589238473057,0.9416332553306374,0.258762203436264,0.2517864121655203
bxaic__rings-max__gin__seed123,bxaic,rings-max,gin,123,ig,P01_checkpoint_rerun,machine,0.2,81,297,277,0.1950505431437355,0.1977517158177498,0.1980217375125353,0.8221096957600584,0.2627943407722141,0.2467410249021258
bxaic__rings-max__gin__seed123,bxaic,rings-max,gin,123,ig,P01_checkpoint_rerun,exact_integer,0.2,81,297,277,0.1950505431437355,0.1977517158177498,0.1980217375125353,0.8221096957600584,0.2627943407722141,0.2467410249021258
bxaic__rings-max__gin__seed123,bxaic,rings-max,gin,123,gradinput,P01_checkpoint_rerun,machine,0.05,95,297,277,0.0463233954223568,0.0495236524846979,0.0506642639528285,0.9611511715338104,0.2659329817188579,0.2620338552039697
bxaic__rings-max__gin__seed123,bxaic,rings-max,gin,123,gradinput,P01_checkpoint_rerun,exact_integer,0.05,95,297,277,0.0463233954223568,0.0495236524846979,0.0507807190593849,0.9610470337942936,0.2659372217236379,0.2620303047997149
bxaic__rings-max__gin__seed123,bxaic,rings-max,gin,123,gradinput,P01_checkpoint_rerun,machine,0.1,91,297,277,0.0883507736978436,0.0914099992894616,0.0971703556572488,0.9234847698070427,0.2629437681963417,0.2558072003850143
bxaic__rings-max__gin__seed123,bxaic,rings-max,gin,123,gradinput,P01_checkpoint_rerun,exact_integer,0.1,91,297,277,0.0883507736978436,0.0914099992894616,0.0971703556572488,0.9234847698070427,0.2629437681963417,0.2558072003850143
bxaic__rings-max__gin__seed123,bxaic,rings-max,gin,123,gradinput,P01_checkpoint_rerun,machine,0.2,79,297,277,0.1937090027392407,0.1964146772266929,0.21277677626085,0.8031415724851438,0.2638894983929084,0.2478147140882713
bxaic__rings-max__gin__seed123,bxaic,rings-max,gin,123,gradinput,P01_checkpoint_rerun,exact_integer,0.2,79,297,277,0.1937090027392407,0.1964146772266929,0.21277677626085,0.8031415724851438,0.2638894983929084,0.2478147140882713
bxaic__rings-max__gin__seed123,bxaic,rings-max,gin,123,atom_occlusion,P20_frozen_cache,machine,0.05,86,297,277,0.0444082719483135,0.0476149555994936,0.0460176091711163,0.8718650583306669,0.2944358226199681,0.2903368174105545
bxaic__rings-max__gin__seed123,bxaic,rings-max,gin,123,atom_occlusion,P20_frozen_cache,exact_integer,0.05,86,297,277,0.0444082719483135,0.0476149555994936,0.0460176091711163,0.8718650583306669,0.2944358226199681,0.2903368174105545
bxaic__rings-max__gin__seed123,bxaic,rings-max,gin,123,atom_occlusion,P20_frozen_cache,machine,0.1,74,297,277,0.0937850249576532,0.0968260148067886,0.089833425501603,0.7529948994520317,0.3254572059470787,0.3160996861776153
bxaic__rings-max__gin__seed123,bxaic,rings-max,gin,123,atom_occlusion,P20_frozen_cache,exact_integer,0.1,74,297,277,0.0937850249576532,0.0968260148067886,0.089833425501603,0.7529948994520317,0.3254572059470787,0.3160996861776153
bxaic__rings-max__gin__seed123,bxaic,rings-max,gin,123,atom_occlusion,P20_frozen_cache,machine,0.2,56,297,277,0.1945751950939195,0.1972779628956177,0.1998419005409903,0.5725357786729879,0.374692686206298,0.3438247537593142
bxaic__rings-max__gin__seed123,bxaic,rings-max,gin,123,atom_occlusion,P20_frozen_cache,exact_integer,0.2,56,297,277,0.1954303070601425,0.1981302053585984,0.1998419005409903,0.5718498580953707,0.3751347578488965,0.3441883617116554
bxaic__rings-max__gin__seed123,bxaic,rings-max,gin,123,saliency,P20_frozen_cache,machine,0.05,82,297,277,0.0450848051144592,0.0482892185201154,0.0477717515882785,0.832134641666069,0.307348901639336,0.3026760669432065
bxaic__rings-max__gin__seed123,bxaic,rings-max,gin,123,saliency,P20_frozen_cache,exact_integer,0.05,82,297,277,0.0450848051144592,0.0482892185201154,0.0477717515882785,0.8321105742773807,0.3073609732052595,0.3026881385091301
bxaic__rings-max__gin__seed123,bxaic,rings-max,gin,123,saliency,P20_frozen_cache,machine,0.1,75,297,277,0.0926408159078712,0.0956856453846904,0.097604490278025,0.7587833363641833,0.3196649749799715,0.3098137683911686
bxaic__rings-max__gin__seed123,bxaic,rings-max,gin,123,saliency,P20_frozen_cache,exact_integer,0.1,75,297,277,0.0926408159078712,0.0956856453846904,0.097604490278025,0.7587833363641833,0.3196649749799715,0.3098137683911686
bxaic__rings-max__gin__seed123,bxaic,rings-max,gin,123,saliency,P20_frozen_cache,machine,0.2,63,297,277,0.1964561672580292,0.1991526230725996,0.1919163027816937,0.6425050116896911,0.337868627905436,0.3153020165586085
bxaic__rings-max__gin__seed123,bxaic,rings-max,gin,123,saliency,P20_frozen_cache,exact_integer,0.2,63,297,277,0.1964561672580292,0.1991526230725996,0.1919163027816937,0.6425050116896911,0.337868627905436,0.3153020165586085
bxaic__rings-max__gin__seed2026,bxaic,rings-max,gin,2026,ig,P01_checkpoint_rerun,machine,0.05,95,297,277,0.0393377000606932,0.0425613990537781,0.0357791324376755,0.9611511715338104,0.2699878435753073,0.2671090880696289
bxaic__rings-max__gin__seed2026,bxaic,rings-max,gin,2026,ig,P01_checkpoint_rerun,exact_integer,0.05,95,297,277,0.0399098705675042,0.0431316495253314,0.0361115231744495,0.9610470337942936,0.2699141325236069,0.2670012827665043
bxaic__rings-max__gin__seed2026,bxaic,rings-max,gin,2026,ig,P01_checkpoint_rerun,machine,0.1,91,297,277,0.0921505284572623,0.0951970031939829,0.0885167967924273,0.9234847698070427,0.2658443098954486,0.2592408555449087
bxaic__rings-max__gin__seed2026,bxaic,rings-max,gin,2026,ig,P01_checkpoint_rerun,exact_integer,0.1,91,297,277,0.0921505284572623,0.0951970031939829,0.0885167967924273,0.9234847698070427,0.2658443098954486,0.2592408555449087
bxaic__rings-max__gin__seed2026,bxaic,rings-max,gin,2026,ig,P01_checkpoint_rerun,machine,0.2,83,297,277,0.1888381956915976,0.1915602151691426,0.1888401641330677,0.8434071213985642,0.2586423362373919,0.2443339884141044
bxaic__rings-max__gin__seed2026,bxaic,rings-max,gin,2026,ig,P01_checkpoint_rerun,exact_integer,0.2,83,297,277,0.1888381956915976,0.1915602151691426,0.1888401641330677,0.8434071213985642,0.2586423362373919,0.2443339884141044
bxaic__rings-max__gin__seed2026,bxaic,rings-max,gin,2026,gradinput,P01_checkpoint_rerun,machine,0.05,96,297,277,0.0430025078679155,0.0462139088482245,0.0358188390547792,0.972684011786404,0.2672739649482167,0.264829731471355
bxaic__rings-max__gin__seed2026,bxaic,rings-max,gin,2026,gradinput,P01_checkpoint_rerun,exact_integer,0.05,96,297,277,0.0430025078679155,0.0462139088482245,0.0358188390547792,0.972684011786404,0.2672739649482167,0.264829731471355
bxaic__rings-max__gin__seed2026,bxaic,rings-max,gin,2026,gradinput,P01_checkpoint_rerun,machine,0.1,92,297,277,0.0936456707790747,0.0966871282596818,0.0883316423615616,0.933100423119931,0.2640773686291315,0.2579304585890513
bxaic__rings-max__gin__seed2026,bxaic,rings-max,gin,2026,gradinput,P01_checkpoint_rerun,exact_integer,0.1,92,297,277,0.0936456707790747,0.0966871282596818,0.0883316423615616,0.933100423119931,0.2640773686291315,0.2579304585890513
bxaic__rings-max__gin__seed2026,bxaic,rings-max,gin,2026,gradinput,P01_checkpoint_rerun,machine,0.2,84,297,277,0.1884191041117936,0.1911425299369218,0.1751916771914879,0.8519921301052327,0.2613543829190848,0.2483091956602194
bxaic__rings-max__gin__seed2026,bxaic,rings-max,gin,2026,gradinput,P01_checkpoint_rerun,exact_integer,0.2,84,297,277,0.1884191041117936,0.1911425299369218,0.1751916771914879,0.8519921301052327,0.2613543829190848,0.2483091956602194
bxaic__rings-max__gin__seed2026,bxaic,rings-max,gin,2026,atom_occlusion,P20_frozen_cache,machine,0.05,93,297,277,0.0434773859437842,0.0466871933735031,0.0354250257630973,0.9416332553306374,0.2757212078046149,0.2729470458460388
bxaic__rings-max__gin__seed2026,bxaic,rings-max,gin,2026,atom_occlusion,P20_frozen_cache,exact_integer,0.05,93,297,277,0.0434773859437842,0.0466871933735031,0.0354250257630973,0.9416332553306374,0.2757212078046149,0.2729470458460388
bxaic__rings-max__gin__seed2026,bxaic,rings-max,gin,2026,atom_occlusion,P20_frozen_cache,machine,0.1,85,297,277,0.0947318212315204,0.0977696339119516,0.0839681602187992,0.8615419215079451,0.28567744898902,0.2787015016578753
bxaic__rings-max__gin__seed2026,bxaic,rings-max,gin,2026,atom_occlusion,P20_frozen_cache,exact_integer,0.1,85,297,277,0.0947318212315204,0.0977696339119516,0.0839681602187992,0.8615419215079451,0.28567744898902,0.2787015016578753
bxaic__rings-max__gin__seed2026,bxaic,rings-max,gin,2026,atom_occlusion,P20_frozen_cache,machine,0.2,70,297,277,0.1943348846872572,0.1970384588997161,0.1671794447868888,0.7136702784746064,0.3142081402537638,0.2977546335660852
bxaic__rings-max__gin__seed2026,bxaic,rings-max,gin,2026,atom_occlusion,P20_frozen_cache,exact_integer,0.2,70,297,277,0.1972208875732601,0.199914777212276,0.1687839373661106,0.7109087585064074,0.3148646916462734,0.2981965640040833
bxaic__rings-max__gin__seed2026,bxaic,rings-max,gin,2026,saliency,P20_frozen_cache,machine,0.05,83,297,277,0.0427775620359499,0.045989717868044,0.0383540897190636,0.8434071213985642,0.3071967802933495,0.3036454074359003
bxaic__rings-max__gin__seed2026,bxaic,rings-max,gin,2026,saliency,P20_frozen_cache,exact_integer,0.05,83,297,277,0.0427775620359499,0.045989717868044,0.0383540897190636,0.8434071213985642,0.3071967802933495,0.3036454074359003
bxaic__rings-max__gin__seed2026,bxaic,rings-max,gin,2026,saliency,P20_frozen_cache,machine,0.1,73,297,277,0.0956946116207444,0.0987291934609433,0.0967280630224076,0.7431959531128983,0.3268234432088546,0.3163422673705787
bxaic__rings-max__gin__seed2026,bxaic,rings-max,gin,2026,saliency,P20_frozen_cache,exact_integer,0.1,73,297,277,0.0956946116207444,0.0987291934609433,0.0967280630224076,0.7431959531128983,0.3268234432088546,0.3163422673705787
bxaic__rings-max__gin__seed2026,bxaic,rings-max,gin,2026,saliency,P20_frozen_cache,machine,0.2,61,297,277,0.1897982368941494,0.1925170347569207,0.1976142191148774,0.6232921475008869,0.3472218459291334,0.3228701622021473
bxaic__rings-max__gin__seed2026,bxaic,rings-max,gin,2026,saliency,P20_frozen_cache,exact_integer,0.2,61,297,277,0.1897982368941494,0.1925170347569207,0.1976142191148774,0.6232921475008869,0.3472218459291334,0.3228701622021473
bxaic__rings-max__gin__seed42,bxaic,rings-max,gin,42,ig,P01_checkpoint_rerun,machine,0.05,96,297,277,0.0445938755900401,0.0477999364102078,0.0486210577239634,0.972684011786404,0.2636590471589407,0.260214632730134
bxaic__rings-max__gin__seed42,bxaic,rings-max,gin,42,ig,P01_checkpoint_rerun,exact_integer,0.05,96,297,277,0.0445938755900401,0.0477999364102078,0.0486210577239634,0.972684011786404,0.2636590471589407,0.260214632730134
bxaic__rings-max__gin__seed42,bxaic,rings-max,gin,42,ig,P01_checkpoint_rerun,machine,0.1,93,297,277,0.0966065040341462,0.0996380258326894,0.0999492544118745,0.9416332553306374,0.257336585730429,0.2500505049036156
bxaic__rings-max__gin__seed42,bxaic,rings-max,gin,42,ig,P01_checkpoint_rerun,exact_integer,0.1,93,297,277,0.0966065040341462,0.0996380258326894,0.0999492544118745,0.9416332553306374,0.257336585730429,0.2500505049036156
bxaic__rings-max__gin__seed42,bxaic,rings-max,gin,42,ig,P01_checkpoint_rerun,machine,0.2,87,297,277,0.1919087046693842,0.1946204204255273,0.1954754427088589,0.8831394062523956,0.2454380419101887,0.2321425918147258
bxaic__rings-max__gin__seed42,bxaic,rings-max,gin,42,ig,P01_checkpoint_rerun,exact_integer,0.2,87,297,277,0.1919087046693842,0.1946204204255273,0.1954754427088589,0.8831394062523956,0.2454380419101887,0.2321425918147258
bxaic__rings-max__gin__seed42,bxaic,rings-max,gin,42,gradinput,P01_checkpoint_rerun,machine,0.05,97,297,277,0.0319883238904354,0.0352366852196621,0.0287985221182812,0.984482217539322,0.2666648031031413,0.2648968616238629
bxaic__rings-max__gin__seed42,bxaic,rings-max,gin,42,gradinput,P01_checkpoint_rerun,exact_integer,0.05,97,297,277,0.0319883238904354,0.0352366852196621,0.0287985221182812,0.984482217539322,0.2666648031031413,0.2648968616238629
bxaic__rings-max__gin__seed42,bxaic,rings-max,gin,42,gradinput,P01_checkpoint_rerun,machine,0.1,94,297,277,0.093049210931573,0.0960926699552925,0.0824161707487336,0.9522828292781328,0.2609995382102179,0.2554669819741191
bxaic__rings-max__gin__seed42,bxaic,rings-max,gin,42,gradinput,P01_checkpoint_rerun,exact_integer,0.1,94,297,277,0.093049210931573,0.0960926699552925,0.0824161707487336,0.9522828292781328,0.2609995382102179,0.2554669819741191
bxaic__rings-max__gin__seed42,bxaic,rings-max,gin,42,gradinput,P01_checkpoint_rerun,machine,0.2,87,297,277,0.1970214722648911,0.1997160310827942,0.1795005280483487,0.8831394062523956,0.2524964869122958,0.2409219931333759
bxaic__rings-max__gin__seed42,bxaic,rings-max,gin,42,gradinput,P01_checkpoint_rerun,exact_integer,0.2,87,297,277,0.1970214722648911,0.1997160310827942,0.1795005280483487,0.8831394062523956,0.2524964869122958,0.2409219931333759
bxaic__rings-max__gin__seed42,bxaic,rings-max,gin,42,atom_occlusion,P20_frozen_cache,machine,0.05,88,297,277,0.0451800520914576,0.0483841458763856,0.0322349371202717,0.8925835780059945,0.2912726330985826,0.2880451323649162
bxaic__rings-max__gin__seed42,bxaic,rings-max,gin,42,atom_occlusion,P20_frozen_cache,exact_integer,0.05,88,297,277,0.0451800520914576,0.0483841458763856,0.0322349371202717,0.8925835780059945,0.2912726330985826,0.2880451323649162
bxaic__rings-max__gin__seed42,bxaic,rings-max,gin,42,atom_occlusion,P20_frozen_cache,machine,0.1,79,297,277,0.0926394206731262,0.0956842548319412,0.0809388624779209,0.8031415724851438,0.3059075755121927,0.297059183885563
bxaic__rings-max__gin__seed42,bxaic,rings-max,gin,42,atom_occlusion,P20_frozen_cache,exact_integer,0.1,79,297,277,0.0926394206731262,0.0956842548319412,0.0809388624779209,0.8031415724851438,0.3059075755121927,0.297059183885563
bxaic__rings-max__gin__seed42,bxaic,rings-max,gin,42,atom_occlusion,P20_frozen_cache,machine,0.2,65,297,277,0.1960664807534013,0.198764244240806,0.186806887671021,0.6619593598266713,0.3267775299887656,0.303842023723148
bxaic__rings-max__gin__seed42,bxaic,rings-max,gin,42,atom_occlusion,P20_frozen_cache,exact_integer,0.2,65,297,277,0.1960664807534013,0.198764244240806,0.186806887671021,0.6619593598266713,0.3267775299887656,0.303842023723148
bxaic__rings-max__gin__seed42,bxaic,rings-max,gin,42,saliency,P20_frozen_cache,machine,0.05,85,297,277,0.0412719193469339,0.0444891276712731,0.0442519154411706,0.8615419215079451,0.2985055516786801,0.294522522968242
bxaic__rings-max__gin__seed42,bxaic,rings-max,gin,42,saliency,P20_frozen_cache,exact_integer,0.05,85,297,277,0.0412719193469339,0.0444891276712731,0.0442519154411706,0.8615419215079451,0.2985055516786801,0.294522522968242
bxaic__rings-max__gin__seed42,bxaic,rings-max,gin,42,saliency,P20_frozen_cache,machine,0.1,76,297,277,0.0909041705285058,0.0939548276743833,0.0979859937762553,0.7722412088975923,0.3139736540374317,0.3039086772486506
bxaic__rings-max__gin__seed42,bxaic,rings-max,gin,42,saliency,P20_frozen_cache,exact_integer,0.1,76,297,277,0.0909041705285058,0.0939548276743833,0.0979859937762553,0.7722412088975923,0.3139736540374317,0.3039086772486506
bxaic__rings-max__gin__seed42,bxaic,rings-max,gin,42,saliency,P20_frozen_cache,machine,0.2,62,297,277,0.1957671634843555,0.1984659313921262,0.1989877118880859,0.6327239763446235,0.3395614493232756,0.3153914816497795
bxaic__rings-max__gin__seed42,bxaic,rings-max,gin,42,saliency,P20_frozen_cache,exact_integer,0.2,62,297,277,0.1957671634843555,0.1984659313921262,0.1989877118880859,0.6327239763446235,0.3395614493232756,0.3153914816497795
bxaic__X__gcn__seed123,bxaic,X,gcn,123,ig,P01_checkpoint_rerun,machine,0.05,7,2764,2822,0.0443305940321135,0.0446762249203478,0.0471796148178146,0.0880659152983928,0.6167122391701807,0.5695326243523681
bxaic__X__gcn__seed123,bxaic,X,gcn,123,ig,P01_checkpoint_rerun,exact_integer,0.05,7,2764,2822,0.0443305940321135,0.0446762249203478,0.0471796148178146,0.0880659152983928,0.6167122391701807,0.5695326243523681
bxaic__X__gcn__seed123,bxaic,X,gcn,123,ig,P01_checkpoint_rerun,machine,0.1,5,2764,2822,0.0917232329497165,0.0920517236430439,0.0921681122248098,0.0681479369393903,0.7275108622380058,0.6353427500131997
bxaic__X__gcn__seed123,bxaic,X,gcn,123,ig,P01_checkpoint_rerun,exact_integer,0.1,5,2764,2822,0.0917232329497165,0.0920517236430439,0.0921681122248098,0.0681479369393903,0.7275108622380058,0.6353427500131997
bxaic__X__gcn__seed123,bxaic,X,gcn,123,ig,P01_checkpoint_rerun,machine,0.2,3,2764,2822,0.1945360416235962,0.1948273486609837,0.1982543619857586,0.0432521799187035,0.92427651783605,0.7260221558502902
bxaic__X__gcn__seed123,bxaic,X,gcn,123,ig,P01_checkpoint_rerun,exact_integer,0.2,3,2764,2822,0.1945360416235962,0.1948273486609837,0.1982543619857586,0.0432521799187035,0.92427651783605,0.7260221558502902
bxaic__X__gcn__seed123,bxaic,X,gcn,123,gradinput,P01_checkpoint_rerun,machine,0.05,7,2764,2822,0.0443305940321135,0.0446762249203478,0.0471796148178146,0.0880659152983928,0.6167122391701807,0.5695326243523681
bxaic__X__gcn__seed123,bxaic,X,gcn,123,gradinput,P01_checkpoint_rerun,exact_integer,0.05,7,2764,2822,0.0443305940321135,0.0446762249203478,0.0471796148178146,0.0880659152983928,0.6167122391701807,0.5695326243523681
bxaic__X__gcn__seed123,bxaic,X,gcn,123,gradinput,P01_checkpoint_rerun,machine,0.1,5,2764,2822,0.0917232329497165,0.0920517236430439,0.0921681122248098,0.0681479369393903,0.7275108622380058,0.6353427500131997
bxaic__X__gcn__seed123,bxaic,X,gcn,123,gradinput,P01_checkpoint_rerun,exact_integer,0.1,5,2764,2822,0.0917232329497165,0.0920517236430439,0.0921681122248098,0.0681479369393903,0.7275108622380058,0.6353427500131997
bxaic__X__gcn__seed123,bxaic,X,gcn,123,gradinput,P01_checkpoint_rerun,machine,0.2,3,2764,2822,0.1945360416235962,0.1948273486609837,0.1982543619857586,0.0432521799187035,0.92427651783605,0.7260221558502902
bxaic__X__gcn__seed123,bxaic,X,gcn,123,gradinput,P01_checkpoint_rerun,exact_integer,0.2,3,2764,2822,0.1945360416235962,0.1948273486609837,0.1982543619857586,0.0432521799187035,0.92427651783605,0.7260221558502902
bxaic__X__gcn__seed123,bxaic,X,gcn,123,atom_occlusion,P20_frozen_cache,machine,0.05,7,2764,2822,0.0443305940321135,0.0446762249203478,0.0471796148178146,0.0880659152983928,0.6167122391701807,0.5695326243523681
bxaic__X__gcn__seed123,bxaic,X,gcn,123,atom_occlusion,P20_frozen_cache,exact_integer,0.05,7,2764,2822,0.0443305940321135,0.0446762249203478,0.0471796148178146,0.0880659152983928,0.6167122391701807,0.5695326243523681
bxaic__X__gcn__seed123,bxaic,X,gcn,123,atom_occlusion,P20_frozen_cache,machine,0.1,5,2764,2822,0.0917232329497165,0.0920517236430439,0.0921681122248098,0.0681479369393903,0.7275108622380058,0.6353427500131997
bxaic__X__gcn__seed123,bxaic,X,gcn,123,atom_occlusion,P20_frozen_cache,exact_integer,0.1,5,2764,2822,0.0917232329497165,0.0920517236430439,0.0921681122248098,0.0681479369393903,0.7275108622380058,0.6353427500131997
bxaic__X__gcn__seed123,bxaic,X,gcn,123,atom_occlusion,P20_frozen_cache,machine,0.2,3,2764,2822,0.1945360416235962,0.1948273486609837,0.1982543619857586,0.0432521799187035,0.92427651783605,0.7260221558502902
bxaic__X__gcn__seed123,bxaic,X,gcn,123,atom_occlusion,P20_frozen_cache,exact_integer,0.2,3,2764,2822,0.1945360416235962,0.1948273486609837,0.1982543619857586,0.0432521799187035,0.92427651783605,0.7260221558502902
bxaic__X__gcn__seed123,bxaic,X,gcn,123,saliency,P20_frozen_cache,machine,0.05,21,2764,2822,0.0418761341970459,0.0422226527741898,0.0396044964170407,0.2282375905422301,0.2415445044522819,0.2365518816132735
bxaic__X__gcn__seed123,bxaic,X,gcn,123,saliency,P20_frozen_cache,exact_integer,0.05,21,2764,2822,0.0418761341970459,0.0422226527741898,0.0396044964170407,0.2282375905422301,0.2415445044522819,0.2365518816132735
bxaic__X__gcn__seed123,bxaic,X,gcn,123,saliency,P20_frozen_cache,machine,0.1,16,2764,2822,0.0858661819768911,0.086196790952668,0.0868035165873578,0.1763927049093881,0.2814198429456445,0.2720128097079942
bxaic__X__gcn__seed123,bxaic,X,gcn,123,saliency,P20_frozen_cache,exact_integer,0.1,16,2764,2822,0.0858661819768911,0.086196790952668,0.0868035165873578,0.1763927049093881,0.2814198429456445,0.2720128097079942
bxaic__X__gcn__seed123,bxaic,X,gcn,123,saliency,P20_frozen_cache,machine,0.2,11,2764,2822,0.185248977786966,0.1855436436177845,0.1825748371637809,0.1269292735646751,0.317718875708263,0.2994408744749102
bxaic__X__gcn__seed123,bxaic,X,gcn,123,saliency,P20_frozen_cache,exact_integer,0.2,11,2764,2822,0.185248977786966,0.1855436436177845,0.1825748371637809,0.1269292735646751,0.317718875708263,0.2994408744749102
bxaic__X__gcn__seed2026,bxaic,X,gcn,2026,ig,P01_checkpoint_rerun,machine,0.05,7,2764,2822,0.0443305940321135,0.0446762249203478,0.0471796148178146,0.0880659152983928,0.6167122391701807,0.5695326243523681
bxaic__X__gcn__seed2026,bxaic,X,gcn,2026,ig,P01_checkpoint_rerun,exact_integer,0.05,7,2764,2822,0.0443305940321135,0.0446762249203478,0.0471796148178146,0.0880659152983928,0.6167122391701807,0.5695326243523681
bxaic__X__gcn__seed2026,bxaic,X,gcn,2026,ig,P01_checkpoint_rerun,machine,0.1,5,2764,2822,0.0917232329497165,0.0920517236430439,0.0921681122248098,0.0681479369393903,0.7275108622380058,0.6353427500131997
bxaic__X__gcn__seed2026,bxaic,X,gcn,2026,ig,P01_checkpoint_rerun,exact_integer,0.1,5,2764,2822,0.0917232329497165,0.0920517236430439,0.0921681122248098,0.0681479369393903,0.7275108622380058,0.6353427500131997
bxaic__X__gcn__seed2026,bxaic,X,gcn,2026,ig,P01_checkpoint_rerun,machine,0.2,3,2764,2822,0.1945360416235962,0.1948273486609837,0.1982543619857586,0.0432521799187035,0.92427651783605,0.7260221558502902
bxaic__X__gcn__seed2026,bxaic,X,gcn,2026,ig,P01_checkpoint_rerun,exact_integer,0.2,3,2764,2822,0.1945360416235962,0.1948273486609837,0.1982543619857586,0.0432521799187035,0.92427651783605,0.7260221558502902
bxaic__X__gcn__seed2026,bxaic,X,gcn,2026,gradinput,P01_checkpoint_rerun,machine,0.05,7,2764,2822,0.0443305940321135,0.0446762249203478,0.0471796148178146,0.0880659152983928,0.6167122391701807,0.5695326243523681
bxaic__X__gcn__seed2026,bxaic,X,gcn,2026,gradinput,P01_checkpoint_rerun,exact_integer,0.05,7,2764,2822,0.0443305940321135,0.0446762249203478,0.0471796148178146,0.0880659152983928,0.6167122391701807,0.5695326243523681
bxaic__X__gcn__seed2026,bxaic,X,gcn,2026,gradinput,P01_checkpoint_rerun,machine,0.1,5,2764,2822,0.0917232329497165,0.0920517236430439,0.0921681122248098,0.0681479369393903,0.7275108622380058,0.6353427500131997
bxaic__X__gcn__seed2026,bxaic,X,gcn,2026,gradinput,P01_checkpoint_rerun,exact_integer,0.1,5,2764,2822,0.0917232329497165,0.0920517236430439,0.0921681122248098,0.0681479369393903,0.7275108622380058,0.6353427500131997
bxaic__X__gcn__seed2026,bxaic,X,gcn,2026,gradinput,P01_checkpoint_rerun,machine,0.2,3,2764,2822,0.1945360416235962,0.1948273486609837,0.1982543619857586,0.0432521799187035,0.92427651783605,0.7260221558502902
bxaic__X__gcn__seed2026,bxaic,X,gcn,2026,gradinput,P01_checkpoint_rerun,exact_integer,0.2,3,2764,2822,0.1945360416235962,0.1948273486609837,0.1982543619857586,0.0432521799187035,0.92427651783605,0.7260221558502902
bxaic__X__gcn__seed2026,bxaic,X,gcn,2026,atom_occlusion,P20_frozen_cache,machine,0.05,7,2764,2822,0.0443305940321135,0.0446762249203478,0.0471796148178146,0.0880659152983928,0.6167122391701807,0.5695326243523681
bxaic__X__gcn__seed2026,bxaic,X,gcn,2026,atom_occlusion,P20_frozen_cache,exact_integer,0.05,7,2764,2822,0.0443305940321135,0.0446762249203478,0.0471796148178146,0.0880659152983928,0.6167122391701807,0.5695326243523681
bxaic__X__gcn__seed2026,bxaic,X,gcn,2026,atom_occlusion,P20_frozen_cache,machine,0.1,5,2764,2822,0.0917232329497165,0.0920517236430439,0.0921681122248098,0.0681479369393903,0.7275108622380058,0.6353427500131997
bxaic__X__gcn__seed2026,bxaic,X,gcn,2026,atom_occlusion,P20_frozen_cache,exact_integer,0.1,5,2764,2822,0.0917232329497165,0.0920517236430439,0.0921681122248098,0.0681479369393903,0.7275108622380058,0.6353427500131997
bxaic__X__gcn__seed2026,bxaic,X,gcn,2026,atom_occlusion,P20_frozen_cache,machine,0.2,3,2764,2822,0.1945360416235962,0.1948273486609837,0.1982543619857586,0.0432521799187035,0.92427651783605,0.7260221558502902
bxaic__X__gcn__seed2026,bxaic,X,gcn,2026,atom_occlusion,P20_frozen_cache,exact_integer,0.2,3,2764,2822,0.1945360416235962,0.1948273486609837,0.1982543619857586,0.0432521799187035,0.92427651783605,0.7260221558502902
bxaic__X__gcn__seed2026,bxaic,X,gcn,2026,saliency,P20_frozen_cache,machine,0.05,22,2764,2822,0.0434279741805067,0.0437739315135336,0.0437631478294128,0.2380654051923716,0.2301848132637327,0.2256193186158498
bxaic__X__gcn__seed2026,bxaic,X,gcn,2026,saliency,P20_frozen_cache,exact_integer,0.05,22,2764,2822,0.0434279741805067,0.0437739315135336,0.0437631478294128,0.2380654051923716,0.2301848132637327,0.2256193186158498
bxaic__X__gcn__seed2026,bxaic,X,gcn,2026,saliency,P20_frozen_cache,machine,0.1,17,2764,2822,0.0911799669216456,0.0915086540945492,0.0902416388242044,0.1875275203171704,0.2644504833230063,0.2558375748518403
bxaic__X__gcn__seed2026,bxaic,X,gcn,2026,saliency,P20_frozen_cache,exact_integer,0.1,17,2764,2822,0.0911799669216456,0.0915086540945492,0.0902416388242044,0.1875275203171704,0.2644504833230063,0.2558375748518403
bxaic__X__gcn__seed2026,bxaic,X,gcn,2026,saliency,P20_frozen_cache,machine,0.2,12,2764,2822,0.1846656559391725,0.1849605327363012,0.1808587290337821,0.1362871195666886,0.3008533723670228,0.2848202303771119
bxaic__X__gcn__seed2026,bxaic,X,gcn,2026,saliency,P20_frozen_cache,exact_integer,0.2,12,2764,2822,0.1846656559391725,0.1849605327363012,0.1808587290337821,0.1362871195666886,0.3008533723670228,0.2848202303771119
bxaic__X__gcn__seed42,bxaic,X,gcn,42,ig,P01_checkpoint_rerun,machine,0.05,7,2764,2822,0.0443305940321135,0.0446762249203478,0.0471796148178146,0.0880659152983928,0.6167122391701807,0.5695326243523681
bxaic__X__gcn__seed42,bxaic,X,gcn,42,ig,P01_checkpoint_rerun,exact_integer,0.05,7,2764,2822,0.0443305940321135,0.0446762249203478,0.0471796148178146,0.0880659152983928,0.6167122391701807,0.5695326243523681
bxaic__X__gcn__seed42,bxaic,X,gcn,42,ig,P01_checkpoint_rerun,machine,0.1,5,2764,2822,0.0917232329497165,0.0920517236430439,0.0921681122248098,0.0681479369393903,0.7275108622380058,0.6353427500131997
bxaic__X__gcn__seed42,bxaic,X,gcn,42,ig,P01_checkpoint_rerun,exact_integer,0.1,5,2764,2822,0.0917232329497165,0.0920517236430439,0.0921681122248098,0.0681479369393903,0.7275108622380058,0.6353427500131997
bxaic__X__gcn__seed42,bxaic,X,gcn,42,ig,P01_checkpoint_rerun,machine,0.2,3,2764,2822,0.1945360416235962,0.1948273486609837,0.1982543619857586,0.0432521799187035,0.92427651783605,0.7260221558502902
bxaic__X__gcn__seed42,bxaic,X,gcn,42,ig,P01_checkpoint_rerun,exact_integer,0.2,3,2764,2822,0.1945360416235962,0.1948273486609837,0.1982543619857586,0.0432521799187035,0.92427651783605,0.7260221558502902
bxaic__X__gcn__seed42,bxaic,X,gcn,42,gradinput,P01_checkpoint_rerun,machine,0.05,7,2764,2822,0.0443305940321135,0.0446762249203478,0.0471796148178146,0.0880659152983928,0.6167122391701807,0.5695326243523681
bxaic__X__gcn__seed42,bxaic,X,gcn,42,gradinput,P01_checkpoint_rerun,exact_integer,0.05,7,2764,2822,0.0443305940321135,0.0446762249203478,0.0471796148178146,0.0880659152983928,0.6167122391701807,0.5695326243523681
bxaic__X__gcn__seed42,bxaic,X,gcn,42,gradinput,P01_checkpoint_rerun,machine,0.1,5,2764,2822,0.0917232329497165,0.0920517236430439,0.0921681122248098,0.0681479369393903,0.7275108622380058,0.6353427500131997
bxaic__X__gcn__seed42,bxaic,X,gcn,42,gradinput,P01_checkpoint_rerun,exact_integer,0.1,5,2764,2822,0.0917232329497165,0.0920517236430439,0.0921681122248098,0.0681479369393903,0.7275108622380058,0.6353427500131997
bxaic__X__gcn__seed42,bxaic,X,gcn,42,gradinput,P01_checkpoint_rerun,machine,0.2,3,2764,2822,0.1945360416235962,0.1948273486609837,0.1982543619857586,0.0432521799187035,0.92427651783605,0.7260221558502902
bxaic__X__gcn__seed42,bxaic,X,gcn,42,gradinput,P01_checkpoint_rerun,exact_integer,0.2,3,2764,2822,0.1945360416235962,0.1948273486609837,0.1982543619857586,0.0432521799187035,0.92427651783605,0.7260221558502902
bxaic__X__gcn__seed42,bxaic,X,gcn,42,atom_occlusion,P20_frozen_cache,machine,0.05,7,2764,2822,0.0443305940321135,0.0446762249203478,0.0471796148178146,0.0880659152983928,0.6167122391701807,0.5695326243523681
bxaic__X__gcn__seed42,bxaic,X,gcn,42,atom_occlusion,P20_frozen_cache,exact_integer,0.05,7,2764,2822,0.0443305940321135,0.0446762249203478,0.0471796148178146,0.0880659152983928,0.6167122391701807,0.5695326243523681
bxaic__X__gcn__seed42,bxaic,X,gcn,42,atom_occlusion,P20_frozen_cache,machine,0.1,5,2764,2822,0.0917232329497165,0.0920517236430439,0.0921681122248098,0.0681479369393903,0.7275108622380058,0.6353427500131997
bxaic__X__gcn__seed42,bxaic,X,gcn,42,atom_occlusion,P20_frozen_cache,exact_integer,0.1,5,2764,2822,0.0917232329497165,0.0920517236430439,0.0921681122248098,0.0681479369393903,0.7275108622380058,0.6353427500131997
bxaic__X__gcn__seed42,bxaic,X,gcn,42,atom_occlusion,P20_frozen_cache,machine,0.2,3,2764,2822,0.1945360416235962,0.1948273486609837,0.1982543619857586,0.0432521799187035,0.92427651783605,0.7260221558502902
bxaic__X__gcn__seed42,bxaic,X,gcn,42,atom_occlusion,P20_frozen_cache,exact_integer,0.2,3,2764,2822,0.1945360416235962,0.1948273486609837,0.1982543619857586,0.0432521799187035,0.92427651783605,0.7260221558502902
bxaic__X__gcn__seed42,bxaic,X,gcn,42,saliency,P20_frozen_cache,machine,0.05,25,2764,2822,0.04855928261319,0.0489033841384655,0.0469903423216676,0.2631365358313075,0.2067818041439277,0.2032172104643758
bxaic__X__gcn__seed42,bxaic,X,gcn,42,saliency,P20_frozen_cache,exact_integer,0.05,25,2764,2822,0.04855928261319,0.0489033841384655,0.0469903423216676,0.2631365358313075,0.2067818041439277,0.2032172104643758
bxaic__X__gcn__seed42,bxaic,X,gcn,42,saliency,P20_frozen_cache,machine,0.1,19,2764,2822,0.095726948521811,0.0960539912167398,0.0941134285039317,0.2072333673447334,0.2370280794512644,0.2303442876150979
bxaic__X__gcn__seed42,bxaic,X,gcn,42,saliency,P20_frozen_cache,exact_integer,0.1,19,2764,2822,0.095726948521811,0.0960539912167398,0.0941134285039317,0.2072333673447334,0.2370280794512644,0.2303442876150979
bxaic__X__gcn__seed42,bxaic,X,gcn,42,saliency,P20_frozen_cache,machine,0.2,13,2764,2822,0.1793623515493991,0.1796591463589653,0.1787418581890586,0.1477955649448495,0.2757844404845932,0.2636182284778419
bxaic__X__gcn__seed42,bxaic,X,gcn,42,saliency,P20_frozen_cache,exact_integer,0.2,13,2764,2822,0.1793623515493991,0.1796591463589653,0.1787418581890586,0.1477955649448495,0.2757844404845932,0.2636182284778419
bxaic__X__gin__seed123,bxaic,X,gin,123,ig,P01_checkpoint_rerun,machine,0.05,7,2764,2822,0.0443305940321135,0.0446762249203478,0.0471796148178146,0.0880659152983928,0.6167122391701807,0.5695326243523681
bxaic__X__gin__seed123,bxaic,X,gin,123,ig,P01_checkpoint_rerun,exact_integer,0.05,7,2764,2822,0.0443305940321135,0.0446762249203478,0.0471796148178146,0.0880659152983928,0.6167122391701807,0.5695326243523681
bxaic__X__gin__seed123,bxaic,X,gin,123,ig,P01_checkpoint_rerun,machine,0.1,5,2764,2822,0.0917232329497165,0.0920517236430439,0.0921681122248098,0.0681479369393903,0.7275108622380058,0.6353427500131997
bxaic__X__gin__seed123,bxaic,X,gin,123,ig,P01_checkpoint_rerun,exact_integer,0.1,5,2764,2822,0.0917232329497165,0.0920517236430439,0.0921681122248098,0.0681479369393903,0.7275108622380058,0.6353427500131997
bxaic__X__gin__seed123,bxaic,X,gin,123,ig,P01_checkpoint_rerun,machine,0.2,3,2764,2822,0.1945360416235962,0.1948273486609837,0.1982543619857586,0.0432521799187035,0.92427651783605,0.7260221558502902
bxaic__X__gin__seed123,bxaic,X,gin,123,ig,P01_checkpoint_rerun,exact_integer,0.2,3,2764,2822,0.1945360416235962,0.1948273486609837,0.1982543619857586,0.0432521799187035,0.92427651783605,0.7260221558502902
bxaic__X__gin__seed123,bxaic,X,gin,123,gradinput,P01_checkpoint_rerun,machine,0.05,8,2764,2822,0.047316260078561,0.0476608111599069,0.0448217238702709,0.0963204415530178,0.5686331575838118,0.5327771284251613
bxaic__X__gin__seed123,bxaic,X,gin,123,gradinput,P01_checkpoint_rerun,exact_integer,0.05,8,2764,2822,0.047316260078561,0.0476608111599069,0.0448217238702709,0.0963204415530178,0.5686331575838118,0.5327771284251613
bxaic__X__gin__seed123,bxaic,X,gin,123,gradinput,P01_checkpoint_rerun,machine,0.1,6,2764,2822,0.0807543989617074,0.0810868566836019,0.0800894052400078,0.0777160805543753,0.6541456569849549,0.5871527554066547
bxaic__X__gin__seed123,bxaic,X,gin,123,gradinput,P01_checkpoint_rerun,exact_integer,0.1,6,2764,2822,0.0807543989617074,0.0810868566836019,0.0800894052400078,0.0777160805543753,0.6541456569849549,0.5871527554066547
bxaic__X__gin__seed123,bxaic,X,gin,123,gradinput,P01_checkpoint_rerun,machine,0.2,4,2764,2822,0.1437280339053131,0.1440377163523636,0.1471067744366822,0.0570402522274434,0.7871843945683422,0.6584059755702227
bxaic__X__gin__seed123,bxaic,X,gin,123,gradinput,P01_checkpoint_rerun,exact_integer,0.2,4,2764,2822,0.1437280339053131,0.1440377163523636,0.1471067744366822,0.0570402522274434,0.7871843945683422,0.6584059755702227
bxaic__X__gin__seed123,bxaic,X,gin,123,atom_occlusion,P20_frozen_cache,machine,0.05,7,2764,2822,0.0443305940321135,0.0446762249203478,0.0472091447020574,0.0880659152983928,0.6165350598647236,0.5695008229385681
bxaic__X__gin__seed123,bxaic,X,gin,123,atom_occlusion,P20_frozen_cache,exact_integer,0.05,7,2764,2822,0.0443305940321135,0.0446762249203478,0.0472091447020574,0.0880659152983928,0.6165350598647236,0.5695008229385681
bxaic__X__gin__seed123,bxaic,X,gin,123,atom_occlusion,P20_frozen_cache,machine,0.1,5,2764,2822,0.0917232329497165,0.0920517236430439,0.0921976421090527,0.0681479369393903,0.7271565036270915,0.6353132201289569
bxaic__X__gin__seed123,bxaic,X,gin,123,atom_occlusion,P20_frozen_cache,exact_integer,0.1,5,2764,2822,0.0917232329497165,0.0920517236430439,0.0921976421090527,0.0681479369393903,0.7271565036270915,0.6353132201289569
bxaic__X__gin__seed123,bxaic,X,gin,123,atom_occlusion,P20_frozen_cache,machine,0.2,3,2764,2822,0.1945360416235962,0.1948273486609837,0.1982838918700014,0.0432521799187035,0.9239221592251357,0.7259926259660474
bxaic__X__gin__seed123,bxaic,X,gin,123,atom_occlusion,P20_frozen_cache,exact_integer,0.2,3,2764,2822,0.1945360416235962,0.1948273486609837,0.1982838918700014,0.0432521799187035,0.9239221592251357,0.7259926259660474
bxaic__X__gin__seed123,bxaic,X,gin,123,saliency,P20_frozen_cache,machine,0.05,30,2764,2822,0.0470397457101509,0.0473843967966933,0.0397545363526936,0.3162317963074243,0.1762298097793782,0.1737781938198697
bxaic__X__gin__seed123,bxaic,X,gin,123,saliency,P20_frozen_cache,exact_integer,0.05,30,2764,2822,0.0470397457101509,0.0473843967966933,0.0397545363526936,0.3162317963074243,0.1762298097793782,0.1737781938198697
bxaic__X__gin__seed123,bxaic,X,gin,123,saliency,P20_frozen_cache,machine,0.1,24,2764,2822,0.0963264936944386,0.0966533195556703,0.0886339475549256,0.2564868080467718,0.1960891047900572,0.191622498870581
bxaic__X__gin__seed123,bxaic,X,gin,123,saliency,P20_frozen_cache,exact_integer,0.1,24,2764,2822,0.0963264936944386,0.0966533195556703,0.0886339475549256,0.2564868080467718,0.1960891047900572,0.191622498870581
bxaic__X__gin__seed123,bxaic,X,gin,123,saliency,P20_frozen_cache,machine,0.2,18,2764,2822,0.1805317230606667,0.1808280949510606,0.1804908710472141,0.1979390304297622,0.2115321157158714,0.2046987195085433
bxaic__X__gin__seed123,bxaic,X,gin,123,saliency,P20_frozen_cache,exact_integer,0.2,18,2764,2822,0.1805317230606667,0.1808280949510606,0.1804908710472141,0.1979390304297622,0.2115321157158714,0.2046987195085433
bxaic__X__gin__seed2026,bxaic,X,gin,2026,ig,P01_checkpoint_rerun,machine,0.05,7,2764,2822,0.0446320894493831,0.0449776112976835,0.0473567941232717,0.0880659152983928,0.6165350598647236,0.5692963852784252
bxaic__X__gin__seed2026,bxaic,X,gin,2026,ig,P01_checkpoint_rerun,exact_integer,0.05,7,2764,2822,0.0446320894493831,0.0449776112976835,0.0473567941232717,0.0880659152983928,0.6165350598647236,0.5692963852784252
bxaic__X__gin__seed2026,bxaic,X,gin,2026,ig,P01_checkpoint_rerun,machine,0.1,5,2764,2822,0.0920247283669861,0.0923531100203796,0.0923452915302669,0.0681479369393903,0.7271565036270915,0.6351655707077426
bxaic__X__gin__seed2026,bxaic,X,gin,2026,ig,P01_checkpoint_rerun,exact_integer,0.1,5,2764,2822,0.0920247283669861,0.0923531100203796,0.0923452915302669,0.0681479369393903,0.7271565036270915,0.6351655707077426
bxaic__X__gin__seed2026,bxaic,X,gin,2026,ig,P01_checkpoint_rerun,machine,0.2,3,2764,2822,0.1948375370408658,0.1951287350383194,0.1984315412912157,0.0432521799187035,0.9239221592251357,0.725844976544833
bxaic__X__gin__seed2026,bxaic,X,gin,2026,ig,P01_checkpoint_rerun,exact_integer,0.2,3,2764,2822,0.1948375370408658,0.1951287350383194,0.1984315412912157,0.0432521799187035,0.9239221592251357,0.725844976544833
bxaic__X__gin__seed2026,bxaic,X,gin,2026,gradinput,P01_checkpoint_rerun,machine,0.05,7,2764,2822,0.049104989318448,0.0494488934814431,0.0526105823855646,0.0880659152983928,0.6088277600773389,0.5634017985280622
bxaic__X__gin__seed2026,bxaic,X,gin,2026,gradinput,P01_checkpoint_rerun,exact_integer,0.05,7,2764,2822,0.049104989318448,0.0494488934814431,0.0526105823855646,0.0880659152983928,0.6088277600773389,0.5634017985280622
bxaic__X__gin__seed2026,bxaic,X,gin,2026,gradinput,P01_checkpoint_rerun,machine,0.1,5,2764,2822,0.0961197539797396,0.0964466546112116,0.0981483356394768,0.0681479369393903,0.7163485659942072,0.6293891034943513
bxaic__X__gin__seed2026,bxaic,X,gin,2026,gradinput,P01_checkpoint_rerun,exact_integer,0.1,5,2764,2822,0.0961197539797396,0.0964466546112116,0.0981483356394768,0.0681479369393903,0.7163485659942072,0.6293891034943513
bxaic__X__gin__seed2026,bxaic,X,gin,2026,gradinput,P01_checkpoint_rerun,machine,0.2,3,2764,2822,0.1985466485195141,0.1988365050661617,0.203475245519895,0.0432521799187035,0.9115196078431372,0.7206595288717885
bxaic__X__gin__seed2026,bxaic,X,gin,2026,gradinput,P01_checkpoint_rerun,exact_integer,0.2,3,2764,2822,0.1985466485195141,0.1988365050661617,0.203475245519895,0.0432521799187035,0.9115196078431372,0.7206595288717885
bxaic__X__gin__seed2026,bxaic,X,gin,2026,atom_occlusion,P20_frozen_cache,machine,0.05,7,2764,2822,0.0447716387568051,0.0451171101351932,0.0474158538917574,0.0880659152983928,0.6161807012538093,0.5692373255099394
bxaic__X__gin__seed2026,bxaic,X,gin,2026,atom_occlusion,P20_frozen_cache,exact_integer,0.05,7,2764,2822,0.0447716387568051,0.0451171101351932,0.0474158538917574,0.0880659152983928,0.6161807012538093,0.5692373255099394
bxaic__X__gin__seed2026,bxaic,X,gin,2026,atom_occlusion,P20_frozen_cache,machine,0.1,5,2764,2822,0.0920919187742634,0.0924202761273288,0.0923748214145098,0.0681479369393903,0.7268021450161772,0.6351360408234997
bxaic__X__gin__seed2026,bxaic,X,gin,2026,atom_occlusion,P20_frozen_cache,exact_integer,0.1,5,2764,2822,0.0920919187742634,0.0924202761273288,0.0923748214145098,0.0681479369393903,0.7268021450161772,0.6351360408234997
bxaic__X__gin__seed2026,bxaic,X,gin,2026,atom_occlusion,P20_frozen_cache,machine,0.2,3,2764,2822,0.1951941630487219,0.1954852320675108,0.1988154297863728,0.0432521799187035,0.9233906213087644,0.7256382673551333
bxaic__X__gin__seed2026,bxaic,X,gin,2026,atom_occlusion,P20_frozen_cache,exact_integer,0.2,3,2764,2822,0.1951941630487219,0.1954852320675108,0.1988154297863728,0.0432521799187035,0.9233906213087644,0.7256382673551333
bxaic__X__gin__seed2026,bxaic,X,gin,2026,saliency,P20_frozen_cache,machine,0.05,30,2764,2822,0.0456077860473663,0.0459529550216711,0.0376709920916157,0.3162317963074243,0.1773456489575013,0.1750311817362614
bxaic__X__gin__seed2026,bxaic,X,gin,2026,saliency,P20_frozen_cache,exact_integer,0.05,30,2764,2822,0.0456077860473663,0.0459529550216711,0.0376709920916157,0.3162317963074243,0.1773456489575013,0.1750311817362614
bxaic__X__gin__seed2026,bxaic,X,gin,2026,saliency,P20_frozen_cache,machine,0.1,24,2764,2822,0.0949216686192084,0.0952490025546083,0.0884812358678411,0.2564868080467718,0.197702476849921,0.1930586188573744
bxaic__X__gin__seed2026,bxaic,X,gin,2026,saliency,P20_frozen_cache,exact_integer,0.1,24,2764,2822,0.0949216686192084,0.0952490025546083,0.0884812358678411,0.2564868080467718,0.197702476849921,0.1930586188573744
bxaic__X__gin__seed2026,bxaic,X,gin,2026,saliency,P20_frozen_cache,machine,0.2,17,2764,2822,0.1949819677026623,0.1952731134647952,0.2053060983429515,0.1875275203171704,0.2178374204271644,0.2091945090822685
bxaic__X__gin__seed2026,bxaic,X,gin,2026,saliency,P20_frozen_cache,exact_integer,0.2,17,2764,2822,0.1949819677026623,0.1952731134647952,0.2053060983429515,0.1875275203171704,0.2178374204271644,0.2091945090822685
bxaic__X__gin__seed42,bxaic,X,gin,42,ig,P01_checkpoint_rerun,machine,0.05,7,2764,2822,0.0443305940321135,0.0446762249203478,0.0471796148178146,0.0880659152983928,0.6167122391701807,0.5695326243523681
bxaic__X__gin__seed42,bxaic,X,gin,42,ig,P01_checkpoint_rerun,exact_integer,0.05,7,2764,2822,0.0443305940321135,0.0446762249203478,0.0471796148178146,0.0880659152983928,0.6167122391701807,0.5695326243523681
bxaic__X__gin__seed42,bxaic,X,gin,42,ig,P01_checkpoint_rerun,machine,0.1,5,2764,2822,0.0917232329497165,0.0920517236430439,0.0921681122248098,0.0681479369393903,0.7275108622380058,0.6353427500131997
bxaic__X__gin__seed42,bxaic,X,gin,42,ig,P01_checkpoint_rerun,exact_integer,0.1,5,2764,2822,0.0917232329497165,0.0920517236430439,0.0921681122248098,0.0681479369393903,0.7275108622380058,0.6353427500131997
bxaic__X__gin__seed42,bxaic,X,gin,42,ig,P01_checkpoint_rerun,machine,0.2,3,2764,2822,0.1945360416235962,0.1948273486609837,0.1982543619857586,0.0432521799187035,0.92427651783605,0.7260221558502902
bxaic__X__gin__seed42,bxaic,X,gin,42,ig,P01_checkpoint_rerun,exact_integer,0.2,3,2764,2822,0.1945360416235962,0.1948273486609837,0.1982543619857586,0.0432521799187035,0.92427651783605,0.7260221558502902
bxaic__X__gin__seed42,bxaic,X,gin,42,gradinput,P01_checkpoint_rerun,machine,0.05,7,2764,2822,0.0444275032733787,0.0447730991130628,0.0474960064347023,0.0880659152983928,0.615826342642895,0.5691315371334212
bxaic__X__gin__seed42,bxaic,X,gin,42,gradinput,P01_checkpoint_rerun,exact_integer,0.05,7,2764,2822,0.0444275032733787,0.0447730991130628,0.0474960064347023,0.0880659152983928,0.615826342642895,0.5691315371334212
bxaic__X__gin__seed42,bxaic,X,gin,42,gradinput,P01_checkpoint_rerun,machine,0.1,5,2764,2822,0.0918201421909817,0.0921485978357589,0.0924549739574547,0.0681479369393903,0.726447786405263,0.6350093219246334
bxaic__X__gin__seed42,bxaic,X,gin,42,gradinput,P01_checkpoint_rerun,exact_integer,0.1,5,2764,2822,0.0918201421909817,0.0921485978357589,0.0924549739574547,0.0681479369393903,0.726447786405263,0.6350093219246334
bxaic__X__gin__seed42,bxaic,X,gin,42,gradinput,P01_checkpoint_rerun,machine,0.2,3,2764,2822,0.1946329508648615,0.1949242228536988,0.1984906010597014,0.0432521799187035,0.92303626269785,0.7257563868921046
bxaic__X__gin__seed42,bxaic,X,gin,42,gradinput,P01_checkpoint_rerun,exact_integer,0.2,3,2764,2822,0.1946329508648615,0.1949242228536988,0.1984906010597014,0.0432521799187035,0.92303626269785,0.7257563868921046
bxaic__X__gin__seed42,bxaic,X,gin,42,atom_occlusion,P20_frozen_cache,machine,0.05,7,2764,2822,0.0443305940321135,0.0446762249203478,0.0471796148178146,0.0880659152983928,0.6167122391701807,0.5695326243523681
bxaic__X__gin__seed42,bxaic,X,gin,42,atom_occlusion,P20_frozen_cache,exact_integer,0.05,7,2764,2822,0.0443305940321135,0.0446762249203478,0.0471796148178146,0.0880659152983928,0.6167122391701807,0.5695326243523681
bxaic__X__gin__seed42,bxaic,X,gin,42,atom_occlusion,P20_frozen_cache,machine,0.1,5,2764,2822,0.0917232329497165,0.0920517236430439,0.0921681122248098,0.0681479369393903,0.7275108622380058,0.6353427500131997
bxaic__X__gin__seed42,bxaic,X,gin,42,atom_occlusion,P20_frozen_cache,exact_integer,0.1,5,2764,2822,0.0917232329497165,0.0920517236430439,0.0921681122248098,0.0681479369393903,0.7275108622380058,0.6353427500131997
bxaic__X__gin__seed42,bxaic,X,gin,42,atom_occlusion,P20_frozen_cache,machine,0.2,3,2764,2822,0.1945360416235962,0.1948273486609837,0.1982543619857586,0.0432521799187035,0.92427651783605,0.7260221558502902
bxaic__X__gin__seed42,bxaic,X,gin,42,atom_occlusion,P20_frozen_cache,exact_integer,0.2,3,2764,2822,0.1945360416235962,0.1948273486609837,0.1982543619857586,0.0432521799187035,0.92427651783605,0.7260221558502902
bxaic__X__gin__seed42,bxaic,X,gin,42,saliency,P20_frozen_cache,machine,0.05,31,2764,2822,0.0473204235867043,0.0476649731622606,0.0448369106678816,0.3271727555300784,0.168530236449881,0.1665454123022705
bxaic__X__gin__seed42,bxaic,X,gin,42,saliency,P20_frozen_cache,exact_integer,0.05,31,2764,2822,0.0473204235867043,0.0476649731622606,0.0448369106678816,0.3271727555300784,0.168530236449881,0.1665454123022705
bxaic__X__gin__seed42,bxaic,X,gin,42,saliency,P20_frozen_cache,machine,0.1,26,2764,2822,0.0928740840282084,0.093202158500531,0.084288414160845,0.278386701173016,0.1830133350412559,0.179445457332698
bxaic__X__gin__seed42,bxaic,X,gin,42,saliency,P20_frozen_cache,exact_integer,0.1,26,2764,2822,0.0928740840282084,0.093202158500531,0.084288414160845,0.278386701173016,0.1830133350412559,0.179445457332698
bxaic__X__gin__seed42,bxaic,X,gin,42,saliency,P20_frozen_cache,machine,0.2,20,2764,2822,0.1990916373785402,0.1993812968225263,0.1929410920994904,0.2141407961866613,0.1931104253870668,0.1867195153285449
bxaic__X__gin__seed42,bxaic,X,gin,42,saliency,P20_frozen_cache,exact_integer,0.2,20,2764,2822,0.1990916373785402,0.1993812968225263,0.1929410920994904,0.2141407961866613,0.1931104253870668,0.1867195153285449
google__benzene__gcn__seed123,google,benzene,gcn,123,ig,P01_checkpoint_rerun,machine,0.05,65,1000,999,0.0475902777777777,0.048541736041736,0.0480728744617633,0.6704454526875647,0.5235078958118172,0.5064195414298607
google__benzene__gcn__seed123,google,benzene,gcn,123,ig,P01_checkpoint_rerun,exact_integer,0.05,65,1000,999,0.0475902777777777,0.048541736041736,0.0480728744617633,0.6704454526875647,0.5235078958118172,0.5064195414298607
google__benzene__gcn__seed123,google,benzene,gcn,123,ig,P01_checkpoint_rerun,machine,0.1,55,1000,999,0.0944430555555555,0.0953477078477078,0.0948621240287907,0.5716810705784842,0.5779763890875004,0.5389114533593385
google__benzene__gcn__seed123,google,benzene,gcn,123,ig,P01_checkpoint_rerun,exact_integer,0.1,55,1000,999,0.0944430555555555,0.0953477078477078,0.0948621240287907,0.5716810705784842,0.5779763890875004,0.5389114533593385
google__benzene__gcn__seed123,google,benzene,gcn,123,ig,P01_checkpoint_rerun,machine,0.2,42,1000,999,0.1905013888888884,0.1913100788100783,0.1952970827970827,0.4448340596621328,0.6477129366018257,0.5549922441348335
google__benzene__gcn__seed123,google,benzene,gcn,123,ig,P01_checkpoint_rerun,exact_integer,0.2,42,1000,999,0.1905013888888884,0.1913100788100783,0.1952970827970827,0.4448340596621328,0.6477129366018257,0.5549922441348335
google__benzene__gcn__seed123,google,benzene,gcn,123,gradinput,P01_checkpoint_rerun,machine,0.05,53,1000,999,0.0472319444444444,0.0481837606837607,0.0565305384749829,0.5567606723247545,0.6187353492909037,0.5880105724919966
google__benzene__gcn__seed123,google,benzene,gcn,123,gradinput,P01_checkpoint_rerun,exact_integer,0.05,53,1000,999,0.0472319444444444,0.0481837606837607,0.0565305384749829,0.5567606723247545,0.6187353492909037,0.5880105724919966
google__benzene__gcn__seed123,google,benzene,gcn,123,gradinput,P01_checkpoint_rerun,machine,0.1,45,1000,999,0.0978333333333334,0.0987345987345988,0.1100648267314933,0.4706352784102114,0.6792763542763535,0.6139630635459671
google__benzene__gcn__seed123,google,benzene,gcn,123,gradinput,P01_checkpoint_rerun,exact_integer,0.1,45,1000,999,0.0978333333333334,0.0987345987345988,0.1100648267314933,0.4706352784102114,0.6792763542763535,0.6139630635459671
google__benzene__gcn__seed123,google,benzene,gcn,123,gradinput,P01_checkpoint_rerun,machine,0.2,34,1000,999,0.1984111111111107,0.1992118992118988,0.2168424376757707,0.3654296724686067,0.7518431129542241,0.6167664510328764
google__benzene__gcn__seed123,google,benzene,gcn,123,gradinput,P01_checkpoint_rerun,exact_integer,0.2,34,1000,999,0.1984111111111107,0.1992118992118988,0.2168424376757707,0.3654296724686067,0.7518431129542241,0.6167664510328764
google__benzene__gcn__seed123,google,benzene,gcn,123,atom_occlusion,P20_frozen_cache,machine,0.05,54,1000,999,0.0479694444444444,0.0489205239205239,0.055285444174333,0.5583571405878894,0.6159183520294617,0.5846118590614636
google__benzene__gcn__seed123,google,benzene,gcn,123,atom_occlusion,P20_frozen_cache,exact_integer,0.05,54,1000,999,0.0479694444444444,0.0489205239205239,0.055285444174333,0.5583571405878894,0.6159183520294617,0.5846118590614636
google__benzene__gcn__seed123,google,benzene,gcn,123,atom_occlusion,P20_frozen_cache,machine,0.1,45,1000,999,0.097675,0.0985764235764235,0.1072534836423724,0.4706352784102114,0.6781817892929005,0.613161406844758
google__benzene__gcn__seed123,google,benzene,gcn,123,atom_occlusion,P20_frozen_cache,exact_integer,0.1,45,1000,999,0.097675,0.0985764235764235,0.1072534836423724,0.4706352784102114,0.6781817892929005,0.613161406844758
google__benzene__gcn__seed123,google,benzene,gcn,123,atom_occlusion,P20_frozen_cache,machine,0.2,34,1000,999,0.1960111111111109,0.1968142968142966,0.2080292594181481,0.3654296724686067,0.7527916805694586,0.6199709927178099
google__benzene__gcn__seed123,google,benzene,gcn,123,atom_occlusion,P20_frozen_cache,exact_integer,0.2,34,1000,999,0.1960111111111109,0.1968142968142966,0.2080292594181481,0.3654296724686067,0.7527916805694586,0.6199709927178099
google__benzene__gcn__seed123,google,benzene,gcn,123,saliency,P20_frozen_cache,machine,0.05,55,1000,999,0.0458486111111111,0.0468018093018093,0.0481821106821106,0.5716810705784842,0.608991828436273,0.582292190612624
google__benzene__gcn__seed123,google,benzene,gcn,123,saliency,P20_frozen_cache,exact_integer,0.05,55,1000,999,0.0458486111111111,0.0468018093018093,0.0481821106821106,0.5716810705784842,0.608991828436273,0.582292190612624
google__benzene__gcn__seed123,google,benzene,gcn,123,saliency,P20_frozen_cache,machine,0.1,46,1000,999,0.0900499999999999,0.0909590409590409,0.0946585474363252,0.4881133625549646,0.669226297004075,0.6137120917134685
google__benzene__gcn__seed123,google,benzene,gcn,123,saliency,P20_frozen_cache,exact_integer,0.1,46,1000,999,0.0900499999999999,0.0909590409590409,0.0946585474363252,0.4881133625549646,0.669226297004075,0.6137120917134685
google__benzene__gcn__seed123,google,benzene,gcn,123,saliency,P20_frozen_cache,machine,0.2,35,1000,999,0.1927416666666665,0.1935481185481184,0.2001104278882054,0.3760250504552883,0.7493656354767456,0.6228384423903857
google__benzene__gcn__seed123,google,benzene,gcn,123,saliency,P20_frozen_cache,exact_integer,0.2,35,1000,999,0.1970916666666664,0.1978937728937727,0.2044564405675514,0.3718708963011349,0.7529942641053742,0.6234249151990806
google__benzene__gcn__seed2026,google,benzene,gcn,2026,ig,P01_checkpoint_rerun,machine,0.05,61,1000,999,0.0475888888888888,0.0485403485403485,0.0502109252109252,0.6361218790829436,0.5491232282898937,0.5288291213385797
google__benzene__gcn__seed2026,google,benzene,gcn,2026,ig,P01_checkpoint_rerun,exact_integer,0.05,61,1000,999,0.0475888888888888,0.0485403485403485,0.0502109252109252,0.6361218790829436,0.5491232282898937,0.5288291213385797
google__benzene__gcn__seed2026,google,benzene,gcn,2026,ig,P01_checkpoint_rerun,machine,0.1,51,1000,999,0.0978736111111112,0.0987748362748363,0.1047190047190047,0.5344928656068199,0.6075252158585479,0.5609350794378312
google__benzene__gcn__seed2026,google,benzene,gcn,2026,ig,P01_checkpoint_rerun,exact_integer,0.1,51,1000,999,0.0978736111111112,0.0987748362748363,0.1047190047190047,0.5344928656068199,0.6075252158585479,0.5609350794378312
google__benzene__gcn__seed2026,google,benzene,gcn,2026,ig,P01_checkpoint_rerun,machine,0.2,39,1000,999,0.1982541666666664,0.1990551115551113,0.2082779207779207,0.4103486240599062,0.6830334302556534,0.575346586199701
google__benzene__gcn__seed2026,google,benzene,gcn,2026,ig,P01_checkpoint_rerun,exact_integer,0.2,39,1000,999,0.1982541666666664,0.1990551115551113,0.2082779207779207,0.4103486240599062,0.6830334302556534,0.575346586199701
google__benzene__gcn__seed2026,google,benzene,gcn,2026,gradinput,P01_checkpoint_rerun,machine,0.05,59,1000,999,0.0455333333333333,0.0464868464868464,0.0472116958228069,0.6108220997251989,0.5714877075988163,0.54919886309635
google__benzene__gcn__seed2026,google,benzene,gcn,2026,gradinput,P01_checkpoint_rerun,exact_integer,0.05,59,1000,999,0.0455333333333333,0.0464868464868464,0.0472116958228069,0.6108220997251989,0.5714877075988163,0.54919886309635
google__benzene__gcn__seed2026,google,benzene,gcn,2026,gradinput,P01_checkpoint_rerun,machine,0.1,49,1000,999,0.0985305555555556,0.0994311244311245,0.1034220728665173,0.5119776375360354,0.6314577286799501,0.5790425040726034
google__benzene__gcn__seed2026,google,benzene,gcn,2026,gradinput,P01_checkpoint_rerun,exact_integer,0.1,49,1000,999,0.0985305555555556,0.0994311244311245,0.1034220728665173,0.5119776375360354,0.6314577286799501,0.5790425040726034
google__benzene__gcn__seed2026,google,benzene,gcn,2026,gradinput,P01_checkpoint_rerun,machine,0.2,39,1000,999,0.1940013888888888,0.1948065823065822,0.2047875256208588,0.4103486240599062,0.6834358167691509,0.5754664262146217
google__benzene__gcn__seed2026,google,benzene,gcn,2026,gradinput,P01_checkpoint_rerun,exact_integer,0.2,39,1000,999,0.1940013888888888,0.1948065823065822,0.2047875256208588,0.4103486240599062,0.6834358167691509,0.5754664262146217
google__benzene__gcn__seed2026,google,benzene,gcn,2026,atom_occlusion,P20_frozen_cache,machine,0.05,54,1000,999,0.0483361111111111,0.0492868242868243,0.0521142173919951,0.5583571405878894,0.6185005490561031,0.5885990012151003
google__benzene__gcn__seed2026,google,benzene,gcn,2026,atom_occlusion,P20_frozen_cache,exact_integer,0.05,54,1000,999,0.0483361111111111,0.0492868242868243,0.0521142173919951,0.5583571405878894,0.6185005490561031,0.5885990012151003
google__benzene__gcn__seed2026,google,benzene,gcn,2026,atom_occlusion,P20_frozen_cache,machine,0.1,45,1000,999,0.0919402777777777,0.0928474303474303,0.1038917886140108,0.4706352784102114,0.68166987333654,0.6173425984399503
google__benzene__gcn__seed2026,google,benzene,gcn,2026,atom_occlusion,P20_frozen_cache,exact_integer,0.1,45,1000,999,0.0919402777777777,0.0928474303474303,0.1038917886140108,0.4706352784102114,0.68166987333654,0.6173425984399503
google__benzene__gcn__seed2026,google,benzene,gcn,2026,atom_occlusion,P20_frozen_cache,machine,0.2,33,1000,999,0.1991527777777776,0.1999528249528248,0.2169701447479223,0.3497886346053451,0.7745177717399947,0.6303344194211066
google__benzene__gcn__seed2026,google,benzene,gcn,2026,atom_occlusion,P20_frozen_cache,exact_integer,0.2,33,1000,999,0.1991527777777776,0.1999528249528248,0.2169701447479223,0.3497886346053451,0.7745177717399947,0.6303344194211066
google__benzene__gcn__seed2026,google,benzene,gcn,2026,saliency,P20_frozen_cache,machine,0.05,56,1000,999,0.0463597222222222,0.0473124098124098,0.0493410076743409,0.5865437109966837,0.5948712865379513,0.5708524626481268
google__benzene__gcn__seed2026,google,benzene,gcn,2026,saliency,P20_frozen_cache,exact_integer,0.05,56,1000,999,0.0489111111111111,0.0498612498612498,0.051857412968524,0.5786157830687526,0.600939259272592,0.5754784619335703
google__benzene__gcn__seed2026,google,benzene,gcn,2026,saliency,P20_frozen_cache,machine,0.1,46,1000,999,0.0900458333333334,0.0909548784548785,0.1011970303636969,0.4881133625549646,0.6654368654368654,0.6083670891462436
google__benzene__gcn__seed2026,google,benzene,gcn,2026,saliency,P20_frozen_cache,exact_integer,0.1,46,1000,999,0.0900458333333334,0.0909548784548785,0.1011970303636969,0.4881133625549646,0.6654368654368654,0.6083670891462436
google__benzene__gcn__seed2026,google,benzene,gcn,2026,saliency,P20_frozen_cache,machine,0.2,34,1000,999,0.1920347222222218,0.19284188034188,0.2136128191683745,0.3654296724686067,0.7578503106280886,0.6212468550230845
google__benzene__gcn__seed2026,google,benzene,gcn,2026,saliency,P20_frozen_cache,exact_integer,0.2,34,1000,999,0.1920347222222218,0.19284188034188,0.2136128191683745,0.3654296724686067,0.7578503106280886,0.6212468550230845
google__benzene__gcn__seed42,google,benzene,gcn,42,ig,P01_checkpoint_rerun,machine,0.05,57,1000,999,0.0474666666666666,0.0484182484182484,0.0506931534709312,0.594486436330712,0.5852234324456548,0.5608445089568244
google__benzene__gcn__seed42,google,benzene,gcn,42,ig,P01_checkpoint_rerun,exact_integer,0.05,57,1000,999,0.0474666666666666,0.0484182484182484,0.0506931534709312,0.594486436330712,0.5852234324456548,0.5608445089568244
google__benzene__gcn__seed42,google,benzene,gcn,42,ig,P01_checkpoint_rerun,machine,0.1,47,1000,999,0.0988152777777778,0.0997155622155622,0.1028022069688736,0.4897098308181001,0.6599771488660376,0.6037253316450087
google__benzene__gcn__seed42,google,benzene,gcn,42,ig,P01_checkpoint_rerun,exact_integer,0.1,47,1000,999,0.0988152777777778,0.0997155622155622,0.1028022069688736,0.4897098308181001,0.6599771488660376,0.6037253316450087
google__benzene__gcn__seed42,google,benzene,gcn,42,ig,P01_checkpoint_rerun,machine,0.2,35,1000,999,0.1976874999999996,0.1984890109890106,0.2023390453946009,0.3760250504552883,0.7444043249598794,0.6193029029802338
google__benzene__gcn__seed42,google,benzene,gcn,42,ig,P01_checkpoint_rerun,exact_integer,0.2,36,1000,999,0.1946208333333329,0.1954254079254075,0.2001702098924321,0.3776316991207605,0.7432317237872783,0.6198713285486596
google__benzene__gcn__seed42,google,benzene,gcn,42,gradinput,P01_checkpoint_rerun,machine,0.05,57,1000,999,0.0456027777777778,0.0465562215562216,0.0523322926100703,0.594486436330712,0.5850600350600356,0.5598355665908124
google__benzene__gcn__seed42,google,benzene,gcn,42,gradinput,P01_checkpoint_rerun,exact_integer,0.05,57,1000,999,0.0456027777777778,0.0465562215562216,0.0523322926100703,0.594486436330712,0.5850600350600356,0.5598355665908124
google__benzene__gcn__seed42,google,benzene,gcn,42,gradinput,P01_checkpoint_rerun,machine,0.1,48,1000,999,0.0924333333333334,0.0933399933399934,0.1005318810874367,0.5040497096081101,0.6459440320551431,0.5915181873730208
google__benzene__gcn__seed42,google,benzene,gcn,42,gradinput,P01_checkpoint_rerun,exact_integer,0.1,48,1000,999,0.0924333333333334,0.0933399933399934,0.1005318810874367,0.5040497096081101,0.6459440320551431,0.5915181873730208
google__benzene__gcn__seed42,google,benzene,gcn,42,gradinput,P01_checkpoint_rerun,machine,0.2,37,1000,999,0.1828652777777776,0.183681596181596,0.1934198086975864,0.3942956357846952,0.7220915359804244,0.6039205540280531
google__benzene__gcn__seed42,google,benzene,gcn,42,gradinput,P01_checkpoint_rerun,exact_integer,0.2,37,1000,999,0.1828652777777776,0.183681596181596,0.1934198086975864,0.3942956357846952,0.7220915359804244,0.6039205540280531
google__benzene__gcn__seed42,google,benzene,gcn,42,atom_occlusion,P20_frozen_cache,machine,0.05,53,1000,999,0.0410763888888888,0.0420343545343545,0.0460434640990196,0.5567606723247545,0.6255483727705933,0.5981134359402327
google__benzene__gcn__seed42,google,benzene,gcn,42,atom_occlusion,P20_frozen_cache,exact_integer,0.05,53,1000,999,0.0410763888888888,0.0420343545343545,0.0460434640990196,0.5567606723247545,0.6255483727705933,0.5981134359402327
google__benzene__gcn__seed42,google,benzene,gcn,42,atom_occlusion,P20_frozen_cache,machine,0.1,43,1000,999,0.0945555555555556,0.0954600954600955,0.1044818628151962,0.4519840668121395,0.7060484727151406,0.6354303663342202
google__benzene__gcn__seed42,google,benzene,gcn,42,atom_occlusion,P20_frozen_cache,exact_integer,0.1,43,1000,999,0.0945555555555556,0.0954600954600955,0.1044818628151962,0.4519840668121395,0.7060484727151406,0.6354303663342202
google__benzene__gcn__seed42,google,benzene,gcn,42,atom_occlusion,P20_frozen_cache,machine,0.2,32,1000,999,0.1931874999999998,0.1939935064935063,0.2068906207795092,0.3418607066774147,0.7988702988702997,0.6521868467688898
google__benzene__gcn__seed42,google,benzene,gcn,42,atom_occlusion,P20_frozen_cache,exact_integer,0.2,32,1000,999,0.1931874999999998,0.1939935064935063,0.2068906207795092,0.3418607066774147,0.7988702988702997,0.6521868467688898
google__benzene__gcn__seed42,google,benzene,gcn,42,saliency,P20_frozen_cache,machine,0.05,51,1000,999,0.0409916666666666,0.0419497169497169,0.0457989735767513,0.5344928656068199,0.6515429682096332,0.621595882053397
google__benzene__gcn__seed42,google,benzene,gcn,42,saliency,P20_frozen_cache,exact_integer,0.05,51,1000,999,0.0409916666666666,0.0419497169497169,0.0457989735767513,0.5344928656068199,0.6515429682096332,0.621595882053397
google__benzene__gcn__seed42,google,benzene,gcn,42,saliency,P20_frozen_cache,machine,0.1,41,1000,999,0.0989430555555555,0.0998432123432123,0.109021918744141,0.435648403417655,0.7308726475393158,0.6536376755847033
google__benzene__gcn__seed42,google,benzene,gcn,42,saliency,P20_frozen_cache,exact_integer,0.1,41,1000,999,0.0989430555555555,0.0998432123432123,0.109021918744141,0.435648403417655,0.7308726475393158,0.6536376755847033
google__benzene__gcn__seed42,google,benzene,gcn,42,saliency,P20_frozen_cache,machine,0.2,32,1000,999,0.1913069444444445,0.1921148296148296,0.2033467991801326,0.3418607066774147,0.8112183612183611,0.6618701668409259
google__benzene__gcn__seed42,google,benzene,gcn,42,saliency,P20_frozen_cache,exact_integer,0.2,32,1000,999,0.1913069444444445,0.1921148296148296,0.2033467991801326,0.3418607066774147,0.8112183612183611,0.6618701668409259
google__benzene__gin__seed123,google,benzene,gin,123,ig,P01_checkpoint_rerun,machine,0.05,63,1000,999,0.0467305555555555,0.0476828726828727,0.0530546419435308,0.6521748673581547,0.533079684468573,0.5123303657918371
google__benzene__gin__seed123,google,benzene,gin,123,ig,P01_checkpoint_rerun,exact_integer,0.05,63,1000,999,0.0467305555555555,0.0476828726828727,0.0530546419435308,0.6521748673581547,0.533079684468573,0.5123303657918371
google__benzene__gin__seed123,google,benzene,gin,123,ig,P01_checkpoint_rerun,machine,0.1,51,1000,999,0.0943625,0.0952672327672327,0.1002665363776474,0.5344928656068199,0.6092161703272798,0.5605841587523729
google__benzene__gin__seed123,google,benzene,gin,123,ig,P01_checkpoint_rerun,exact_integer,0.1,51,1000,999,0.0943625,0.0952672327672327,0.1002665363776474,0.5344928656068199,0.6092161703272798,0.5605841587523729
google__benzene__gin__seed123,google,benzene,gin,123,ig,P01_checkpoint_rerun,machine,0.2,38,1000,999,0.1985319444444441,0.1993326118326115,0.1992945326278659,0.4033880615437886,0.6981938287493848,0.5853471949705193
google__benzene__gin__seed123,google,benzene,gin,123,ig,P01_checkpoint_rerun,exact_integer,0.2,38,1000,999,0.1985319444444441,0.1993326118326115,0.1992945326278659,0.4033880615437886,0.6981938287493848,0.5853471949705193
google__benzene__gin__seed123,google,benzene,gin,123,gradinput,P01_checkpoint_rerun,machine,0.05,96,1000,999,0.0203263888888888,0.0213050838050838,0.018115337559782,0.9920720720720744,0.3698031303036457,0.3677827766166251
google__benzene__gin__seed123,google,benzene,gin,123,gradinput,P01_checkpoint_rerun,exact_integer,0.05,96,1000,999,0.0203263888888888,0.0213050838050838,0.018115337559782,0.9920720720720744,0.3698031303036457,0.3677827766166251
google__benzene__gin__seed123,google,benzene,gin,123,gradinput,P01_checkpoint_rerun,machine,0.1,94,1000,999,0.0978111111111112,0.0987123987123988,0.0944192208081097,0.9575645508922064,0.3556615195535852,0.3441903036186682
google__benzene__gin__seed123,google,benzene,gin,123,gradinput,P01_checkpoint_rerun,exact_integer,0.1,94,1000,999,0.0978111111111112,0.0987123987123988,0.0944192208081097,0.9575645508922064,0.3556615195535852,0.3441903036186682
google__benzene__gin__seed123,google,benzene,gin,123,gradinput,P01_checkpoint_rerun,machine,0.2,89,1000,999,0.1811555555555553,0.1819735819735817,0.1750850056405609,0.9150522543219292,0.3415831331224834,0.321059495362527
google__benzene__gin__seed123,google,benzene,gin,123,gradinput,P01_checkpoint_rerun,exact_integer,0.2,89,1000,999,0.1811555555555553,0.1819735819735817,0.1750850056405609,0.9150522543219292,0.3415831331224834,0.321059495362527
google__benzene__gin__seed123,google,benzene,gin,123,atom_occlusion,P20_frozen_cache,machine,0.05,46,1000,999,0.0457347222222222,0.0466880341880342,0.0489354433798878,0.4881133625549646,0.7064147480814134,0.6666733157015229
google__benzene__gin__seed123,google,benzene,gin,123,atom_occlusion,P20_frozen_cache,exact_integer,0.05,46,1000,999,0.0457347222222222,0.0466880341880342,0.0489354433798878,0.4881133625549646,0.7064147480814134,0.6666733157015229
google__benzene__gin__seed123,google,benzene,gin,123,atom_occlusion,P20_frozen_cache,machine,0.1,38,1000,999,0.0952236111111112,0.0961274836274837,0.1026818485151819,0.4033880615437886,0.786360964138743,0.6968799356871269
google__benzene__gin__seed123,google,benzene,gin,123,atom_occlusion,P20_frozen_cache,exact_integer,0.1,38,1000,999,0.0952236111111112,0.0961274836274837,0.1026818485151819,0.4033880615437886,0.786360964138743,0.6968799356871269
google__benzene__gin__seed123,google,benzene,gin,123,atom_occlusion,P20_frozen_cache,machine,0.2,26,1000,999,0.1988694444444441,0.1996697746697743,0.2150489775489772,0.2807210548074433,0.9454168454168476,0.7460025081757121
google__benzene__gin__seed123,google,benzene,gin,123,atom_occlusion,P20_frozen_cache,exact_integer,0.2,26,1000,999,0.1988694444444441,0.1996697746697743,0.2150489775489772,0.2807210548074433,0.9454168454168476,0.7460025081757121
google__benzene__gin__seed123,google,benzene,gin,123,saliency,P20_frozen_cache,machine,0.05,51,1000,999,0.0489999999999999,0.0499500499500499,0.0560383796494907,0.5344928656068199,0.642057342057341,0.6078130534700875
google__benzene__gin__seed123,google,benzene,gin,123,saliency,P20_frozen_cache,exact_integer,0.05,51,1000,999,0.0489999999999999,0.0499500499500499,0.0560383796494907,0.5344928656068199,0.642057342057341,0.6078130534700875
google__benzene__gin__seed123,google,benzene,gin,123,saliency,P20_frozen_cache,machine,0.1,44,1000,999,0.0949625,0.0958666333666334,0.1009187759187759,0.4599267921461687,0.6988109321442654,0.6316989645679012
google__benzene__gin__seed123,google,benzene,gin,123,saliency,P20_frozen_cache,exact_integer,0.1,44,1000,999,0.0949625,0.0958666333666334,0.1009187759187759,0.4599267921461687,0.6988109321442654,0.6316989645679012
google__benzene__gin__seed123,google,benzene,gin,123,saliency,P20_frozen_cache,machine,0.2,33,1000,999,0.1927055555555554,0.1935120435120434,0.2015005084449527,0.3497886346053451,0.7913163163163162,0.6514807497693628
google__benzene__gin__seed123,google,benzene,gin,123,saliency,P20_frozen_cache,exact_integer,0.2,33,1000,999,0.1927055555555554,0.1935120435120434,0.2015005084449527,0.3497886346053451,0.7913163163163162,0.6514807497693628
google__benzene__gin__seed2026,google,benzene,gin,2026,ig,P01_checkpoint_rerun,machine,0.05,85,1000,999,0.0425458333333333,0.0435023310023309,0.0423737229292785,0.8725548384855013,0.4060869603654259,0.3965961601707399
google__benzene__gin__seed2026,google,benzene,gin,2026,ig,P01_checkpoint_rerun,exact_integer,0.05,85,1000,999,0.0425458333333333,0.0435023310023309,0.0423737229292785,0.8725548384855013,0.4060869603654259,0.3965961601707399
google__benzene__gin__seed2026,google,benzene,gin,2026,ig,P01_checkpoint_rerun,machine,0.1,79,1000,999,0.0910291666666668,0.0919372294372295,0.0940527829416719,0.81099448358613,0.4108993741002686,0.3906316415029649
google__benzene__gin__seed2026,google,benzene,gin,2026,ig,P01_checkpoint_rerun,exact_integer,0.1,79,1000,999,0.0910291666666668,0.0919372294372295,0.0940527829416719,0.81099448358613,0.4108993741002686,0.3906316415029649
google__benzene__gin__seed2026,google,benzene,gin,2026,ig,P01_checkpoint_rerun,machine,0.2,69,1000,999,0.1931861111111107,0.1939921189921185,0.2000450847673067,0.7147563066119519,0.4088788713788712,0.3665785989565922
google__benzene__gin__seed2026,google,benzene,gin,2026,ig,P01_checkpoint_rerun,exact_integer,0.2,69,1000,999,0.1931861111111107,0.1939921189921185,0.2000450847673067,0.7147563066119519,0.4088788713788712,0.3665785989565922
google__benzene__gin__seed2026,google,benzene,gin,2026,gradinput,P01_checkpoint_rerun,machine,0.05,88,1000,999,0.0463875,0.0473401598401598,0.0468567774123329,0.9031661198214174,0.3917488561924407,0.3831664190894153
google__benzene__gin__seed2026,google,benzene,gin,2026,gradinput,P01_checkpoint_rerun,exact_integer,0.05,88,1000,999,0.0463875,0.0473401598401598,0.0468567774123329,0.9031661198214174,0.3917488561924407,0.3831664190894153
google__benzene__gin__seed2026,google,benzene,gin,2026,gradinput,P01_checkpoint_rerun,machine,0.1,81,1000,999,0.0880680555555555,0.0889790764790764,0.0855921397588064,0.8355199614449497,0.4047899542223586,0.3886890450533306
google__benzene__gin__seed2026,google,benzene,gin,2026,gradinput,P01_checkpoint_rerun,exact_integer,0.1,81,1000,999,0.0880680555555555,0.0889790764790764,0.0855921397588064,0.8355199614449497,0.4047899542223586,0.3886890450533306
google__benzene__gin__seed2026,google,benzene,gin,2026,gradinput,P01_checkpoint_rerun,machine,0.2,67,1000,999,0.1935194444444445,0.1943251193251194,0.1830227052449274,0.696681868537507,0.4303151840733543,0.3917821574108497
google__benzene__gin__seed2026,google,benzene,gin,2026,gradinput,P01_checkpoint_rerun,exact_integer,0.2,67,1000,999,0.1935194444444445,0.1943251193251194,0.1830227052449274,0.696681868537507,0.4303151840733543,0.3917821574108497
google__benzene__gin__seed2026,google,benzene,gin,2026,atom_occlusion,P20_frozen_cache,machine,0.05,57,1000,999,0.0488652777777778,0.0498154623154623,0.0562097812097812,0.594486436330712,0.5780064668953566,0.5507560799184469
google__benzene__gin__seed2026,google,benzene,gin,2026,atom_occlusion,P20_frozen_cache,exact_integer,0.05,57,1000,999,0.0488652777777778,0.0498154623154623,0.0562097812097812,0.594486436330712,0.5780064668953566,0.5507560799184469
google__benzene__gin__seed2026,google,benzene,gin,2026,atom_occlusion,P20_frozen_cache,machine,0.1,46,1000,999,0.0972194444444445,0.0981213231213231,0.1054721388054721,0.4881133625549646,0.6550172105727662,0.5962660861826673
google__benzene__gin__seed2026,google,benzene,gin,2026,atom_occlusion,P20_frozen_cache,exact_integer,0.1,46,1000,999,0.0972194444444445,0.0981213231213231,0.1054721388054721,0.4881133625549646,0.6550172105727662,0.5962660861826673
google__benzene__gin__seed2026,google,benzene,gin,2026,atom_occlusion,P20_frozen_cache,machine,0.2,34,1000,999,0.1876694444444442,0.1884809634809633,0.1946132640577085,0.3654296724686067,0.7629343629343633,0.6373431819424248
google__benzene__gin__seed2026,google,benzene,gin,2026,atom_occlusion,P20_frozen_cache,exact_integer,0.2,34,1000,999,0.1876694444444442,0.1884809634809633,0.1946132640577085,0.3654296724686067,0.7629343629343633,0.6373431819424248
google__benzene__gin__seed2026,google,benzene,gin,2026,saliency,P20_frozen_cache,machine,0.05,71,1000,999,0.0484916666666666,0.0494422244422244,0.0509348634348634,0.7345822575546977,0.4761722461068852,0.4610249198075042
google__benzene__gin__seed2026,google,benzene,gin,2026,saliency,P20_frozen_cache,exact_integer,0.05,71,1000,999,0.0484916666666666,0.0494422244422244,0.0509348634348634,0.7345822575546977,0.4761722461068852,0.4610249198075042
google__benzene__gin__seed2026,google,benzene,gin,2026,saliency,P20_frozen_cache,machine,0.1,61,1000,999,0.09045,0.0913586413586414,0.0937868423979534,0.6361218790829436,0.5208344958344953,0.4898643249026871
google__benzene__gin__seed2026,google,benzene,gin,2026,saliency,P20_frozen_cache,exact_integer,0.1,61,1000,999,0.09045,0.0913586413586414,0.0937868423979534,0.6361218790829436,0.5208344958344953,0.4898643249026871
google__benzene__gin__seed2026,google,benzene,gin,2026,saliency,P20_frozen_cache,machine,0.2,46,1000,999,0.197361111111111,0.198162948162948,0.2011863053529717,0.4881133625549646,0.586204855649301,0.5074037433815572
google__benzene__gin__seed2026,google,benzene,gin,2026,saliency,P20_frozen_cache,exact_integer,0.2,46,1000,999,0.197361111111111,0.198162948162948,0.2011863053529717,0.4881133625549646,0.586204855649301,0.5074037433815572
google__benzene__gin__seed42,google,benzene,gin,42,ig,P01_checkpoint_rerun,machine,0.05,84,1000,999,0.0483847222222222,0.0493353868353868,0.0523602968047412,0.8611619070925718,0.4090239749854472,0.3995420758063406
google__benzene__gin__seed42,google,benzene,gin,42,ig,P01_checkpoint_rerun,exact_integer,0.05,84,1000,999,0.0483847222222222,0.0493353868353868,0.0523602968047412,0.8611619070925718,0.4090239749854472,0.3995420758063406
google__benzene__gin__seed42,google,benzene,gin,42,ig,P01_checkpoint_rerun,machine,0.1,73,1000,999,0.0954083333333334,0.0963120213120213,0.1022534439201105,0.7551707536987448,0.4382200548781224,0.4161341291619044
google__benzene__gin__seed42,google,benzene,gin,42,ig,P01_checkpoint_rerun,exact_integer,0.1,73,1000,999,0.0954083333333334,0.0963120213120213,0.1022534439201105,0.7551707536987448,0.4382200548781224,0.4161341291619044
google__benzene__gin__seed42,google,benzene,gin,42,ig,P01_checkpoint_rerun,machine,0.2,58,1000,999,0.1959763888888888,0.1967796092796092,0.2010250329694772,0.6016364434807195,0.4795775212441872,0.4259659146435445
google__benzene__gin__seed42,google,benzene,gin,42,ig,P01_checkpoint_rerun,exact_integer,0.2,58,1000,999,0.1959763888888888,0.1967796092796092,0.2010250329694772,0.6016364434807195,0.4795775212441872,0.4259659146435445
google__benzene__gin__seed42,google,benzene,gin,42,gradinput,P01_checkpoint_rerun,machine,0.05,92,1000,999,0.0401708333333333,0.0411297036297036,0.0437252728919395,0.9461096527706362,0.3761486369120116,0.3691062629325595
google__benzene__gin__seed42,google,benzene,gin,42,gradinput,P01_checkpoint_rerun,exact_integer,0.05,92,1000,999,0.0401708333333333,0.0411297036297036,0.0437252728919395,0.9461096527706362,0.3761486369120116,0.3691062629325595
google__benzene__gin__seed42,google,benzene,gin,42,gradinput,P01_checkpoint_rerun,machine,0.1,83,1000,999,0.0983347222222222,0.0992354867354868,0.1092832912277356,0.8503733407484515,0.3884930443065985,0.3711982206605765
google__benzene__gin__seed42,google,benzene,gin,42,gradinput,P01_checkpoint_rerun,exact_integer,0.1,83,1000,999,0.0983347222222222,0.0992354867354868,0.1092832912277356,0.8503733407484515,0.3884930443065985,0.3711982206605765
google__benzene__gin__seed42,google,benzene,gin,42,gradinput,P01_checkpoint_rerun,machine,0.2,59,1000,999,0.1961611111111109,0.1969641469641467,0.2088270810493033,0.6108220997251989,0.4729567062900386,0.4281939269749799
google__benzene__gin__seed42,google,benzene,gin,42,gradinput,P01_checkpoint_rerun,exact_integer,0.2,59,1000,999,0.1961611111111109,0.1969641469641467,0.2088270810493033,0.6108220997251989,0.4729567062900386,0.4281939269749799
google__benzene__gin__seed42,google,benzene,gin,42,atom_occlusion,P20_frozen_cache,machine,0.05,51,1000,999,0.0458680555555555,0.0468212343212343,0.052259600870712,0.5344928656068199,0.6430270708048472,0.6087252357729537
google__benzene__gin__seed42,google,benzene,gin,42,atom_occlusion,P20_frozen_cache,exact_integer,0.05,51,1000,999,0.0458680555555555,0.0468212343212343,0.052259600870712,0.5344928656068199,0.6430270708048472,0.6087252357729537
google__benzene__gin__seed42,google,benzene,gin,42,atom_occlusion,P20_frozen_cache,machine,0.1,41,1000,999,0.0947222222222222,0.0956265956265956,0.1052320177320176,0.435648403417655,0.7273319134430265,0.6503162354813574
google__benzene__gin__seed42,google,benzene,gin,42,atom_occlusion,P20_frozen_cache,exact_integer,0.1,41,1000,999,0.0947222222222222,0.0956265956265956,0.1052320177320176,0.435648403417655,0.7273319134430265,0.6503162354813574
google__benzene__gin__seed42,google,benzene,gin,42,atom_occlusion,P20_frozen_cache,machine,0.2,29,1000,999,0.1956819444444441,0.1964854589854587,0.2087603476492363,0.31188824558816,0.8641498641498663,0.6965231112375931
google__benzene__gin__seed42,google,benzene,gin,42,atom_occlusion,P20_frozen_cache,exact_integer,0.2,29,1000,999,0.1956819444444441,0.1964854589854587,0.2087603476492363,0.31188824558816,0.8641498641498663,0.6965231112375931
google__benzene__gin__seed42,google,benzene,gin,42,saliency,P20_frozen_cache,machine,0.05,51,1000,999,0.0460166666666666,0.0469696969696969,0.0469542955654066,0.5344928656068199,0.6503964698409125,0.6200110003773559
google__benzene__gin__seed42,google,benzene,gin,42,saliency,P20_frozen_cache,exact_integer,0.05,51,1000,999,0.0460166666666666,0.0469696969696969,0.0469542955654066,0.5344928656068199,0.6503964698409125,0.6200110003773559
google__benzene__gin__seed42,google,benzene,gin,42,saliency,P20_frozen_cache,machine,0.1,42,1000,999,0.0930930555555555,0.0939990564990564,0.0984266012043789,0.4448340596621328,0.7256817423484094,0.6551166317635186
google__benzene__gin__seed42,google,benzene,gin,42,saliency,P20_frozen_cache,exact_integer,0.1,42,1000,999,0.0930930555555555,0.0939990564990564,0.0984266012043789,0.4448340596621328,0.7256817423484094,0.6551166317635186
google__benzene__gin__seed42,google,benzene,gin,42,saliency,P20_frozen_cache,machine,0.2,31,1000,999,0.1952236111111112,0.1960275835275836,0.1974476460587573,0.3317141965309036,0.8382275132275141,0.6843241256252939
google__benzene__gin__seed42,google,benzene,gin,42,saliency,P20_frozen_cache,exact_integer,0.2,31,1000,999,0.1952236111111112,0.1960275835275836,0.1974476460587573,0.3317141965309036,0.8382275132275141,0.6843241256252939
google__logic10__gcn__seed123,google,logic10,gcn,123,ig,P01_checkpoint_rerun,machine,0.05,77,192,112,0.0445177405655346,0.0494684258475784,0.0538800856881213,0.793503514240944,0.5902212720752636,0.5724684393218089
google__logic10__gcn__seed123,google,logic10,gcn,123,ig,P01_checkpoint_rerun,exact_integer,0.05,77,192,112,0.0445177405655346,0.0494684258475784,0.0538800856881213,0.793503514240944,0.5902212720752636,0.5724684393218089
google__logic10__gcn__seed123,google,logic10,gcn,123,ig,P01_checkpoint_rerun,machine,0.1,67,192,112,0.0886992866542498,0.0934210520083728,0.1019980763284333,0.697749768200515,0.6353337386819531,0.5941403825055968
google__logic10__gcn__seed123,google,logic10,gcn,123,ig,P01_checkpoint_rerun,exact_integer,0.1,67,192,112,0.0886992866542498,0.0934210520083728,0.1019980763284333,0.697749768200515,0.6353337386819531,0.5941403825055968
google__logic10__gcn__seed123,google,logic10,gcn,123,ig,P01_checkpoint_rerun,machine,0.2,53,192,112,0.1876520257724305,0.1918610826337133,0.1983454789258362,0.5587607636297948,0.7055876663019519,0.6059682087317814
google__logic10__gcn__seed123,google,logic10,gcn,123,ig,P01_checkpoint_rerun,exact_integer,0.2,53,192,112,0.1876520257724305,0.1918610826337133,0.1983454789258362,0.5587607636297948,0.7055876663019519,0.6059682087317814
google__logic10__gcn__seed123,google,logic10,gcn,123,gradinput,P01_checkpoint_rerun,machine,0.05,89,192,112,0.0393831377976598,0.0443604272391227,0.0489378924646781,0.9140376849550448,0.5157499820613753,0.5038079550598805
google__logic10__gcn__seed123,google,logic10,gcn,123,gradinput,P01_checkpoint_rerun,exact_integer,0.05,89,192,112,0.0393831377976598,0.0443604272391227,0.0489378924646781,0.9140376849550448,0.5157499820613753,0.5038079550598805
google__logic10__gcn__seed123,google,logic10,gcn,123,gradinput,P01_checkpoint_rerun,machine,0.1,81,192,112,0.0833414003106097,0.0880909267338707,0.0879145408163264,0.8360362351772489,0.5402046877209967,0.5145585950287873
google__logic10__gcn__seed123,google,logic10,gcn,123,gradinput,P01_checkpoint_rerun,exact_integer,0.1,81,192,112,0.0833414003106097,0.0880909267338707,0.0879145408163264,0.8360362351772489,0.5402046877209967,0.5145585950287873
google__logic10__gcn__seed123,google,logic10,gcn,123,gradinput,P01_checkpoint_rerun,machine,0.2,64,192,112,0.1932346983932462,0.1974148294896542,0.1976271868012939,0.662685584918506,0.5977584667316809,0.5245299924963237
google__logic10__gcn__seed123,google,logic10,gcn,123,gradinput,P01_checkpoint_rerun,exact_integer,0.2,64,192,112,0.1932346983932462,0.1974148294896542,0.1976271868012939,0.662685584918506,0.5977584667316809,0.5245299924963237
google__logic10__gcn__seed123,google,logic10,gcn,123,atom_occlusion,P20_frozen_cache,machine,0.05,71,192,112,0.04403403437181,0.0489872259035623,0.0565786891679748,0.7360773214928387,0.6320334143272694,0.608292239458966
google__logic10__gcn__seed123,google,logic10,gcn,123,atom_occlusion,P20_frozen_cache,exact_integer,0.05,71,192,112,0.04403403437181,0.0489872259035623,0.0565786891679748,0.7360773214928387,0.6320334143272694,0.608292239458966
google__logic10__gcn__seed123,google,logic10,gcn,123,atom_occlusion,P20_frozen_cache,machine,0.1,61,192,112,0.0949688872368099,0.0996581676138212,0.1109928761714475,0.6349217897381224,0.6878640456765455,0.6321691545437951
google__logic10__gcn__seed123,google,logic10,gcn,123,atom_occlusion,P20_frozen_cache,exact_integer,0.1,61,192,112,0.0949688872368099,0.0996581676138212,0.1109928761714475,0.6349217897381224,0.6878640456765455,0.6321691545437951
google__logic10__gcn__seed123,google,logic10,gcn,123,atom_occlusion,P20_frozen_cache,machine,0.2,48,192,112,0.1933363464728356,0.1975159508952562,0.2081321580205509,0.5078102380716413,0.7603908987837558,0.6377257859728973
google__logic10__gcn__seed123,google,logic10,gcn,123,atom_occlusion,P20_frozen_cache,exact_integer,0.2,48,192,112,0.1933363464728356,0.1975159508952562,0.2081321580205509,0.5078102380716413,0.7603908987837558,0.6377257859728973
google__logic10__gcn__seed123,google,logic10,gcn,123,saliency,P20_frozen_cache,machine,0.05,95,192,112,0.0405423663006383,0.0455136493768008,0.030520260989011,0.9664182278642678,0.4967968410460309,0.4902400631965512
google__logic10__gcn__seed123,google,logic10,gcn,123,saliency,P20_frozen_cache,exact_integer,0.05,95,192,112,0.0405423663006383,0.0455136493768008,0.030520260989011,0.9664182278642678,0.4967968410460309,0.4902400631965512
google__logic10__gcn__seed123,google,logic10,gcn,123,saliency,P20_frozen_cache,machine,0.1,86,192,112,0.0926058431458246,0.0973073672746027,0.0862437042124541,0.8837175299661713,0.511676331640189,0.4893945596029642
google__logic10__gcn__seed123,google,logic10,gcn,123,saliency,P20_frozen_cache,exact_integer,0.1,86,192,112,0.0926058431458246,0.0973073672746027,0.0862437042124541,0.8837175299661713,0.511676331640189,0.4893945596029642
google__logic10__gcn__seed123,google,logic10,gcn,123,saliency,P20_frozen_cache,machine,0.2,72,192,112,0.1954989540007923,0.1996673532028607,0.1777682882593596,0.7424548725132468,0.5470227616104716,0.4930890864044059
google__logic10__gcn__seed123,google,logic10,gcn,123,saliency,P20_frozen_cache,exact_integer,0.2,72,192,112,0.1954989540007923,0.1996673532028607,0.1777682882593596,0.7424548725132468,0.5470227616104716,0.4930890864044059
google__logic10__gcn__seed2026,google,logic10,gcn,2026,ig,P01_checkpoint_rerun,machine,0.05,95,192,112,0.0413691436899156,0.0463361429454083,0.0424103054683411,0.9664182278642678,0.49098782784745,0.4819260531219578
google__logic10__gcn__seed2026,google,logic10,gcn,2026,ig,P01_checkpoint_rerun,exact_integer,0.05,95,192,112,0.0413691436899156,0.0463361429454083,0.0424103054683411,0.9664182278642678,0.49098782784745,0.4819260531219578
google__logic10__gcn__seed2026,google,logic10,gcn,2026,ig,P01_checkpoint_rerun,machine,0.1,89,192,112,0.091920099491331,0.0966251766960391,0.0917081430474286,0.9140376849550448,0.4927292159139211,0.4706043278588791
google__logic10__gcn__seed2026,google,logic10,gcn,2026,ig,P01_checkpoint_rerun,exact_integer,0.1,89,192,112,0.091920099491331,0.0966251766960391,0.0917081430474286,0.9140376849550448,0.4927292159139211,0.4706043278588791
google__logic10__gcn__seed2026,google,logic10,gcn,2026,ig,P01_checkpoint_rerun,machine,0.2,64,192,112,0.1890331006139834,0.1932350016470715,0.1930727754388468,0.662685584918506,0.6016518575670361,0.5292375857609024
google__logic10__gcn__seed2026,google,logic10,gcn,2026,ig,P01_checkpoint_rerun,exact_integer,0.2,64,192,112,0.1890331006139834,0.1932350016470715,0.1930727754388468,0.662685584918506,0.6016518575670361,0.5292375857609024
google__logic10__gcn__seed2026,google,logic10,gcn,2026,gradinput,P01_checkpoint_rerun,machine,0.05,88,192,112,0.0441598446998262,0.049112384364594,0.0473381900837257,0.9043177969998624,0.5219646399306256,0.5100231231533298
google__logic10__gcn__seed2026,google,logic10,gcn,2026,gradinput,P01_checkpoint_rerun,exact_integer,0.05,88,192,112,0.0441598446998262,0.049112384364594,0.0473381900837257,0.9043177969998624,0.5219646399306256,0.5100231231533298
google__logic10__gcn__seed2026,google,logic10,gcn,2026,gradinput,P01_checkpoint_rerun,machine,0.1,80,192,112,0.0911144402642563,0.0958236918691047,0.0974240417320773,0.8213806229323505,0.5442948819127086,0.5164096487954156
google__logic10__gcn__seed2026,google,logic10,gcn,2026,gradinput,P01_checkpoint_rerun,exact_integer,0.1,80,192,112,0.0911144402642563,0.0958236918691047,0.0974240417320773,0.8213806229323505,0.5442948819127086,0.5164096487954156
google__logic10__gcn__seed2026,google,logic10,gcn,2026,gradinput,P01_checkpoint_rerun,machine,0.2,63,192,112,0.1931805713859944,0.1973609829332172,0.1937581391822462,0.6531162069280753,0.6090633572776428,0.5330984108540361
google__logic10__gcn__seed2026,google,logic10,gcn,2026,gradinput,P01_checkpoint_rerun,exact_integer,0.2,63,192,112,0.1931805713859944,0.1973609829332172,0.1937581391822462,0.6531162069280753,0.6090633572776428,0.5330984108540361
google__logic10__gcn__seed2026,google,logic10,gcn,2026,atom_occlusion,P20_frozen_cache,machine,0.05,69,192,112,0.0430835474608452,0.0480416637952449,0.0500696847795061,0.7136361104766599,0.6564368856516966,0.6338840077268179
google__logic10__gcn__seed2026,google,logic10,gcn,2026,atom_occlusion,P20_frozen_cache,exact_integer,0.05,69,192,112,0.0430835474608452,0.0480416637952449,0.0500696847795061,0.7136361104766599,0.6564368856516966,0.6338840077268179
google__logic10__gcn__seed2026,google,logic10,gcn,2026,atom_occlusion,P20_frozen_cache,machine,0.1,58,192,112,0.092408322716227,0.0971108702669201,0.1034951655487368,0.6043412180825836,0.7276448501894928,0.6720450126437518
google__logic10__gcn__seed2026,google,logic10,gcn,2026,atom_occlusion,P20_frozen_cache,exact_integer,0.1,58,192,112,0.092408322716227,0.0971108702669201,0.1034951655487368,0.6043412180825836,0.7276448501894928,0.6720450126437518
google__logic10__gcn__seed2026,google,logic10,gcn,2026,atom_occlusion,P20_frozen_cache,machine,0.2,46,192,112,0.1918662670730688,0.196053488487198,0.1902979089363018,0.4875469047855013,0.8099025974025972,0.6822291810080676
google__logic10__gcn__seed2026,google,logic10,gcn,2026,atom_occlusion,P20_frozen_cache,exact_integer,0.2,46,192,112,0.1918662670730688,0.196053488487198,0.1902979089363018,0.4875469047855013,0.8099025974025972,0.6822291810080676
google__logic10__gcn__seed2026,google,logic10,gcn,2026,saliency,P20_frozen_cache,machine,0.05,92,192,112,0.0388762661970382,0.0438561819162245,0.0377918956043956,0.94767584806822,0.5028825369590714,0.4935628770298823
google__logic10__gcn__seed2026,google,logic10,gcn,2026,saliency,P20_frozen_cache,exact_integer,0.05,92,192,112,0.0388762661970382,0.0438561819162245,0.0377918956043956,0.94767584806822,0.5028825369590714,0.4935628770298823
google__logic10__gcn__seed2026,google,logic10,gcn,2026,saliency,P20_frozen_cache,machine,0.1,85,192,112,0.0893756242906058,0.0940938853046441,0.0833533653846153,0.8724292646600486,0.5202208420250077,0.4989330033993083
google__logic10__gcn__seed2026,google,logic10,gcn,2026,saliency,P20_frozen_cache,exact_integer,0.1,85,192,112,0.0893756242906058,0.0940938853046441,0.0833533653846153,0.8724292646600486,0.5202208420250077,0.4989330033993083
google__logic10__gcn__seed2026,google,logic10,gcn,2026,saliency,P20_frozen_cache,machine,0.2,70,192,112,0.1922158222020355,0.1964012324496933,0.1669152276295133,0.7269080287757517,0.5655945150496094,0.5114072214030538
google__logic10__gcn__seed2026,google,logic10,gcn,2026,saliency,P20_frozen_cache,exact_integer,0.2,70,192,112,0.1930430280843884,0.197224152291205,0.1719851576994433,0.7219973144900377,0.5657645830768203,0.5095994697936382
google__logic10__gcn__seed42,google,logic10,gcn,42,ig,P01_checkpoint_rerun,machine,0.05,73,192,112,0.041341874866691,0.0463090154114231,0.0562743060510917,0.7549440500024239,0.6172332726260058,0.5960252613344444
google__logic10__gcn__seed42,google,logic10,gcn,42,ig,P01_checkpoint_rerun,exact_integer,0.05,73,192,112,0.041341874866691,0.0463090154114231,0.0562743060510917,0.7549440500024239,0.6172332726260058,0.5960252613344444
google__logic10__gcn__seed42,google,logic10,gcn,42,ig,P01_checkpoint_rerun,machine,0.1,63,192,112,0.0952079566165043,0.0998959982920665,0.1044853212263925,0.6531162069280753,0.674796074461253,0.6267632635804905
google__logic10__gcn__seed42,google,logic10,gcn,42,ig,P01_checkpoint_rerun,exact_integer,0.1,63,192,112,0.0952079566165043,0.0998959982920665,0.1044853212263925,0.6531162069280753,0.674796074461253,0.6267632635804905
google__logic10__gcn__seed42,google,logic10,gcn,42,ig,P01_checkpoint_rerun,machine,0.2,53,192,112,0.183116587252617,0.1873491437953495,0.1958901217829791,0.5587607636297948,0.7054808534719248,0.60424860576515
google__logic10__gcn__seed42,google,logic10,gcn,42,ig,P01_checkpoint_rerun,exact_integer,0.2,53,192,112,0.183116587252617,0.1873491437953495,0.1958901217829791,0.5587607636297948,0.7054808534719248,0.60424860576515
google__logic10__gcn__seed42,google,logic10,gcn,42,gradinput,P01_checkpoint_rerun,machine,0.05,83,192,112,0.0429412044416639,0.0479000583046605,0.0395776098901098,0.8516688901661219,0.5581794385417645,0.5467394074854822
google__logic10__gcn__seed42,google,logic10,gcn,42,gradinput,P01_checkpoint_rerun,exact_integer,0.05,83,192,112,0.0429412044416639,0.0479000583046605,0.0395776098901098,0.8516688901661219,0.5581794385417645,0.5467394074854822
google__logic10__gcn__seed42,google,logic10,gcn,42,gradinput,P01_checkpoint_rerun,machine,0.1,73,192,112,0.0951479646102806,0.0998363171252533,0.0786912120617477,0.7549440500024239,0.6029725607501621,0.5747828558410851
google__logic10__gcn__seed42,google,logic10,gcn,42,gradinput,P01_checkpoint_rerun,exact_integer,0.1,73,192,112,0.0951479646102806,0.0998363171252533,0.0786912120617477,0.7549440500024239,0.6029725607501621,0.5747828558410851
google__logic10__gcn__seed42,google,logic10,gcn,42,gradinput,P01_checkpoint_rerun,machine,0.2,56,192,112,0.1945030408725262,0.1986766002462437,0.17849330728795,0.584602734159266,0.6918954805115519,0.6030933935345697
google__logic10__gcn__seed42,google,logic10,gcn,42,gradinput,P01_checkpoint_rerun,exact_integer,0.2,57,192,112,0.1903363742058596,0.1945315225260365,0.1695647358593786,0.5932644189418744,0.6894371253746252,0.6054393297237306
google__logic10__gcn__seed42,google,logic10,gcn,42,atom_occlusion,P20_frozen_cache,machine,0.05,73,192,112,0.0408751923457805,0.0458447509346625,0.0365065737833595,0.7549440500024239,0.629417657597943,0.6144053233795053
google__logic10__gcn__seed42,google,logic10,gcn,42,atom_occlusion,P20_frozen_cache,exact_integer,0.05,73,192,112,0.0408751923457805,0.0458447509346625,0.0365065737833595,0.7549440500024239,0.629417657597943,0.6144053233795053
google__logic10__gcn__seed42,google,logic10,gcn,42,atom_occlusion,P20_frozen_cache,machine,0.1,62,192,112,0.0887304952332525,0.0934520988848937,0.0987876334974548,0.6443736474042657,0.685851883731348,0.6374866609093031
google__logic10__gcn__seed42,google,logic10,gcn,42,atom_occlusion,P20_frozen_cache,exact_integer,0.1,62,192,112,0.0887304952332525,0.0934520988848937,0.0987876334974548,0.6443736474042657,0.685851883731348,0.6374866609093031
google__logic10__gcn__seed42,google,logic10,gcn,42,atom_occlusion,P20_frozen_cache,machine,0.2,51,192,112,0.1858886726189118,0.1901068660250314,0.1932340353099281,0.5352281995744245,0.7343239102167674,0.62753539571423
google__logic10__gcn__seed42,google,logic10,gcn,42,atom_occlusion,P20_frozen_cache,exact_integer,0.2,51,192,112,0.1858886726189118,0.1901068660250314,0.1932340353099281,0.5352281995744245,0.7343239102167674,0.62753539571423
google__logic10__gcn__seed42,google,logic10,gcn,42,saliency,P20_frozen_cache,machine,0.05,96,192,112,0.011152844551282,0.016276404942208,0.0062499999999999,0.9953571428571424,0.4947280684829175,0.4937905684829176
google__logic10__gcn__seed42,google,logic10,gcn,42,saliency,P20_frozen_cache,exact_integer,0.05,96,192,112,0.011152844551282,0.016276404942208,0.0062499999999999,0.9953571428571424,0.4947280684829175,0.4937905684829176
google__logic10__gcn__seed42,google,logic10,gcn,42,saliency,P20_frozen_cache,machine,0.1,91,192,112,0.0872836675341269,0.0920127677023439,0.0750243060510916,0.9336198180475164,0.4916035494912255,0.4747801501450088
google__logic10__gcn__seed42,google,logic10,gcn,42,saliency,P20_frozen_cache,exact_integer,0.1,91,192,112,0.0872836675341269,0.0920127677023439,0.0750243060510916,0.9336198180475164,0.4916035494912255,0.4747801501450088
google__logic10__gcn__seed42,google,logic10,gcn,42,saliency,P20_frozen_cache,machine,0.2,81,192,112,0.1768852862143306,0.1811501292909403,0.1570279422957993,0.8360362351772489,0.5003476883024096,0.4596388063637999
google__logic10__gcn__seed42,google,logic10,gcn,42,saliency,P20_frozen_cache,exact_integer,0.2,81,192,112,0.1768852862143306,0.1811501292909403,0.1570279422957993,0.8360362351772489,0.5003476883024096,0.4596388063637999
google__logic10__gin__seed123,google,logic10,gin,123,ig,P01_checkpoint_rerun,machine,0.05,83,192,112,0.0439154399862119,0.0488692459966461,0.0417153159340659,0.8516688901661219,0.5564586365846179,0.5434499393242759
google__logic10__gin__seed123,google,logic10,gin,123,ig,P01_checkpoint_rerun,exact_integer,0.05,83,192,112,0.0439154399862119,0.0488692459966461,0.0417153159340659,0.8516688901661219,0.5564586365846179,0.5434499393242759
google__logic10__gin__seed123,google,logic10,gin,123,ig,P01_checkpoint_rerun,machine,0.1,74,192,112,0.0920423390437176,0.0967467828828693,0.1040893630179342,0.7666308757624759,0.5775234135182721,0.5412322807374083
google__logic10__gin__seed123,google,logic10,gin,123,ig,P01_checkpoint_rerun,exact_integer,0.1,74,192,112,0.0920423390437176,0.0967467828828693,0.1040893630179342,0.7666308757624759,0.5775234135182721,0.5412322807374083
google__logic10__gin__seed123,google,logic10,gin,123,ig,P01_checkpoint_rerun,machine,0.2,64,192,112,0.1887253622432852,0.1929288577757034,0.190863898006755,0.662685584918506,0.6010286340643483,0.5282016676594574
google__logic10__gin__seed123,google,logic10,gin,123,ig,P01_checkpoint_rerun,exact_integer,0.2,64,192,112,0.1887253622432852,0.1929288577757034,0.190863898006755,0.662685584918506,0.6010286340643483,0.5282016676594574
google__logic10__gin__seed123,google,logic10,gin,123,gradinput,P01_checkpoint_rerun,machine,0.05,96,192,112,0.0178289809149184,0.0229179499257219,0.0069940476190476,0.9953571428571424,0.4943560446733938,0.4932548541972034
google__logic10__gin__seed123,google,logic10,gin,123,gradinput,P01_checkpoint_rerun,exact_integer,0.05,96,192,112,0.0178289809149184,0.0229179499257219,0.0069940476190476,0.9953571428571424,0.4943560446733938,0.4932548541972034
google__logic10__gin__seed123,google,logic10,gin,123,gradinput,P01_checkpoint_rerun,machine,0.1,93,192,112,0.0826967830644299,0.0874496494734225,0.0765324333404689,0.9549678417887848,0.4792079568861677,0.4612433736506477
google__logic10__gin__seed123,google,logic10,gin,123,gradinput,P01_checkpoint_rerun,exact_integer,0.1,93,192,112,0.0826967830644299,0.0874496494734225,0.0765324333404689,0.9549678417887848,0.4792079568861677,0.4612433736506477
google__logic10__gin__seed123,google,logic10,gin,123,gradinput,P01_checkpoint_rerun,machine,0.2,88,192,112,0.1800035076919268,0.1842521941805697,0.170292430783502,0.9043177969998624,0.4560495673778652,0.418316388554016
google__logic10__gin__seed123,google,logic10,gin,123,gradinput,P01_checkpoint_rerun,exact_integer,0.2,88,192,112,0.1800035076919268,0.1842521941805697,0.170292430783502,0.9043177969998624,0.4560495673778652,0.418316388554016
google__logic10__gin__seed123,google,logic10,gin,123,atom_occlusion,P20_frozen_cache,machine,0.05,73,192,112,0.0418355911347638,0.0468001735641174,0.0309809981684981,0.7549440500024239,0.6331029660668097,0.6198169772908552
google__logic10__gin__seed123,google,logic10,gin,123,atom_occlusion,P20_frozen_cache,exact_integer,0.05,73,192,112,0.0418355911347638,0.0468001735641174,0.0309809981684981,0.7549440500024239,0.6331029660668097,0.6198169772908552
google__logic10__gin__seed123,google,logic10,gin,123,atom_occlusion,P20_frozen_cache,machine,0.1,58,192,112,0.0916631643309032,0.0963695728058726,0.0933789796513009,0.6043412180825836,0.7359403493332063,0.6819221416713538
google__logic10__gin__seed123,google,logic10,gin,123,atom_occlusion,P20_frozen_cache,exact_integer,0.1,58,192,112,0.0916631643309032,0.0963695728058726,0.0933789796513009,0.6043412180825836,0.7359403493332063,0.6819221416713538
google__logic10__gin__seed123,google,logic10,gin,123,atom_occlusion,P20_frozen_cache,machine,0.2,44,192,112,0.192719575325274,0.1969023754531224,0.1976343225227153,0.4630785606296572,0.8447375541125535,0.6977006995980207
google__logic10__gin__seed123,google,logic10,gin,123,atom_occlusion,P20_frozen_cache,exact_integer,0.2,44,192,112,0.192719575325274,0.1969023754531224,0.1976343225227153,0.4630785606296572,0.8447375541125535,0.6977006995980207
google__logic10__gin__seed123,google,logic10,gin,123,saliency,P20_frozen_cache,machine,0.05,92,192,112,0.0385834744979965,0.0435649072726182,0.0331816620879121,0.94767584806822,0.5054392464667771,0.4972165552813993
google__logic10__gin__seed123,google,logic10,gin,123,saliency,P20_frozen_cache,exact_integer,0.05,92,192,112,0.0385834744979965,0.0435649072726182,0.0331816620879121,0.94767584806822,0.5054392464667771,0.4972165552813993
google__logic10__gin__seed123,google,logic10,gin,123,saliency,P20_frozen_cache,machine,0.1,85,192,112,0.0876585067301978,0.0923856647264144,0.1012090587983444,0.8724292646600486,0.5104820476835072,0.4847274449847707
google__logic10__gin__seed123,google,logic10,gin,123,saliency,P20_frozen_cache,exact_integer,0.1,85,192,112,0.0876585067301978,0.0923856647264144,0.1012090587983444,0.8724292646600486,0.5104820476835072,0.4847274449847707
google__logic10__gin__seed123,google,logic10,gin,123,saliency,P20_frozen_cache,machine,0.2,70,192,112,0.1911568551274435,0.1953477522511355,0.2014367700751629,0.7269080287757517,0.5433755232862374,0.4807892409202666
google__logic10__gin__seed123,google,logic10,gin,123,saliency,P20_frozen_cache,exact_integer,0.2,70,192,112,0.1951090610097964,0.1992794803828026,0.2048021546905475,0.7219973144900377,0.5446510334903191,0.4803769049332403
google__logic10__gin__seed2026,google,logic10,gin,2026,ig,P01_checkpoint_rerun,machine,0.05,93,192,112,0.0433656714676934,0.0483223260196743,0.0487890829408686,0.9549678417887848,0.4934603882779045,0.4818863332346268
google__logic10__gin__seed2026,google,logic10,gin,2026,ig,P01_checkpoint_rerun,exact_integer,0.05,93,192,112,0.0433656714676934,0.0483223260196743,0.0487890829408686,0.9549678417887848,0.4934603882779045,0.4818863332346268
google__logic10__gin__seed2026,google,logic10,gin,2026,ig,P01_checkpoint_rerun,machine,0.1,86,192,112,0.0948147309015874,0.0995048100160869,0.0974769649992862,0.8837175299661713,0.5056245319330653,0.4796275466201481
google__logic10__gin__seed2026,google,logic10,gin,2026,ig,P01_checkpoint_rerun,exact_integer,0.1,86,192,112,0.0948147309015874,0.0995048100160869,0.0974769649992862,0.8837175299661713,0.5056245319330653,0.4796275466201481
google__logic10__gin__seed2026,google,logic10,gin,2026,ig,P01_checkpoint_rerun,machine,0.2,67,192,112,0.193628105622591,0.1978061983395724,0.2055126421197847,0.697749768200515,0.5621198238910946,0.4903168953754974
google__logic10__gin__seed2026,google,logic10,gin,2026,ig,P01_checkpoint_rerun,exact_integer,0.2,67,192,112,0.193628105622591,0.1978061983395724,0.2055126421197847,0.697749768200515,0.5621198238910946,0.4903168953754974
google__logic10__gin__seed2026,google,logic10,gin,2026,gradinput,P01_checkpoint_rerun,machine,0.05,95,192,112,0.0432316691852536,0.0481890180495787,0.0431461767399267,0.9664182278642678,0.490856811872306,0.4818245695287285
google__logic10__gin__seed2026,google,logic10,gin,2026,gradinput,P01_checkpoint_rerun,exact_integer,0.05,95,192,112,0.0432316691852536,0.0481890180495787,0.0431461767399267,0.9664182278642678,0.490856811872306,0.4818245695287285
google__logic10__gin__seed2026,google,logic10,gin,2026,gradinput,P01_checkpoint_rerun,machine,0.1,91,192,112,0.0893904727659321,0.0941086568448651,0.0956158424908423,0.9336198180475164,0.4806759704209731,0.4593566320759074
google__logic10__gin__seed2026,google,logic10,gin,2026,gradinput,P01_checkpoint_rerun,exact_integer,0.1,91,192,112,0.0893904727659321,0.0941086568448651,0.0956158424908423,0.9336198180475164,0.4806759704209731,0.4593566320759074
google__logic10__gin__seed2026,google,logic10,gin,2026,gradinput,P01_checkpoint_rerun,machine,0.2,84,192,112,0.187967334187463,0.192174757326388,0.2002346240069454,0.8617135330232646,0.461583732376523,0.4167575473628639
google__logic10__gin__seed2026,google,logic10,gin,2026,gradinput,P01_checkpoint_rerun,exact_integer,0.2,84,192,112,0.187967334187463,0.192174757326388,0.2002346240069454,0.8617135330232646,0.461583732376523,0.4167575473628639
google__logic10__gin__seed2026,google,logic10,gin,2026,atom_occlusion,P20_frozen_cache,machine,0.05,69,192,112,0.0450167148007221,0.0499648147240344,0.0465369080324437,0.7136361104766599,0.6583302712110486,0.6374742640661345
google__logic10__gin__seed2026,google,logic10,gin,2026,atom_occlusion,P20_frozen_cache,exact_integer,0.05,69,192,112,0.0450167148007221,0.0499648147240344,0.0465369080324437,0.7136361104766599,0.6583302712110486,0.6374742640661345
google__logic10__gin__seed2026,google,logic10,gin,2026,atom_occlusion,P20_frozen_cache,machine,0.1,58,192,112,0.0911074772517786,0.0958167649344119,0.0994973404571618,0.6043412180825836,0.7303736689897401,0.6760816986284143
google__logic10__gin__seed2026,google,logic10,gin,2026,atom_occlusion,P20_frozen_cache,exact_integer,0.1,58,192,112,0.0911074772517786,0.0958167649344119,0.0994973404571618,0.6043412180825836,0.7303736689897401,0.6760816986284143
google__logic10__gin__seed2026,google,logic10,gin,2026,atom_occlusion,P20_frozen_cache,machine,0.2,46,192,112,0.1820684931898169,0.186306480271735,0.1888202199586127,0.4875469047855013,0.8098694212533498,0.6843086965263959
google__logic10__gin__seed2026,google,logic10,gin,2026,atom_occlusion,P20_frozen_cache,exact_integer,0.2,46,192,112,0.1820684931898169,0.186306480271735,0.1888202199586127,0.4875469047855013,0.8098694212533498,0.6843086965263959
google__logic10__gin__seed2026,google,logic10,gin,2026,saliency,P20_frozen_cache,machine,0.05,88,192,112,0.0448402768255708,0.0497892909352829,0.0374971382783882,0.9043177969998624,0.5266638906590116,0.5162753778013954
google__logic10__gin__seed2026,google,logic10,gin,2026,saliency,P20_frozen_cache,exact_integer,0.05,88,192,112,0.0448402768255708,0.0497892909352829,0.0374971382783882,0.9043177969998624,0.5266638906590116,0.5162753778013954
google__logic10__gin__seed2026,google,logic10,gin,2026,saliency,P20_frozen_cache,machine,0.1,81,192,112,0.080886739043908,0.0856489839193281,0.0793718929879643,0.8360362351772489,0.5449692991384997,0.5217419452842319
google__logic10__gin__seed2026,google,logic10,gin,2026,saliency,P20_frozen_cache,exact_integer,0.1,81,192,112,0.080886739043908,0.0856489839193281,0.0793718929879643,0.8360362351772489,0.5449692991384997,0.5217419452842319
google__logic10__gin__seed2026,google,logic10,gin,2026,saliency,P20_frozen_cache,machine,0.2,69,192,112,0.1903781582320186,0.1945730900546506,0.1850928461419533,0.7136361104766599,0.5647030607114641,0.5032874747402334
google__logic10__gin__seed2026,google,logic10,gin,2026,saliency,P20_frozen_cache,exact_integer,0.2,69,192,112,0.1903781582320186,0.1945730900546506,0.1850928461419533,0.7136361104766599,0.5647030607114641,0.5032874747402334
google__logic10__gin__seed42,google,logic10,gin,42,ig,P01_checkpoint_rerun,machine,0.05,95,192,112,0.0429198065687035,0.0478787713015082,0.0433507712525569,0.9664182278642678,0.4905051311282379,0.4812396767667558
google__logic10__gin__seed42,google,logic10,gin,42,ig,P01_checkpoint_rerun,exact_integer,0.05,95,192,112,0.0429198065687035,0.0478787713015082,0.0433507712525569,0.9664182278642678,0.4905051311282379,0.4812396767667558
google__logic10__gin__seed42,google,logic10,gin,42,ig,P01_checkpoint_rerun,machine,0.1,87,192,112,0.0881167413910978,0.09284152511446,0.0914248326078681,0.8955752374760529,0.5021744865287546,0.4778516872335978
google__logic10__gin__seed42,google,logic10,gin,42,ig,P01_checkpoint_rerun,exact_integer,0.1,87,192,112,0.0881167413910978,0.09284152511446,0.0914248326078681,0.8955752374760529,0.5021744865287546,0.4778516872335978
google__logic10__gin__seed42,google,logic10,gin,42,ig,P01_checkpoint_rerun,machine,0.2,69,192,112,0.1950288316326921,0.1991996667019527,0.1989865045668615,0.7136361104766599,0.5540597168354521,0.4871094646529327
google__logic10__gin__seed42,google,logic10,gin,42,ig,P01_checkpoint_rerun,exact_integer,0.2,69,192,112,0.1950288316326921,0.1991996667019527,0.1989865045668615,0.7136361104766599,0.5540597168354521,0.4871094646529327
google__logic10__gin__seed42,google,logic10,gin,42,gradinput,P01_checkpoint_rerun,machine,0.05,96,192,112,0.0130586210664335,0.0181723069676437,0.0087797619047619,0.9953571428571424,0.4936119970543462,0.4922429494352985
google__logic10__gin__seed42,google,logic10,gin,42,gradinput,P01_checkpoint_rerun,exact_integer,0.05,96,192,112,0.0130586210664335,0.0181723069676437,0.0087797619047619,0.9953571428571424,0.4936119970543462,0.4922429494352985
google__logic10__gin__seed42,google,logic10,gin,42,gradinput,P01_checkpoint_rerun,machine,0.1,92,192,112,0.0875167677672271,0.0922446601622156,0.0813411662742018,0.94767584806822,0.4811269323266076,0.4623407328871978
google__logic10__gin__seed42,google,logic10,gin,42,gradinput,P01_checkpoint_rerun,exact_integer,0.1,92,192,112,0.0875167677672271,0.0922446601622156,0.0813411662742018,0.94767584806822,0.4811269323266076,0.4623407328871978
google__logic10__gin__seed42,google,logic10,gin,42,gradinput,P01_checkpoint_rerun,machine,0.2,86,192,112,0.1942185750319942,0.1983936083219839,0.1767415620094191,0.8837175299661713,0.4635942433270081,0.424982124571463
google__logic10__gin__seed42,google,logic10,gin,42,gradinput,P01_checkpoint_rerun,exact_integer,0.2,86,192,112,0.1942185750319942,0.1983936083219839,0.1767415620094191,0.8837175299661713,0.4635942433270081,0.424982124571463
google__logic10__gin__seed42,google,logic10,gin,42,atom_occlusion,P20_frozen_cache,machine,0.05,83,192,112,0.0445056743195529,0.049456422121006,0.0444310897435897,0.8516688901661219,0.5544071705636004,0.5408720290212253
google__logic10__gin__seed42,google,logic10,gin,42,atom_occlusion,P20_frozen_cache,exact_integer,0.05,83,192,112,0.0445056743195529,0.049456422121006,0.0444310897435897,0.8516688901661219,0.5544071705636004,0.5408720290212253
google__logic10__gin__seed42,google,logic10,gin,42,atom_occlusion,P20_frozen_cache,machine,0.1,69,192,112,0.0907949094070416,0.0955058166121865,0.1010827342300555,0.7136361104766599,0.6207802191389374,0.5804885925432005
google__logic10__gin__seed42,google,logic10,gin,42,atom_occlusion,P20_frozen_cache,exact_integer,0.1,69,192,112,0.0907949094070416,0.0955058166121865,0.1010827342300555,0.7136361104766599,0.6207802191389374,0.5804885925432005
google__logic10__gin__seed42,google,logic10,gin,42,atom_occlusion,P20_frozen_cache,machine,0.2,51,192,112,0.1912035400431542,0.1953941952760912,0.2081736344013129,0.5352281995744245,0.7242679443572299,0.6113117358110589
google__logic10__gin__seed42,google,logic10,gin,42,atom_occlusion,P20_frozen_cache,exact_integer,0.2,51,192,112,0.1912035400431542,0.1953941952760912,0.2081736344013129,0.5352281995744245,0.7242679443572299,0.6113117358110589
google__logic10__gin__seed42,google,logic10,gin,42,saliency,P20_frozen_cache,machine,0.05,88,192,112,0.0393494475295945,0.0443269115320318,0.0325144721350078,0.9043177969998624,0.5297301787464462,0.5210766316502703
google__logic10__gin__seed42,google,logic10,gin,42,saliency,P20_frozen_cache,exact_integer,0.05,88,192,112,0.0393494475295945,0.0443269115320318,0.0325144721350078,0.9043177969998624,0.5297301787464462,0.5210766316502703
google__logic10__gin__seed42,google,logic10,gin,42,saliency,P20_frozen_cache,machine,0.1,74,192,112,0.0912297257311042,0.0959383800019275,0.0923058340469053,0.7666308757624759,0.5847290574385197,0.5519726730021539
google__logic10__gin__seed42,google,logic10,gin,42,saliency,P20_frozen_cache,exact_integer,0.1,74,192,112,0.0912297257311042,0.0959383800019275,0.0923058340469053,0.7666308757624759,0.5847290574385197,0.5519726730021539
google__logic10__gin__seed42,google,logic10,gin,42,saliency,P20_frozen_cache,machine,0.2,56,192,112,0.195423554097727,0.1995923439728683,0.1897141177275106,0.584602734159266,0.6829967899164326,0.5926093252753193
google__logic10__gin__seed42,google,logic10,gin,42,saliency,P20_frozen_cache,exact_integer,0.2,57,192,112,0.1870902207643936,0.1913021885324537,0.1834641177275105,0.5932644189418744,0.6787265561819131,0.591976860751048
google__logic7__gcn__seed123,google,logic7,gcn,123,ig,P01_checkpoint_rerun,machine,0.05,81,66,47,0.0299422799422799,0.0444207533759772,0.0225177304964538,0.8333296192565789,0.2300884216494189,0.2286756481959367
google__logic7__gcn__seed123,google,logic7,gcn,123,ig,P01_checkpoint_rerun,exact_integer,0.05,81,66,47,0.0299422799422799,0.0444207533759772,0.0225177304964538,0.8333296192565789,0.2300884216494189,0.2286756481959367
google__logic7__gcn__seed123,google,logic7,gcn,123,ig,P01_checkpoint_rerun,machine,0.1,72,66,47,0.0843795093795093,0.098045486851457,0.0576241134751773,0.7399967108726914,0.2502119091449504,0.246901039185803
google__logic7__gcn__seed123,google,logic7,gcn,123,ig,P01_checkpoint_rerun,exact_integer,0.1,72,66,47,0.0843795093795093,0.098045486851457,0.0576241134751773,0.7399967108726914,0.2502119091449504,0.246901039185803
google__logic7__gcn__seed123,google,logic7,gcn,123,ig,P01_checkpoint_rerun,machine,0.2,51,66,47,0.1854437229437229,0.1976012793176972,0.128774062816616,0.5366178184953946,0.3152027641389344,0.3004164865866994
google__logic7__gcn__seed123,google,logic7,gcn,123,ig,P01_checkpoint_rerun,exact_integer,0.2,51,66,47,0.1854437229437229,0.1976012793176972,0.128774062816616,0.5366178184953946,0.3152027641389344,0.3004164865866994
google__logic7__gcn__seed123,google,logic7,gcn,123,gradinput,P01_checkpoint_rerun,machine,0.05,88,66,47,0.0333694083694083,0.0477967306325515,0.0147163120567375,0.9054155271605432,0.2132749054954443,0.2123994935191998
google__logic7__gcn__seed123,google,logic7,gcn,123,gradinput,P01_checkpoint_rerun,exact_integer,0.05,88,66,47,0.0333694083694083,0.0477967306325515,0.0147163120567375,0.9054155271605432,0.2132749054954443,0.2123994935191998
google__logic7__gcn__seed123,google,logic7,gcn,123,gradinput,P01_checkpoint_rerun,machine,0.1,81,66,47,0.0835137085137085,0.0971926083866382,0.0365248226950354,0.8333296192565789,0.2258508643644669,0.2236231545204718
google__logic7__gcn__seed123,google,logic7,gcn,123,gradinput,P01_checkpoint_rerun,exact_integer,0.1,81,66,47,0.0835137085137085,0.0971926083866382,0.0365248226950354,0.8333296192565789,0.2258508643644669,0.2236231545204718
google__logic7__gcn__seed123,google,logic7,gcn,123,gradinput,P01_checkpoint_rerun,machine,0.2,65,66,47,0.1844155844155844,0.1965884861407249,0.1106889564336373,0.6737756827697774,0.2554154700118404,0.2465095087048515
google__logic7__gcn__seed123,google,logic7,gcn,123,gradinput,P01_checkpoint_rerun,exact_integer,0.2,65,66,47,0.1844155844155844,0.1965884861407249,0.1106889564336373,0.6737756827697774,0.2554154700118404,0.2465095087048515
google__logic7__gcn__seed123,google,logic7,gcn,123,atom_occlusion,P20_frozen_cache,machine,0.05,43,66,47,0.0346139971139971,0.0490227434257285,0.0122340425531914,0.4551702084637703,0.4240520708605814,0.4204599183322587
google__logic7__gcn__seed123,google,logic7,gcn,123,atom_occlusion,P20_frozen_cache,exact_integer,0.05,43,66,47,0.0346139971139971,0.0490227434257285,0.0122340425531914,0.4551702084637703,0.4240520708605814,0.4204599183322587
google__logic7__gcn__seed123,google,logic7,gcn,123,atom_occlusion,P20_frozen_cache,machine,0.1,31,66,47,0.0860569985569985,0.0996979388770433,0.069579533941236,0.3289956385246981,0.5464285714285714,0.5214070799177183
google__logic7__gcn__seed123,google,logic7,gcn,123,atom_occlusion,P20_frozen_cache,exact_integer,0.1,31,66,47,0.0860569985569985,0.0996979388770433,0.069579533941236,0.3289956385246981,0.5464285714285714,0.5214070799177183
google__logic7__gcn__seed123,google,logic7,gcn,123,atom_occlusion,P20_frozen_cache,machine,0.2,23,66,47,0.186525974025974,0.1986673773987206,0.2050911854103343,0.256416662987491,0.5819148936170213,0.5119323938472873
google__logic7__gcn__seed123,google,logic7,gcn,123,atom_occlusion,P20_frozen_cache,exact_integer,0.2,23,66,47,0.186525974025974,0.1986673773987206,0.2050911854103343,0.256416662987491,0.5819148936170213,0.5119323938472873
google__logic7__gcn__seed123,google,logic7,gcn,123,saliency,P20_frozen_cache,machine,0.05,97,66,47,0.0,0.0149253731343283,0.0,1.0,0.1968166000515791,0.1968166000515791
google__logic7__gcn__seed123,google,logic7,gcn,123,saliency,P20_frozen_cache,exact_integer,0.05,97,66,47,0.0,0.0149253731343283,0.0,1.0,0.1968166000515791,0.1968166000515791
google__logic7__gcn__seed123,google,logic7,gcn,123,saliency,P20_frozen_cache,machine,0.1,96,66,47,0.0515151515151515,0.0656716417910447,0.0280141843971631,0.9948936170212768,0.1925258199097351,0.1917102170728557
google__logic7__gcn__seed123,google,logic7,gcn,123,saliency,P20_frozen_cache,exact_integer,0.1,96,66,47,0.0515151515151515,0.0656716417910447,0.0280141843971631,0.9948936170212768,0.1925258199097351,0.1917102170728557
google__logic7__gcn__seed123,google,logic7,gcn,123,saliency,P20_frozen_cache,machine,0.2,96,66,47,0.0515151515151515,0.0656716417910447,0.0280141843971631,0.9948936170212768,0.1925258199097351,0.1917102170728557
google__logic7__gcn__seed123,google,logic7,gcn,123,saliency,P20_frozen_cache,exact_integer,0.2,96,66,47,0.0515151515151515,0.0656716417910447,0.0280141843971631,0.9948936170212768,0.1925258199097351,0.1917102170728557
google__logic7__gcn__seed2026,google,logic7,gcn,2026,ig,P01_checkpoint_rerun,machine,0.05,69,66,47,0.0303030303030303,0.044776119402985,0.0303444782168186,0.717833072059164,0.2630500427121203,0.2601201423750992
google__logic7__gcn__seed2026,google,logic7,gcn,2026,ig,P01_checkpoint_rerun,exact_integer,0.05,69,66,47,0.0303030303030303,0.044776119402985,0.0303444782168186,0.717833072059164,0.2630500427121203,0.2601201423750992
google__logic7__gcn__seed2026,google,logic7,gcn,2026,ig,P01_checkpoint_rerun,machine,0.1,60,66,47,0.0821969696969697,0.0958955223880596,0.0599797365754812,0.621840589207192,0.2963698240293986,0.2912789859285479
google__logic7__gcn__seed2026,google,logic7,gcn,2026,ig,P01_checkpoint_rerun,exact_integer,0.1,60,66,47,0.0821969696969697,0.0958955223880596,0.0599797365754812,0.621840589207192,0.2963698240293986,0.2912789859285479
google__logic7__gcn__seed2026,google,logic7,gcn,2026,ig,P01_checkpoint_rerun,machine,0.2,48,66,47,0.1847763347763348,0.1969438521677327,0.1395896656534954,0.5051045091097446,0.3338191949894079,0.3181342888789698
google__logic7__gcn__seed2026,google,logic7,gcn,2026,ig,P01_checkpoint_rerun,exact_integer,0.2,48,66,47,0.1847763347763348,0.1969438521677327,0.1395896656534954,0.5051045091097446,0.3338191949894079,0.3181342888789698
google__logic7__gcn__seed2026,google,logic7,gcn,2026,gradinput,P01_checkpoint_rerun,machine,0.05,96,66,47,0.0121212121212121,0.026865671641791,0.0148936170212765,0.9948936170212768,0.1951853943778203,0.1947953234558344
google__logic7__gcn__seed2026,google,logic7,gcn,2026,gradinput,P01_checkpoint_rerun,exact_integer,0.05,96,66,47,0.0121212121212121,0.026865671641791,0.0148936170212765,0.9948936170212768,0.1951853943778203,0.1947953234558344
google__logic7__gcn__seed2026,google,logic7,gcn,2026,gradinput,P01_checkpoint_rerun,machine,0.1,93,66,47,0.0808441558441558,0.0945628997867803,0.0813829787234042,0.9546910462550432,0.190107325471754,0.1874794061935597
google__logic7__gcn__seed2026,google,logic7,gcn,2026,gradinput,P01_checkpoint_rerun,exact_integer,0.1,93,66,47,0.0808441558441558,0.0945628997867803,0.0813829787234042,0.9546910462550432,0.190107325471754,0.1874794061935597
google__logic7__gcn__seed2026,google,logic7,gcn,2026,gradinput,P01_checkpoint_rerun,machine,0.2,87,66,47,0.1822871572871572,0.1944918265813788,0.1931104356636271,0.898323328578983,0.1772306381159553,0.1705612689340562
google__logic7__gcn__seed2026,google,logic7,gcn,2026,gradinput,P01_checkpoint_rerun,exact_integer,0.2,87,66,47,0.1822871572871572,0.1944918265813788,0.1931104356636271,0.898323328578983,0.1772306381159553,0.1705612689340562
google__logic7__gcn__seed2026,google,logic7,gcn,2026,atom_occlusion,P20_frozen_cache,machine,0.05,51,66,47,0.0289321789321789,0.0434257285003553,0.0053191489361702,0.5366178184953946,0.3633441617484171,0.3620348327795136
google__logic7__gcn__seed2026,google,logic7,gcn,2026,atom_occlusion,P20_frozen_cache,exact_integer,0.05,51,66,47,0.0289321789321789,0.0434257285003553,0.0053191489361702,0.5366178184953946,0.3633441617484171,0.3620348327795136
google__logic7__gcn__seed2026,google,logic7,gcn,2026,atom_occlusion,P20_frozen_cache,machine,0.1,37,66,47,0.0851551226551226,0.0988095238095238,0.054305977710233,0.39782984641081,0.4638129010469436,0.4494719228761783
google__logic7__gcn__seed2026,google,logic7,gcn,2026,atom_occlusion,P20_frozen_cache,exact_integer,0.1,37,66,47,0.0851551226551226,0.0988095238095238,0.054305977710233,0.39782984641081,0.4638129010469436,0.4494719228761783
google__logic7__gcn__seed2026,google,logic7,gcn,2026,atom_occlusion,P20_frozen_cache,machine,0.2,28,66,47,0.1762806637806638,0.1885749822316986,0.1426545086119554,0.3068319997111708,0.5329787234042552,0.4902766264468391
google__logic7__gcn__seed2026,google,logic7,gcn,2026,atom_occlusion,P20_frozen_cache,exact_integer,0.2,29,66,47,0.1613816738816739,0.1738983653162757,0.1342958459979736,0.3144307839056998,0.526241134751773,0.4859199901753093
google__logic7__gcn__seed2026,google,logic7,gcn,2026,saliency,P20_frozen_cache,machine,0.05,97,66,47,0.0,0.0149253731343283,0.0,1.0,0.1968166000515791,0.1968166000515791
google__logic7__gcn__seed2026,google,logic7,gcn,2026,saliency,P20_frozen_cache,exact_integer,0.05,97,66,47,0.0,0.0149253731343283,0.0,1.0,0.1968166000515791,0.1968166000515791
google__logic7__gcn__seed2026,google,logic7,gcn,2026,saliency,P20_frozen_cache,machine,0.1,96,66,47,0.0515151515151515,0.0656716417910447,0.0166666666666666,0.9948936170212768,0.1942988695551252,0.1936960326756926
google__logic7__gcn__seed2026,google,logic7,gcn,2026,saliency,P20_frozen_cache,exact_integer,0.1,96,66,47,0.0515151515151515,0.0656716417910447,0.0166666666666666,0.9948936170212768,0.1942988695551252,0.1936960326756926
google__logic7__gcn__seed2026,google,logic7,gcn,2026,saliency,P20_frozen_cache,machine,0.2,96,66,47,0.0515151515151515,0.0656716417910447,0.0166666666666666,0.9948936170212768,0.1942988695551252,0.1936960326756926
google__logic7__gcn__seed2026,google,logic7,gcn,2026,saliency,P20_frozen_cache,exact_integer,0.2,96,66,47,0.0515151515151515,0.0656716417910447,0.0166666666666666,0.9948936170212768,0.1942988695551252,0.1936960326756926
google__logic7__gcn__seed42,google,logic7,gcn,42,ig,P01_checkpoint_rerun,machine,0.05,74,66,47,0.031096681096681,0.0455579246624022,0.0235815602836879,0.766627555075959,0.2503358893081244,0.2487397716351672
google__logic7__gcn__seed42,google,logic7,gcn,42,ig,P01_checkpoint_rerun,exact_integer,0.05,74,66,47,0.031096681096681,0.0455579246624022,0.0235815602836879,0.766627555075959,0.2503358893081244,0.2487397716351672
google__logic7__gcn__seed42,google,logic7,gcn,42,ig,P01_checkpoint_rerun,machine,0.1,56,66,47,0.0851551226551226,0.0988095238095238,0.0679331306990881,0.5843735807509891,0.3117994298845363,0.3044657174976324
google__logic7__gcn__seed42,google,logic7,gcn,42,ig,P01_checkpoint_rerun,exact_integer,0.1,57,66,47,0.0832611832611832,0.0969438521677327,0.0636778115501519,0.591658502120092,0.3095808446872278,0.3033646908646909
google__logic7__gcn__seed42,google,logic7,gcn,42,ig,P01_checkpoint_rerun,machine,0.2,41,66,47,0.1691738816738816,0.1815742714996445,0.1564336372847011,0.4385277732141946,0.3741556906450524,0.3499343446151959
google__logic7__gcn__seed42,google,logic7,gcn,42,ig,P01_checkpoint_rerun,exact_integer,0.2,41,66,47,0.1691738816738816,0.1815742714996445,0.1564336372847011,0.4385277732141946,0.3741556906450524,0.3499343446151959
google__logic7__gcn__seed42,google,logic7,gcn,42,gradinput,P01_checkpoint_rerun,machine,0.05,90,66,47,0.0307359307359307,0.0452025586353944,0.0111702127659574,0.915132937080838,0.2115905976512627,0.2107874692348133
google__logic7__gcn__seed42,google,logic7,gcn,42,gradinput,P01_checkpoint_rerun,exact_integer,0.05,90,66,47,0.0307359307359307,0.0452025586353944,0.0111702127659574,0.915132937080838,0.2115905976512627,0.2107874692348133
google__logic7__gcn__seed42,google,logic7,gcn,42,gradinput,P01_checkpoint_rerun,machine,0.1,71,66,47,0.0765873015873015,0.0903695806680881,0.0551418439716312,0.7323979266781626,0.2527016180176381,0.249134268230507
google__logic7__gcn__seed42,google,logic7,gcn,42,gradinput,P01_checkpoint_rerun,exact_integer,0.1,71,66,47,0.0765873015873015,0.0903695806680881,0.0551418439716312,0.7323979266781626,0.2527016180176381,0.249134268230507
google__logic7__gcn__seed42,google,logic7,gcn,42,gradinput,P01_checkpoint_rerun,machine,0.2,51,66,47,0.1853535353535353,0.1975124378109452,0.1507598784194528,0.5366178184953946,0.306721883317628,0.2904544627948883
google__logic7__gcn__seed42,google,logic7,gcn,42,gradinput,P01_checkpoint_rerun,exact_integer,0.2,51,66,47,0.1853535353535353,0.1975124378109452,0.1507598784194528,0.5366178184953946,0.306721883317628,0.2904544627948883
google__logic7__gcn__seed42,google,logic7,gcn,42,atom_occlusion,P20_frozen_cache,machine,0.05,35,66,47,0.0353715728715728,0.0497690120824449,0.0168693009118541,0.373053027814085,0.5136946977372511,0.5052899818857266
google__logic7__gcn__seed42,google,logic7,gcn,42,atom_occlusion,P20_frozen_cache,exact_integer,0.05,35,66,47,0.0353715728715728,0.0497690120824449,0.0168693009118541,0.3687977086651487,0.5193937858831477,0.5109890700316233
google__logic7__gcn__seed42,google,logic7,gcn,42,atom_occlusion,P20_frozen_cache,machine,0.1,27,66,47,0.0857142857142857,0.0993603411513859,0.0626646403242147,0.2881859648949233,0.6278115501519759,0.60171701820638
google__logic7__gcn__seed42,google,logic7,gcn,42,atom_occlusion,P20_frozen_cache,exact_integer,0.1,27,66,47,0.0857142857142857,0.0993603411513859,0.0626646403242147,0.2881859648949233,0.6278115501519759,0.60171701820638
google__logic7__gcn__seed42,google,logic7,gcn,42,atom_occlusion,P20_frozen_cache,machine,0.2,18,66,47,0.1800324675324674,0.1922707889125799,0.1770516717325228,0.197299865021674,0.7851063829787235,0.6701198919284027
google__logic7__gcn__seed42,google,logic7,gcn,42,atom_occlusion,P20_frozen_cache,exact_integer,0.2,18,66,47,0.1800324675324674,0.1922707889125799,0.1770516717325228,0.197299865021674,0.7851063829787235,0.6701198919284027
google__logic7__gcn__seed42,google,logic7,gcn,42,saliency,P20_frozen_cache,machine,0.05,97,66,47,0.0,0.0149253731343283,0.0,1.0,0.1968166000515791,0.1968166000515791
google__logic7__gcn__seed42,google,logic7,gcn,42,saliency,P20_frozen_cache,exact_integer,0.05,97,66,47,0.0,0.0149253731343283,0.0,1.0,0.1968166000515791,0.1968166000515791
google__logic7__gcn__seed42,google,logic7,gcn,42,saliency,P20_frozen_cache,machine,0.1,96,66,47,0.0414141414141414,0.0557213930348258,0.0280141843971631,0.9948936170212768,0.1925258199097351,0.1917102170728557
google__logic7__gcn__seed42,google,logic7,gcn,42,saliency,P20_frozen_cache,exact_integer,0.1,96,66,47,0.0414141414141414,0.0557213930348258,0.0280141843971631,0.9948936170212768,0.1925258199097351,0.1917102170728557
google__logic7__gcn__seed42,google,logic7,gcn,42,saliency,P20_frozen_cache,machine,0.2,93,66,47,0.1868145743145742,0.1989516702203268,0.2042806484295845,0.9546910462550432,0.1665108426744826,0.1603087621922521
google__logic7__gcn__seed42,google,logic7,gcn,42,saliency,P20_frozen_cache,exact_integer,0.2,93,66,47,0.1868145743145742,0.1989516702203268,0.2042806484295845,0.9546910462550432,0.1665108426744826,0.1603087621922521
google__logic7__gin__seed123,google,logic7,gin,123,ig,P01_checkpoint_rerun,machine,0.05,79,66,47,0.0292929292929292,0.0437810945273631,0.0349290780141844,0.813456265659821,0.2336479647419309,0.2320330205186275
google__logic7__gin__seed123,google,logic7,gin,123,ig,P01_checkpoint_rerun,exact_integer,0.05,79,66,47,0.0292929292929292,0.0437810945273631,0.0349290780141844,0.813456265659821,0.2336479647419309,0.2320330205186275
google__logic7__gin__seed123,google,logic7,gin,123,ig,P01_checkpoint_rerun,machine,0.1,67,66,47,0.0837662337662337,0.0974413646055437,0.0622340425531914,0.6931680002888293,0.2663452682069703,0.2625378202662308
google__logic7__gin__seed123,google,logic7,gin,123,ig,P01_checkpoint_rerun,exact_integer,0.1,67,66,47,0.0837662337662337,0.0974413646055437,0.0622340425531914,0.6931680002888293,0.2663452682069703,0.2625378202662308
google__logic7__gin__seed123,google,logic7,gin,123,ig,P01_checkpoint_rerun,machine,0.2,42,66,47,0.1867243867243867,0.198862828713575,0.1544326241134751,0.4442119617832392,0.3749930920143686,0.3539125177423051
google__logic7__gin__seed123,google,logic7,gin,123,ig,P01_checkpoint_rerun,exact_integer,0.2,42,66,47,0.1867243867243867,0.198862828713575,0.1544326241134751,0.4442119617832392,0.3749930920143686,0.3539125177423051
google__logic7__gin__seed123,google,logic7,gin,123,gradinput,P01_checkpoint_rerun,machine,0.05,97,66,47,0.0,0.0149253731343283,0.0,1.0,0.1968166000515791,0.1968166000515791
google__logic7__gin__seed123,google,logic7,gin,123,gradinput,P01_checkpoint_rerun,exact_integer,0.05,97,66,47,0.0,0.0149253731343283,0.0,1.0,0.1968166000515791,0.1968166000515791
google__logic7__gin__seed123,google,logic7,gin,123,gradinput,P01_checkpoint_rerun,machine,0.1,96,66,47,0.0454545454545454,0.0597014925373134,0.0166666666666666,0.9948936170212768,0.1942988695551252,0.1936960326756926
google__logic7__gin__seed123,google,logic7,gin,123,gradinput,P01_checkpoint_rerun,exact_integer,0.1,96,66,47,0.0454545454545454,0.0597014925373134,0.0166666666666666,0.9948936170212768,0.1942988695551252,0.1936960326756926
google__logic7__gin__seed123,google,logic7,gin,123,gradinput,P01_checkpoint_rerun,machine,0.2,93,66,47,0.1843795093795093,0.1965529495380241,0.1567629179331306,0.9546910462550432,0.1779281173598083,0.173968137652162
google__logic7__gin__seed123,google,logic7,gin,123,gradinput,P01_checkpoint_rerun,exact_integer,0.2,93,66,47,0.1843795093795093,0.1965529495380241,0.1567629179331306,0.9546910462550432,0.1779281173598083,0.173968137652162
google__logic7__gin__seed123,google,logic7,gin,123,atom_occlusion,P20_frozen_cache,machine,0.05,80,66,47,0.026046176046176,0.0405828002842928,0.0365501519756838,0.8178888897732962,0.230332965730008,0.2280954294993225
google__logic7__gin__seed123,google,logic7,gin,123,atom_occlusion,P20_frozen_cache,exact_integer,0.05,80,66,47,0.026046176046176,0.0405828002842928,0.0365501519756838,0.8178888897732962,0.230332965730008,0.2280954294993225
google__logic7__gin__seed123,google,logic7,gin,123,atom_occlusion,P20_frozen_cache,machine,0.1,69,66,47,0.0843073593073593,0.0979744136460554,0.0828267477203647,0.717833072059164,0.2476143294197111,0.2432986931241328
google__logic7__gin__seed123,google,logic7,gin,123,atom_occlusion,P20_frozen_cache,exact_integer,0.1,69,66,47,0.0843073593073593,0.0979744136460554,0.0828267477203647,0.717833072059164,0.2476143294197111,0.2432986931241328
google__logic7__gin__seed123,google,logic7,gin,123,atom_occlusion,P20_frozen_cache,machine,0.2,49,66,47,0.1873737373737374,0.199502487562189,0.1872593718338399,0.510210892088468,0.30274453678709,0.2854971860291009
google__logic7__gin__seed123,google,logic7,gin,123,atom_occlusion,P20_frozen_cache,exact_integer,0.2,49,66,47,0.1873737373737374,0.199502487562189,0.1872593718338399,0.510210892088468,0.30274453678709,0.2854971860291009
google__logic7__gin__seed123,google,logic7,gin,123,saliency,P20_frozen_cache,machine,0.05,96,66,47,0.009090909090909,0.0238805970149253,0.0106382978723404,0.9948936170212768,0.1960719192005153,0.1958236922501607
google__logic7__gin__seed123,google,logic7,gin,123,saliency,P20_frozen_cache,exact_integer,0.05,96,66,47,0.009090909090909,0.0238805970149253,0.0106382978723404,0.9948936170212768,0.1960719192005153,0.1958236922501607
google__logic7__gin__seed123,google,logic7,gin,123,saliency,P20_frozen_cache,machine,0.1,94,66,47,0.0832431457431457,0.0969260838663823,0.0652482269503546,0.9573506207231284,0.1930927265954531,0.1913282691220359
google__logic7__gin__seed123,google,logic7,gin,123,saliency,P20_frozen_cache,exact_integer,0.1,94,66,47,0.0832431457431457,0.0969260838663823,0.0652482269503546,0.9573506207231284,0.1930927265954531,0.1913282691220359
google__logic7__gin__seed123,google,logic7,gin,123,saliency,P20_frozen_cache,machine,0.2,88,66,47,0.1831529581529581,0.1953447050461975,0.1296099290780142,0.9054155271605432,0.1891058765210665,0.1844463873135654
google__logic7__gin__seed123,google,logic7,gin,123,saliency,P20_frozen_cache,exact_integer,0.2,88,66,47,0.1831529581529581,0.1953447050461975,0.1296099290780142,0.9054155271605432,0.1891058765210665,0.1844463873135654
google__logic7__gin__seed2026,google,logic7,gin,2026,ig,P01_checkpoint_rerun,machine,0.05,96,66,47,0.0209595959595959,0.0355721393034825,0.0042553191489361,0.9948936170212768,0.1969584440232103,0.1968166000515791
google__logic7__gin__seed2026,google,logic7,gin,2026,ig,P01_checkpoint_rerun,exact_integer,0.05,96,66,47,0.0209595959595959,0.0355721393034825,0.0042553191489361,0.9948936170212768,0.1969584440232103,0.1968166000515791
google__logic7__gin__seed2026,google,logic7,gin,2026,ig,P01_checkpoint_rerun,machine,0.1,92,66,47,0.082070707070707,0.0957711442786069,0.0960992907801418,0.948064906437414,0.1905303458598408,0.1882794534360421
google__logic7__gin__seed2026,google,logic7,gin,2026,ig,P01_checkpoint_rerun,exact_integer,0.1,92,66,47,0.082070707070707,0.0957711442786069,0.0960992907801418,0.948064906437414,0.1905303458598408,0.1882794534360421
google__logic7__gin__seed2026,google,logic7,gin,2026,ig,P01_checkpoint_rerun,machine,0.2,81,66,47,0.1837662337662337,0.1959488272921108,0.1986068895643363,0.8333296192565789,0.193709845037162,0.1870580858408893
google__logic7__gin__seed2026,google,logic7,gin,2026,ig,P01_checkpoint_rerun,exact_integer,0.2,81,66,47,0.1837662337662337,0.1959488272921108,0.1986068895643363,0.8333296192565789,0.193709845037162,0.1870580858408893
google__logic7__gin__seed2026,google,logic7,gin,2026,gradinput,P01_checkpoint_rerun,machine,0.05,95,66,47,0.0353535353535353,0.0497512437810945,0.0556737588652482,0.9619616476647002,0.1954510699197993,0.1944087523691318
google__logic7__gin__seed2026,google,logic7,gin,2026,gradinput,P01_checkpoint_rerun,exact_integer,0.05,95,66,47,0.0353535353535353,0.0497512437810945,0.0556737588652482,0.9619616476647002,0.1954510699197993,0.1944087523691318
google__logic7__gin__seed2026,google,logic7,gin,2026,gradinput,P01_checkpoint_rerun,machine,0.1,89,66,47,0.081060606060606,0.094776119402985,0.1067629179331307,0.911773474594836,0.1949044262389677,0.1917775759447127
google__logic7__gin__seed2026,google,logic7,gin,2026,gradinput,P01_checkpoint_rerun,exact_integer,0.1,89,66,47,0.081060606060606,0.094776119402985,0.1067629179331307,0.911773474594836,0.1949044262389677,0.1917775759447127
google__logic7__gin__seed2026,google,logic7,gin,2026,gradinput,P01_checkpoint_rerun,machine,0.2,79,66,47,0.1830266955266954,0.1952203269367448,0.1695542046605876,0.813456265659821,0.2018343802045469,0.1950786862172805
google__logic7__gin__seed2026,google,logic7,gin,2026,gradinput,P01_checkpoint_rerun,exact_integer,0.2,79,66,47,0.1830266955266954,0.1952203269367448,0.1695542046605876,0.813456265659821,0.2018343802045469,0.1950786862172805
google__logic7__gin__seed2026,google,logic7,gin,2026,atom_occlusion,P20_frozen_cache,machine,0.05,96,66,47,0.0123737373737373,0.0271144278606965,0.0042553191489361,0.9948936170212768,0.1969584440232103,0.1968166000515791
google__logic7__gin__seed2026,google,logic7,gin,2026,atom_occlusion,P20_frozen_cache,exact_integer,0.05,96,66,47,0.0123737373737373,0.0271144278606965,0.0042553191489361,0.9948936170212768,0.1969584440232103,0.1968166000515791
google__logic7__gin__seed2026,google,logic7,gin,2026,atom_occlusion,P20_frozen_cache,machine,0.1,88,66,47,0.0737373737373737,0.0875621890547263,0.0886524822695035,0.9054155271605432,0.2002828356823482,0.1980347331606628
google__logic7__gin__seed2026,google,logic7,gin,2026,atom_occlusion,P20_frozen_cache,exact_integer,0.1,88,66,47,0.0737373737373737,0.0875621890547263,0.0886524822695035,0.9054155271605432,0.2002828356823482,0.1980347331606628
google__logic7__gin__seed2026,google,logic7,gin,2026,atom_occlusion,P20_frozen_cache,machine,0.2,77,66,47,0.1850829725829726,0.1972459132906894,0.1794579533941236,0.7904120475963715,0.2059832692869053,0.1986131294361977
google__logic7__gin__seed2026,google,logic7,gin,2026,atom_occlusion,P20_frozen_cache,exact_integer,0.2,77,66,47,0.1850829725829726,0.1972459132906894,0.1794579533941236,0.7904120475963715,0.2059832692869053,0.1986131294361977
google__logic7__gin__seed2026,google,logic7,gin,2026,saliency,P20_frozen_cache,machine,0.05,96,66,47,0.0174242424242424,0.0320895522388059,0.0148936170212765,0.9948936170212768,0.1951853943778202,0.1947953234558344
google__logic7__gin__seed2026,google,logic7,gin,2026,saliency,P20_frozen_cache,exact_integer,0.05,96,66,47,0.0174242424242424,0.0320895522388059,0.0148936170212765,0.9948936170212768,0.1951853943778202,0.1947953234558344
google__logic7__gin__seed2026,google,logic7,gin,2026,saliency,P20_frozen_cache,machine,0.1,92,66,47,0.083495670995671,0.0971748400852878,0.0982269503546099,0.948064906437414,0.1910290987339528,0.1889031604475394
google__logic7__gin__seed2026,google,logic7,gin,2026,saliency,P20_frozen_cache,exact_integer,0.1,92,66,47,0.083495670995671,0.0971748400852878,0.0982269503546099,0.948064906437414,0.1910290987339528,0.1889031604475394
google__logic7__gin__seed2026,google,logic7,gin,2026,saliency,P20_frozen_cache,machine,0.2,85,66,47,0.1724206349206349,0.184772565742715,0.2101570415400202,0.868304226496976,0.1826368743567873,0.1764555724448739
google__logic7__gin__seed2026,google,logic7,gin,2026,saliency,P20_frozen_cache,exact_integer,0.2,85,66,47,0.1724206349206349,0.184772565742715,0.2101570415400202,0.868304226496976,0.1826368743567873,0.1764555724448739
google__logic7__gin__seed42,google,logic7,gin,42,ig,P01_checkpoint_rerun,machine,0.05,91,66,47,0.0301948051948051,0.0446695095948827,0.0306737588652482,0.9390069354229212,0.203557054735301,0.2025519595118893
google__logic7__gin__seed42,google,logic7,gin,42,ig,P01_checkpoint_rerun,exact_integer,0.05,91,66,47,0.0301948051948051,0.0446695095948827,0.0306737588652482,0.9390069354229212,0.203557054735301,0.2025519595118893
google__logic7__gin__seed42,google,logic7,gin,42,ig,P01_checkpoint_rerun,machine,0.1,74,66,47,0.0857503607503607,0.0993958777540867,0.0916919959473151,0.766627555075959,0.2326523265213075,0.2278632556685715
google__logic7__gin__seed42,google,logic7,gin,42,ig,P01_checkpoint_rerun,exact_integer,0.1,74,66,47,0.0857503607503607,0.0993958777540867,0.0916919959473151,0.766627555075959,0.2326523265213075,0.2278632556685715
google__logic7__gin__seed42,google,logic7,gin,42,ig,P01_checkpoint_rerun,machine,0.2,53,66,47,0.1878066378066377,0.1999289267945983,0.1511144883485309,0.5570396026723303,0.2990265644520963,0.2865808888649939
google__logic7__gin__seed42,google,logic7,gin,42,ig,P01_checkpoint_rerun,exact_integer,0.2,53,66,47,0.1878066378066377,0.1999289267945983,0.1511144883485309,0.5570396026723303,0.2990265644520963,0.2865808888649939
google__logic7__gin__seed42,google,logic7,gin,42,gradinput,P01_checkpoint_rerun,machine,0.05,96,66,47,0.0146464646464646,0.0293532338308457,0.0166666666666666,0.9948936170212768,0.1942988695551252,0.1936960326756926
google__logic7__gin__seed42,google,logic7,gin,42,gradinput,P01_checkpoint_rerun,exact_integer,0.05,96,66,47,0.0146464646464646,0.0293532338308457,0.0166666666666666,0.9948936170212768,0.1942988695551252,0.1936960326756926
google__logic7__gin__seed42,google,logic7,gin,42,gradinput,P01_checkpoint_rerun,machine,0.1,93,66,47,0.0645382395382395,0.078500355366027,0.0727203647416413,0.9546910462550432,0.1909843366651147,0.188422025293644
google__logic7__gin__seed42,google,logic7,gin,42,gradinput,P01_checkpoint_rerun,exact_integer,0.1,93,66,47,0.0645382395382395,0.078500355366027,0.0727203647416413,0.9546910462550432,0.1909843366651147,0.188422025293644
google__logic7__gin__seed42,google,logic7,gin,42,gradinput,P01_checkpoint_rerun,machine,0.2,89,66,47,0.1837662337662337,0.1959488272921108,0.1674265450861195,0.911773474594836,0.1792366484626618,0.1739468363095437
google__logic7__gin__seed42,google,logic7,gin,42,gradinput,P01_checkpoint_rerun,exact_integer,0.2,89,66,47,0.1837662337662337,0.1959488272921108,0.1674265450861195,0.911773474594836,0.1792366484626618,0.1739468363095437
google__logic7__gin__seed42,google,logic7,gin,42,atom_occlusion,P20_frozen_cache,machine,0.05,93,66,47,0.0257575757575757,0.0402985074626865,0.04080547112462,0.9546910462550432,0.197935048003211,0.1965455283851992
google__logic7__gin__seed42,google,logic7,gin,42,atom_occlusion,P20_frozen_cache,exact_integer,0.05,93,66,47,0.0257575757575757,0.0402985074626865,0.04080547112462,0.9546910462550432,0.197935048003211,0.1965455283851992
google__logic7__gin__seed42,google,logic7,gin,42,atom_occlusion,P20_frozen_cache,machine,0.1,89,66,47,0.0841269841269841,0.0977967306325515,0.0796352583586626,0.911773474594836,0.1976618268487681,0.1944517824977667
google__logic7__gin__seed42,google,logic7,gin,42,atom_occlusion,P20_frozen_cache,exact_integer,0.1,89,66,47,0.0841269841269841,0.0977967306325515,0.0796352583586626,0.911773474594836,0.1976618268487681,0.1944517824977667
google__logic7__gin__seed42,google,logic7,gin,42,atom_occlusion,P20_frozen_cache,machine,0.2,79,66,47,0.1762806637806637,0.1885749822316986,0.1892350557244174,0.813456265659821,0.1911474073650478,0.1837116839677606
google__logic7__gin__seed42,google,logic7,gin,42,atom_occlusion,P20_frozen_cache,exact_integer,0.2,79,66,47,0.1762806637806637,0.1885749822316986,0.1892350557244174,0.813456265659821,0.1911474073650478,0.1837116839677606
google__logic7__gin__seed42,google,logic7,gin,42,saliency,P20_frozen_cache,machine,0.05,96,66,47,0.0181818181818181,0.0328358208955223,0.0141843971631205,0.9948936170212768,0.1951853943778203,0.1947598624629266
google__logic7__gin__seed42,google,logic7,gin,42,saliency,P20_frozen_cache,exact_integer,0.05,96,66,47,0.0181818181818181,0.0328358208955223,0.0141843971631205,0.9948936170212768,0.1951853943778203,0.1947598624629266
google__logic7__gin__seed42,google,logic7,gin,42,saliency,P20_frozen_cache,machine,0.1,96,66,47,0.0181818181818181,0.0328358208955223,0.0141843971631205,0.9948936170212768,0.1951853943778203,0.1947598624629266
google__logic7__gin__seed42,google,logic7,gin,42,saliency,P20_frozen_cache,exact_integer,0.1,96,66,47,0.0181818181818181,0.0328358208955223,0.0141843971631205,0.9948936170212768,0.1951853943778203,0.1947598624629266
google__logic7__gin__seed42,google,logic7,gin,42,saliency,P20_frozen_cache,machine,0.2,90,66,47,0.1852813852813853,0.1974413646055437,0.1423758865248226,0.915132937080838,0.1853570567657183,0.1810563431696971
google__logic7__gin__seed42,google,logic7,gin,42,saliency,P20_frozen_cache,exact_integer,0.2,90,66,47,0.1852813852813853,0.1974413646055437,0.1423758865248226,0.915132937080838,0.1853570567657183,0.1810563431696971
google__logic8__gcn__seed123,google,logic8,gcn,123,ig,P01_checkpoint_rerun,machine,0.05,93,269,184,0.0416003244999527,0.0451499529277306,0.0333031400966183,0.9552677229464128,0.309111922139928,0.3061141604898555
google__logic8__gcn__seed123,google,logic8,gcn,123,ig,P01_checkpoint_rerun,exact_integer,0.05,93,269,184,0.0416003244999527,0.0451499529277306,0.0333031400966183,0.9552677229464128,0.309111922139928,0.3061141604898555
google__logic8__gcn__seed123,google,logic8,gcn,123,ig,P01_checkpoint_rerun,machine,0.1,84,269,184,0.091736351215905,0.095100290655846,0.0846281134324611,0.8602399673880893,0.3234493928423545,0.3137801346905505
google__logic8__gcn__seed123,google,logic8,gcn,123,ig,P01_checkpoint_rerun,exact_integer,0.1,84,269,184,0.091736351215905,0.095100290655846,0.0846281134324611,0.8602399673880893,0.3234493928423545,0.3137801346905505
google__logic8__gcn__seed123,google,logic8,gcn,123,ig,P01_checkpoint_rerun,machine,0.2,66,269,184,0.194459763697682,0.1974432460543572,0.1731046881862097,0.6815097985819879,0.3671355028532138,0.3418298403737644
google__logic8__gcn__seed123,google,logic8,gcn,123,ig,P01_checkpoint_rerun,exact_integer,0.2,66,269,184,0.194459763697682,0.1974432460543572,0.1731046881862097,0.6815097985819879,0.3671355028532138,0.3418298403737644
google__logic8__gcn__seed123,google,logic8,gcn,123,gradinput,P01_checkpoint_rerun,machine,0.05,93,269,184,0.0418025592746782,0.045351438684772,0.039359236777715,0.9552677229464128,0.3066069272236478,0.3026306220862823
google__logic8__gcn__seed123,google,logic8,gcn,123,gradinput,P01_checkpoint_rerun,exact_integer,0.05,93,269,184,0.0418025592746782,0.045351438684772,0.039359236777715,0.9552677229464128,0.3066069272236478,0.3026306220862823
google__logic8__gcn__seed123,google,logic8,gcn,123,gradinput,P01_checkpoint_rerun,machine,0.1,88,269,184,0.0965794841259524,0.099925486036597,0.095029291360813,0.9024191886597196,0.3067597209488363,0.298180784375458
google__logic8__gcn__seed123,google,logic8,gcn,123,gradinput,P01_checkpoint_rerun,exact_integer,0.1,88,269,184,0.0965794841259524,0.099925486036597,0.095029291360813,0.9024191886597196,0.3067597209488363,0.298180784375458
google__logic8__gcn__seed123,google,logic8,gcn,123,gradinput,P01_checkpoint_rerun,machine,0.2,78,269,184,0.1950185502230112,0.197999962999963,0.1738771645021643,0.8022864282947143,0.315575368670082,0.2985226124987605
google__logic8__gcn__seed123,google,logic8,gcn,123,gradinput,P01_checkpoint_rerun,exact_integer,0.2,78,269,184,0.1950185502230112,0.197999962999963,0.1738771645021643,0.8022864282947143,0.315575368670082,0.2985226124987605
google__logic8__gcn__seed123,google,logic8,gcn,123,atom_occlusion,P20_frozen_cache,machine,0.05,71,269,184,0.0455186903142293,0.0490538062760284,0.0458909749670619,0.7345103773821358,0.3926707656686875,0.384650435064143
google__logic8__gcn__seed123,google,logic8,gcn,123,atom_occlusion,P20_frozen_cache,exact_integer,0.05,71,269,184,0.0455186903142293,0.0490538062760284,0.0458909749670619,0.7345103773821358,0.3926707656686875,0.384650435064143
google__logic8__gcn__seed123,google,logic8,gcn,123,atom_occlusion,P20_frozen_cache,machine,0.1,59,269,184,0.0939955335866115,0.0973511056844389,0.1004603488299139,0.6105970266924211,0.4408397309212531,0.4191807358588305
google__logic8__gcn__seed123,google,logic8,gcn,123,atom_occlusion,P20_frozen_cache,exact_integer,0.1,59,269,184,0.0939955335866115,0.0973511056844389,0.1004603488299139,0.6105970266924211,0.4408397309212531,0.4191807358588305
google__logic8__gcn__seed123,google,logic8,gcn,123,atom_occlusion,P20_frozen_cache,machine,0.2,45,269,184,0.1921607100045761,0.1951527073749296,0.1993228088336783,0.4700484177804256,0.5055202647593953,0.4516550651267638
google__logic8__gcn__seed123,google,logic8,gcn,123,atom_occlusion,P20_frozen_cache,exact_integer,0.2,45,269,184,0.1921607100045761,0.1951527073749296,0.1993228088336783,0.4700484177804256,0.5055202647593953,0.4516550651267638
google__logic8__gcn__seed123,google,logic8,gcn,123,saliency,P20_frozen_cache,machine,0.05,86,269,184,0.0463475186523513,0.0498795648795648,0.0463183857205596,0.8816677529892152,0.3285207905606009,0.3232434558959962
google__logic8__gcn__seed123,google,logic8,gcn,123,saliency,P20_frozen_cache,exact_integer,0.05,86,269,184,0.0463475186523513,0.0498795648795648,0.0463183857205596,0.8816677529892152,0.3285207905606009,0.3232434558959962
google__logic8__gcn__seed123,google,logic8,gcn,123,saliency,P20_frozen_cache,machine,0.1,72,269,184,0.0947196236229692,0.0980725139058471,0.1028912965054268,0.7399451599908313,0.3652173762228111,0.3513026943713694
google__logic8__gcn__seed123,google,logic8,gcn,123,saliency,P20_frozen_cache,exact_integer,0.1,72,269,184,0.0947196236229692,0.0980725139058471,0.1028912965054268,0.7399451599908313,0.3652173762228111,0.3513026943713694
google__logic8__gcn__seed123,google,logic8,gcn,123,saliency,P20_frozen_cache,machine,0.2,53,269,184,0.1883084490891182,0.1913147140924919,0.2002264492753623,0.5568200503767443,0.429120381430164,0.3921028777608109
google__logic8__gcn__seed123,google,logic8,gcn,123,saliency,P20_frozen_cache,exact_integer,0.2,53,269,184,0.1883084490891182,0.1913147140924919,0.2002264492753623,0.5568200503767443,0.429120381430164,0.3921028777608109
google__logic8__gcn__seed2026,google,logic8,gcn,2026,ig,P01_checkpoint_rerun,machine,0.05,95,269,184,0.0445197202632146,0.0480585361140916,0.0531489193173975,0.9635620995261828,0.300847444957621,0.2967687449747199
google__logic8__gcn__seed2026,google,logic8,gcn,2026,ig,P01_checkpoint_rerun,exact_integer,0.05,95,269,184,0.0445197202632146,0.0480585361140916,0.0531489193173975,0.9635620995261828,0.300847444957621,0.2967687449747199
google__logic8__gcn__seed2026,google,logic8,gcn,2026,ig,P01_checkpoint_rerun,machine,0.1,91,269,184,0.0943974550851872,0.0977515385848717,0.0917946938327372,0.932932748532043,0.298370174223003,0.2908402062775291
google__logic8__gcn__seed2026,google,logic8,gcn,2026,ig,P01_checkpoint_rerun,exact_integer,0.1,91,269,184,0.0943974550851872,0.0977515385848717,0.0917946938327372,0.932932748532043,0.298370174223003,0.2908402062775291
google__logic8__gcn__seed2026,google,logic8,gcn,2026,ig,P01_checkpoint_rerun,machine,0.2,83,269,184,0.1954157779436589,0.1983957195068305,0.2031824455737498,0.8514839287407462,0.2864390110364501,0.2680672185481022
google__logic8__gcn__seed2026,google,logic8,gcn,2026,ig,P01_checkpoint_rerun,exact_integer,0.2,83,269,184,0.1954157779436589,0.1983957195068305,0.2031824455737498,0.8514839287407462,0.2864390110364501,0.2680672185481022
google__logic8__gcn__seed2026,google,logic8,gcn,2026,gradinput,P01_checkpoint_rerun,machine,0.05,95,269,184,0.0409352419575467,0.0444873336540002,0.0337042788129744,0.9635620995261828,0.3061101156186351,0.3032331630765995
google__logic8__gcn__seed2026,google,logic8,gcn,2026,gradinput,P01_checkpoint_rerun,exact_integer,0.05,95,269,184,0.0409352419575467,0.0444873336540002,0.0337042788129744,0.9635620995261828,0.3061101156186351,0.3032331630765995
google__logic8__gcn__seed2026,google,logic8,gcn,2026,gradinput,P01_checkpoint_rerun,machine,0.1,89,269,184,0.0865956431012192,0.0899786222008443,0.0817811264822133,0.9154662190660856,0.3058428315912298,0.2981185568666108
google__logic8__gcn__seed2026,google,logic8,gcn,2026,gradinput,P01_checkpoint_rerun,exact_integer,0.1,89,269,184,0.0865956431012192,0.0899786222008443,0.0817811264822133,0.9154662190660856,0.3058428315912298,0.2981185568666108
google__logic8__gcn__seed2026,google,logic8,gcn,2026,gradinput,P01_checkpoint_rerun,machine,0.2,76,269,184,0.1937013420284797,0.1966876333543001,0.1707143249262812,0.7782340988395715,0.3247251122135443,0.3055721876779793
google__logic8__gcn__seed2026,google,logic8,gcn,2026,gradinput,P01_checkpoint_rerun,exact_integer,0.2,76,269,184,0.1937013420284797,0.1966876333543001,0.1707143249262812,0.7782340988395715,0.3247251122135443,0.3055721876779793
google__logic8__gcn__seed2026,google,logic8,gcn,2026,atom_occlusion,P20_frozen_cache,machine,0.05,84,269,184,0.0446139981455966,0.0481524648191314,0.038415404040404,0.8602399673880893,0.3400475579547883,0.3352068718457309
google__logic8__gcn__seed2026,google,logic8,gcn,2026,atom_occlusion,P20_frozen_cache,exact_integer,0.05,84,269,184,0.0446139981455966,0.0481524648191314,0.038415404040404,0.8602399673880893,0.3400475579547883,0.3352068718457309
google__logic8__gcn__seed2026,google,logic8,gcn,2026,atom_occlusion,P20_frozen_cache,machine,0.1,69,269,184,0.0943650009635139,0.097719204663649,0.0831504093732354,0.7146994560672671,0.3878924907857132,0.3749150648681513
google__logic8__gcn__seed2026,google,logic8,gcn,2026,atom_occlusion,P20_frozen_cache,exact_integer,0.1,69,269,184,0.0943650009635139,0.097719204663649,0.0831504093732354,0.7146994560672671,0.3878924907857132,0.3749150648681513
google__logic8__gcn__seed2026,google,logic8,gcn,2026,atom_occlusion,P20_frozen_cache,machine,0.2,48,269,184,0.1937230262509075,0.196709237264793,0.1781879352531525,0.5039744192858895,0.4865567554426249,0.4438747731027142
google__logic8__gcn__seed2026,google,logic8,gcn,2026,atom_occlusion,P20_frozen_cache,exact_integer,0.2,48,269,184,0.1937230262509075,0.196709237264793,0.1781879352531525,0.5039744192858895,0.4865567554426249,0.4438747731027142
google__logic8__gcn__seed2026,google,logic8,gcn,2026,saliency,P20_frozen_cache,machine,0.05,85,269,184,0.0435803354018967,0.0471226304559637,0.0394553061672626,0.8710699269022583,0.3344719563286583,0.3293196045653789
google__logic8__gcn__seed2026,google,logic8,gcn,2026,saliency,P20_frozen_cache,exact_integer,0.05,85,269,184,0.0435803354018967,0.0471226304559637,0.0394553061672626,0.8710699269022583,0.3344719563286583,0.3293196045653789
google__logic8__gcn__seed2026,google,logic8,gcn,2026,saliency,P20_frozen_cache,machine,0.1,70,269,184,0.0963036137757326,0.0996506374284151,0.0924761983185895,0.7254790474588618,0.3770631848437155,0.364374292764638
google__logic8__gcn__seed2026,google,logic8,gcn,2026,saliency,P20_frozen_cache,exact_integer,0.1,71,269,184,0.0916257946927091,0.0949901436012546,0.0882814950749732,0.7345103773821358,0.3743266666020821,0.3620671496116542
google__logic8__gcn__seed2026,google,logic8,gcn,2026,saliency,P20_frozen_cache,machine,0.2,57,269,184,0.1887512322456561,0.1917558573114129,0.1861887508626638,0.5939617684701389,0.4118381316750881,0.3810163461390913
google__logic8__gcn__seed2026,google,logic8,gcn,2026,saliency,P20_frozen_cache,exact_integer,0.2,57,269,184,0.1887512322456561,0.1917558573114129,0.1861887508626638,0.5939617684701389,0.4118381316750881,0.3810163461390913
google__logic8__gcn__seed42,google,logic8,gcn,42,ig,P01_checkpoint_rerun,machine,0.05,96,269,184,0.0274800581492031,0.0310819838597616,0.0272541015747537,0.9913043478260868,0.3006255786403414,0.2989498540026601
google__logic8__gcn__seed42,google,logic8,gcn,42,ig,P01_checkpoint_rerun,exact_integer,0.05,96,269,184,0.0274800581492031,0.0310819838597616,0.0272541015747537,0.9913043478260868,0.3006255786403414,0.2989498540026601
google__logic8__gcn__seed42,google,logic8,gcn,42,ig,P01_checkpoint_rerun,machine,0.1,96,269,184,0.0274800581492031,0.0310819838597616,0.0272541015747537,0.9913043478260868,0.3006255786403414,0.2989498540026601
google__logic8__gcn__seed42,google,logic8,gcn,42,ig,P01_checkpoint_rerun,exact_integer,0.1,96,269,184,0.0274800581492031,0.0310819838597616,0.0272541015747537,0.9913043478260868,0.3006255786403414,0.2989498540026601
google__logic8__gcn__seed42,google,logic8,gcn,42,ig,P01_checkpoint_rerun,machine,0.2,89,269,184,0.1775686519180945,0.1806146939480275,0.1819689519417779,0.9154662190660856,0.2748072531582693,0.2601988730373031
google__logic8__gcn__seed42,google,logic8,gcn,42,ig,P01_checkpoint_rerun,exact_integer,0.2,89,269,184,0.1775686519180945,0.1806146939480275,0.1819689519417779,0.9154662190660856,0.2748072531582693,0.2601988730373031
google__logic8__gcn__seed42,google,logic8,gcn,42,gradinput,P01_checkpoint_rerun,machine,0.05,96,269,184,0.0117383339502298,0.0153985623430067,0.0137638026224982,0.9913043478260868,0.3042487670461384,0.3034335496548341
google__logic8__gcn__seed42,google,logic8,gcn,42,gradinput,P01_checkpoint_rerun,exact_integer,0.05,96,269,184,0.0117383339502298,0.0153985623430067,0.0137638026224982,0.9913043478260868,0.3042487670461384,0.3034335496548341
google__logic8__gcn__seed42,google,logic8,gcn,42,gradinput,P01_checkpoint_rerun,machine,0.1,91,269,184,0.0940497647746717,0.097405136016247,0.0812198067632849,0.932932748532043,0.3017496749071508,0.2953173607787082
google__logic8__gcn__seed42,google,logic8,gcn,42,gradinput,P01_checkpoint_rerun,exact_integer,0.1,91,269,184,0.0940497647746717,0.097405136016247,0.0812198067632849,0.932932748532043,0.3017496749071508,0.2953173607787082
google__logic8__gcn__seed42,google,logic8,gcn,42,gradinput,P01_checkpoint_rerun,machine,0.2,81,269,184,0.1903779306195664,0.1933765308765309,0.1705145398080178,0.8370997138716053,0.303987857094559,0.2889090046747756
google__logic8__gcn__seed42,google,logic8,gcn,42,gradinput,P01_checkpoint_rerun,exact_integer,0.2,81,269,184,0.1903779306195664,0.1933765308765309,0.1705145398080178,0.8370997138716053,0.303987857094559,0.2889090046747756
google__logic8__gcn__seed42,google,logic8,gcn,42,atom_occlusion,P20_frozen_cache,machine,0.05,79,269,184,0.0412201284877864,0.0447711650489428,0.0435313931237844,0.8099775606624956,0.3583520497072961,0.3522100112388174
google__logic8__gcn__seed42,google,logic8,gcn,42,atom_occlusion,P20_frozen_cache,exact_integer,0.05,79,269,184,0.0412201284877864,0.0447711650489428,0.0435313931237844,0.8099775606624956,0.3583520497072961,0.3522100112388174
google__logic8__gcn__seed42,google,logic8,gcn,42,atom_occlusion,P20_frozen_cache,machine,0.1,65,269,184,0.0930229827999343,0.0963821569377124,0.0865989083380387,0.6711482673910617,0.40892042562439,0.3929735167111499
google__logic8__gcn__seed42,google,logic8,gcn,42,atom_occlusion,P20_frozen_cache,exact_integer,0.1,65,269,184,0.0930229827999343,0.0963821569377124,0.0865989083380387,0.6711482673910617,0.40892042562439,0.3929735167111499
google__logic8__gcn__seed42,google,logic8,gcn,42,atom_occlusion,P20_frozen_cache,machine,0.2,48,269,184,0.1899028274492957,0.1929031873476317,0.1876380262249827,0.5039744192858895,0.4800618765292678,0.4362914636458349
google__logic8__gcn__seed42,google,logic8,gcn,42,atom_occlusion,P20_frozen_cache,exact_integer,0.2,48,269,184,0.1899028274492957,0.1929031873476317,0.1876380262249827,0.5039744192858895,0.4800618765292678,0.4362914636458349
google__logic8__gcn__seed42,google,logic8,gcn,42,saliency,P20_frozen_cache,machine,0.05,80,269,184,0.0452432326038274,0.0487793687793687,0.0430684955141476,0.816771038923365,0.3550979010445292,0.3492300850962047
google__logic8__gcn__seed42,google,logic8,gcn,42,saliency,P20_frozen_cache,exact_integer,0.05,80,269,184,0.0452432326038274,0.0487793687793687,0.0430684955141476,0.816771038923365,0.3550979010445292,0.3492300850962047
google__logic8__gcn__seed42,google,logic8,gcn,42,saliency,P20_frozen_cache,machine,0.1,65,269,184,0.0910567334359155,0.0944231899787455,0.0921552481335089,0.6711482673910617,0.4070024768674067,0.3914503040025068
google__logic8__gcn__seed42,google,logic8,gcn,42,saliency,P20_frozen_cache,exact_integer,0.1,65,269,184,0.0910567334359155,0.0944231899787455,0.0921552481335089,0.6711482673910617,0.4070024768674067,0.3914503040025068
google__logic8__gcn__seed42,google,logic8,gcn,42,saliency,P20_frozen_cache,machine,0.2,48,269,184,0.1924864478767825,0.1954772388105722,0.2017772837066314,0.5039744192858895,0.4749941182006402,0.4310956613186473
google__logic8__gcn__seed42,google,logic8,gcn,42,saliency,P20_frozen_cache,exact_integer,0.2,48,269,184,0.1924864478767825,0.1954772388105722,0.2017772837066314,0.5039744192858895,0.4749941182006402,0.4310956613186473
google__logic8__gin__seed123,google,logic8,gin,123,ig,P01_checkpoint_rerun,machine,0.05,89,269,184,0.043465229524709,0.0470079508968397,0.0394129572118702,0.9154662190660856,0.3200512972780109,0.3163001557303212
google__logic8__gin__seed123,google,logic8,gin,123,ig,P01_checkpoint_rerun,exact_integer,0.05,89,269,184,0.043465229524709,0.0470079508968397,0.0394129572118702,0.9154662190660856,0.3200512972780109,0.3163001557303212
google__logic8__gin__seed123,google,logic8,gin,123,ig,P01_checkpoint_rerun,machine,0.1,85,269,184,0.0884100719602578,0.0917863309529976,0.0939964473931864,0.8710699269022583,0.3171126144499075,0.3073827029358781
google__logic8__gin__seed123,google,logic8,gin,123,ig,P01_checkpoint_rerun,exact_integer,0.1,85,269,184,0.0884100719602578,0.0917863309529976,0.0939964473931864,0.8710699269022583,0.3171126144499075,0.3073827029358781
google__logic8__gin__seed123,google,logic8,gin,123,ig,P01_checkpoint_rerun,machine,0.2,77,269,184,0.1809710116401567,0.1840044523377858,0.1950861487546269,0.7942440479697253,0.3102742192401383,0.2896874441763886
google__logic8__gin__seed123,google,logic8,gin,123,ig,P01_checkpoint_rerun,exact_integer,0.2,77,269,184,0.1809710116401567,0.1840044523377858,0.1950861487546269,0.7942440479697253,0.3102742192401383,0.2896874441763886
google__logic8__gin__seed123,google,logic8,gin,123,gradinput,P01_checkpoint_rerun,machine,0.05,96,269,184,0.017807522919047,0.0214452728341617,0.0218389249639249,0.9913043478260868,0.3015313757417907,0.2999009409591819
google__logic8__gin__seed123,google,logic8,gin,123,gradinput,P01_checkpoint_rerun,exact_integer,0.05,96,269,184,0.017807522919047,0.0214452728341617,0.0218389249639249,0.9913043478260868,0.3015313757417907,0.2999009409591819
google__logic8__gin__seed123,google,logic8,gin,123,gradinput,P01_checkpoint_rerun,machine,0.1,95,269,184,0.0792032523445162,0.0826136106691661,0.0828098531902878,0.9635620995261828,0.2916067586052044,0.2850446181083185
google__logic8__gin__seed123,google,logic8,gin,123,gradinput,P01_checkpoint_rerun,exact_integer,0.1,95,269,184,0.0792032523445162,0.0826136106691661,0.0828098531902878,0.9635620995261828,0.2916067586052044,0.2850446181083185
google__logic8__gin__seed123,google,logic8,gin,123,gradinput,P01_checkpoint_rerun,machine,0.2,89,269,184,0.1920643792391004,0.1950567333900667,0.1823944020954888,0.9154662190660856,0.2748911477351305,0.2608563632318658
google__logic8__gin__seed123,google,logic8,gin,123,gradinput,P01_checkpoint_rerun,exact_integer,0.2,89,269,184,0.1920643792391004,0.1950567333900667,0.1823944020954888,0.9154662190660856,0.2748911477351305,0.2608563632318658
google__logic8__gin__seed123,google,logic8,gin,123,atom_occlusion,P20_frozen_cache,machine,0.05,85,269,184,0.0418836945788618,0.045432273487829,0.0353570644331514,0.8710699269022583,0.3364431683111016,0.3316490242520066
google__logic8__gin__seed123,google,logic8,gin,123,atom_occlusion,P20_frozen_cache,exact_integer,0.05,85,269,184,0.0418836945788618,0.045432273487829,0.0353570644331514,0.8710699269022583,0.3364431683111016,0.3316490242520066
google__logic8__gin__seed123,google,logic8,gin,123,atom_occlusion,P20_frozen_cache,machine,0.1,73,269,184,0.0965093456729144,0.0998556073556073,0.0859107378129116,0.7560793277554333,0.3658724851243192,0.3536801389736257
google__logic8__gin__seed123,google,logic8,gin,123,atom_occlusion,P20_frozen_cache,exact_integer,0.1,73,269,184,0.0965093456729144,0.0998556073556073,0.0859107378129116,0.7560793277554333,0.3658724851243192,0.3536801389736257
google__logic8__gin__seed123,google,logic8,gin,123,atom_occlusion,P20_frozen_cache,machine,0.2,56,269,184,0.1903396170124795,0.1933383591716925,0.1704527809147372,0.5877442590183434,0.424380872750438,0.3935725685208288
google__logic8__gin__seed123,google,logic8,gin,123,atom_occlusion,P20_frozen_cache,exact_integer,0.2,56,269,184,0.1936928519642274,0.1966791747347303,0.1760820550222722,0.5790486068444307,0.4274605828953655,0.3954389004845829
google__logic8__gin__seed123,google,logic8,gin,123,saliency,P20_frozen_cache,machine,0.05,89,269,184,0.0402697983553002,0.0438243546576879,0.047949604743083,0.9154662190660856,0.3174437252839699,0.313007214858653
google__logic8__gin__seed123,google,logic8,gin,123,saliency,P20_frozen_cache,exact_integer,0.05,89,269,184,0.0402697983553002,0.0438243546576879,0.047949604743083,0.9154662190660856,0.3174437252839699,0.313007214858653
google__logic8__gin__seed123,google,logic8,gin,123,saliency,P20_frozen_cache,machine,0.1,80,269,184,0.0936541463493135,0.0970109828443161,0.1099200467406988,0.816771038923365,0.3320652003953928,0.3202441550864777
google__logic8__gin__seed123,google,logic8,gin,123,saliency,P20_frozen_cache,exact_integer,0.1,80,269,184,0.0936541463493135,0.0970109828443161,0.1099200467406988,0.816771038923365,0.3320652003953928,0.3202441550864777
google__logic8__gin__seed123,google,logic8,gin,123,saliency,P20_frozen_cache,machine,0.2,65,269,184,0.1968023715235611,0.1997771775549553,0.2187584305790826,0.6711482673910617,0.3560121233554739,0.3301370830406115
google__logic8__gin__seed123,google,logic8,gin,123,saliency,P20_frozen_cache,exact_integer,0.2,65,269,184,0.1968023715235611,0.1997771775549553,0.2187584305790826,0.6711482673910617,0.3560121233554739,0.3301370830406115
google__logic8__gin__seed2026,google,logic8,gin,2026,ig,P01_checkpoint_rerun,machine,0.05,85,269,184,0.0424060037442936,0.0459526481748703,0.0391437668611581,0.8710699269022583,0.3361413532577637,0.3313487216043737
google__logic8__gin__seed2026,google,logic8,gin,2026,ig,P01_checkpoint_rerun,exact_integer,0.05,85,269,184,0.0424060037442936,0.0459526481748703,0.0391437668611581,0.8710699269022583,0.3361413532577637,0.3313487216043737
google__logic8__gin__seed2026,google,logic8,gin,2026,ig,P01_checkpoint_rerun,machine,0.1,76,269,184,0.0957076071388338,0.0990568382235048,0.0872982542819498,0.7782340988395715,0.3563398464112727,0.3441797757999468
google__logic8__gin__seed2026,google,logic8,gin,2026,ig,P01_checkpoint_rerun,exact_integer,0.1,76,269,184,0.0957076071388338,0.0990568382235048,0.0872982542819498,0.7782340988395715,0.3563398464112727,0.3441797757999468
google__logic8__gin__seed2026,google,logic8,gin,2026,ig,P01_checkpoint_rerun,machine,0.2,58,269,184,0.1963228427912444,0.1992994248549805,0.187519409937888,0.6011127982184228,0.4091274667361625,0.3738992946263438
google__logic8__gin__seed2026,google,logic8,gin,2026,ig,P01_checkpoint_rerun,exact_integer,0.2,58,269,184,0.1963228427912444,0.1992994248549805,0.187519409937888,0.6011127982184228,0.4091274667361625,0.3738992946263438
google__logic8__gin__seed2026,google,logic8,gin,2026,gradinput,P01_checkpoint_rerun,machine,0.05,96,269,184,0.0156965298229238,0.0193420982309871,0.0144780491247882,0.9913043478260868,0.3035694192200515,0.3024462308142544
google__logic8__gin__seed2026,google,logic8,gin,2026,gradinput,P01_checkpoint_rerun,exact_integer,0.05,96,269,184,0.0156965298229238,0.0193420982309871,0.0144780491247882,0.9913043478260868,0.3035694192200515,0.3024462308142544
google__logic8__gin__seed2026,google,logic8,gin,2026,gradinput,P01_checkpoint_rerun,machine,0.1,93,269,184,0.0832201874952803,0.0866156682823348,0.0625782279314887,0.9552677229464128,0.2993921829174449,0.2934756652199422
google__logic8__gin__seed2026,google,logic8,gin,2026,gradinput,P01_checkpoint_rerun,exact_integer,0.1,93,269,184,0.0832201874952803,0.0866156682823348,0.0625782279314887,0.9552677229464128,0.2993921829174449,0.2934756652199422
google__logic8__gin__seed2026,google,logic8,gin,2026,gradinput,P01_checkpoint_rerun,machine,0.2,87,269,184,0.182313256755636,0.1853417261750596,0.1597410439801742,0.8946066886597199,0.2875123648057419,0.2738405778737255
google__logic8__gin__seed2026,google,logic8,gin,2026,gradinput,P01_checkpoint_rerun,exact_integer,0.2,87,269,184,0.182313256755636,0.1853417261750596,0.1597410439801742,0.8946066886597199,0.2875123648057419,0.2738405778737255
google__logic8__gin__seed2026,google,logic8,gin,2026,atom_occlusion,P20_frozen_cache,machine,0.05,87,269,184,0.0449610694963854,0.0484982507204729,0.0323261732229123,0.8946066886597199,0.3299114155771765,0.3265555587658179
google__logic8__gin__seed2026,google,logic8,gin,2026,atom_occlusion,P20_frozen_cache,exact_integer,0.05,87,269,184,0.0449610694963854,0.0484982507204729,0.0323261732229123,0.8946066886597199,0.3299114155771765,0.3265555587658179
google__logic8__gin__seed2026,google,logic8,gin,2026,atom_occlusion,P20_frozen_cache,machine,0.1,77,269,184,0.0939684437825701,0.097324116213005,0.0844624427504861,0.7942440479697253,0.3503004321978109,0.3394240102507536
google__logic8__gin__seed2026,google,logic8,gin,2026,atom_occlusion,P20_frozen_cache,exact_integer,0.1,77,269,184,0.0939684437825701,0.097324116213005,0.0844624427504861,0.7942440479697253,0.3503004321978109,0.3394240102507536
google__logic8__gin__seed2026,google,logic8,gin,2026,atom_occlusion,P20_frozen_cache,machine,0.2,61,269,184,0.1955434074393183,0.1985228763006541,0.1812894080557122,0.6373946580151013,0.3895951497174323,0.3615440778467431
google__logic8__gin__seed2026,google,logic8,gin,2026,atom_occlusion,P20_frozen_cache,exact_integer,0.2,61,269,184,0.1955434074393183,0.1985228763006541,0.1812894080557122,0.6373946580151013,0.3895951497174323,0.3615440778467431
google__logic8__gin__seed2026,google,logic8,gin,2026,saliency,P20_frozen_cache,machine,0.05,92,269,184,0.0367505377728426,0.0403181283736839,0.0412555288913984,0.9453776130563026,0.3082449670361429,0.3036148462673715
google__logic8__gin__seed2026,google,logic8,gin,2026,saliency,P20_frozen_cache,exact_integer,0.05,92,269,184,0.0367505377728426,0.0403181283736839,0.0412555288913984,0.9453776130563026,0.3082449670361429,0.3036148462673715
google__logic8__gin__seed2026,google,logic8,gin,2026,saliency,P20_frozen_cache,machine,0.1,84,269,184,0.0928467237017422,0.096206550650995,0.090343849990589,0.8602399673880893,0.3213745568577563,0.3115927403041432
google__logic8__gin__seed2026,google,logic8,gin,2026,saliency,P20_frozen_cache,exact_integer,0.1,84,269,184,0.0928467237017422,0.096206550650995,0.090343849990589,0.8602399673880893,0.3213745568577563,0.3115927403041432
google__logic8__gin__seed2026,google,logic8,gin,2026,saliency,P20_frozen_cache,machine,0.2,71,269,184,0.194602372018729,0.1975853261964374,0.1968371604241168,0.7345103773821358,0.3313923772483555,0.3079804746318578
google__logic8__gin__seed2026,google,logic8,gin,2026,saliency,P20_frozen_cache,exact_integer,0.2,71,269,184,0.194602372018729,0.1975853261964374,0.1968371604241168,0.7345103773821358,0.3313923772483555,0.3079804746318578
google__logic8__gin__seed42,google,logic8,gin,42,ig,P01_checkpoint_rerun,machine,0.05,91,269,184,0.0445672873182166,0.0481059269948158,0.0379534867306606,0.932932748532043,0.314040968628464,0.3101130171819967
google__logic8__gin__seed42,google,logic8,gin,42,ig,P01_checkpoint_rerun,exact_integer,0.05,91,269,184,0.0445672873182166,0.0481059269948158,0.0379534867306606,0.932932748532043,0.314040968628464,0.3101130171819967
google__logic8__gin__seed42,google,logic8,gin,42,ig,P01_checkpoint_rerun,machine,0.1,86,269,184,0.0944480653588459,0.0978019614130724,0.0905652017065059,0.8816677529892152,0.3149575669148458,0.3060177022898028
google__logic8__gin__seed42,google,logic8,gin,42,ig,P01_checkpoint_rerun,exact_integer,0.1,86,269,184,0.0944480653588459,0.0978019614130724,0.0905652017065059,0.8816677529892152,0.3149575669148458,0.3060177022898028
google__logic8__gin__seed42,google,logic8,gin,42,ig,P01_checkpoint_rerun,machine,0.2,76,269,184,0.1942626353407022,0.1972468478024033,0.1943030851998242,0.7782340988395715,0.3168712087257651,0.2963917473949401
google__logic8__gin__seed42,google,logic8,gin,42,ig,P01_checkpoint_rerun,exact_integer,0.2,76,269,184,0.1942626353407022,0.1972468478024033,0.1943030851998242,0.7782340988395715,0.3168712087257651,0.2963917473949401
google__logic8__gin__seed42,google,logic8,gin,42,gradinput,P01_checkpoint_rerun,machine,0.05,95,269,184,0.0393862952413138,0.042944123777457,0.0403793368467281,0.9635620995261828,0.3041225654362536,0.3007451972111712
google__logic8__gin__seed42,google,logic8,gin,42,gradinput,P01_checkpoint_rerun,exact_integer,0.05,95,269,184,0.0393862952413138,0.042944123777457,0.0403793368467281,0.9635620995261828,0.3041225654362536,0.3007451972111712
google__logic8__gin__seed42,google,logic8,gin,42,gradinput,P01_checkpoint_rerun,machine,0.1,91,269,184,0.083080137541104,0.0864761370316925,0.076471626199887,0.932932748532043,0.3024215984493478,0.2957819818793321
google__logic8__gin__seed42,google,logic8,gin,42,gradinput,P01_checkpoint_rerun,exact_integer,0.1,91,269,184,0.083080137541104,0.0864761370316925,0.076471626199887,0.932932748532043,0.3024215984493478,0.2957819818793321
google__logic8__gin__seed42,google,logic8,gin,42,gradinput,P01_checkpoint_rerun,machine,0.2,82,269,184,0.1891507088533112,0.1921538543760767,0.1788682633791327,0.8440475893656769,0.29651986513042,0.2800469315809463
google__logic8__gin__seed42,google,logic8,gin,42,gradinput,P01_checkpoint_rerun,exact_integer,0.2,82,269,184,0.1891507088533112,0.1921538543760767,0.1788682633791327,0.8440475893656769,0.29651986513042,0.2800469315809463
google__logic8__gin__seed42,google,logic8,gin,42,atom_occlusion,P20_frozen_cache,machine,0.05,87,269,184,0.0439978650015824,0.0475386136497247,0.029302536231884,0.8946066886597199,0.3311364807120462,0.3281705390536658
google__logic8__gin__seed42,google,logic8,gin,42,atom_occlusion,P20_frozen_cache,exact_integer,0.05,87,269,184,0.0439978650015824,0.0475386136497247,0.029302536231884,0.8946066886597199,0.3311364807120462,0.3281705390536658
google__logic8__gin__seed42,google,logic8,gin,42,atom_occlusion,P20_frozen_cache,machine,0.1,78,269,184,0.0963393896479397,0.0996862807973918,0.0749053030303029,0.8022864282947143,0.3513047835004022,0.3424844836985478
google__logic8__gin__seed42,google,logic8,gin,42,atom_occlusion,P20_frozen_cache,exact_integer,0.1,78,269,184,0.0963393896479397,0.0996862807973918,0.0749053030303029,0.8022864282947143,0.3513047835004022,0.3424844836985478
google__logic8__gin__seed42,google,logic8,gin,42,atom_occlusion,P20_frozen_cache,machine,0.2,63,269,184,0.1918481559745501,0.1948413109524222,0.1698514649601605,0.651793265144687,0.3860086471499514,0.3597217278466439
google__logic8__gin__seed42,google,logic8,gin,42,atom_occlusion,P20_frozen_cache,exact_integer,0.2,63,269,184,0.1918481559745501,0.1948413109524222,0.1698514649601605,0.651793265144687,0.3860086471499514,0.3597217278466439
google__logic8__gin__seed42,google,logic8,gin,42,saliency,P20_frozen_cache,machine,0.05,96,269,184,0.0207326853237634,0.0243596013040457,0.021777950310559,0.9913043478260868,0.3022107235678776,0.300951665596863
google__logic8__gin__seed42,google,logic8,gin,42,saliency,P20_frozen_cache,exact_integer,0.05,96,269,184,0.0207326853237634,0.0243596013040457,0.021777950310559,0.9913043478260868,0.3022107235678776,0.300951665596863
google__logic8__gin__seed42,google,logic8,gin,42,saliency,P20_frozen_cache,machine,0.1,93,269,184,0.0796264970056791,0.0830352877575099,0.0906446059978667,0.9552677229464128,0.2931305001284776,0.2862819002551475
google__logic8__gin__seed42,google,logic8,gin,42,saliency,P20_frozen_cache,exact_integer,0.1,93,269,184,0.0796264970056791,0.0830352877575099,0.0906446059978667,0.9552677229464128,0.2931305001284776,0.2862819002551475
google__logic8__gin__seed42,google,logic8,gin,42,saliency,P20_frozen_cache,machine,0.2,87,269,184,0.1945498017059357,0.1975329505885062,0.2014030052073529,0.8946066886597199,0.2758492070663966,0.2604276139372642
google__logic8__gin__seed42,google,logic8,gin,42,saliency,P20_frozen_cache,exact_integer,0.2,87,269,184,0.1945498017059357,0.1975329505885062,0.2014030052073529,0.8946066886597199,0.2758492070663966,0.2604276139372642
